obstime,tempr,ap,ws,wd,rh
06-02-2015 00:00,-1.59,962.75,9.2,119.28,NaN
06-02-2015 01:00,-1.26,962.64,8.85,123.86,NaN
06-02-2015 02:00,-0.57,962.71,7.19,122.56,NaN
06-02-2015 03:00,0,962.94,6.91,122.74,NaN
06-02-2015 04:00,0.56,963.31,7.48,110.36,NaN
06-02-2015 05:00,1.03,963.98,7.48,109.54,NaN
06-02-2015 06:00,1.58,964.72,8.03,99.07,NaN
06-02-2015 07:00,1.95,965.41,7.76,98.79,NaN
06-02-2015 08:00,1.6,965.87,8.32,100.95,NaN
06-02-2015 09:00,1.21,966.49,8.37,106.72,NaN
06-02-2015 10:00,1.08,967.45,6.87,98.5,NaN
06-02-2015 11:00,0.49,968.06,6.61,100.67,NaN
06-02-2015 12:00,0.4,968.82,5.64,97.05,NaN
06-02-2015 13:00,0.49,969.82,4.52,88.22,NaN
06-02-2015 14:00,0.22,970.82,5.14,62.32,NaN
06-02-2015 15:00,0,971.74,6.07,55.91,NaN
06-02-2015 16:00,-0.22,972.58,5.79,61.71,NaN
06-02-2015 17:00,-0.58,973.4,6.13,65.37,NaN
06-02-2015 18:00,-0.76,974.49,7.26,55.3,NaN
06-02-2015 19:00,-1,975.75,7.74,53.3,NaN
06-02-2015 20:00,-1.12,976.97,7.31,51.44,NaN
06-02-2015 21:00,-1.32,978.22,7.49,52.39,NaN
06-02-2015 22:00,-1.73,979.37,7.45,49.59,NaN
06-02-2015 23:00,-1.53,980.41,7.21,54.18,NaN
07-02-2015 00:00,-1.32,981.25,7.59,50.76,NaN
07-02-2015 01:00,-0.89,982.14,8.08,53.95,NaN
07-02-2015 02:00,-0.53,982.88,6.96,66.48,NaN
07-02-2015 03:00,-0.21,983.49,6.65,57.12,NaN
07-02-2015 04:00,0.07,984.03,5.97,60.22,NaN
07-02-2015 05:00,1.05,984.29,4.59,72.82,NaN
07-02-2015 06:00,1.21,984.59,4.69,67.03,NaN
07-02-2015 07:00,1.43,984.86,3.66,67.86,NaN
07-02-2015 08:00,1.32,984.85,2.79,56.98,NaN
07-02-2015 09:00,1.38,984.74,1.53,46.66,NaN
07-02-2015 10:00,1.18,984.62,1.54,213.82,NaN
07-02-2015 11:00,0.67,984.4,1.77,219.14,NaN
07-02-2015 12:00,0.59,984.31,3.03,234.09,NaN
07-02-2015 13:00,0.15,983.91,5.42,229.21,NaN
07-02-2015 14:00,-0.23,983.59,5.41,221.53,NaN
07-02-2015 15:00,-0.81,983.14,5.75,229.19,NaN
07-02-2015 16:00,-0.2,982.64,5.93,227.96,NaN
07-02-2015 17:00,0.48,982.2,6.06,232.44,NaN
07-02-2015 18:00,-1.08,981.6,5.55,223.37,NaN
07-02-2015 19:00,-1.86,980.9,4.38,215.82,NaN
07-02-2015 20:00,-2.55,980.23,4.3,208.67,NaN
07-02-2015 21:00,-3.36,979.78,3.08,140.39,NaN
07-02-2015 22:00,-4.02,979.29,6.75,85.79,NaN
07-02-2015 23:00,-4.57,979.07,10.71,111.61,NaN
08-02-2015 00:00,-4.34,978.9,12.03,114.72,NaN
08-02-2015 01:00,-4.02,978.68,12.33,111.44,NaN
08-02-2015 02:00,-3.68,978.21,12.62,110.72,NaN
08-02-2015 03:00,-3,977.87,13.06,113.98,NaN
08-02-2015 04:00,-2.25,977.79,13.01,113.7,NaN
08-02-2015 05:00,-1.51,977.53,12.66,112.69,NaN
08-02-2015 06:00,-1.16,977.08,11.42,114.37,NaN
08-02-2015 07:00,-0.75,976.29,12.44,114.56,NaN
08-02-2015 08:00,-0.63,976,10.21,114.52,NaN
08-02-2015 09:00,-0.6,975.74,9.91,109.16,NaN
08-02-2015 10:00,-0.66,975.45,8.33,106.2,NaN
08-02-2015 11:00,-0.94,975.23,8.69,61.76,NaN
08-02-2015 12:00,-1.21,974.8,6.62,50.35,NaN
08-02-2015 13:00,-1.49,974.42,5.09,62.55,NaN
08-02-2015 14:00,-2.31,974.4,5.42,35.03,NaN
08-02-2015 15:00,-3.19,974.55,4.12,29.52,NaN
08-02-2015 16:00,-4.24,974.64,3.29,46.05,NaN
08-02-2015 17:00,-4.21,974.8,3.7,31.55,NaN
08-02-2015 18:00,-3.3,974.9,3.18,33.37,NaN
08-02-2015 19:00,-3.17,975.18,3.75,86.58,NaN
08-02-2015 20:00,-3.45,975.49,4.21,101.42,NaN
08-02-2015 21:00,-3.51,975.71,5.09,101.53,NaN
08-02-2015 22:00,-3.59,975.98,5.15,95.57,NaN
08-02-2015 23:00,-3.16,976.18,5.03,85.1,NaN
09-02-2015 00:00,-3.14,976.38,3.73,82.82,NaN
09-02-2015 01:00,-3.01,976.49,5.03,95.58,NaN
09-02-2015 02:00,-3.14,976.52,5.86,93.57,NaN
09-02-2015 03:00,-2.89,976.64,5.68,93.33,NaN
09-02-2015 04:00,-2.84,976.96,5.26,82.18,NaN
09-02-2015 05:00,-2.7,977.19,5.75,81.22,NaN
09-02-2015 06:00,-2.64,977.19,6.78,75.37,NaN
09-02-2015 07:00,-2.6,977.1,7.6,79.87,NaN
09-02-2015 08:00,-2.4,976.91,7.88,74.6,NaN
09-02-2015 09:00,-2.3,976.67,7.51,74.63,NaN
09-02-2015 10:00,-2.2,976.49,7.71,66.48,NaN
09-02-2015 11:00,-2.22,976.04,7.55,69.47,NaN
09-02-2015 12:00,-2.32,975.75,6.99,68.88,NaN
09-02-2015 13:00,-2.53,975.16,6.97,66.8,NaN
09-02-2015 14:00,-2.89,974.52,6.43,68.3,NaN
09-02-2015 15:00,-3.12,973.86,5.62,63.97,NaN
09-02-2015 16:00,-3.36,973.14,4.73,64.72,NaN
09-02-2015 17:00,-3.69,972.46,4.75,62.47,NaN
09-02-2015 18:00,-4.2,971.67,4.8,79.4,NaN
09-02-2015 19:00,-4.96,970.83,5.09,94.35,NaN
09-02-2015 20:00,-5.26,970.01,5.64,92.07,NaN
09-02-2015 21:00,-5.82,969.62,5.66,91.48,NaN
09-02-2015 22:00,-6.13,969.23,6.68,90.2,NaN
09-02-2015 23:00,-5.74,968.97,6.21,97.33,NaN
10-02-2015 00:00,-5.34,968.62,6.3,104.43,NaN
10-02-2015 01:00,-4.82,968.16,8.32,92.67,NaN
10-02-2015 02:00,-4.43,967.89,9.63,85.53,NaN
10-02-2015 03:00,-4.18,967.74,10.34,87.9,NaN
10-02-2015 04:00,-4.04,967.74,9.28,88.43,NaN
10-02-2015 05:00,-3.49,967.94,7.62,90.23,NaN
10-02-2015 06:00,-2.66,967.86,7.34,81.53,NaN
10-02-2015 07:00,-2.36,968.06,8.02,74.28,NaN
10-02-2015 08:00,-2.02,968.25,8.01,76.23,NaN
10-02-2015 09:00,-1.9,968.43,7.47,79.38,NaN
10-02-2015 10:00,-1.96,968.49,5.96,74.18,NaN
10-02-2015 11:00,-1.72,968.79,4.61,46.73,NaN
10-02-2015 12:00,-1.85,969.25,4.45,49.97,NaN
10-02-2015 13:00,-2.34,969.51,5.3,59.27,NaN
10-02-2015 14:00,-2.46,969.85,3.85,56.42,NaN
10-02-2015 15:00,-2.54,970.16,2.41,87.05,NaN
10-02-2015 16:00,-3.25,970.36,1.63,209.03,NaN
10-02-2015 17:00,-4.61,970.68,3.08,226.82,NaN
10-02-2015 18:00,-5.3,971.24,2.05,211.97,NaN
10-02-2015 19:00,-6.1,971.74,1.94,138.63,NaN
10-02-2015 20:00,-6.2,972.02,2.08,106.67,NaN
10-02-2015 21:00,-6.51,972.35,4.21,119.07,NaN
10-02-2015 22:00,-6.49,972.73,5.46,122.43,NaN
10-02-2015 23:00,-6.45,973.22,5.44,109.88,NaN
11-02-2015 00:00,-6.72,973.75,5.39,113.6,NaN
11-02-2015 01:00,-6.53,974.13,7.3,95,NaN
11-02-2015 02:00,-5.94,974.5,8.73,92.8,NaN
11-02-2015 03:00,-5.42,974.74,9.12,91.22,NaN
11-02-2015 04:00,-4.64,975.08,9.55,89.65,NaN
11-02-2015 05:00,-4.05,975.58,10.53,90.22,NaN
11-02-2015 06:00,-3.79,975.96,10.3,89.32,NaN
11-02-2015 07:00,-3.57,976.29,9.72,87.98,NaN
11-02-2015 08:00,-3.27,976.47,9.29,85.33,NaN
11-02-2015 09:00,-3.17,976.71,8.68,80.55,NaN
11-02-2015 10:00,-3.16,977.1,9.2,70.42,NaN
11-02-2015 11:00,-3.1,977.42,8.32,69.25,NaN
11-02-2015 12:00,-3.17,977.53,7.7,67.33,NaN
11-02-2015 13:00,NaN,NaN,NaN,NaN,NaN
11-02-2015 14:00,NaN,NaN,NaN,NaN,NaN
11-02-2015 15:00,NaN,NaN,NaN,NaN,NaN
11-02-2015 16:00,NaN,NaN,NaN,NaN,NaN
11-02-2015 17:00,NaN,NaN,NaN,NaN,NaN
11-02-2015 18:00,NaN,NaN,NaN,NaN,NaN
11-02-2015 19:00,NaN,NaN,NaN,NaN,NaN
11-02-2015 20:00,NaN,NaN,NaN,NaN,NaN
11-02-2015 21:00,NaN,NaN,NaN,NaN,NaN
11-02-2015 22:00,NaN,NaN,NaN,NaN,NaN
11-02-2015 23:00,NaN,NaN,NaN,NaN,NaN
12-02-2015 00:00,-7.04,978.49,8.65,91.45,NaN
12-02-2015 01:00,-6.57,978.68,8.23,92.82,NaN
12-02-2015 02:00,-5.77,978.7,8.14,91.73,NaN
12-02-2015 03:00,-4.46,978.72,8.2,91.03,NaN
12-02-2015 04:00,-3.61,978.77,8.1,91.13,NaN
12-02-2015 05:00,-2.89,979.01,8.13,91.22,NaN
12-02-2015 06:00,-2.37,979.16,7.66,89.78,NaN
12-02-2015 07:00,-2.28,979.26,7.15,92.32,NaN
12-02-2015 08:00,-2.38,979.32,6.56,82.22,NaN
12-02-2015 09:00,-2.4,979.24,5.88,64.7,NaN
12-02-2015 10:00,-2.35,979.15,5.56,61.42,NaN
12-02-2015 11:00,-2.51,979.08,5.34,50.57,NaN
12-02-2015 12:00,-2.76,979.1,5.26,38.23,NaN
12-02-2015 13:00,-3.08,979.15,5.43,43.03,NaN
12-02-2015 14:00,-3.76,979.04,5.62,50.17,NaN
12-02-2015 15:00,-3.94,978.94,5.54,51.28,NaN
12-02-2015 16:00,-4.07,978.55,5.22,50.54,NaN
12-02-2015 17:00,-4.5,978.22,5.49,64.08,NaN
12-02-2015 18:00,-4.48,977.85,5.48,78,NaN
12-02-2015 19:00,-4.58,977.49,5.96,92.67,NaN
12-02-2015 20:00,-4.99,977.04,5.58,89.9,NaN
12-02-2015 21:00,-5.35,976.53,5,87.63,NaN
12-02-2015 22:00,-5.51,976.23,5.75,91.37,NaN
12-02-2015 23:00,-5.51,976.05,5.45,86.65,NaN
13-02-2015 00:00,-5.11,975.74,7.01,82.42,NaN
13-02-2015 01:00,-4.82,975.41,7.25,83.67,NaN
13-02-2015 02:00,-4.02,975.02,7.14,84.52,NaN
13-02-2015 03:00,-3.25,974.61,6.79,87.63,NaN
13-02-2015 04:00,-2.58,974.36,6.66,87.25,NaN
13-02-2015 05:00,-2.02,974.18,6.82,82.83,NaN
13-02-2015 06:00,-1.28,974.02,6.72,84.52,NaN
13-02-2015 07:00,-1.12,973.82,6.55,81.83,NaN
13-02-2015 08:00,-0.62,973.58,6.99,71.43,NaN
13-02-2015 09:00,-0.57,973.36,6.69,61.17,NaN
13-02-2015 10:00,-0.51,973.19,5.38,72.77,NaN
13-02-2015 11:00,-0.15,973.1,4.92,65.23,NaN
13-02-2015 12:00,-0.4,973.1,3.67,69.78,NaN
13-02-2015 13:00,-0.67,973,3.62,46.13,NaN
13-02-2015 14:00,-1.25,972.91,1.96,58.63,NaN
13-02-2015 15:00,-1.84,972.74,2.01,91.83,NaN
13-02-2015 16:00,-2,972.67,1.11,92.13,NaN
13-02-2015 17:00,-2.45,972.7,2.44,96.1,NaN
13-02-2015 18:00,-2.66,972.95,3,75.05,NaN
13-02-2015 19:00,-3.03,973.21,4.01,91.03,NaN
13-02-2015 20:00,-3.38,973.5,5.6,88.33,NaN
13-02-2015 21:00,-4.05,973.69,7.17,84.88,NaN
13-02-2015 22:00,-4.7,974.12,8.36,81.17,NaN
13-02-2015 23:00,-4.67,974.7,7.63,73.13,NaN
14-02-2015 00:00,-4.87,975.39,7.76,76.52,NaN
14-02-2015 01:00,-4.5,976.05,8.1,79.07,NaN
14-02-2015 02:00,-3.93,976.49,8.92,85.02,NaN
14-02-2015 03:00,-2.37,976.97,9.61,87.45,NaN
14-02-2015 04:00,-1.25,977.56,8.9,85.1,NaN
14-02-2015 05:00,-0.48,978.14,9.3,84.73,NaN
14-02-2015 06:00,0.16,978.51,9.95,83.9,NaN
14-02-2015 07:00,1,978.87,9.26,84.25,NaN
14-02-2015 08:00,1.24,979.13,7.89,76.85,NaN
14-02-2015 09:00,1.77,979.44,6.56,72.88,NaN
14-02-2015 10:00,1.67,979.67,6.44,61.92,NaN
14-02-2015 11:00,2.16,979.71,5.93,73.2,NaN
14-02-2015 12:00,1.95,979.68,5.23,49.97,NaN
14-02-2015 13:00,1.92,979.9,2.67,26.38,NaN
14-02-2015 14:00,1.44,979.96,1.08,150.78,NaN
14-02-2015 15:00,1.39,980.23,1.73,125,NaN
14-02-2015 16:00,0.89,980.52,1.38,207.57,NaN
14-02-2015 17:00,0.24,980.74,2.5,92.68,NaN
14-02-2015 18:00,-0.59,980.9,3.39,93.95,NaN
14-02-2015 19:00,-0.56,981.13,4.76,88.27,NaN
14-02-2015 20:00,-1.95,981.2,6.66,80.67,NaN
14-02-2015 21:00,-2.75,981.44,6.38,84.73,NaN
14-02-2015 22:00,-3.26,981.49,6.89,89.85,NaN
14-02-2015 23:00,-3.92,981.5,8.39,89.73,NaN
15-02-2015 00:00,-4.25,981.49,7.58,80.6,NaN
15-02-2015 01:00,-4.2,981.63,9.99,88.67,NaN
15-02-2015 02:00,-3.69,981.68,9.88,86.93,NaN
15-02-2015 03:00,-2.95,981.78,10.04,86.57,NaN
15-02-2015 04:00,-2.56,981.62,11.74,84.53,NaN
15-02-2015 05:00,-1.74,981.47,12.75,84.87,NaN
15-02-2015 06:00,-1.31,981.42,12.38,87.2,NaN
15-02-2015 07:00,-0.77,981.31,11.45,84.08,NaN
15-02-2015 08:00,-0.31,981.29,10.2,78.37,NaN
15-02-2015 09:00,-0.22,981.29,9.4,75.13,NaN
15-02-2015 10:00,-0.1,981.12,9.58,68.35,NaN
15-02-2015 11:00,-0.08,980.85,9.14,61.63,NaN
15-02-2015 12:00,-0.03,980.74,7.93,57.95,NaN
15-02-2015 13:00,-0.3,980.56,7.01,52.1,NaN
15-02-2015 14:00,-0.58,980.4,5.52,40.1,NaN
15-02-2015 15:00,-0.88,980.12,4.25,56.88,NaN
15-02-2015 16:00,-1.12,979.71,4.62,60.8,NaN
15-02-2015 17:00,-0.78,979.48,6.01,60.88,NaN
15-02-2015 18:00,-0.93,979.13,7.58,59.2,NaN
15-02-2015 19:00,-1.55,978.96,8.36,64.12,NaN
15-02-2015 20:00,-1.64,978.72,8.15,63.72,NaN
15-02-2015 21:00,-1.59,978.39,7.99,73.79,NaN
15-02-2015 22:00,-1.74,978.07,8.54,69.84,NaN
15-02-2015 23:00,-1.08,977.91,8.53,72.92,NaN
16-02-2015 00:00,NaN,NaN,NaN,NaN,NaN
16-02-2015 01:00,NaN,NaN,NaN,NaN,NaN
16-02-2015 02:00,NaN,NaN,NaN,NaN,NaN
16-02-2015 03:00,NaN,NaN,NaN,NaN,NaN
16-02-2015 04:00,NaN,NaN,NaN,NaN,NaN
16-02-2015 05:00,NaN,NaN,NaN,NaN,NaN
16-02-2015 06:00,NaN,NaN,NaN,NaN,NaN
16-02-2015 07:00,NaN,NaN,NaN,NaN,NaN
16-02-2015 08:00,NaN,NaN,NaN,NaN,NaN
16-02-2015 09:00,NaN,NaN,NaN,NaN,NaN
16-02-2015 10:00,NaN,NaN,NaN,NaN,NaN
16-02-2015 11:00,NaN,NaN,NaN,NaN,NaN
16-02-2015 12:00,NaN,NaN,NaN,NaN,NaN
16-02-2015 13:00,NaN,NaN,NaN,NaN,NaN
16-02-2015 14:00,NaN,NaN,NaN,NaN,NaN
16-02-2015 15:00,NaN,NaN,NaN,NaN,NaN
16-02-2015 16:00,NaN,NaN,NaN,NaN,NaN
16-02-2015 17:00,NaN,NaN,NaN,NaN,NaN
16-02-2015 18:00,NaN,NaN,NaN,NaN,NaN
16-02-2015 19:00,NaN,NaN,NaN,NaN,NaN
16-02-2015 20:00,NaN,NaN,NaN,NaN,NaN
16-02-2015 21:00,NaN,NaN,NaN,NaN,NaN
16-02-2015 22:00,NaN,NaN,NaN,NaN,NaN
16-02-2015 23:00,NaN,NaN,NaN,NaN,NaN
17-02-2015 00:00,-4.19,973.81,11.66,78.07,NaN
17-02-2015 01:00,-3.88,973.69,11.9,77.62,NaN
17-02-2015 02:00,-3.34,973.62,11.73,78.32,NaN
17-02-2015 03:00,-2.83,973.59,11.08,77.9,NaN
17-02-2015 04:00,-2.04,973.6,10.72,78.13,NaN
17-02-2015 05:00,-1.43,973.48,10.13,76,NaN
17-02-2015 06:00,-0.91,973.29,9.45,77.12,NaN
17-02-2015 07:00,-0.67,973.17,9.18,77.37,NaN
17-02-2015 08:00,-0.42,972.87,8.68,73.93,NaN
17-02-2015 09:00,-0.45,972.57,8.08,67.93,NaN
17-02-2015 10:00,-0.58,972.17,7.25,59.68,NaN
17-02-2015 11:00,-0.42,971.72,6.3,55.62,NaN
17-02-2015 12:00,-0.76,971.43,5.13,51.07,NaN
17-02-2015 13:00,-1.56,971.28,4.43,46.18,NaN
17-02-2015 14:00,-2.58,971.23,4.01,32.38,NaN
17-02-2015 15:00,-3.23,971.04,2.28,47.57,NaN
17-02-2015 16:00,-3.93,970.94,2.5,95.15,NaN
17-02-2015 17:00,-4.61,970.7,4.76,89.83,NaN
17-02-2015 18:00,-5.1,970.7,5.51,81.88,NaN
17-02-2015 19:00,-5.58,970.47,8.13,81.58,NaN
17-02-2015 20:00,-5.53,970.31,10.24,77.75,NaN
17-02-2015 21:00,-5.68,970.24,10.76,76.97,NaN
17-02-2015 22:00,-5.84,970.23,10.73,76.38,NaN
17-02-2015 23:00,-5.78,970.35,9.94,80.67,NaN
18-02-2015 00:00,-5.36,970.4,9.9,83.58,NaN
18-02-2015 01:00,-4.5,970.33,10.2,78.58,NaN
18-02-2015 02:00,-3.94,970.37,9.44,78.55,NaN
18-02-2015 03:00,-3.81,970.31,8.61,79.92,NaN
18-02-2015 04:00,-3.61,970.18,9.11,81.83,NaN
18-02-2015 05:00,-3.23,970.16,9.44,76.9,NaN
18-02-2015 06:00,-2.76,970,10.55,67.38,NaN
18-02-2015 07:00,-1.96,969.98,10.8,62.83,NaN
18-02-2015 08:00,-1.95,970.09,10.8,63.73,NaN
18-02-2015 09:00,-2.16,969.91,10.51,64.63,NaN
18-02-2015 10:00,-2.35,969.65,9.52,62.68,NaN
18-02-2015 11:00,-2.34,969.48,8.41,59.45,NaN
18-02-2015 12:00,-2.4,969.26,8,54.47,NaN
18-02-2015 13:00,-2.34,969.37,7.27,39.28,NaN
18-02-2015 14:00,-2.25,969.49,6.28,48.13,NaN
18-02-2015 15:00,-2.76,969.39,4.81,48.75,NaN
18-02-2015 16:00,-3.04,969.25,4.23,55.68,NaN
18-02-2015 17:00,-2.97,969,3.58,71.28,NaN
18-02-2015 18:00,-3.32,968.76,3.86,69.05,NaN
18-02-2015 19:00,-3.45,968.52,5.09,59.58,NaN
18-02-2015 20:00,-3.62,968.36,4.38,81.12,NaN
18-02-2015 21:00,-3.36,968.24,4.39,87.58,NaN
18-02-2015 22:00,-3.83,968.03,4.53,86.38,NaN
18-02-2015 23:00,-3.79,967.89,5.13,87.88,NaN
19-02-2015 00:00,-3.76,967.92,5.78,90.75,NaN
19-02-2015 01:00,-4.09,967.87,5.94,89.7,NaN
19-02-2015 02:00,-3.91,967.75,5.2,80.02,NaN
19-02-2015 03:00,-3.86,967.7,5.76,86.85,NaN
19-02-2015 04:00,-3.79,967.64,5.98,79.4,NaN
19-02-2015 05:00,-3.63,967.52,6.64,73.22,NaN
19-02-2015 06:00,-3.34,967.51,6.54,83.2,NaN
19-02-2015 07:00,-3.17,967.5,6.14,82.72,NaN
19-02-2015 08:00,-2.66,967.6,5.24,84.77,NaN
19-02-2015 09:00,-2.44,967.55,5.12,87.75,NaN
19-02-2015 10:00,-2.6,967.62,4.89,92.95,NaN
19-02-2015 11:00,-2.57,967.86,3.77,86.87,NaN
19-02-2015 12:00,-2.8,967.9,3.27,80.75,NaN
19-02-2015 13:00,-2.89,967.91,3.07,61.92,NaN
19-02-2015 14:00,-3.2,967.97,3.38,68.53,NaN
19-02-2015 15:00,-3.69,967.87,2.62,87.22,NaN
19-02-2015 16:00,-3.64,967.72,2.18,105.87,NaN
19-02-2015 17:00,-3.77,967.61,1.74,132.62,NaN
19-02-2015 18:00,-3.71,967.61,1.12,164.13,NaN
19-02-2015 19:00,-3.79,967.41,1.27,189.88,NaN
19-02-2015 20:00,-3.95,967.27,1.95,205.37,NaN
19-02-2015 21:00,-4.4,967.23,1.66,197.05,NaN
19-02-2015 22:00,-4.77,967.25,0.68,167.2,NaN
19-02-2015 23:00,-4.96,967.42,1.23,91.92,NaN
20-02-2015 00:00,-5.16,967.76,1.74,99.92,NaN
20-02-2015 01:00,-4.94,968.11,3.16,94.1,NaN
20-02-2015 02:00,-4.51,968.64,3.87,101.07,NaN
20-02-2015 03:00,-3.92,969.05,4.38,96.17,NaN
20-02-2015 04:00,-3.45,969.51,5.25,88.6,NaN
20-02-2015 05:00,-3.16,970.13,5.2,92.65,NaN
20-02-2015 06:00,-2.97,970.75,5.37,90.63,NaN
20-02-2015 07:00,-2.88,971.46,5.35,87.45,NaN
20-02-2015 08:00,-3.27,972.32,4.91,75.37,NaN
20-02-2015 09:00,-3.33,973.22,5.78,62.85,NaN
20-02-2015 10:00,-3.69,974.05,6.55,66.95,NaN
20-02-2015 11:00,-3.6,974.97,7.11,58.87,NaN
20-02-2015 12:00,-3.52,976.03,7.18,45.53,NaN
20-02-2015 13:00,-3.55,977.04,6.51,44.75,NaN
20-02-2015 14:00,-3.63,977.95,6.26,35.13,NaN
20-02-2015 15:00,-3.82,978.6,6,32.72,NaN
20-02-2015 16:00,-3.93,979.15,5.35,48.33,NaN
20-02-2015 17:00,-3.97,979.5,4.64,44.6,NaN
20-02-2015 18:00,NaN,NaN,NaN,NaN,NaN
20-02-2015 19:00,NaN,NaN,NaN,NaN,NaN
20-02-2015 20:00,NaN,NaN,NaN,NaN,NaN
20-02-2015 21:00,NaN,NaN,NaN,NaN,NaN
20-02-2015 22:00,NaN,NaN,NaN,NaN,NaN
20-02-2015 23:00,NaN,NaN,NaN,NaN,NaN
21-02-2015 00:00,-4.69,982.58,4.35,79.67,NaN
21-02-2015 01:00,-4.23,983.05,4.7,83.65,NaN
21-02-2015 02:00,-4.75,983.43,4.3,88.67,NaN
21-02-2015 03:00,-5.26,983.69,4.07,81.27,NaN
21-02-2015 04:00,-4.51,983.86,2.73,82.43,NaN
21-02-2015 05:00,-4.02,984.24,2.06,99.68,NaN
21-02-2015 06:00,-3.58,984.38,2.44,92.75,NaN
21-02-2015 07:00,-3.07,984.57,4.39,115.47,NaN
21-02-2015 08:00,-3.2,984.53,5.08,108.22,NaN
21-02-2015 09:00,-2.7,984.47,4.31,97.78,NaN
21-02-2015 10:00,-2.48,984.32,4.28,91.97,NaN
21-02-2015 11:00,-2.46,984.24,2.9,84.68,NaN
21-02-2015 12:00,-2.81,984.02,1.7,168.2,NaN
21-02-2015 13:00,-3.64,983.48,2.19,80.98,NaN
21-02-2015 14:00,-4.47,983.2,2.58,175.02,NaN
21-02-2015 15:00,-5.23,982.91,1.55,187.07,NaN
21-02-2015 16:00,-5.83,982.41,1.2,281.85,NaN
21-02-2015 17:00,-5.96,981.82,1.42,236.78,NaN
21-02-2015 18:00,-5.83,981.16,1.37,144,NaN
21-02-2015 19:00,-5.12,979.78,4.19,74.27,NaN
21-02-2015 20:00,-5.25,978.95,5.09,82.05,NaN
21-02-2015 21:00,-5.1,977.71,5.81,86.85,NaN
21-02-2015 22:00,-4.78,976.66,5.97,87.08,NaN
21-02-2015 23:00,-4.49,975.59,5.47,77.62,NaN
22-02-2015 00:00,-4.23,974.4,6.93,67.35,NaN
22-02-2015 01:00,-3.6,973.21,7.63,72.47,NaN
22-02-2015 02:00,-3.09,972.33,7.91,73.35,NaN
22-02-2015 03:00,-2.79,971.23,8.12,74.75,NaN
22-02-2015 04:00,-2.32,970.1,6.99,69.72,NaN
22-02-2015 05:00,-1.69,969.02,6.42,73.48,NaN
22-02-2015 06:00,-2.97,968.22,6.71,61.42,NaN
22-02-2015 07:00,-3.94,967.74,5.45,61.15,NaN
22-02-2015 08:00,-3.83,967.35,3.61,76.65,NaN
22-02-2015 09:00,-3.63,966.83,3.58,74.43,NaN
22-02-2015 10:00,-3.4,966.39,5.7,45.1,NaN
22-02-2015 11:00,-3.24,966.58,6.07,38.6,NaN
22-02-2015 12:00,-3.19,966.5,3.16,88,NaN
22-02-2015 13:00,-3.17,966.51,1.77,104.38,NaN
22-02-2015 14:00,-3.33,966.63,1.21,153.35,NaN
22-02-2015 15:00,-3.69,966.77,1.97,81.6,NaN
22-02-2015 16:00,-3.81,967.04,4.54,56.12,NaN
22-02-2015 17:00,-3.98,967.6,3.15,51.48,NaN
22-02-2015 18:00,-3.9,968.3,2.95,62.88,NaN
22-02-2015 19:00,-3.94,969.05,3.72,79.88,NaN
22-02-2015 20:00,-3.63,969.78,5.1,90.83,NaN
22-02-2015 21:00,-3.6,970.51,4.8,83.47,NaN
22-02-2015 22:00,-3.72,971.37,4.08,78.07,NaN
22-02-2015 23:00,-3.71,972.5,4.22,72.57,NaN
23-02-2015 00:00,-4.52,973.64,4.67,66.6,NaN
23-02-2015 01:00,-4.57,974.74,4.17,73.23,NaN
23-02-2015 02:00,-4,975.67,3.81,77.2,NaN
23-02-2015 03:00,-3.79,976.7,3.93,64.98,NaN
23-02-2015 04:00,-3.46,977.86,4.55,65.13,NaN
23-02-2015 05:00,-3,979.09,5.17,68.63,NaN
23-02-2015 06:00,-2.79,979.99,5.4,81.33,NaN
23-02-2015 07:00,-2.44,980.75,4.9,79.47,NaN
23-02-2015 08:00,-2.3,981.23,5.56,82.75,NaN
23-02-2015 09:00,-2.35,982.05,5.11,71.08,NaN
23-02-2015 10:00,-2.49,982.79,5.21,58.55,NaN
23-02-2015 11:00,-2.73,983.65,5.29,52.83,NaN
23-02-2015 12:00,-3.14,984.46,4.76,52.98,NaN
23-02-2015 13:00,-3.47,985.07,4.78,52.75,NaN
23-02-2015 14:00,-3.51,985.53,4.05,57.02,NaN
23-02-2015 15:00,-3.47,985.92,3.66,79.48,NaN
23-02-2015 16:00,-3.52,986.13,3.51,80.88,NaN
23-02-2015 17:00,-5.06,986.21,3.42,91.35,NaN
23-02-2015 18:00,-6.89,985.98,4.16,95.33,NaN
23-02-2015 19:00,-6.97,985.87,4.31,83.2,NaN
23-02-2015 20:00,-6.77,985.98,3.41,80.03,NaN
23-02-2015 21:00,-6.31,985.82,3.68,79.82,NaN
23-02-2015 22:00,-6.1,985.91,5.21,219.65,NaN
23-02-2015 23:00,-5.1,985.7,6.16,217.32,NaN
24-02-2015 00:00,NaN,NaN,NaN,NaN,NaN
24-02-2015 01:00,NaN,NaN,NaN,NaN,NaN
24-02-2015 02:00,NaN,NaN,NaN,NaN,NaN
24-02-2015 03:00,NaN,NaN,NaN,NaN,NaN
24-02-2015 04:00,NaN,NaN,NaN,NaN,NaN
24-02-2015 05:00,NaN,NaN,NaN,NaN,NaN
24-02-2015 06:00,NaN,NaN,NaN,NaN,NaN
24-02-2015 07:00,NaN,NaN,NaN,NaN,NaN
24-02-2015 08:00,NaN,NaN,NaN,NaN,NaN
24-02-2015 09:00,NaN,NaN,NaN,NaN,NaN
24-02-2015 10:00,NaN,NaN,NaN,NaN,NaN
24-02-2015 11:00,NaN,NaN,NaN,NaN,NaN
24-02-2015 12:00,NaN,NaN,NaN,NaN,NaN
24-02-2015 13:00,NaN,NaN,NaN,NaN,NaN
24-02-2015 14:00,NaN,NaN,NaN,NaN,NaN
24-02-2015 15:00,NaN,NaN,NaN,NaN,NaN
24-02-2015 16:00,NaN,NaN,NaN,NaN,NaN
24-02-2015 17:00,NaN,NaN,NaN,NaN,NaN
24-02-2015 18:00,NaN,NaN,NaN,NaN,NaN
24-02-2015 19:00,NaN,NaN,NaN,NaN,NaN
24-02-2015 20:00,NaN,NaN,NaN,NaN,NaN
24-02-2015 21:00,NaN,NaN,NaN,NaN,NaN
24-02-2015 22:00,NaN,NaN,NaN,NaN,NaN
24-02-2015 23:00,NaN,NaN,NaN,NaN,NaN
25-02-2015 00:00,-5.88,971.97,3.79,101.35,NaN
25-02-2015 01:00,-5.36,971.73,4.75,87.42,NaN
25-02-2015 02:00,-5.65,971.36,5.04,89.52,NaN
25-02-2015 03:00,-5.81,970.97,5.57,83.65,NaN
25-02-2015 04:00,-5.57,970.75,5.29,88.75,NaN
25-02-2015 05:00,-4.17,970.66,4.79,92.53,NaN
25-02-2015 06:00,-4.2,970.53,4.24,78.33,NaN
25-02-2015 07:00,-4.22,970.58,5.08,77.72,NaN
25-02-2015 08:00,-4.24,970.62,5.11,79.27,NaN
25-02-2015 09:00,-4.21,970.6,5.03,83.58,NaN
25-02-2015 10:00,-4.34,970.51,6.02,56.75,NaN
25-02-2015 11:00,-5.38,970.47,6.26,53.42,NaN
25-02-2015 12:00,-6.13,970.57,5.98,55.8,NaN
25-02-2015 13:00,-6.26,970.66,5.29,54.4,NaN
25-02-2015 14:00,-6.44,970.56,5.04,55,NaN
25-02-2015 15:00,-6.41,970.62,2.04,196.93,NaN
25-02-2015 16:00,-6.45,970.63,2.44,272.85,NaN
25-02-2015 17:00,-6.71,970.81,2.7,256.13,NaN
25-02-2015 18:00,-6.38,970.8,1.94,200.77,NaN
25-02-2015 19:00,-5.64,970.65,1.66,217.22,NaN
25-02-2015 20:00,-4.92,970.55,1.2,250.98,NaN
25-02-2015 21:00,-4.75,970.59,1.97,227.92,NaN
25-02-2015 22:00,-4.84,970.44,2.57,190.25,NaN
25-02-2015 23:00,-5.06,970.14,1.11,112.5,NaN
26-02-2015 00:00,-5.5,970.13,2.08,39.82,NaN
26-02-2015 01:00,-5.46,970.05,4.79,46.83,NaN
26-02-2015 02:00,-5.18,969.92,5.93,52.22,NaN
26-02-2015 03:00,-5.27,969.67,6.67,59.08,NaN
26-02-2015 04:00,-5.25,969.5,6.64,71.78,NaN
26-02-2015 05:00,-5.04,969.38,7.22,76.35,NaN
26-02-2015 06:00,-4.72,969.2,7.44,72.62,NaN
26-02-2015 07:00,-4.85,969.09,8.02,66.5,NaN
26-02-2015 08:00,-4.82,968.97,7.86,69.18,NaN
26-02-2015 09:00,-4.68,968.87,8.32,62.47,NaN
26-02-2015 10:00,-4.69,968.8,8.74,64.27,NaN
26-02-2015 11:00,-4.62,968.86,9.13,60.62,NaN
26-02-2015 12:00,-4.51,968.9,9.54,61.18,NaN
26-02-2015 13:00,-4.42,968.78,9.2,62.13,NaN
26-02-2015 14:00,-3.8,968.69,8.97,57.92,NaN
26-02-2015 15:00,-4.14,968.69,8.61,61.4,NaN
26-02-2015 16:00,-3.98,968.55,9.34,60.47,NaN
26-02-2015 17:00,-4.08,968.41,10.4,63.48,NaN
26-02-2015 18:00,-5.56,968.5,14.85,60.17,NaN
26-02-2015 19:00,-5.25,968.55,16.38,51.23,NaN
26-02-2015 20:00,-5.15,969.5,16.39,31.2,NaN
26-02-2015 21:00,-5.01,970.8,13.41,26.28,NaN
26-02-2015 22:00,-5.04,971.24,11.55,34.17,NaN
26-02-2015 23:00,-5.17,971.65,12.73,70.33,NaN
27-02-2015 00:00,-5.02,972,11.41,58.9,NaN
27-02-2015 01:00,-5.01,972.43,11.23,49.58,NaN
27-02-2015 02:00,-5.24,972.59,11.57,67.52,NaN
27-02-2015 03:00,-4.94,972.67,11.11,82.58,NaN
27-02-2015 04:00,-4.6,973.14,11.22,82.7,NaN
27-02-2015 05:00,-3.84,973.56,11.6,85.22,NaN
27-02-2015 06:00,-3.44,973.9,11.24,81.82,NaN
27-02-2015 07:00,-3.15,974.16,11.9,87.1,NaN
27-02-2015 08:00,-2.76,974.62,10.9,84.97,NaN
27-02-2015 09:00,-2.59,975.15,10.15,86.97,NaN
27-02-2015 10:00,-2.61,975.75,9.26,80.13,NaN
27-02-2015 11:00,-2.77,976.15,5.05,91.94,NaN
27-02-2015 12:00,-3.43,976.92,3.75,84.85,NaN
27-02-2015 13:00,-4.06,977.47,4,90.33,NaN
27-02-2015 14:00,-4.36,978.01,3.92,85.3,NaN
27-02-2015 15:00,-4.73,978.52,4.89,66.47,NaN
27-02-2015 16:00,-4.97,979.03,4.89,81.73,NaN
27-02-2015 17:00,-5.03,979.54,5.3,83.73,NaN
27-02-2015 18:00,-4.82,980.16,6.33,89.43,NaN
27-02-2015 19:00,-4.71,980.64,6.12,86.38,NaN
27-02-2015 20:00,-5.19,981.14,7.19,90.15,NaN
27-02-2015 21:00,-5.87,981.69,7.45,91.07,NaN
27-02-2015 22:00,-5.72,982.06,7.06,89.78,NaN
27-02-2015 23:00,-6.33,982.48,5.71,85.88,NaN
28-02-2015 00:00,-6.57,982.97,4.89,90.67,NaN
28-02-2015 01:00,-6.59,983.45,5.12,96.33,NaN
28-02-2015 02:00,-6.56,983.97,6.09,98.27,NaN
28-02-2015 03:00,-6.89,984.38,5.31,101.98,NaN
28-02-2015 04:00,-6.62,985.04,4.68,102.8,NaN
28-02-2015 05:00,-6.19,985.66,5.48,97.25,NaN
28-02-2015 06:00,-5.9,986.01,8.32,89.55,NaN
28-02-2015 07:00,-5.5,986.51,8.68,88.2,NaN
28-02-2015 08:00,-5.03,986.82,9.26,85.78,NaN
28-02-2015 09:00,-4.48,987.07,9.38,87.53,NaN
28-02-2015 10:00,-4.7,987.48,8.52,86.57,NaN
28-02-2015 11:00,-5.21,987.83,7.48,89.28,NaN
28-02-2015 12:00,-6.66,988.35,6,89.1,NaN
28-02-2015 13:00,-7.66,988.66,4.62,86.25,NaN
28-02-2015 14:00,-8.47,988.77,4.42,88.58,NaN
28-02-2015 15:00,-9.45,988.77,3.76,87.65,NaN
28-02-2015 16:00,-9.97,988.76,3.96,103.13,NaN
28-02-2015 17:00,-10.59,988.74,4.71,112.87,NaN
28-02-2015 18:00,-10.92,988.69,5.56,120.8,NaN
28-02-2015 19:00,-11.18,988.62,5.55,114.9,NaN
28-02-2015 20:00,-11.21,988.35,6.7,123.02,NaN
28-02-2015 21:00,-11.67,988.12,7.3,120.75,NaN
28-02-2015 22:00,-11.84,987.9,8.08,121.82,NaN
28-02-2015 23:00,-11.34,987.6,7.87,124.43,NaN
01-03-2015 00:00,-10.97,987.24,8.25,120.25,NaN
01-03-2015 01:00,-10.33,986.84,7.87,119.48,NaN
01-03-2015 02:00,-9.79,986.48,7.73,112.85,NaN
01-03-2015 03:00,-8.76,986.1,7.09,108.47,NaN
01-03-2015 04:00,-8.01,985.62,6.58,97.95,NaN
01-03-2015 05:00,-7.55,984.92,7.71,93.5,NaN
01-03-2015 06:00,-7.26,984.42,9.15,85.8,NaN
01-03-2015 07:00,-6.96,983.89,8.95,86.78,NaN
01-03-2015 08:00,-6.58,983.52,9.05,78.83,NaN
01-03-2015 09:00,-6.38,983.07,9.04,68.55,NaN
01-03-2015 10:00,-6.23,982.7,8.07,72.13,NaN
01-03-2015 11:00,-6.39,982.19,7.55,76.83,NaN
01-03-2015 12:00,-6.82,981.53,6.97,82.2,NaN
01-03-2015 13:00,-7.3,980.91,5.88,75.07,NaN
01-03-2015 14:00,-8.15,980.34,5.51,77.2,NaN
01-03-2015 15:00,-9.09,979.8,5.31,69.03,NaN
01-03-2015 16:00,-9.22,979.18,5.61,64.35,NaN
01-03-2015 17:00,-10.15,978.62,6.31,77.05,NaN
01-03-2015 18:00,-10.63,978.38,7.01,76.5,NaN
01-03-2015 19:00,-10.77,978.33,7.83,84.4,NaN
01-03-2015 20:00,-10.84,978.18,9.42,87.42,NaN
01-03-2015 21:00,-11.07,978.11,9.77,84.8,NaN
01-03-2015 22:00,-11.2,978.14,10.73,87.8,NaN
01-03-2015 23:00,-11.39,978.23,10.78,87.87,NaN
02-03-2015 00:00,-11.07,978.5,10.74,88.62,NaN
02-03-2015 01:00,-10.94,978.86,9.49,88.25,NaN
02-03-2015 02:00,-10.19,979.1,9.7,86.72,NaN
02-03-2015 03:00,-9.51,979.57,9.03,88.12,NaN
02-03-2015 04:00,-8.64,979.93,10.27,87.7,NaN
02-03-2015 05:00,-7.92,980.17,8.27,88.85,NaN
02-03-2015 06:00,-7.15,980.48,9.22,87.82,NaN
02-03-2015 07:00,-6.95,980.92,7.93,88.02,NaN
02-03-2015 08:00,-6.56,981.3,7.21,87.97,NaN
02-03-2015 09:00,-6.34,981.43,6.43,86.25,NaN
02-03-2015 10:00,-5.94,981.6,6.26,78.95,NaN
02-03-2015 11:00,-5.69,981.86,5,61.2,NaN
02-03-2015 12:00,-6.37,982.22,4.78,91.88,NaN
02-03-2015 13:00,-7.32,982.73,3.94,97.35,NaN
02-03-2015 14:00,-7.89,983.25,3.54,71.45,NaN
02-03-2015 15:00,-8.52,983.65,2.46,55.6,NaN
02-03-2015 16:00,-8.18,983.92,1.95,94.03,NaN
02-03-2015 17:00,-8.34,984.11,3.04,121.87,NaN
02-03-2015 18:00,-8.59,984.28,3.8,123.97,NaN
02-03-2015 19:00,-8.93,984.52,3.75,110.78,NaN
02-03-2015 20:00,-9.18,984.61,4.5,99.72,NaN
02-03-2015 21:00,-8.51,984.72,4.57,92.7,NaN
02-03-2015 22:00,-8.48,985.1,4.14,102.88,NaN
02-03-2015 23:00,-8.24,985.29,5.01,104.9,NaN
03-03-2015 00:00,-7.99,985.42,5.49,107,NaN
03-03-2015 01:00,-7.31,985.49,5.08,105.33,NaN
03-03-2015 02:00,-6.51,985.32,5.68,85.23,NaN
03-03-2015 03:00,-5.89,985.14,7.26,85.02,NaN
03-03-2015 04:00,-5.74,984.98,7.08,87.47,NaN
03-03-2015 05:00,-5.57,984.85,7.22,85.28,NaN
03-03-2015 06:00,-5.11,984.8,6.82,90.4,NaN
03-03-2015 07:00,-4.8,984.91,5.91,80.72,NaN
03-03-2015 08:00,-4.46,984.9,6.27,67.23,NaN
03-03-2015 09:00,-4.24,984.79,6.04,67.32,NaN
03-03-2015 10:00,-4.3,984.67,5.79,75.38,NaN
03-03-2015 11:00,-4.56,984.66,5.3,65.88,NaN
03-03-2015 12:00,-5.72,984.46,5.05,59.08,NaN
03-03-2015 13:00,-6,984.15,5.11,58.4,NaN
03-03-2015 14:00,-6.53,983.75,5.81,61.37,NaN
03-03-2015 15:00,-6.39,983.42,5.47,58.82,NaN
03-03-2015 16:00,-6.47,982.99,5.18,67.17,NaN
03-03-2015 17:00,-6.17,982.57,5.2,93.76,NaN
03-03-2015 18:00,-5.5,982.26,5.06,90.65,NaN
03-03-2015 19:00,-5.6,981.71,5.51,93.9,NaN
03-03-2015 20:00,-6.31,981.26,7.16,85.67,NaN
03-03-2015 21:00,-6.97,981.1,6.85,85.68,NaN
03-03-2015 22:00,-7.35,980.95,7.77,77.78,NaN
03-03-2015 23:00,-7.9,980.61,8.17,62.37,NaN
04-03-2015 00:00,-8.01,980.31,7.67,61.07,NaN
04-03-2015 01:00,-7.92,980.11,6.96,77.5,NaN
04-03-2015 02:00,-7.73,979.82,7.48,83.75,NaN
04-03-2015 03:00,-7.09,979.59,8.13,86.63,NaN
04-03-2015 04:00,-6.34,979.45,9.16,88.97,NaN
04-03-2015 05:00,-5.58,979.32,9.08,87.42,NaN
04-03-2015 06:00,-5.13,979.25,8.53,86.05,NaN
04-03-2015 07:00,-5.21,979.31,8.31,87.53,NaN
04-03-2015 08:00,-5.05,979.08,7.69,85.68,NaN
04-03-2015 09:00,-5.05,979.03,7.4,78.37,NaN
04-03-2015 10:00,-5.09,978.83,7.17,74.58,NaN
04-03-2015 11:00,-5.1,978.53,6.91,68.68,NaN
04-03-2015 12:00,-5.39,978.15,6.57,76.73,NaN
04-03-2015 13:00,-5.49,977.95,6.35,61.12,NaN
04-03-2015 14:00,-5.71,977.68,6.22,64.2,NaN
04-03-2015 15:00,-6.1,977.42,5.91,65,NaN
04-03-2015 16:00,-6.46,977.19,5.44,69.23,NaN
04-03-2015 17:00,-6.39,976.74,5.48,88.58,NaN
04-03-2015 18:00,-6.59,976.24,5,82.67,NaN
04-03-2015 19:00,-7.19,975.87,4.87,84.32,NaN
04-03-2015 20:00,-7.4,975.43,5.56,86.33,NaN
04-03-2015 21:00,-7.78,975.16,6.08,89.82,NaN
04-03-2015 22:00,-7.44,974.76,6.45,86.72,NaN
04-03-2015 23:00,-7.9,974.33,7.24,88.42,NaN
05-03-2015 00:00,-8.38,973.87,8.75,87.05,NaN
05-03-2015 01:00,-8.44,973.54,9.05,87.38,NaN
05-03-2015 02:00,-8.45,973.02,9.33,85.95,NaN
05-03-2015 03:00,-8.27,972.93,8.1,78.32,NaN
05-03-2015 04:00,-7.84,972.71,9.68,84.22,NaN
05-03-2015 05:00,-7.56,972.59,10.15,86.3,NaN
05-03-2015 06:00,-7.24,972.59,9.75,87.95,NaN
05-03-2015 07:00,-6.96,972.45,9.71,88.27,NaN
05-03-2015 08:00,-6.89,972.41,8.79,83.9,NaN
05-03-2015 09:00,-6.65,972.52,8.01,78.13,NaN
05-03-2015 10:00,-6.75,972.66,7.51,76.43,NaN
05-03-2015 11:00,-7.14,972.54,6.99,81.13,NaN
05-03-2015 12:00,-7.52,972.24,6.75,83.1,NaN
05-03-2015 13:00,-8.66,972.2,6.58,86.57,NaN
05-03-2015 14:00,-9.41,972.37,5.78,74.83,NaN
05-03-2015 15:00,-10.19,972.17,5.7,80.22,NaN
05-03-2015 16:00,-10.84,972.11,5.51,88.52,NaN
05-03-2015 17:00,-11.38,972.19,5.15,90.88,NaN
05-03-2015 18:00,-11.88,972.15,7.12,87.35,NaN
05-03-2015 19:00,-12.38,972.15,8.41,88.85,NaN
05-03-2015 20:00,-12.95,971.96,10.35,89.1,NaN
05-03-2015 21:00,-13.19,971.84,11.12,89.92,NaN
05-03-2015 22:00,-13.51,972,11.25,89.72,NaN
05-03-2015 23:00,-13.63,972.1,12.47,87.13,NaN
06-03-2015 00:00,-13.65,972.2,12.88,86,NaN
06-03-2015 01:00,-13.31,972.26,13.51,85.3,NaN
06-03-2015 02:00,-13.34,972.33,13.13,86.28,NaN
06-03-2015 03:00,-12.55,972.66,13.12,85.63,NaN
06-03-2015 04:00,-11.79,972.8,12.89,87.58,NaN
06-03-2015 05:00,-11.39,972.93,12.54,87.43,NaN
06-03-2015 06:00,-10.65,973.14,11.69,86.73,NaN
06-03-2015 07:00,-9.67,973.53,11.87,86.97,NaN
06-03-2015 08:00,-9.3,973.99,10.34,87.45,NaN
06-03-2015 09:00,-9.51,974.35,9.58,86.83,NaN
06-03-2015 10:00,-9.17,974.71,8.85,88.48,NaN
06-03-2015 11:00,-9.29,974.94,7.38,89.73,NaN
06-03-2015 12:00,-9.7,975.23,5.42,75.87,NaN
06-03-2015 13:00,-9.88,975.59,5.2,67.77,NaN
06-03-2015 14:00,-10.05,975.89,5.68,72.83,NaN
06-03-2015 15:00,-10.42,976.27,5.42,65.52,NaN
06-03-2015 16:00,-11.06,976.62,4.8,70.7,NaN
06-03-2015 17:00,-11.38,976.65,5.73,89.13,NaN
06-03-2015 18:00,-11.91,976.73,5.79,87.63,NaN
06-03-2015 19:00,-12.17,976.88,6.1,86.43,NaN
06-03-2015 20:00,-12.54,977.12,4.98,98.05,NaN
06-03-2015 21:00,-13.14,977.52,5.53,110.37,NaN
06-03-2015 22:00,-13.15,977.96,5.5,106.33,NaN
06-03-2015 23:00,-12.75,978.36,6.21,116.55,NaN
07-03-2015 00:00,-12.38,978.67,6.34,124.22,NaN
07-03-2015 01:00,-11.9,979.03,5.85,126.93,NaN
07-03-2015 02:00,-11.58,979.46,6.29,127.35,NaN
07-03-2015 03:00,-10.59,980.05,5.89,132.1,NaN
07-03-2015 04:00,-8.88,980.87,4.9,125.23,NaN
07-03-2015 05:00,-8.33,981.51,4.68,122.25,NaN
07-03-2015 06:00,-7.93,981.85,5.36,121.63,NaN
07-03-2015 07:00,-7.54,982.21,5.61,115.82,NaN
07-03-2015 08:00,-7.03,982.62,5.13,102.8,NaN
07-03-2015 09:00,-6.89,982.85,5.1,70.2,NaN
07-03-2015 10:00,-6.84,982.9,6.1,57.75,NaN
07-03-2015 11:00,-6.92,982.84,6.3,57,NaN
07-03-2015 12:00,-7.85,982.87,11.39,58.77,NaN
07-03-2015 13:00,-8.68,982.99,10.7,50.45,NaN
07-03-2015 14:00,-8.87,982.88,10.55,61.97,NaN
07-03-2015 15:00,-8.87,982.71,9.67,60.23,NaN
07-03-2015 16:00,-8.73,982.39,9.64,73.13,NaN
07-03-2015 17:00,-8.56,981.91,10.44,96.02,NaN
07-03-2015 18:00,-7.84,981.51,10.64,93.9,NaN
07-03-2015 19:00,-8.07,981.04,11,89.52,NaN
07-03-2015 20:00,-8.05,980.91,10.79,89.23,NaN
07-03-2015 21:00,-8.11,980.62,10.88,88.57,NaN
07-03-2015 22:00,-8.54,980.39,11.57,85.57,NaN
07-03-2015 23:00,-8.82,980.21,11.89,77.58,NaN
08-03-2015 00:00,-9.03,980.01,12.75,86.87,NaN
08-03-2015 01:00,-8.48,979.91,13.93,86.75,NaN
08-03-2015 02:00,-7.95,979.84,13.51,88.17,NaN
08-03-2015 03:00,-7.55,979.89,13.61,88.37,NaN
08-03-2015 04:00,-6.44,979.94,13.65,87.12,NaN
08-03-2015 05:00,-5.74,979.93,14.26,86.68,NaN
08-03-2015 06:00,-5.15,980,13.49,85.65,NaN
08-03-2015 07:00,-4.55,980.32,13.46,86.22,NaN
08-03-2015 08:00,-3.87,980.75,12.01,86.25,NaN
08-03-2015 09:00,-4.09,981.09,10.45,86.48,NaN
08-03-2015 10:00,-4.65,981.27,10.68,89.82,NaN
08-03-2015 11:00,-4.93,981.42,10.04,88.95,NaN
08-03-2015 12:00,-6.05,981.83,8.42,87.88,NaN
08-03-2015 13:00,-6.31,982.26,7.26,222.42,NaN
08-03-2015 14:00,-6.43,982.74,7.7,110.78,NaN
08-03-2015 15:00,-6.54,983.1,8.88,113.2,NaN
08-03-2015 16:00,-6.65,983.54,8.8,129,NaN
08-03-2015 17:00,-7.41,984.02,8.91,136.1,NaN
08-03-2015 18:00,-7.91,984.3,8.93,134.17,NaN
08-03-2015 19:00,-7.84,984.75,7.7,147.9,NaN
08-03-2015 20:00,-8.22,985.11,7.49,152.85,NaN
08-03-2015 21:00,-8.03,985.62,7.27,162.12,NaN
08-03-2015 22:00,-8.11,985.97,8.01,153.88,NaN
08-03-2015 23:00,-8.34,986.19,8.01,146.55,NaN
09-03-2015 00:00,-8.96,986.8,7.5,211.4,NaN
09-03-2015 01:00,-10.07,987.15,8.19,141.63,NaN
09-03-2015 02:00,-10.3,987.52,7.67,145.3,NaN
09-03-2015 03:00,-10.03,988.25,7.9,141.88,NaN
09-03-2015 04:00,-8.98,988.88,8.95,134.05,NaN
09-03-2015 05:00,-7.81,989.47,9.56,139.85,NaN
09-03-2015 06:00,-6.59,989.88,11.29,128.78,NaN
09-03-2015 07:00,-6.15,990.18,11.97,120.98,NaN
09-03-2015 08:00,-6.25,990.72,12.6,121.77,NaN
09-03-2015 09:00,-6.29,991.33,11.4,116,NaN
09-03-2015 10:00,-6.79,991.94,9.62,111.17,NaN
09-03-2015 11:00,-7.02,992.59,7.62,166.53,NaN
09-03-2015 12:00,-7.22,992.82,8.76,229.27,NaN
09-03-2015 13:00,-7.27,993.19,9.14,225.07,NaN
09-03-2015 14:00,-7.3,993.78,9.44,225.45,NaN
09-03-2015 15:00,-7.08,994.14,9.87,222.75,NaN
09-03-2015 16:00,-6.92,994.42,10.26,221.63,NaN
09-03-2015 17:00,-6.77,994.37,7.97,208.67,NaN
09-03-2015 18:00,-6.2,994.5,5.37,159.02,NaN
09-03-2015 19:00,-5.76,994.63,6.89,94.77,NaN
09-03-2015 20:00,-5.52,994.88,6.86,79.95,NaN
09-03-2015 21:00,-5.17,995,7.46,76.95,NaN
09-03-2015 22:00,-5.27,994.91,8.4,67.58,NaN
09-03-2015 23:00,-5.46,994.78,8.56,56.4,NaN
10-03-2015 00:00,-4.45,994.85,9.1,45.13,NaN
10-03-2015 01:00,-4.48,995.14,9.53,49.9,NaN
10-03-2015 02:00,-4.04,995.19,11.24,55.53,NaN
10-03-2015 03:00,-3.77,995.05,11,65.77,NaN
10-03-2015 04:00,-3.25,994.96,11.03,73.68,NaN
10-03-2015 05:00,-3.04,994.6,12.9,56.63,NaN
10-03-2015 06:00,-2.64,994.38,12.52,59.77,NaN
10-03-2015 07:00,-2.19,994.31,12.4,54.32,NaN
10-03-2015 08:00,-1.98,994.16,11.86,50.73,NaN
10-03-2015 09:00,-1.69,993.95,11.59,50.7,NaN
10-03-2015 10:00,-1.15,993.69,11.97,52.55,NaN
10-03-2015 11:00,-0.97,993.17,10.17,47.02,NaN
10-03-2015 12:00,-1.1,992.52,8.97,38.35,NaN
10-03-2015 13:00,-1.49,992,8.3,34.38,NaN
10-03-2015 14:00,-1.96,991.45,8.46,37.33,NaN
10-03-2015 15:00,-2.38,990.89,10.73,52.57,NaN
10-03-2015 16:00,-2.17,990.74,10.78,65.23,NaN
10-03-2015 17:00,-2.07,990.44,11.79,57.35,NaN
10-03-2015 18:00,-2.12,990.25,12.43,54.17,NaN
10-03-2015 19:00,-2.19,990.17,10.66,68.43,NaN
10-03-2015 20:00,-2.52,989.9,10.68,76.97,NaN
10-03-2015 21:00,-2.61,989.74,10.98,68.58,NaN
10-03-2015 22:00,-2.81,989.51,11.77,65.7,NaN
10-03-2015 23:00,-2.5,989.6,11.54,63.08,NaN
11-03-2015 00:00,-2.82,993.12,5.55,83.42,NaN
11-03-2015 01:00,-2.81,993.23,5.32,82.97,NaN
11-03-2015 02:00,-2.89,993.73,5.07,49.82,NaN
11-03-2015 03:00,-3.54,994,4.84,43.03,NaN
11-03-2015 04:00,-3.17,994,4.71,54.23,NaN
11-03-2015 05:00,-2.92,994,2.51,100.55,NaN
11-03-2015 06:00,-2.38,994,1.65,123.43,NaN
11-03-2015 07:00,-1.98,994,3.39,50.92,NaN
11-03-2015 08:00,-1.9,994,4.02,46.62,NaN
11-03-2015 09:00,-2.01,994,5.2,48.15,NaN
11-03-2015 10:00,-1.91,993.5,5.51,61.8,NaN
11-03-2015 11:00,-2.12,993,4.8,67.57,NaN
11-03-2015 12:00,-2.12,993,4.96,62.47,NaN
11-03-2015 13:00,-2.26,992.52,4.39,69.15,NaN
11-03-2015 14:00,-2.34,992,4.34,73.17,NaN
11-03-2015 15:00,-2.5,992,4.02,80.87,NaN
11-03-2015 16:00,-2.15,991.02,4.84,75.65,NaN
11-03-2015 17:00,-1.73,990.55,7.19,72.88,NaN
11-03-2015 18:00,-1.8,990,7.12,73.42,NaN
11-03-2015 19:00,-1.98,990,5.64,69.87,NaN
11-03-2015 20:00,-1.98,990,4.87,76.17,NaN
11-03-2015 21:00,-2.14,990,4.93,83.5,NaN
11-03-2015 22:00,-2.2,989.95,3.44,71.9,NaN
11-03-2015 23:00,-2.66,989.7,8.2,50.57,NaN
12-03-2015 00:00,-3.84,986.27,9.45,55.8,NaN
12-03-2015 01:00,-4.25,986.2,8.01,62.72,NaN
12-03-2015 02:00,-4.23,985.98,8.29,73.97,NaN
12-03-2015 03:00,-4.23,985.94,6.99,56.72,NaN
12-03-2015 04:00,-4.17,985.85,13.78,34.6,NaN
12-03-2015 05:00,-3.98,985.65,12.69,61.13,NaN
12-03-2015 06:00,-3.8,985.17,12.87,65.12,NaN
12-03-2015 07:00,-3.86,984.93,12.35,60.23,NaN
12-03-2015 08:00,-3.92,984.64,13.62,57.68,NaN
12-03-2015 09:00,-3.77,984.43,13.34,58.67,NaN
12-03-2015 10:00,-3.72,984.4,13.87,56.23,NaN
12-03-2015 11:00,-3.78,984.4,13.08,51.4,NaN
12-03-2015 12:00,-3.89,984.42,13.81,52.03,NaN
12-03-2015 13:00,-3.92,984.58,11.54,42.35,NaN
12-03-2015 14:00,-4.08,984.3,11.49,44.67,NaN
12-03-2015 15:00,-4.29,984.29,12.25,41.05,NaN
12-03-2015 16:00,-4.21,984.15,11.1,39.9,NaN
12-03-2015 17:00,-4.25,984.17,11.95,38.52,NaN
12-03-2015 18:00,-4.46,984.28,12.13,42.32,NaN
12-03-2015 19:00,-4.43,984.44,10.27,40.98,NaN
12-03-2015 20:00,-4.49,984.4,9.91,49.97,NaN
12-03-2015 21:00,-4.54,984.3,9.67,53.05,NaN
12-03-2015 22:00,-4.43,984.2,9.05,56.77,NaN
12-03-2015 23:00,-4.05,984.13,9.34,59.18,NaN
13-03-2015 00:00,-4.13,984.21,9.42,56.35,NaN
13-03-2015 01:00,-4.62,984.2,10.12,55.72,NaN
13-03-2015 02:00,-4.6,984.06,10,57,NaN
13-03-2015 03:00,-4.79,984.05,8.49,57.33,NaN
13-03-2015 04:00,-4.18,983.95,9.4,52.52,NaN
13-03-2015 05:00,-3.47,983.88,9.53,62.9,NaN
13-03-2015 06:00,-3.36,983.75,9.66,80.72,NaN
13-03-2015 07:00,-2.85,983.69,9.43,79.52,NaN
13-03-2015 08:00,-2.7,983.79,9.28,83.58,NaN
13-03-2015 09:00,-2.62,984.02,8.07,81.18,NaN
13-03-2015 10:00,-3.15,984.02,8.09,62.13,NaN
13-03-2015 11:00,-3.81,984.06,7.01,81.3,NaN
13-03-2015 12:00,-3.62,984.05,6.16,55.97,NaN
13-03-2015 13:00,-3.84,983.89,5.25,88.78,NaN
13-03-2015 14:00,-4.52,983.95,4.91,60.02,NaN
13-03-2015 15:00,-4.57,984.08,5.17,81.6,NaN
13-03-2015 16:00,-4.72,984.25,5.93,96.93,NaN
13-03-2015 17:00,-4.87,984.3,5.59,68.17,NaN
13-03-2015 18:00,-4.96,984.33,4.71,100.32,NaN
13-03-2015 19:00,-5.29,984.51,4.75,100.05,NaN
13-03-2015 20:00,-5.66,984.6,4.19,138.8,NaN
13-03-2015 21:00,-5.95,984.56,4.68,142,NaN
13-03-2015 22:00,-6.73,984.63,5.28,111.77,NaN
13-03-2015 23:00,-7.86,984.61,5.37,112.33,NaN
14-03-2015 00:00,-8.8,984.42,6.9,119.55,NaN
14-03-2015 01:00,-9.07,984.2,7.19,120.2,NaN
14-03-2015 02:00,-8.48,984.04,7.91,116.95,NaN
14-03-2015 03:00,-8.21,983.82,9.28,117.65,NaN
14-03-2015 04:00,-8.65,983.46,11.3,116.37,NaN
14-03-2015 05:00,-8.37,983.15,12.47,116.43,NaN
14-03-2015 06:00,-7.38,982.99,10.78,111.67,NaN
14-03-2015 07:00,-7.15,982.82,8.82,101.52,NaN
14-03-2015 08:00,-6.63,982.49,9.15,106.3,NaN
14-03-2015 09:00,-6.46,982.07,10.11,110.7,NaN
14-03-2015 10:00,-6.83,981.66,9.5,110.78,NaN
14-03-2015 11:00,-7.49,981.22,7.57,103.17,NaN
14-03-2015 12:00,-8.09,980.66,7.92,103.55,NaN
14-03-2015 13:00,-9,980.2,8.13,88.95,NaN
14-03-2015 14:00,-9.31,979.73,8.43,88.6,NaN
14-03-2015 15:00,-9.37,979.17,7.48,86.78,NaN
14-03-2015 16:00,-9.36,978.65,7.52,83.58,NaN
14-03-2015 17:00,-9.3,978.08,8.09,88.25,NaN
14-03-2015 18:00,-9.51,977.5,9.25,88.57,NaN
14-03-2015 19:00,-9.46,977.1,9.36,86.87,NaN
14-03-2015 20:00,-9.63,976.8,10.31,88,NaN
14-03-2015 21:00,-10.14,976.61,10.47,88.58,NaN
14-03-2015 22:00,-10.22,976.5,11.36,84.18,NaN
14-03-2015 23:00,-10.36,976.29,11.76,85.9,NaN
15-03-2015 00:00,-10.43,976.22,11.41,85.7,NaN
15-03-2015 01:00,-10.56,976.02,11.73,86.48,NaN
15-03-2015 02:00,-10.39,975.99,11.09,86.53,NaN
15-03-2015 03:00,-10.23,976.04,11.96,86.77,NaN
15-03-2015 04:00,-10.1,976.22,10.19,96.02,NaN
15-03-2015 05:00,-9.98,976.53,9.91,99.55,NaN
15-03-2015 06:00,-9.79,976.64,11.04,94.53,NaN
15-03-2015 07:00,-9.37,976.83,11.01,90.62,NaN
15-03-2015 08:00,-9.04,977.11,10.36,84.33,NaN
15-03-2015 09:00,-8.89,977.3,10.35,87.37,NaN
15-03-2015 10:00,-9.27,977.54,9.92,82.53,NaN
15-03-2015 11:00,-9.72,977.79,8.92,85.13,NaN
15-03-2015 12:00,-10.33,977.92,8.28,88.68,NaN
15-03-2015 13:00,-10.87,978.09,8.05,86.57,NaN
15-03-2015 14:00,-11.08,978.43,8.24,86.2,NaN
15-03-2015 15:00,-11.56,978.7,8.52,91.2,NaN
15-03-2015 16:00,-11.78,978.84,8.35,94.38,NaN
15-03-2015 17:00,-11.8,979.01,8.2,93.45,NaN
15-03-2015 18:00,-11.98,978.91,10.58,90.68,NaN
15-03-2015 19:00,-12.37,978.79,11.18,86.05,NaN
15-03-2015 20:00,-12.47,978.61,11.99,88.4,NaN
15-03-2015 21:00,-12.23,978.52,12.7,89.27,NaN
15-03-2015 22:00,-12.44,978.64,12.17,85.62,NaN
15-03-2015 23:00,-13.05,978.59,12.4,85.48,NaN
16-03-2015 00:00,-13.24,978.32,13.24,86.63,NaN
16-03-2015 01:00,-12.98,978.06,13.61,85.1,NaN
16-03-2015 02:00,-12.77,977.78,13.03,84.72,NaN
16-03-2015 03:00,-12.06,977.66,13.63,86.9,NaN
16-03-2015 04:00,-11.57,977.29,14.21,88.1,NaN
16-03-2015 05:00,-10.79,976.76,14.2,88.58,NaN
16-03-2015 06:00,-10.38,976.3,13.25,88.13,NaN
16-03-2015 07:00,-9.76,975.97,13.01,85.8,NaN
16-03-2015 08:00,-9.76,975.87,12.2,84.58,NaN
16-03-2015 09:00,-9.29,975.76,11.84,84.78,NaN
16-03-2015 10:00,-9.13,975.62,10.21,83.97,NaN
16-03-2015 11:00,-9.26,975.2,10.03,84.13,NaN
16-03-2015 12:00,-10.56,974.88,8.24,90.63,NaN
16-03-2015 13:00,-11.69,974.68,6.43,115.68,NaN
16-03-2015 14:00,-11.61,974.66,4.88,127.2,NaN
16-03-2015 15:00,-11.49,974.68,4.89,105.87,NaN
16-03-2015 16:00,-11.5,974.88,6.16,81.85,NaN
16-03-2015 17:00,-12.24,975.17,6.47,119.48,NaN
16-03-2015 18:00,-12.43,975.29,7.85,124.7,NaN
16-03-2015 19:00,-12.76,975.33,10.21,90.03,NaN
16-03-2015 20:00,-13,975.16,10.95,87.07,NaN
16-03-2015 21:00,-13.12,975.36,10.34,85.33,NaN
16-03-2015 22:00,-13.7,975.48,12.43,85.53,NaN
16-03-2015 23:00,-13.51,975.65,12.24,87.92,NaN
17-03-2015 00:00,-13.78,975.97,12.9,86.58,NaN
17-03-2015 01:00,-13.72,976.34,12.61,88.02,NaN
17-03-2015 02:00,-13.3,976.47,13.2,84.95,NaN
17-03-2015 03:00,-12.81,976.7,11.47,90.72,NaN
17-03-2015 04:00,-12.44,976.74,13.12,84.95,NaN
17-03-2015 05:00,-12.03,977,13.02,85.33,NaN
17-03-2015 06:00,-11.45,977,12.67,86.18,NaN
17-03-2015 07:00,-11.4,977.17,12.68,84.17,NaN
17-03-2015 08:00,-10.74,977.33,13.02,84.57,NaN
17-03-2015 09:00,-10.24,977.47,11.96,83.83,NaN
17-03-2015 10:00,-9.96,977.48,11.54,80.15,NaN
17-03-2015 11:00,-10.03,977.7,11.41,82.55,NaN
17-03-2015 12:00,-11.01,977.67,10.83,84.85,NaN
17-03-2015 13:00,-11.8,977.78,9.74,76.78,NaN
17-03-2015 14:00,-12.95,977.94,8.77,58.57,NaN
17-03-2015 15:00,-13.3,978.05,7.29,56.8,NaN
17-03-2015 16:00,-13.01,978.25,7.02,65.65,NaN
17-03-2015 17:00,-12.28,978.5,8.72,86.97,NaN
17-03-2015 18:00,-11.4,978.79,8.99,90.85,NaN
17-03-2015 19:00,-10.88,979.02,8.83,116.72,NaN
17-03-2015 20:00,-10.12,979.11,9.03,115.93,NaN
17-03-2015 21:00,-10.12,979.3,8.78,99.37,NaN
17-03-2015 22:00,-9.56,979.44,9.95,86.85,NaN
17-03-2015 23:00,-9.38,979.53,10.29,85.33,NaN
18-03-2015 00:00,-9.2,979.68,11.21,84.15,NaN
18-03-2015 01:00,-9.04,979.93,11.67,73.17,NaN
18-03-2015 02:00,-8.87,980.13,11.56,75.85,NaN
18-03-2015 03:00,-8.79,980.41,11.98,66.08,NaN
18-03-2015 04:00,-8.97,980.66,12,64.55,NaN
18-03-2015 05:00,-9.34,980.96,11.92,64.38,NaN
18-03-2015 06:00,-9.23,981.06,12.12,62.68,NaN
18-03-2015 07:00,-9.17,981.29,12.34,62.85,NaN
18-03-2015 08:00,-9.27,981.58,12.87,60.13,NaN
18-03-2015 09:00,-9.2,981.99,12.98,61.72,NaN
18-03-2015 10:00,-9.11,982.42,12.71,59.9,NaN
18-03-2015 11:00,-9.12,982.77,12.95,54.55,NaN
18-03-2015 12:00,-9.07,983.38,10.53,48.98,NaN
18-03-2015 13:00,-8.74,983.98,9.21,100.88,NaN
18-03-2015 14:00,-8.75,984.6,5.55,88.2,NaN
18-03-2015 15:00,-8.61,984.73,8.96,46.38,NaN
18-03-2015 16:00,-9.06,984.84,6.99,63.02,NaN
18-03-2015 17:00,-9.64,984.83,7.66,83.27,NaN
18-03-2015 18:00,-9.76,984.98,6.32,82.5,NaN
18-03-2015 19:00,-9.36,985.12,7.1,86.18,NaN
18-03-2015 20:00,-9.71,985.12,7.88,87.22,NaN
18-03-2015 21:00,-9.84,985.09,7.26,101.17,NaN
18-03-2015 22:00,-10.12,984.93,7.18,120.52,NaN
18-03-2015 23:00,-9.38,984.88,7.17,122.22,NaN
19-03-2015 00:00,-8.87,984.72,4.78,160.6,NaN
19-03-2015 01:00,-8.67,984.62,4.72,164.23,NaN
19-03-2015 02:00,-8.58,984.49,5.61,186.9,NaN
19-03-2015 03:00,-8.34,984.21,6.22,202.38,NaN
19-03-2015 04:00,-8.24,984.2,6.39,206.2,NaN
19-03-2015 05:00,-8.37,984.13,6.88,210.97,NaN
19-03-2015 06:00,-8.27,984.02,7.18,214.55,NaN
19-03-2015 07:00,-8.3,983.89,6.35,209.42,NaN
19-03-2015 08:00,-8.58,983.76,5.85,206.2,NaN
19-03-2015 09:00,-9.49,983.6,6.34,211.37,NaN
19-03-2015 10:00,-9.39,983.43,5.99,203.8,NaN
19-03-2015 11:00,-9.19,983.32,6.13,223.27,NaN
19-03-2015 12:00,-9.59,983.3,6.56,207.47,NaN
19-03-2015 13:00,-10.44,983.23,6.95,224.85,NaN
19-03-2015 14:00,-10.84,983.17,8.31,218.08,NaN
19-03-2015 15:00,-10.71,982.91,7.46,218.58,NaN
19-03-2015 16:00,-10.87,982.49,7.65,218.17,NaN
19-03-2015 17:00,-11.17,982.11,8.38,216.77,NaN
19-03-2015 18:00,-11.7,981.69,8.82,219.03,NaN
19-03-2015 19:00,-11.92,981.09,8.26,215.88,NaN
19-03-2015 20:00,-12.29,980.45,7.04,204.48,NaN
19-03-2015 21:00,-12.7,980.07,7.13,202.28,NaN
19-03-2015 22:00,-12.79,979.66,6.85,217.35,NaN
19-03-2015 23:00,-12.67,979.42,5.93,240.75,NaN
20-03-2015 00:00,-12.29,979.02,6.03,238.28,NaN
20-03-2015 01:00,-11.92,978.71,5.59,239.68,NaN
20-03-2015 02:00,-11.31,978.42,5.09,235.25,NaN
20-03-2015 03:00,-10.54,978.22,4.76,227.9,NaN
20-03-2015 04:00,-10.69,978.03,3.42,229.23,NaN
20-03-2015 05:00,-10.62,977.66,3.38,245.97,NaN
20-03-2015 06:00,-10.58,977.49,3.32,241.67,NaN
20-03-2015 07:00,-10.43,977.33,5.58,114.05,NaN
20-03-2015 08:00,-10.44,977.33,7.08,77.12,NaN
20-03-2015 09:00,-10.53,977.11,7.77,85.23,NaN
20-03-2015 10:00,-10.71,976.86,8.93,79.07,NaN
20-03-2015 11:00,-10.66,976.68,8.51,70.05,NaN
20-03-2015 12:00,-10.89,976.71,7.8,44.47,NaN
20-03-2015 13:00,-11.43,976.62,7.23,59.43,NaN
20-03-2015 14:00,-12.78,976.07,6.91,76.75,NaN
20-03-2015 15:00,-14.34,975.53,7.29,90.75,NaN
20-03-2015 16:00,-13.86,974.74,6.56,90.28,NaN
20-03-2015 17:00,-13.75,974.13,6.27,111.97,NaN
20-03-2015 18:00,-14.03,973.46,7.32,119.62,NaN
20-03-2015 19:00,-14.17,972.75,9.8,114.7,NaN
20-03-2015 20:00,-14.52,972,10.94,117.9,NaN
20-03-2015 21:00,-14.56,971.52,9.44,95.93,NaN
20-03-2015 22:00,-14.74,971,8.97,88.57,NaN
20-03-2015 23:00,-14.77,970.37,10.35,89.13,NaN
21-03-2015 00:00,-14.58,969.77,10.92,89.48,NaN
21-03-2015 01:00,-14.54,969.18,11.12,86.52,NaN
21-03-2015 02:00,-14.21,968.54,11.11,87.45,NaN
21-03-2015 03:00,-13.13,968.02,11.33,87.9,NaN
21-03-2015 04:00,-13.04,967.45,11.25,87.43,NaN
21-03-2015 05:00,-12.31,966.95,10.52,86.78,NaN
21-03-2015 06:00,-11.72,966.57,10.11,86.9,NaN
21-03-2015 07:00,-10.71,966.26,10.45,87.8,NaN
21-03-2015 08:00,-10.31,966.05,8.83,87.18,NaN
21-03-2015 09:00,-10.15,965.78,10.29,85.42,NaN
21-03-2015 10:00,-10.22,965.55,9.41,87,NaN
21-03-2015 11:00,-10.71,965.27,8.79,81.48,NaN
21-03-2015 12:00,-11.04,964.79,7.7,79.27,NaN
21-03-2015 13:00,-11.53,964.46,7.21,83.32,NaN
21-03-2015 14:00,-11.64,964.3,6.86,82.55,NaN
21-03-2015 15:00,-11.86,964.06,6.33,87.4,NaN
21-03-2015 16:00,-11.98,963.82,6.37,88.78,NaN
21-03-2015 17:00,-11.54,963.82,6.93,93.75,NaN
21-03-2015 18:00,-10.95,963.79,7.02,92.21,NaN
21-03-2015 19:00,-10.84,963.74,7.92,95.42,NaN
21-03-2015 20:00,-10.7,963.74,7.76,96.77,NaN
21-03-2015 21:00,-10.87,963.94,6.86,98.98,NaN
21-03-2015 22:00,-10.78,964.17,6.02,91.83,NaN
21-03-2015 23:00,-10.34,964.44,7.35,97.23,NaN
22-03-2015 00:00,-10.6,964.66,6.94,94.27,NaN
22-03-2015 01:00,-10.8,964.99,6.37,89.86,NaN
22-03-2015 02:00,-11.35,965.27,7.59,94.64,NaN
22-03-2015 03:00,-11.57,965.56,7.02,95.07,NaN
22-03-2015 04:00,-11.66,966.07,4.94,86.93,NaN
22-03-2015 05:00,-11.34,966.68,5.11,87.47,NaN
22-03-2015 06:00,-10.72,967.54,5.36,105.25,NaN
22-03-2015 07:00,-11.29,968.38,5,244.47,NaN
22-03-2015 08:00,-11.79,969.38,5.44,254.64,NaN
22-03-2015 09:00,-12.5,970.27,4.83,228.17,NaN
22-03-2015 10:00,-13.08,971.12,3.88,208.55,NaN
22-03-2015 11:00,-13.88,972.03,3.93,298.07,NaN
22-03-2015 12:00,-14.96,972.73,4.74,299.45,NaN
22-03-2015 13:00,-14.96,973.79,4.91,326.6,NaN
22-03-2015 14:00,-15.2,974.92,5.02,315.72,NaN
22-03-2015 15:00,-15.16,973.11,5.38,84.96,NaN
22-03-2015 16:00,-15.11,976.6,6.31,329.2,NaN
22-03-2015 17:00,-15.74,978.44,7.02,250.12,NaN
22-03-2015 18:00,-15.89,979.29,7.12,321.32,NaN
22-03-2015 19:00,-16.01,980.22,6.43,294.93,NaN
22-03-2015 20:00,-15.92,981.01,5.77,341.92,NaN
22-03-2015 21:00,-15.81,982.02,5.26,313.12,NaN
22-03-2015 22:00,-15.52,982.88,5.5,273.93,NaN
22-03-2015 23:00,-15.63,983.69,5.51,256.35,NaN
23-03-2015 00:00,-16.32,984.32,6.27,252.94,NaN
23-03-2015 01:00,-16.35,982.97,5.39,217.07,NaN
23-03-2015 02:00,-16.4,985.66,4.95,234.58,NaN
23-03-2015 03:00,-15.31,986.44,4.69,237.8,NaN
23-03-2015 04:00,-15.01,987.14,5.48,254.28,NaN
23-03-2015 05:00,-14.81,987.87,5.17,230.47,NaN
23-03-2015 06:00,-14.59,988.41,4.22,204.18,NaN
23-03-2015 07:00,-14.35,989.07,3.98,232.42,NaN
23-03-2015 08:00,-14.16,989.37,4.19,201.52,NaN
23-03-2015 09:00,-13.93,990.07,4.58,210.88,NaN
23-03-2015 10:00,-14.01,990.47,4.93,200.15,NaN
23-03-2015 11:00,-13.64,990.74,5.24,201.52,NaN
23-03-2015 12:00,-13.96,990.59,5.5,202.82,NaN
23-03-2015 13:00,-11.95,990.3,5.69,216.05,NaN
23-03-2015 14:00,-10.45,989.92,5.29,199.98,NaN
23-03-2015 15:00,-9.63,989.29,4.62,211.33,NaN
23-03-2015 16:00,-9.14,988.41,3.71,184.85,NaN
23-03-2015 17:00,-8.41,987.24,4.36,119.43,NaN
23-03-2015 18:00,-7.04,985.82,6.8,59.25,NaN
23-03-2015 19:00,-6.65,984.32,8.45,79.2,NaN
23-03-2015 20:00,-6.48,982.97,7.94,83.25,NaN
23-03-2015 21:00,-6.56,981.37,6.49,92.5,NaN
23-03-2015 22:00,-6.7,979.6,6.02,84.87,NaN
23-03-2015 23:00,-5.92,977.53,8.95,78.77,NaN
24-03-2015 00:00,-5.34,975.46,12.84,81.3,NaN
24-03-2015 01:00,-6.03,974.03,13.44,80.94,NaN
24-03-2015 02:00,NaN,NaN,NaN,NaN,NaN
24-03-2015 03:00,NaN,NaN,NaN,NaN,NaN
24-03-2015 04:00,NaN,NaN,NaN,NaN,NaN
24-03-2015 05:00,NaN,NaN,NaN,NaN,NaN
24-03-2015 06:00,NaN,NaN,NaN,NaN,NaN
24-03-2015 07:00,NaN,NaN,NaN,NaN,NaN
24-03-2015 08:00,NaN,NaN,NaN,NaN,NaN
24-03-2015 09:00,NaN,NaN,NaN,NaN,NaN
24-03-2015 10:00,-3.52,956.12,19.52,108.14,NaN
24-03-2015 11:00,-3.5,955.12,19.69,109.17,NaN
24-03-2015 12:00,-3.14,954.01,18.52,109.61,NaN
24-03-2015 13:00,-3.02,952.61,17.21,102.81,NaN
24-03-2015 14:00,-3.03,950.89,17.26,100.02,NaN
24-03-2015 15:00,-3.15,949.49,18.07,93.12,NaN
24-03-2015 16:00,-3.3,949.32,17.07,85.91,NaN
24-03-2015 17:00,-3.28,949.49,17.45,80.95,NaN
24-03-2015 18:00,-3.31,950.29,17.31,81.97,NaN
24-03-2015 19:00,-3.3,951.09,17.08,80.71,NaN
24-03-2015 20:00,-2.99,952.06,17.3,85.67,NaN
24-03-2015 21:00,-3.2,953.25,15.07,89.41,NaN
24-03-2015 22:00,-4.56,953.87,15.01,88.03,NaN
24-03-2015 23:00,-6.18,954.24,13.8,88.24,NaN
25-03-2015 00:00,-6.08,954.65,13.18,90.44,NaN
25-03-2015 01:00,-6.06,954.88,14.78,93.24,NaN
25-03-2015 02:00,-6.3,955.03,14.88,95.2,NaN
25-03-2015 03:00,-6.13,955.58,14.58,98.7,NaN
25-03-2015 04:00,-6.51,956.13,14.15,97.4,NaN
25-03-2015 05:00,-5.79,956.13,14.5,99.69,NaN
25-03-2015 06:00,-5.56,956.25,15.1,104.25,NaN
25-03-2015 07:00,-4.97,956.42,15.39,107.9,NaN
25-03-2015 08:00,-4.89,956.91,13.84,104.68,NaN
25-03-2015 09:00,-5.05,957.22,13.31,95.95,NaN
25-03-2015 10:00,-4.87,957.35,11.76,103.05,NaN
25-03-2015 11:00,-5.79,957.47,11.33,103.24,NaN
25-03-2015 12:00,-5.34,957.45,10.68,96,NaN
25-03-2015 13:00,-5.41,957.48,10.58,106.6,NaN
25-03-2015 14:00,-5.39,957.45,10.6,111.07,NaN
25-03-2015 15:00,-6.08,957.43,11.47,105.93,NaN
25-03-2015 16:00,-6.04,957.42,11.98,107.91,NaN
25-03-2015 17:00,-5.85,957.35,12.21,96.33,NaN
25-03-2015 18:00,-6.22,957.41,11.74,101.42,NaN
25-03-2015 19:00,-6.34,957.53,11.17,101.88,NaN
25-03-2015 20:00,-6.26,957.69,10.56,112.12,NaN
25-03-2015 21:00,-6.54,957.77,10.6,108.84,NaN
25-03-2015 22:00,-6.38,957.87,9.57,105.53,NaN
25-03-2015 23:00,-6.83,958.01,10.21,111,NaN
26-03-2015 00:00,-6.71,958.21,9.82,95.64,NaN
26-03-2015 01:00,-6.48,958.36,9.09,89.73,NaN
26-03-2015 02:00,-6.21,958.32,11.25,117.39,NaN
26-03-2015 03:00,-6.18,958.56,10.58,117.9,NaN
26-03-2015 04:00,-6.55,958.97,9.93,112.39,NaN
26-03-2015 05:00,-6.81,959.23,8.61,90.47,NaN
26-03-2015 06:00,-6.48,959.51,8.39,90.93,NaN
26-03-2015 07:00,-6.86,959.88,8.37,82.23,NaN
26-03-2015 08:00,-7.17,960.26,8.28,84.47,NaN
26-03-2015 09:00,-7.59,960.89,7.97,69.21,NaN
26-03-2015 10:00,-7.72,961.36,9.23,55.89,NaN
26-03-2015 11:00,-8.76,961.86,8.82,49.27,NaN
26-03-2015 12:00,-8.96,962.41,8.57,59.82,NaN
26-03-2015 13:00,-9.25,962.81,7.15,106.89,NaN
26-03-2015 14:00,-10.3,963.35,6.16,90.77,NaN
26-03-2015 15:00,-10.97,963.86,7.08,73.47,NaN
26-03-2015 16:00,-10.66,964.37,7.53,87.55,NaN
26-03-2015 17:00,-11.05,964.87,8.8,92.47,NaN
26-03-2015 18:00,-10.49,965.14,8.61,89.03,NaN
26-03-2015 19:00,-10.72,965.56,9.7,96.84,NaN
26-03-2015 20:00,-10.87,966.18,9.93,97.34,NaN
26-03-2015 21:00,-11.69,967,9.97,94.3,NaN
26-03-2015 22:00,-12.24,967.56,9.97,90.74,NaN
26-03-2015 23:00,-12.36,968.26,8.61,91.03,NaN
27-03-2015 00:00,-13.11,968.85,8.3,95.47,NaN
27-03-2015 01:00,-12.72,969.39,9.21,98.07,NaN
27-03-2015 02:00,-13.78,970.04,9.44,101.86,NaN
27-03-2015 03:00,-14.11,970.66,10.47,99.44,NaN
27-03-2015 04:00,-14.87,971.17,10.74,95.77,NaN
27-03-2015 05:00,-14.1,971.85,8.71,104.28,NaN
27-03-2015 06:00,-13.75,972.33,6.64,108.73,NaN
27-03-2015 07:00,-13.68,972.82,9.25,104.89,NaN
27-03-2015 08:00,-13.71,973.35,8.2,95.57,NaN
27-03-2015 09:00,-14.14,973.98,8.24,103.68,NaN
27-03-2015 10:00,-14.22,974.52,6.93,95.52,NaN
27-03-2015 11:00,-14.55,974.8,6.85,102.58,NaN
27-03-2015 12:00,-15.12,974.91,10.09,89.46,NaN
27-03-2015 13:00,-15.63,975.02,10.54,82.83,NaN
27-03-2015 14:00,-15.97,975.39,11.99,84.5,NaN
27-03-2015 15:00,-16.29,975.64,12.03,81.72,NaN
27-03-2015 16:00,-16.63,975.86,12.01,84.95,NaN
27-03-2015 17:00,-16.94,975.96,13.59,84.72,NaN
27-03-2015 18:00,-16.65,976.01,14.02,85.3,NaN
27-03-2015 19:00,-17.03,976.04,13.58,86.08,NaN
27-03-2015 20:00,-16.98,976.07,13.94,85.85,NaN
27-03-2015 21:00,-16.86,976.25,14.45,84.93,NaN
27-03-2015 22:00,-17.54,976.49,13.86,86.33,NaN
27-03-2015 23:00,-17.25,976.62,13.85,85.68,NaN
28-03-2015 00:00,-17.16,976.74,14.07,86.62,NaN
28-03-2015 01:00,-17.79,976.76,13.96,84.3,NaN
28-03-2015 02:00,-17.72,976.82,13.46,85.67,NaN
28-03-2015 03:00,-17.61,977.03,14.7,86.37,NaN
28-03-2015 04:00,-16.95,977.21,13.22,88.05,NaN
28-03-2015 05:00,-16.58,977.31,12.18,88.98,NaN
28-03-2015 06:00,-15.99,977.54,11.79,89.07,NaN
28-03-2015 07:00,-15.23,977.48,11.93,87.88,NaN
28-03-2015 08:00,-14.9,977.89,10.85,97.48,NaN
28-03-2015 09:00,-14.54,978.24,10.1,95.47,NaN
28-03-2015 10:00,-14.6,978.29,10.12,95.73,NaN
28-03-2015 11:00,-14.53,978.26,9.68,90.32,NaN
28-03-2015 12:00,-14.51,978.42,7.84,86.62,NaN
28-03-2015 13:00,-14.91,978.52,7.64,90.93,NaN
28-03-2015 14:00,-14.87,978.42,5.86,77.97,NaN
28-03-2015 15:00,-15.24,978.44,5.55,107.4,NaN
28-03-2015 16:00,-14.81,978.42,4.53,157.9,NaN
28-03-2015 17:00,-14.49,978.33,5.13,154.87,NaN
28-03-2015 18:00,-14.9,978.29,5.92,127.78,NaN
28-03-2015 19:00,-15.01,978.04,5.74,111.97,NaN
28-03-2015 20:00,-15.3,977.89,6.76,122.03,NaN
28-03-2015 21:00,-15.11,977.73,5.36,125.7,NaN
28-03-2015 22:00,-15.06,977.77,4.68,128.83,NaN
28-03-2015 23:00,-14.96,977.69,6.01,127.87,NaN
29-03-2015 00:00,-15.4,977.41,6.23,127.27,NaN
29-03-2015 01:00,-15.57,977.12,7.26,127.98,NaN
29-03-2015 02:00,-15.64,976.98,6.74,126.08,NaN
29-03-2015 03:00,-15.44,976.88,6.89,127.3,NaN
29-03-2015 04:00,-15.1,976.86,6.86,122.53,NaN
29-03-2015 05:00,-14.78,976.68,8.54,121.75,NaN
29-03-2015 06:00,-14.33,976.5,8.7,117.85,NaN
29-03-2015 07:00,-14.29,976.42,8.89,118.92,NaN
29-03-2015 08:00,-14.27,976.34,8.31,119.07,NaN
29-03-2015 09:00,-13.84,976.34,8.3,121.38,NaN
29-03-2015 10:00,-13.33,976.39,7.63,121.57,NaN
29-03-2015 11:00,-13.27,976.41,7.46,122.92,NaN
29-03-2015 12:00,-13.82,976.47,8.22,119.8,NaN
29-03-2015 13:00,-13.77,976.5,7.84,120.98,NaN
29-03-2015 14:00,-14.1,976.66,6.85,113.18,NaN
29-03-2015 15:00,-13.68,976.91,5.69,142.63,NaN
29-03-2015 16:00,-13.13,977.21,6.01,114.43,NaN
29-03-2015 17:00,-12.81,977.39,7.83,115.62,NaN
29-03-2015 18:00,-12.34,977.44,7.44,118.43,NaN
29-03-2015 19:00,-12.59,977.4,7.54,117.7,NaN
29-03-2015 20:00,-13.08,977.52,6.78,105.23,NaN
29-03-2015 21:00,-13.47,977.4,7.89,93.42,NaN
29-03-2015 22:00,-13.56,977.26,8.62,77.65,NaN
29-03-2015 23:00,-13.59,977.51,5.56,286,NaN
30-03-2015 00:00,-13.31,977.85,5.72,277.52,NaN
30-03-2015 01:00,-13.47,978.05,6.23,107.05,NaN
30-03-2015 02:00,-14.43,977.99,8.55,86.3,NaN
30-03-2015 03:00,-15.37,978,9.15,87.62,NaN
30-03-2015 04:00,-15.04,978.17,9.79,83.53,NaN
30-03-2015 05:00,-14.9,978.23,8.55,82.73,NaN
30-03-2015 06:00,-14.54,978.37,9.04,88.5,NaN
30-03-2015 07:00,-13.59,978.58,9.13,102.12,NaN
30-03-2015 08:00,-13.46,978.69,10.96,116.3,NaN
30-03-2015 09:00,-13.47,978.69,9.96,115.82,NaN
30-03-2015 10:00,-13.56,978.59,10.02,117.38,NaN
30-03-2015 11:00,-14.2,978.46,9.53,117.78,NaN
30-03-2015 12:00,-14.09,978.46,7.12,104.2,NaN
30-03-2015 13:00,-14.14,978.21,6.22,94.53,NaN
30-03-2015 14:00,-13.94,978.06,6.73,95.27,NaN
30-03-2015 15:00,-14.44,977.74,6.77,95.8,NaN
30-03-2015 16:00,-14.7,977.43,6.88,93.18,NaN
30-03-2015 17:00,-14.49,977.17,5.38,59,NaN
30-03-2015 18:00,-14.37,976.87,4.22,67.5,NaN
30-03-2015 19:00,-13.96,976.6,5.14,223.53,NaN
30-03-2015 20:00,-13.38,976.42,5.43,241.7,NaN
30-03-2015 21:00,-12.63,976.13,4.07,309.35,NaN
30-03-2015 22:00,-11.39,975.59,3.91,280.92,NaN
30-03-2015 23:00,-10.23,975.15,3.89,277.33,NaN
31-03-2015 00:00,-10.28,974.71,4.44,240.77,NaN
31-03-2015 01:00,-9.98,974.1,4.32,216.38,NaN
31-03-2015 02:00,-8.28,973.6,4.03,176.27,NaN
31-03-2015 03:00,-7.62,973.23,4.71,157.92,NaN
31-03-2015 04:00,-7.33,972.73,5.36,173.43,NaN
31-03-2015 05:00,-7.2,972.2,4.09,202.08,NaN
31-03-2015 06:00,-7.06,971.79,4.27,168.63,NaN
31-03-2015 07:00,-6.96,971.04,8.34,73.73,NaN
31-03-2015 08:00,-7.15,970.34,10.74,55.18,NaN
31-03-2015 09:00,-7.55,969.9,10.72,55.28,NaN
31-03-2015 10:00,-9.99,969.5,10.59,55.62,NaN
31-03-2015 11:00,-10.86,969.02,9.6,55.98,NaN
31-03-2015 12:00,-12.25,968.63,8.63,54.43,NaN
31-03-2015 13:00,-13.45,968.33,8.81,62.93,NaN
31-03-2015 14:00,-14.26,968.15,7.6,126.73,NaN
31-03-2015 15:00,-15.16,968.09,5.51,221.5,NaN
31-03-2015 16:00,-16.47,967.98,4.88,231.55,NaN
31-03-2015 17:00,-17.19,967.88,6.15,202.92,NaN
31-03-2015 18:00,-17.47,967.75,6.97,206.63,NaN
31-03-2015 19:00,-17.75,967.63,7.25,205.37,NaN
31-03-2015 20:00,-17.61,967.67,7.29,218.65,NaN
31-03-2015 21:00,-17.89,967.8,7.68,222.78,NaN
31-03-2015 22:00,-18.91,967.78,7.72,219.95,NaN
31-03-2015 23:00,-19.97,968.03,6.53,228.03,NaN
01-04-2015 00:00,-17.73,968.18,6.49,209.25,NaN
01-04-2015 01:00,-17.54,968.27,5.99,220.58,NaN
01-04-2015 02:00,-17.79,968.39,5.93,241.27,NaN
01-04-2015 03:00,-18.79,968.52,6.73,231.95,NaN
01-04-2015 04:00,-19.88,968.62,7.01,222.18,NaN
01-04-2015 05:00,-19.84,968.68,5.53,232.22,NaN
01-04-2015 06:00,-20.01,968.85,5.43,263.17,NaN
01-04-2015 07:00,-21.2,969.03,7.22,241.32,NaN
01-04-2015 08:00,-22.07,969.07,7.87,228.5,NaN
01-04-2015 09:00,-22.44,969.1,7.58,226.43,NaN
01-04-2015 10:00,-22.48,969.22,7.28,211.2,NaN
01-04-2015 11:00,-21.85,969.44,7.71,217.08,NaN
01-04-2015 12:00,-21.39,969.44,7.06,204.53,NaN
01-04-2015 13:00,-20.74,969.41,6.37,209.37,NaN
01-04-2015 14:00,-20.29,969.34,5.85,210.52,NaN
01-04-2015 15:00,-19.92,969.22,5.64,229.35,NaN
01-04-2015 16:00,-19.9,969.22,7.21,238.13,NaN
01-04-2015 17:00,-20.18,969.06,10.35,219.18,NaN
01-04-2015 18:00,-20.67,968.61,10.39,214.88,NaN
01-04-2015 19:00,-20.93,968.26,10.87,210.35,NaN
01-04-2015 20:00,-20.29,968.14,9.18,196.87,NaN
01-04-2015 21:00,-17.72,968.5,5.29,138.53,NaN
01-04-2015 22:00,-15.23,968.82,11.12,82.1,NaN
01-04-2015 23:00,-15.24,969.44,14,84.18,NaN
02-04-2015 00:00,-15.93,970.6,16.17,87.27,NaN
02-04-2015 01:00,-16.87,971.66,17.1,83.27,NaN
02-04-2015 02:00,-17.57,972.47,17.21,85.77,NaN
02-04-2015 03:00,-18.03,973.41,17.14,87.88,NaN
02-04-2015 04:00,-18.55,974.14,15.94,87.82,NaN
02-04-2015 05:00,-19.05,974.51,16.07,89.98,NaN
02-04-2015 06:00,-19.18,974.61,16.19,88.1,NaN
02-04-2015 07:00,-19.31,974.85,15.86,88.28,NaN
02-04-2015 08:00,-19.32,974.91,16.17,87.42,NaN
02-04-2015 09:00,-18.78,974.98,14.77,87.38,NaN
02-04-2015 10:00,-18.32,975.18,13.64,84.92,NaN
02-04-2015 11:00,-17.67,974.91,13.2,83.82,NaN
02-04-2015 12:00,-17.4,974.77,13.51,82.68,NaN
02-04-2015 13:00,-16.98,974.91,12.32,82.07,NaN
02-04-2015 14:00,-16.72,975.11,11.77,76.12,NaN
02-04-2015 15:00,-17.13,975.33,11.81,82.5,NaN
02-04-2015 16:00,-17.45,975.37,12.13,84.18,NaN
02-04-2015 17:00,-18.55,975.26,12.82,89.3,NaN
02-04-2015 18:00,-19.01,975.1,13.32,89.7,NaN
02-04-2015 19:00,-19.61,975.01,11.78,94.05,NaN
02-04-2015 20:00,-19.6,975.18,12.1,90.23,NaN
02-04-2015 21:00,-19.85,975.54,12.58,90.77,NaN
02-04-2015 22:00,-20.19,975.97,11.17,93.27,NaN
02-04-2015 23:00,-20.79,976.26,10.52,98.8,NaN
03-04-2015 00:00,-21.23,976.5,10.64,97.12,NaN
03-04-2015 01:00,-21.64,976.88,11.19,105.18,NaN
03-04-2015 02:00,-21.91,977.41,10.68,100.73,NaN
03-04-2015 03:00,-22.12,978,10.49,107.53,NaN
03-04-2015 04:00,-23.09,978.4,11.15,119.38,NaN
03-04-2015 05:00,-23.07,978.97,11.5,117.6,NaN
03-04-2015 06:00,-22.7,979.24,9.72,107.03,NaN
03-04-2015 07:00,-23.01,979.42,10.88,108.53,NaN
03-04-2015 08:00,-22.62,979.74,10.22,106.55,NaN
03-04-2015 09:00,-21.53,980.19,9.98,100.05,NaN
03-04-2015 10:00,-21.63,980.7,9,101.1,NaN
03-04-2015 11:00,-20.93,981.02,9.14,99.03,NaN
03-04-2015 12:00,-20.4,981.33,8.98,95.07,NaN
03-04-2015 13:00,-19.82,981.78,9.1,90.2,NaN
03-04-2015 14:00,-19.67,981.95,7.99,96.42,NaN
03-04-2015 15:00,-19.67,981.96,7.41,101.07,NaN
03-04-2015 16:00,-19.8,982.24,8.77,113.1,NaN
03-04-2015 17:00,-20.49,982.35,10,117.53,NaN
03-04-2015 18:00,-20.79,982.48,10.36,120.73,NaN
03-04-2015 19:00,-20.64,982.59,9.6,113.75,NaN
03-04-2015 20:00,-20.54,982.69,9.66,105.8,NaN
03-04-2015 21:00,-21.11,983.06,10.56,114.97,NaN
03-04-2015 22:00,-21.09,983.3,10.6,116.6,NaN
03-04-2015 23:00,-20.77,983.43,9.3,105.98,NaN
04-04-2015 00:00,-21.08,983.66,11.34,115.02,NaN
04-04-2015 01:00,-21.64,983.73,12.12,120.47,NaN
04-04-2015 02:00,-21.97,983.94,12.84,117.42,NaN
04-04-2015 03:00,-22.6,983.95,12.81,119.28,NaN
04-04-2015 04:00,-22.9,983.78,12.55,120.73,NaN
04-04-2015 05:00,-24.3,983.65,13.08,121.08,NaN
04-04-2015 06:00,-24.1,983.25,11.6,121.73,NaN
04-04-2015 07:00,-23.03,982.66,8.78,118.73,NaN
04-04-2015 08:00,-22.58,982.15,8.14,122.45,NaN
04-04-2015 09:00,-22.17,982.21,8.2,123.42,NaN
04-04-2015 10:00,-21.74,982.2,8.37,114.8,NaN
04-04-2015 11:00,-20.93,981.93,7.64,99.77,NaN
04-04-2015 12:00,-20.46,981.69,7.21,97.32,NaN
04-04-2015 13:00,-20.15,981.35,6.58,94.45,NaN
04-04-2015 14:00,-20.23,981.03,6.35,95.75,NaN
04-04-2015 15:00,-20.68,980.83,7.01,98.5,NaN
04-04-2015 16:00,-21.06,980.5,6.87,102.03,NaN
04-04-2015 17:00,-21.74,980.05,7.87,118.35,NaN
04-04-2015 18:00,-21.81,979.6,6.99,113.75,NaN
04-04-2015 19:00,-21.87,979.39,6.42,124.08,NaN
04-04-2015 20:00,-21.84,979.34,6.74,120.4,NaN
04-04-2015 21:00,-21.8,979.27,7.04,108.78,NaN
04-04-2015 22:00,-21.51,979.43,7.13,113.92,NaN
04-04-2015 23:00,-21.4,979.42,6.14,108.53,NaN
05-04-2015 00:00,-21.7,979.29,6.71,109.93,NaN
05-04-2015 01:00,-21.98,978.94,6.81,107.63,NaN
05-04-2015 02:00,-21.77,978.74,6.38,109,NaN
05-04-2015 03:00,-21.53,978.54,6.72,108.92,NaN
05-04-2015 04:00,-20.92,978.16,8.03,92.23,NaN
05-04-2015 05:00,-20.22,978.02,8.55,90.47,NaN
05-04-2015 06:00,-19.57,977.85,8.4,89.28,NaN
05-04-2015 07:00,-18.96,977.74,7.14,85.47,NaN
05-04-2015 08:00,-17.28,977.82,7.11,57.1,NaN
05-04-2015 09:00,-16.33,978.06,7.52,45.25,NaN
05-04-2015 10:00,-15.64,978.25,8.12,30.52,NaN
05-04-2015 11:00,-15.44,978.38,8.38,51.7,NaN
05-04-2015 12:00,-15.23,978.61,7.59,30.53,NaN
05-04-2015 13:00,-15.16,978.67,7.14,12.17,NaN
05-04-2015 14:00,-15.13,978.56,6.3,76.47,NaN
05-04-2015 15:00,-15.36,978.49,4.94,305.7,NaN
05-04-2015 16:00,-15.85,978.56,4.99,279.5,NaN
05-04-2015 17:00,-16.23,978.69,5.12,236,NaN
05-04-2015 18:00,-16.48,978.42,6.25,203.18,NaN
05-04-2015 19:00,-16.43,978.12,5.4,188.92,NaN
05-04-2015 20:00,-15.55,978.11,4.32,131.82,NaN
05-04-2015 21:00,-14.04,978.06,7.42,53.82,NaN
05-04-2015 22:00,-13.26,977.95,10.07,58.35,NaN
05-04-2015 23:00,-13.04,978,10.44,58.57,NaN
06-04-2015 00:00,-12.62,977.94,10.96,43.5,NaN
06-04-2015 01:00,-12.61,977.88,10.64,43.08,NaN
06-04-2015 02:00,-12.62,977.94,9.88,42.62,NaN
06-04-2015 03:00,-12.8,977.88,9.09,27.32,NaN
06-04-2015 04:00,-12.96,977.75,7.66,24.35,NaN
06-04-2015 05:00,-12.86,977.69,5.79,62.45,NaN
06-04-2015 06:00,-13.08,977.61,5.01,236.12,NaN
06-04-2015 07:00,-13.42,977.38,5.5,200.7,NaN
06-04-2015 08:00,-13.86,977.1,6.13,201.22,NaN
06-04-2015 09:00,-13.78,976.88,6.26,212.52,NaN
06-04-2015 10:00,-13.36,976.66,6.42,218.78,NaN
06-04-2015 11:00,-13.09,976.5,6.33,219.18,NaN
06-04-2015 12:00,NaN,NaN,NaN,NaN,NaN
06-04-2015 13:00,NaN,NaN,NaN,NaN,NaN
06-04-2015 14:00,NaN,NaN,NaN,NaN,NaN
06-04-2015 15:00,NaN,NaN,NaN,NaN,NaN
06-04-2015 16:00,NaN,NaN,NaN,NaN,NaN
06-04-2015 17:00,NaN,NaN,NaN,NaN,NaN
06-04-2015 18:00,NaN,NaN,NaN,NaN,NaN
06-04-2015 19:00,NaN,NaN,NaN,NaN,NaN
06-04-2015 20:00,NaN,NaN,NaN,NaN,NaN
06-04-2015 21:00,NaN,NaN,NaN,NaN,NaN
06-04-2015 22:00,NaN,NaN,NaN,NaN,NaN
06-04-2015 23:00,NaN,NaN,NaN,NaN,NaN
07-04-2015 00:00,-10.51,974.39,4.81,190.28,NaN
07-04-2015 01:00,-10.87,974.4,6.35,203.75,NaN
07-04-2015 02:00,-10.63,974.49,7.02,201.87,NaN
07-04-2015 03:00,-10.71,974.5,7.28,203.18,NaN
07-04-2015 04:00,-10.18,974.59,5.25,181.33,NaN
07-04-2015 05:00,-9.43,974.7,6.2,61.72,NaN
07-04-2015 06:00,-9.27,974.85,6.47,62.95,NaN
07-04-2015 07:00,-9.16,974.97,5.96,65.65,NaN
07-04-2015 08:00,-8.94,975.17,7.57,54.62,NaN
07-04-2015 09:00,-8.82,975.48,6.69,60.25,NaN
07-04-2015 10:00,-8.58,975.88,5.39,60.13,NaN
07-04-2015 11:00,-8.46,976.12,4.84,77.02,NaN
07-04-2015 12:00,-8.47,976.35,4.42,85.97,NaN
07-04-2015 13:00,-8.87,976.36,4.47,109.68,NaN
07-04-2015 14:00,-9.17,976.3,4.2,108.85,NaN
07-04-2015 15:00,-9.45,976.31,5,102.5,NaN
07-04-2015 16:00,-9.63,976.16,9.4,61.6,NaN
07-04-2015 17:00,-9.42,976.08,10.39,56.1,NaN
07-04-2015 18:00,-9.73,975.83,9.48,65.88,NaN
07-04-2015 19:00,-9.95,975.81,8.37,67.65,NaN
07-04-2015 20:00,-10.22,975.89,6.87,57.02,NaN
07-04-2015 21:00,-10.46,976.21,4.21,106.88,NaN
07-04-2015 22:00,-10.46,976.29,4.92,199.1,NaN
07-04-2015 23:00,-10.7,976.28,4.89,179.68,NaN
08-04-2015 00:00,-10.21,976.12,7.37,74.8,NaN
08-04-2015 01:00,-10.18,976.17,7.13,34.75,NaN
08-04-2015 02:00,-10.64,976.26,3.67,133.63,NaN
08-04-2015 03:00,-10.61,976.48,4.63,188.3,NaN
08-04-2015 04:00,-10.68,976.51,3.92,136.55,NaN
08-04-2015 05:00,-10.96,976.59,3.7,88.05,NaN
08-04-2015 06:00,-10.87,976.68,6.7,61.22,NaN
08-04-2015 07:00,-11.19,976.71,7.99,64.25,NaN
08-04-2015 08:00,-11.24,976.75,8.62,57.28,NaN
08-04-2015 09:00,-11.47,976.93,6.25,64.55,NaN
08-04-2015 10:00,-10.91,977.21,4.34,40.87,NaN
08-04-2015 11:00,-10.08,977.29,3.28,168.43,NaN
08-04-2015 12:00,-10.34,977.44,4.31,119.9,NaN
08-04-2015 13:00,-10.68,977.6,4.27,56.83,NaN
08-04-2015 14:00,-10.35,977.69,4.16,144.83,NaN
08-04-2015 15:00,-10.97,977.85,4.5,165,NaN
08-04-2015 16:00,-11.18,977.98,4.59,119.35,NaN
08-04-2015 17:00,-11.31,978.12,4.28,185.58,NaN
08-04-2015 18:00,-11.5,978.21,4.94,121.38,NaN
08-04-2015 19:00,-11.42,978.36,7.4,86.98,NaN
08-04-2015 20:00,-11.6,978.56,9.31,86.83,NaN
08-04-2015 21:00,-11.78,978.95,10.18,84.23,NaN
08-04-2015 22:00,-12.03,979.27,9.92,83.37,NaN
08-04-2015 23:00,-12.79,979.43,11.47,87,NaN
09-04-2015 00:00,-13.44,979.61,12.2,83.87,NaN
09-04-2015 01:00,-13.77,980.05,10.27,83.12,NaN
09-04-2015 02:00,-13.91,980.54,10.03,84.5,NaN
09-04-2015 03:00,-14.44,981.03,10.51,87.68,NaN
09-04-2015 04:00,-14.63,981.6,8.38,85.15,NaN
09-04-2015 05:00,-15.02,982.12,8.39,86.35,NaN
09-04-2015 06:00,-16.25,982.5,9,97.62,NaN
09-04-2015 07:00,-16.48,982.84,7.5,96.47,NaN
09-04-2015 08:00,-15.88,983.28,9.17,90.78,NaN
09-04-2015 09:00,-16.58,983.85,10.21,91.03,NaN
09-04-2015 10:00,-16.82,984.27,10.3,91.05,NaN
09-04-2015 11:00,-16.62,984.44,10.32,89.55,NaN
09-04-2015 12:00,-16.5,984.72,9.61,90.4,NaN
09-04-2015 13:00,-16.41,985.24,8.89,91.27,NaN
09-04-2015 14:00,-16.84,985.61,9.25,93.15,NaN
09-04-2015 15:00,-17.16,986,8.75,95.33,NaN
09-04-2015 16:00,-17.6,986.51,9.04,101.53,NaN
09-04-2015 17:00,-18.21,987.02,9.58,92.43,NaN
09-04-2015 18:00,-18.47,987.25,10.65,89.75,NaN
09-04-2015 19:00,-19.04,987.58,10.86,91.7,NaN
09-04-2015 20:00,-19.06,987.89,10.51,90.85,NaN
09-04-2015 21:00,-19.21,988.34,9.8,93.62,NaN
09-04-2015 22:00,-19.42,988.64,10.26,93.57,NaN
09-04-2015 23:00,-19.62,988.84,10.2,92.38,NaN
10-04-2015 00:00,-19.81,989.02,9.71,91.98,NaN
10-04-2015 01:00,-20.02,989.05,9.66,92.82,NaN
10-04-2015 02:00,-20.59,988.96,9.45,94.08,NaN
10-04-2015 03:00,-21.57,988.79,8.46,103.18,NaN
10-04-2015 04:00,-22,988.67,7.96,100.78,NaN
10-04-2015 05:00,-21.93,988.17,7.08,95.13,NaN
10-04-2015 06:00,-22.03,987.57,6.29,99.45,NaN
10-04-2015 07:00,-21.22,986.73,6.21,81.52,NaN
10-04-2015 08:00,-20.75,985.67,5.16,100.03,NaN
10-04-2015 09:00,-19.12,984.48,8.4,83.9,NaN
10-04-2015 10:00,-17.33,983.08,9.55,70.93,NaN
10-04-2015 11:00,-16.6,981.24,12.63,85.57,NaN
10-04-2015 12:00,-16.3,978.96,13.58,85.35,NaN
10-04-2015 13:00,-15.82,976.44,13.98,86.65,NaN
10-04-2015 14:00,-14.21,973.8,14.36,85.75,NaN
10-04-2015 15:00,-14.54,971.56,13.75,92.43,NaN
10-04-2015 16:00,-14.57,969.32,13.99,90.32,NaN
10-04-2015 17:00,-14.21,966.24,14.53,102.78,NaN
10-04-2015 18:00,-13.1,962.93,14.75,102.43,NaN
10-04-2015 19:00,-11.29,960.19,15.66,91.52,NaN
10-04-2015 20:00,-10.06,957.89,16.33,84.93,NaN
10-04-2015 21:00,-9.12,955.67,14.09,83.4,NaN
10-04-2015 22:00,-8.86,952.67,14.62,84.68,NaN
10-04-2015 23:00,-8.16,950.21,12.96,83.15,NaN
11-04-2015 00:00,-7.48,948.75,9.61,80.97,NaN
11-04-2015 01:00,-7.28,947.45,8.16,86.7,NaN
11-04-2015 02:00,-6.96,945.85,8.53,79.4,NaN
11-04-2015 03:00,-6.3,944.36,9.37,77.65,NaN
11-04-2015 04:00,-5.69,943.06,10.62,73.15,NaN
11-04-2015 05:00,-5.28,942.27,11.18,72.85,NaN
11-04-2015 06:00,-5,941.83,10.32,63.62,NaN
11-04-2015 07:00,-4.69,941.41,11.51,50.03,NaN
11-04-2015 08:00,-4.42,941.1,11.82,45,NaN
11-04-2015 09:00,-4.61,940.56,12.55,53.02,NaN
11-04-2015 10:00,-4.53,939.96,15.18,53.67,NaN
11-04-2015 11:00,-4.22,939.44,16.94,50.53,NaN
11-04-2015 12:00,-3.96,939.09,19.92,39.55,NaN
11-04-2015 13:00,-5.13,939,24.66,44.27,NaN
11-04-2015 14:00,-7.95,940.66,24.75,46.75,NaN
11-04-2015 15:00,-11.89,943.88,26.54,43.32,NaN
11-04-2015 16:00,-15.03,948.19,19.11,35.5,NaN
11-04-2015 17:00,-16.38,951.77,17,27.25,NaN
11-04-2015 18:00,-17.47,955.38,14.3,27.15,NaN
11-04-2015 19:00,-17.41,957.7,12.23,28.05,NaN
11-04-2015 20:00,-16.98,959.08,10.89,36.82,NaN
11-04-2015 21:00,-16.59,959.74,11.25,43.82,NaN
11-04-2015 22:00,-16.51,960.59,10.34,30.67,NaN
11-04-2015 23:00,-15.7,961.18,10.8,32.35,NaN
12-04-2015 00:00,-15.14,961.48,12.45,44.82,NaN
12-04-2015 01:00,-15.44,961.92,15.25,54.5,NaN
12-04-2015 02:00,-15.41,962.31,17.37,53.97,NaN
12-04-2015 03:00,-15.36,962.86,15.03,63.83,NaN
12-04-2015 04:00,-14.11,963.28,14.97,58.2,NaN
12-04-2015 05:00,-12.86,963.52,17.27,44.6,NaN
12-04-2015 06:00,-13.12,964.69,16.67,29.95,NaN
12-04-2015 07:00,-13.33,965.83,15.26,48.38,NaN
12-04-2015 08:00,-12.62,966.91,15.89,43.65,NaN
12-04-2015 09:00,-11.86,967.47,16.74,45.68,NaN
12-04-2015 10:00,-11.41,968.29,15.91,41.13,NaN
12-04-2015 11:00,-10.88,969.08,16.32,42.97,NaN
12-04-2015 12:00,-10.86,969.86,18.62,41.82,NaN
12-04-2015 13:00,-10.62,970.72,16.86,47.37,NaN
12-04-2015 14:00,-10.19,971.44,15.44,49.77,NaN
12-04-2015 15:00,-9.51,972.04,14.9,47.47,NaN
12-04-2015 16:00,-9.07,972.54,15.96,42.73,NaN
12-04-2015 17:00,-8.6,973,14.15,50.9,NaN
12-04-2015 18:00,-8.36,973.12,16.8,48.5,NaN
12-04-2015 19:00,-8.12,973.4,15.36,48.15,NaN
12-04-2015 20:00,-7.51,973.65,16.7,43.92,NaN
12-04-2015 21:00,-7.34,973.52,16.96,49.9,NaN
12-04-2015 22:00,-7.36,973.71,16.52,51.47,NaN
12-04-2015 23:00,-7.23,974.06,16.57,49.95,NaN
13-04-2015 00:00,-7.25,974.45,16.07,52.05,NaN
13-04-2015 01:00,-7.25,974.7,17.93,49.3,NaN
13-04-2015 02:00,-7.13,975.01,18.67,48.27,NaN
13-04-2015 03:00,-6.97,975.31,18.5,47.43,NaN
13-04-2015 04:00,-6.8,975.83,17.14,45.03,NaN
13-04-2015 05:00,-6.97,976.26,15.61,51.35,NaN
13-04-2015 06:00,-7.08,976.69,14.89,52.77,NaN
13-04-2015 07:00,-7.31,976.8,15.06,54.18,NaN
13-04-2015 08:00,-7.33,977.08,14.22,56.88,NaN
13-04-2015 09:00,-7.42,977.25,15.54,59.12,NaN
13-04-2015 10:00,-7.49,977.43,16.16,57.62,NaN
13-04-2015 11:00,-7.44,977.35,17.04,55.02,NaN
13-04-2015 12:00,-7.71,977.51,16.8,57.15,NaN
13-04-2015 13:00,-7.92,977.72,16.74,62.03,NaN
13-04-2015 14:00,-9.16,978.04,16.1,82.95,NaN
13-04-2015 15:00,-10,978.22,15.99,81.62,NaN
13-04-2015 16:00,-10.77,978.21,17.18,81.13,NaN
13-04-2015 17:00,-11.64,978.16,18.06,84.48,NaN
13-04-2015 18:00,-11.52,978.28,15.8,85.03,NaN
13-04-2015 19:00,-11.36,978.03,14.91,86.1,NaN
13-04-2015 20:00,-12.74,978.18,13.75,89.08,NaN
13-04-2015 21:00,-14.23,978.12,13.27,103.05,NaN
13-04-2015 22:00,-14.45,977.73,14.69,110.78,NaN
13-04-2015 23:00,-15.15,977.01,15.63,114.32,NaN
14-04-2015 00:00,-15.71,976.2,15.57,118.08,NaN
14-04-2015 01:00,-15.91,975.48,15.66,123.18,NaN
14-04-2015 02:00,-16.27,975.01,14.43,115.07,NaN
14-04-2015 03:00,-16.62,974.25,14.04,105.43,NaN
14-04-2015 04:00,-15.74,973.47,5.8,113.92,NaN
14-04-2015 05:00,-16.13,972.52,4.64,174.08,NaN
14-04-2015 06:00,-17.14,971.5,5.96,95.48,NaN
14-04-2015 07:00,-18.43,969.95,10,113.6,NaN
14-04-2015 08:00,-19.28,968.46,12.67,111.92,NaN
14-04-2015 09:00,-19.33,967.76,11.81,110.12,NaN
14-04-2015 10:00,-19.18,967.43,11.69,104.58,NaN
14-04-2015 11:00,-19.93,966.62,14.36,106.63,NaN
14-04-2015 12:00,-20.11,965.88,13.75,112.07,NaN
14-04-2015 13:00,-19.82,965.21,12.16,104.45,NaN
14-04-2015 14:00,-20.64,964.61,13.44,100.15,NaN
14-04-2015 15:00,-20.95,963.76,13.87,89.92,NaN
14-04-2015 16:00,-21.27,963.2,14.01,88.08,NaN
14-04-2015 17:00,-21.36,962.58,13.27,89.15,NaN
14-04-2015 18:00,-21.51,962.58,12.37,88.22,NaN
14-04-2015 19:00,-21.69,962.57,11.58,90.32,NaN
14-04-2015 20:00,-22.02,962.63,11.95,91.78,NaN
14-04-2015 21:00,-22.15,962.73,11.28,92.33,NaN
14-04-2015 22:00,-22.08,962.67,11.63,89.78,NaN
14-04-2015 23:00,-21.9,962.75,12.23,90.1,NaN
15-04-2015 00:00,-22.12,963.2,11.02,90.17,NaN
15-04-2015 01:00,-22.27,963.61,10.23,89.2,NaN
15-04-2015 02:00,-22.5,963.88,9.7,90.17,NaN
15-04-2015 03:00,-22.73,964.33,9.31,90.83,NaN
15-04-2015 04:00,-23.05,964.52,9.32,94.8,NaN
15-04-2015 05:00,-23.37,964.74,8.13,99.93,NaN
15-04-2015 06:00,-23.19,965.05,8.31,100.53,NaN
15-04-2015 07:00,-23.38,965.16,7.93,101.77,NaN
15-04-2015 08:00,-22.9,965.5,7.76,102.93,NaN
15-04-2015 09:00,-22.16,966.09,7.48,98.6,NaN
15-04-2015 10:00,-21.65,966.67,7.12,99.33,NaN
15-04-2015 11:00,-21.26,967.45,7.08,99.92,NaN
15-04-2015 12:00,-20.65,967.98,7.16,99.83,NaN
15-04-2015 13:00,-20.33,968.34,6.19,112.28,NaN
15-04-2015 14:00,-20.48,968.98,5.08,127.77,NaN
15-04-2015 15:00,-21.06,969.54,4.63,123.77,NaN
15-04-2015 16:00,-21.32,969.84,4.79,154.03,NaN
15-04-2015 17:00,-22.34,970.18,4.14,170.58,NaN
15-04-2015 18:00,-22.55,970.47,4.34,187.4,NaN
15-04-2015 19:00,-23.62,970.91,3.78,224.62,NaN
15-04-2015 20:00,-23.65,971.15,4.1,195.07,NaN
15-04-2015 21:00,-23.79,971.65,4.49,219.88,NaN
15-04-2015 22:00,-24.3,972.49,4.18,228.63,NaN
15-04-2015 23:00,-24.55,973.1,3.58,228.88,NaN
16-04-2015 00:00,-24.75,973.75,4.13,248.6,NaN
16-04-2015 01:00,-24.83,974.33,3.83,255.58,NaN
16-04-2015 02:00,-25,974.79,3.76,224.75,NaN
16-04-2015 03:00,-25.37,975.42,4.01,225.28,NaN
16-04-2015 04:00,-25.67,976.02,4.25,253.15,NaN
16-04-2015 05:00,-25.39,976.49,5.74,217.85,NaN
16-04-2015 06:00,-24.96,976.99,5.32,221.12,NaN
16-04-2015 07:00,-25.95,977.29,4.39,211.03,NaN
16-04-2015 08:00,-25.88,977.48,3.64,230.25,NaN
16-04-2015 09:00,-25.08,977.97,4.01,216.45,NaN
16-04-2015 10:00,-23.8,978.27,4.16,111,NaN
16-04-2015 11:00,-21.13,978.58,3.64,204.57,NaN
16-04-2015 12:00,-22.07,978.92,4.33,318.95,NaN
16-04-2015 13:00,-20,979.01,3.37,217.03,NaN
16-04-2015 14:00,-20.98,978.82,3.55,197.22,NaN
16-04-2015 15:00,-23.86,978.8,3.35,225.6,NaN
16-04-2015 16:00,-24.78,978.48,4.32,241.43,NaN
16-04-2015 17:00,-24.95,978.09,3.92,279.53,NaN
16-04-2015 18:00,-25.31,977.6,4.27,268.18,NaN
16-04-2015 19:00,-24.8,977.1,4,251.03,NaN
16-04-2015 20:00,-24.8,976.88,5.09,225.75,NaN
16-04-2015 21:00,-24.4,976.69,4.2,250.63,NaN
16-04-2015 22:00,-24.68,976.6,3.77,165.42,NaN
16-04-2015 23:00,-24.33,976.35,3.88,117.42,NaN
17-04-2015 00:00,-23.4,976.12,4.69,96.85,NaN
17-04-2015 01:00,-23.16,975.91,4.18,84.9,NaN
17-04-2015 02:00,-23.32,975.54,3.78,111.8,NaN
17-04-2015 03:00,-23.01,975.31,3.28,166.1,NaN
17-04-2015 04:00,-22.09,975.16,3.59,227.48,NaN
17-04-2015 05:00,-21.21,974.97,3.49,206,NaN
17-04-2015 06:00,-20.64,974.77,3.43,224.43,NaN
17-04-2015 07:00,-19.85,974.49,3.73,200.13,NaN
17-04-2015 08:00,-18.66,974.24,3.46,148.9,NaN
17-04-2015 09:00,-17.62,973.85,4.39,157.62,NaN
17-04-2015 10:00,-16.12,973.37,3.74,165.17,NaN
17-04-2015 11:00,-15.27,973.12,4.2,244.22,NaN
17-04-2015 12:00,-14.25,972.67,4.47,187.43,NaN
17-04-2015 13:00,-13.53,972.29,4.16,149.55,NaN
17-04-2015 14:00,-13.44,971.97,4.05,200.62,NaN
17-04-2015 15:00,-13.53,971.61,4,244.68,NaN
17-04-2015 16:00,-13.44,971.31,4.24,232.22,NaN
17-04-2015 17:00,-13.21,971.02,5.18,213.7,NaN
17-04-2015 18:00,-13.5,970.34,7.28,205.65,NaN
17-04-2015 19:00,-12.89,969.53,7.09,200.3,NaN
17-04-2015 20:00,-11.57,968.92,4.89,124.6,NaN
17-04-2015 21:00,-10.8,968.25,6.38,82.02,NaN
17-04-2015 22:00,-10.34,967.56,8.23,87.43,NaN
17-04-2015 23:00,-10.97,966.7,10.18,91.9,NaN
18-04-2015 00:00,-12.4,965.66,10.97,96.12,NaN
18-04-2015 01:00,-11.92,964.53,12.34,91.22,NaN
18-04-2015 02:00,-11.82,963.62,12.37,90.88,NaN
18-04-2015 03:00,-11.44,962.64,13.44,90.92,NaN
18-04-2015 04:00,-10.82,961.67,13.11,90.97,NaN
18-04-2015 05:00,-9.35,960.89,11.13,85.62,NaN
18-04-2015 06:00,-8.73,960.24,12.08,80.53,NaN
18-04-2015 07:00,-8.43,959.74,12.69,83.2,NaN
18-04-2015 08:00,-8.8,959.13,15.35,87.12,NaN
18-04-2015 09:00,-8.56,958.74,16.12,84.42,NaN
18-04-2015 10:00,-8.51,958.48,15.86,87.37,NaN
18-04-2015 11:00,-8.58,958.06,16.15,90,NaN
18-04-2015 12:00,-8.37,957.55,16.55,88.78,NaN
18-04-2015 13:00,-8.06,957.34,16.33,86.85,NaN
18-04-2015 14:00,-8.23,957.25,15.62,86.72,NaN
18-04-2015 15:00,-8.15,957.13,16.77,87.97,NaN
18-04-2015 16:00,-7.72,957.53,15.99,84.1,NaN
18-04-2015 17:00,-8.08,957.69,17.31,85.62,NaN
18-04-2015 18:00,-8.32,957.58,18.52,89.23,NaN
18-04-2015 19:00,-8.33,957.83,18.15,88.7,NaN
18-04-2015 20:00,-8.4,958.18,17.17,85.6,NaN
18-04-2015 21:00,-8.5,958.97,16.32,86.18,NaN
18-04-2015 22:00,-8.37,959.52,15.96,84.23,NaN
18-04-2015 23:00,-8.57,959.93,15.92,83.85,NaN
19-04-2015 00:00,-9.04,960.59,15.22,84.73,NaN
19-04-2015 01:00,-9.13,961.14,14.4,84.58,NaN
19-04-2015 02:00,-9.38,961.82,13.35,87.88,NaN
19-04-2015 03:00,-9.46,962.21,13.7,87.07,NaN
19-04-2015 04:00,-9.22,963.02,11.44,80.4,NaN
19-04-2015 05:00,-9.16,963.87,11,72.77,NaN
19-04-2015 06:00,-9.48,964.75,9.24,73.5,NaN
19-04-2015 07:00,-9.53,965.35,9.01,84,NaN
19-04-2015 08:00,-9.37,966.07,7.64,75.87,NaN
19-04-2015 09:00,-9.22,967.01,6.86,83.67,NaN
19-04-2015 10:00,-9.06,967.7,7.42,85.42,NaN
19-04-2015 11:00,-8.84,968.25,8.12,73.98,NaN
19-04-2015 12:00,-9.01,969.03,8.77,71.17,NaN
19-04-2015 13:00,-9.33,969.81,8.06,67.03,NaN
19-04-2015 14:00,-9.74,970.5,6.2,69.23,NaN
19-04-2015 15:00,-10.05,971.26,6.62,79.1,NaN
19-04-2015 16:00,-10.25,971.96,6.21,87.43,NaN
19-04-2015 17:00,-10.84,972.44,5.06,96.3,NaN
19-04-2015 18:00,-11.39,972.99,6.41,106.87,NaN
19-04-2015 19:00,-12.53,973.54,7.51,99.3,NaN
19-04-2015 20:00,-13.12,973.89,7.02,111.35,NaN
19-04-2015 21:00,-13.17,974.07,7.44,99.55,NaN
19-04-2015 22:00,-13.47,974.42,7.71,96.67,NaN
19-04-2015 23:00,-13.89,974.69,7.95,100.9,NaN
20-04-2015 00:00,-13.95,974.93,7.86,98.7,NaN
20-04-2015 01:00,-14.33,975.13,8,101.68,NaN
20-04-2015 02:00,-13.9,975.5,8.59,94,NaN
20-04-2015 03:00,-13.35,975.65,8.48,89.98,NaN
20-04-2015 04:00,-12.96,975.82,7.62,84.22,NaN
20-04-2015 05:00,-12.68,975.95,8.14,74.47,NaN
20-04-2015 06:00,-12.66,976.02,7.41,78.45,NaN
20-04-2015 07:00,-12.77,976.06,7.11,79.98,NaN
20-04-2015 08:00,-12.74,976.25,7.24,82.32,NaN
20-04-2015 09:00,-12.74,976.5,6.84,83.35,NaN
20-04-2015 10:00,-12.71,976.73,6.28,86.27,NaN
20-04-2015 11:00,-12.5,977.12,6.73,85.3,NaN
20-04-2015 12:00,-12.78,977.4,6.39,94.22,NaN
20-04-2015 13:00,-12.74,977.54,6.22,95.92,NaN
20-04-2015 14:00,-13.51,977.76,6.13,107.55,NaN
20-04-2015 15:00,-14.14,977.99,6.29,109.15,NaN
20-04-2015 16:00,-14.6,978.2,6.73,107.87,NaN
20-04-2015 17:00,-15.3,978.45,7.22,111.75,NaN
20-04-2015 18:00,-15.78,978.61,7.96,103.52,NaN
20-04-2015 19:00,-15.98,978.76,8.02,101.1,NaN
20-04-2015 20:00,-16.31,979.02,8.17,99.3,NaN
20-04-2015 21:00,-16.61,979.35,8.2,97.33,NaN
20-04-2015 22:00,-16.5,979.6,8.3,95.85,NaN
20-04-2015 23:00,-16.64,980.01,7.05,95.63,NaN
21-04-2015 00:00,-16.38,980.36,6.82,94.93,NaN
21-04-2015 01:00,-16.46,980.71,7.12,98.67,NaN
21-04-2015 02:00,-16.79,981.03,6.82,94.22,NaN
21-04-2015 03:00,-16.69,981.32,7.52,100.98,NaN
21-04-2015 04:00,-16.85,981.73,7.66,94.45,NaN
21-04-2015 05:00,-17.05,982.1,7.35,94.78,NaN
21-04-2015 06:00,-17.28,982.27,7.23,92.08,NaN
21-04-2015 07:00,-17.57,982.66,7.02,93.5,NaN
21-04-2015 08:00,-17.58,983.22,7.38,95.7,NaN
21-04-2015 09:00,-17.52,983.84,7.26,94.57,NaN
21-04-2015 10:00,-17.28,984.53,7,95.88,NaN
21-04-2015 11:00,-17.02,985.25,6.62,96.13,NaN
21-04-2015 12:00,-16.94,985.87,6.56,95.32,NaN
21-04-2015 13:00,-16.77,986.53,5.7,92,NaN
21-04-2015 14:00,-17.12,987.26,5.55,96.13,NaN
21-04-2015 15:00,-18.01,987.85,6.7,99.97,NaN
21-04-2015 16:00,-18.57,988.29,6.92,96.68,NaN
21-04-2015 17:00,-18.5,988.88,6.78,85.75,NaN
21-04-2015 18:00,-18.39,989.24,7.29,82.27,NaN
21-04-2015 19:00,-18.43,989.4,7.95,86.12,NaN
21-04-2015 20:00,-18.46,990.13,7.61,82.42,NaN
21-04-2015 21:00,-18.58,990.57,8.18,85.23,NaN
21-04-2015 22:00,-18.78,990.78,8.38,83.95,NaN
21-04-2015 23:00,-18.94,991.13,7.66,85.28,NaN
22-04-2015 00:00,-18.99,991.14,8.51,86.17,NaN
22-04-2015 01:00,-19.02,991.25,8.82,84.8,NaN
22-04-2015 02:00,-19.12,991.19,7.96,84.28,NaN
22-04-2015 03:00,-19.26,990.89,7.69,83.17,NaN
22-04-2015 04:00,-18.89,990.56,8.34,82.6,NaN
22-04-2015 05:00,-18.54,989.94,8.62,79.57,NaN
22-04-2015 06:00,-17.97,989.21,8.71,66.97,NaN
22-04-2015 07:00,-17.48,988,10.11,72,NaN
22-04-2015 08:00,-16.68,987.04,13.4,55.03,NaN
22-04-2015 09:00,-16.43,986.04,14.47,50.75,NaN
22-04-2015 10:00,-15.63,985.16,12.93,52.9,NaN
22-04-2015 11:00,-15.08,984.02,12.78,65.33,NaN
22-04-2015 12:00,-14.4,983.24,12.97,60.17,NaN
22-04-2015 13:00,-14.26,982.86,11.52,73.35,NaN
22-04-2015 14:00,-14.87,982.47,14.03,85.07,NaN
22-04-2015 15:00,-14.6,982.05,13.09,84.83,NaN
22-04-2015 16:00,-14.75,980.98,14.56,88,NaN
22-04-2015 17:00,-15.13,980.22,15.01,88.37,NaN
22-04-2015 18:00,-16.37,979.59,14.51,97.52,NaN
22-04-2015 19:00,-16.75,979.65,13.26,99.5,NaN
22-04-2015 20:00,-17.2,979.91,13.12,98.9,NaN
22-04-2015 21:00,-17.27,980.15,13.67,96.62,NaN
22-04-2015 22:00,-17.41,980.33,12.97,95.13,NaN
22-04-2015 23:00,-17.35,980.77,14.35,91.08,NaN
23-04-2015 00:00,-16.84,981.6,13.29,89.22,NaN
23-04-2015 01:00,-17.12,981.94,15.14,87.83,NaN
23-04-2015 02:00,-17.39,983.11,14.54,89.5,NaN
23-04-2015 03:00,-17.53,984.2,15.08,88.87,NaN
23-04-2015 04:00,-17.58,985.18,13.87,89.55,NaN
23-04-2015 05:00,-17.8,986.03,12.1,94.52,NaN
23-04-2015 06:00,-17.27,986.27,12.36,87.6,NaN
23-04-2015 07:00,-16.51,987.3,9.18,83.93,NaN
23-04-2015 08:00,-16.3,988.29,8.64,87.2,NaN
23-04-2015 09:00,-16.2,989.24,6.12,89.87,NaN
23-04-2015 10:00,-15.75,990.28,5.9,88.88,NaN
23-04-2015 11:00,-15.29,991.18,5.53,103.82,NaN
23-04-2015 12:00,-14.82,991.62,5.17,132.38,NaN
23-04-2015 13:00,-14.57,991.85,5.28,194.3,NaN
23-04-2015 14:00,-14.29,992.33,5.38,116.38,NaN
23-04-2015 15:00,-14.21,992.51,5.1,93.43,NaN
23-04-2015 16:00,-13.62,992.94,4.76,76.08,NaN
23-04-2015 17:00,-12.95,993.31,5.7,66.88,NaN
23-04-2015 18:00,-12.3,993.41,7.34,59.65,NaN
23-04-2015 19:00,-12.4,993.37,7.01,70.65,NaN
23-04-2015 20:00,-12.35,993.33,6.99,81.33,NaN
23-04-2015 21:00,-11.43,992.88,8.88,70.08,NaN
23-04-2015 22:00,-10.98,992.66,9.7,63.45,NaN
23-04-2015 23:00,-10.62,992.94,10.12,55.92,NaN
24-04-2015 00:00,-10.62,993.24,8.36,68.28,NaN
24-04-2015 01:00,-10.35,993.32,9.8,63.28,NaN
24-04-2015 02:00,-10.33,993.07,8.61,73.78,NaN
24-04-2015 03:00,-10.19,992.85,7.95,81.03,NaN
24-04-2015 04:00,-9.97,992.65,8.36,74.92,NaN
24-04-2015 05:00,-9.77,992.31,9.11,64.63,NaN
24-04-2015 06:00,-9.73,991.97,8.44,68.75,NaN
24-04-2015 07:00,-9.54,991.99,7.97,62.43,NaN
24-04-2015 08:00,-9.69,992.13,6.02,54,NaN
24-04-2015 09:00,-9.9,992.39,5.68,34.08,NaN
24-04-2015 10:00,-10.19,992.29,3.93,179.12,NaN
24-04-2015 11:00,-10.23,992.03,4.38,172.25,NaN
24-04-2015 12:00,-9.91,991.41,4.45,130.75,NaN
24-04-2015 13:00,-9.91,990.83,6.39,72.03,NaN
24-04-2015 14:00,-9.96,990.46,6.92,78.35,NaN
24-04-2015 15:00,-10.05,990.36,6.75,67.3,NaN
24-04-2015 16:00,-10.11,990.29,6.64,77.63,NaN
24-04-2015 17:00,-10.24,989.89,5.72,87.27,NaN
24-04-2015 18:00,-10.43,989.28,4.65,76.92,NaN
24-04-2015 19:00,-10.51,988.71,5.53,80,NaN
24-04-2015 20:00,-10.54,988.09,5.7,74.13,NaN
24-04-2015 21:00,-10.56,987.39,6.53,78.65,NaN
24-04-2015 22:00,-10.72,986.62,7.49,90.48,NaN
24-04-2015 23:00,-10.62,985.74,7.05,100.22,NaN
25-04-2015 00:00,10.18,985.01,7.53,83.48,NaN
25-04-2015 01:00,10.61,984.07,6.69,93.17,NaN
25-04-2015 02:00,10.81,983.39,8.57,87.63,NaN
25-04-2015 03:00,10.86,982.87,10.09,90.65,NaN
25-04-2015 04:00,10.37,982.18,9.65,87.05,NaN
25-04-2015 05:00,9.92,981.55,11.29,85.55,NaN
25-04-2015 06:00,9.84,981.05,11.06,86.42,NaN
25-04-2015 07:00,9.92,980.6,11.71,83.18,NaN
25-04-2015 08:00,9.89,980.58,10.03,77.52,NaN
25-04-2015 09:00,9.76,980.94,8.79,74.9,NaN
25-04-2015 10:00,9.57,981.31,9.91,65.82,NaN
25-04-2015 11:00,9.72,981.35,11.7,79.5,NaN
25-04-2015 12:00,9.71,981.35,11.96,78.4,NaN
25-04-2015 13:00,10.1,981.57,12.79,80.12,NaN
25-04-2015 14:00,10.97,981.89,14.25,82.52,NaN
25-04-2015 15:00,11.69,982.23,15.38,81.82,NaN
25-04-2015 16:00,11.95,982.7,15.19,81.98,NaN
25-04-2015 17:00,12.48,982.94,16.92,84.32,NaN
25-04-2015 18:00,12.93,983.21,18.43,83.77,NaN
25-04-2015 19:00,13.24,983.47,19.33,82.37,NaN
25-04-2015 20:00,13.21,983.57,19.74,82.93,NaN
25-04-2015 21:00,13.24,983.74,19.67,83.93,NaN
25-04-2015 22:00,13.19,984.21,17.19,84.85,NaN
25-04-2015 23:00,12.52,984.47,16.44,82.47,NaN
26-04-2015 00:00,-11.31,984.82,14.96,74.12,NaN
26-04-2015 01:00,-10.8,985.01,14.6,74.25,NaN
26-04-2015 02:00,-10.72,985.51,14.15,76.03,NaN
26-04-2015 03:00,-11.01,986.01,16.11,84.52,NaN
26-04-2015 04:00,-10.92,986.78,14.74,83.52,NaN
26-04-2015 05:00,-10.67,987.49,13.19,83.47,NaN
26-04-2015 06:00,-10.34,988.58,8.89,63.2,NaN
26-04-2015 07:00,-10.75,988.76,12.35,84.98,NaN
26-04-2015 08:00,-11.7,989.31,12.94,93.33,NaN
26-04-2015 09:00,-12.92,989.68,12.85,104.63,NaN
26-04-2015 10:00,-13.19,990.19,12.2,112.15,NaN
26-04-2015 11:00,-13.31,990.71,13.34,117.35,NaN
26-04-2015 12:00,-12.74,990.93,11.55,121.18,NaN
26-04-2015 13:00,-13.09,990.93,12.41,120.12,NaN
26-04-2015 14:00,-14.85,991.07,13.62,120.07,NaN
26-04-2015 15:00,-15.4,991.07,13.27,117.38,NaN
26-04-2015 16:00,-15.87,990.98,11.48,122.98,NaN
26-04-2015 17:00,-16.46,990.79,11.7,115.78,NaN
26-04-2015 18:00,-17.68,990.6,13,116.32,NaN
26-04-2015 19:00,-18.21,990.17,11.61,123.42,NaN
26-04-2015 20:00,-18.02,989.76,10.21,118.52,NaN
26-04-2015 21:00,-18.57,989.04,11.22,116.78,NaN
26-04-2015 22:00,-18.88,988.42,10.63,117.05,NaN
26-04-2015 23:00,-19.46,987.59,11.44,121.37,NaN
27-04-2015 00:00,-11.31,986.77,11.64,121.33,NaN
27-04-2015 01:00,-10.8,985.99,10.4,117.13,NaN
27-04-2015 02:00,-10.72,985.36,9.68,117.18,NaN
27-04-2015 03:00,-11.01,984.74,8.93,120.87,NaN
27-04-2015 04:00,-10.92,984.06,7.67,109.1,NaN
27-04-2015 05:00,-10.67,983.13,8.64,111.02,NaN
27-04-2015 06:00,-10.34,982.18,8.14,96.02,NaN
27-04-2015 07:00,-10.75,981.48,8.22,96.8,NaN
27-04-2015 08:00,-11.7,980.91,8.58,96.88,NaN
27-04-2015 09:00,-12.92,980.53,8.26,94.83,NaN
27-04-2015 10:00,-13.19,980.27,9.75,87.3,NaN
27-04-2015 11:00,-13.31,980.06,13.19,88.67,NaN
27-04-2015 12:00,-12.74,979.89,13.93,87.35,NaN
27-04-2015 13:00,-13.09,980.33,12.81,88.43,NaN
27-04-2015 14:00,-14.85,980.69,13.55,86.58,NaN
27-04-2015 15:00,-15.4,980.84,13.19,85.27,NaN
27-04-2015 16:00,-15.87,981.09,13.38,81.77,NaN
27-04-2015 17:00,-16.46,981.11,14.3,76.33,NaN
27-04-2015 18:00,-17.68,981.22,13.95,76.78,NaN
27-04-2015 19:00,-18.21,981.4,15.2,77.27,NaN
27-04-2015 20:00,-18.02,982.01,15.1,83,NaN
27-04-2015 21:00,-18.57,982.32,14.95,86.17,NaN
27-04-2015 22:00,-18.88,982.69,12.55,80.23,NaN
27-04-2015 23:00,-19.46,982.98,11.79,78.88,NaN
28-04-2015 00:00,-19.45,983.2,12.25,79.7,NaN
28-04-2015 01:00,-19.51,983.46,11.42,80.48,NaN
28-04-2015 02:00,-19.19,983.88,10.57,78.65,NaN
28-04-2015 03:00,-19.32,984.32,10.81,81.62,NaN
28-04-2015 04:00,-19.53,984.41,11.48,81.75,NaN
28-04-2015 05:00,-19.59,984.56,11.35,83.38,NaN
28-04-2015 06:00,-19.94,984.82,11.35,86.27,NaN
28-04-2015 07:00,-20.25,984.94,10.83,85.8,NaN
28-04-2015 08:00,-20.35,985.17,10.51,87.05,NaN
28-04-2015 09:00,-20.23,985.38,10.64,86.75,NaN
28-04-2015 10:00,-20.15,985.68,10.9,87.17,NaN
28-04-2015 11:00,-20.36,985.84,11.14,87.82,NaN
28-04-2015 12:00,-20,985.59,11.15,85.07,NaN
28-04-2015 13:00,-19.86,985.68,9.4,88.58,NaN
28-04-2015 14:00,-20.29,985.58,10.65,87.05,NaN
28-04-2015 15:00,-20.46,985.61,9.41,82.5,NaN
28-04-2015 16:00,-20.68,985.69,9.26,86.83,NaN
28-04-2015 17:00,-21.24,985.58,9.86,87.97,NaN
28-04-2015 18:00,-21.16,985.37,9.74,87.1,NaN
28-04-2015 19:00,-21.31,985.41,7.8,89.55,NaN
28-04-2015 20:00,-21.59,985.39,8.34,89,NaN
28-04-2015 21:00,-21.62,985.25,8.02,87.25,NaN
28-04-2015 22:00,-21.55,985.04,8.1,86.1,NaN
28-04-2015 23:00,-21.65,984.73,8.42,86.65,NaN
29-04-2015 00:00,-21.69,984.31,8.42,89.05,NaN
29-04-2015 01:00,-21.54,984.13,7.51,85.57,NaN
29-04-2015 02:00,-21.69,983.71,8.33,80.67,NaN
29-04-2015 03:00,-21.59,983.61,6.99,71.83,NaN
29-04-2015 04:00,-22.06,983.45,6.64,85.8,NaN
29-04-2015 05:00,-22.08,982.88,7.06,82.22,NaN
29-04-2015 06:00,-22.39,982.36,6.89,87.47,NaN
29-04-2015 07:00,-22.02,981.77,7.79,75.6,NaN
29-04-2015 08:00,-22.11,981.32,7.24,80.98,NaN
29-04-2015 09:00,-21.57,981.07,6.7,78.08,NaN
29-04-2015 10:00,-21.15,980.91,7.52,73.22,NaN
29-04-2015 11:00,-21,980.57,8.24,62.22,NaN
29-04-2015 12:00,-20.88,980.27,7.91,58.77,NaN
29-04-2015 13:00,-21.02,979.97,6.44,80.18,NaN
29-04-2015 14:00,-21.7,979.2,7.31,92.65,NaN
29-04-2015 15:00,-21.62,978.48,6.83,81.62,NaN
29-04-2015 16:00,-21.7,977.97,7.45,74.6,NaN
29-04-2015 17:00,-21.7,977.44,7.41,75.02,NaN
29-04-2015 18:00,-21.33,976.76,9.26,72.85,NaN
29-04-2015 19:00,-21.3,976.39,8.58,73.52,NaN
29-04-2015 20:00,-20.93,975.83,8.32,78.38,NaN
29-04-2015 21:00,-20.91,975.28,8.52,79.55,NaN
29-04-2015 22:00,-21.07,975.13,8.27,81.22,NaN
29-04-2015 23:00,-21.27,974.99,8.31,85.25,NaN
30-04-2015 00:00,-21.06,974.64,9.34,80.52,NaN
30-04-2015 01:00,-20.9,974.3,10.12,84.85,NaN
30-04-2015 02:00,-20.5,974.11,9.62,66.35,NaN
30-04-2015 03:00,-20.44,974.07,10.29,76.27,NaN
30-04-2015 04:00,-20.88,974,11.16,82.8,NaN
30-04-2015 05:00,-20.64,973.88,11.15,86.32,NaN
30-04-2015 06:00,-20.65,974.06,10.94,87.38,NaN
30-04-2015 07:00,-20.8,974.18,11.43,89.1,NaN
30-04-2015 08:00,-20.91,974.4,12.28,89.17,NaN
30-04-2015 09:00,-20.44,974.71,12.05,82.1,NaN
30-04-2015 10:00,-20.1,975.12,12.04,87.12,NaN
30-04-2015 11:00,-19.98,975.44,13.4,87.93,NaN
30-04-2015 12:00,-19.9,975.62,13.57,87.33,NaN
30-04-2015 13:00,-19.7,976.07,12.38,86.43,NaN
30-04-2015 14:00,-20.24,976.59,13.63,86.65,NaN
30-04-2015 15:00,-20.28,977.37,10.91,84.82,NaN
30-04-2015 16:00,-20.87,977.83,12.78,86.87,NaN
30-04-2015 17:00,-20.81,978.35,12.27,86.23,NaN
30-04-2015 18:00,-20.87,978.77,12.34,87.48,NaN
30-04-2015 19:00,-20.76,979.38,11.18,85.12,NaN
30-04-2015 20:00,-20.99,979.9,10.89,87.33,NaN
30-04-2015 21:00,-21.05,980.22,11.98,86.5,NaN
30-04-2015 22:00,-21.01,980.71,11.99,83.75,NaN
30-04-2015 23:00,-21.4,981.52,12.13,85.38,NaN
01-05-2015 00:00,-21.5,981.93,12.35,86.3,NaN
01-05-2015 01:00,-21.38,982.68,11.56,86.42,NaN
01-05-2015 02:00,-21.5,983.45,12.06,88.15,NaN
01-05-2015 03:00,-21.63,984.4,10.57,91.3,NaN
01-05-2015 04:00,-21.96,985.25,9.24,97.08,NaN
01-05-2015 05:00,-22.08,986.07,9.58,95.45,NaN
01-05-2015 06:00,-21.8,986.74,10.05,95,NaN
01-05-2015 07:00,-21.9,987.53,9.77,94.8,NaN
01-05-2015 08:00,-21.85,988.33,9.86,94.28,NaN
01-05-2015 09:00,-21.83,989.25,9.05,96.85,NaN
01-05-2015 10:00,-21.29,990.46,8.57,96.97,NaN
01-05-2015 11:00,-20.88,991.52,8.29,90.87,NaN
01-05-2015 12:00,-20.61,992.23,9.08,92.27,NaN
01-05-2015 13:00,-20.46,993.1,8.47,88.83,NaN
01-05-2015 14:00,-20.74,994.12,6.5,91.27,NaN
01-05-2015 15:00,-21.36,994.57,7.26,96.35,NaN
01-05-2015 16:00,-21.53,996.23,7.42,95.12,NaN
01-05-2015 17:00,-21.93,996.7,8.09,98.44,NaN
01-05-2015 18:00,-21.63,997.22,8.02,87.95,NaN
01-05-2015 19:00,-21.32,998.13,7.24,94.35,NaN
01-05-2015 20:00,-21.49,998.47,7.67,94.22,NaN
01-05-2015 21:00,-21.32,999.11,6.56,101.08,NaN
01-05-2015 22:00,-21.23,954.07,6.07,98.85,NaN
01-05-2015 23:00,-20.8,836.97,5.4,106.13,NaN
02-05-2015 00:00,-20.21,893.07,4.54,120.65,NaN
02-05-2015 01:00,-19.86,815.55,3.48,174.6,NaN
02-05-2015 02:00,-19.56,828.8,3.48,163.18,NaN
02-05-2015 03:00,-19.17,839.77,3.46,193.5,NaN
02-05-2015 04:00,-18.39,841.77,4.54,120.33,NaN
02-05-2015 05:00,-17.88,840.65,4.09,110.55,NaN
02-05-2015 06:00,-16.83,975,5.89,75.8,NaN
02-05-2015 07:00,-15.95,998.36,6.3,67.38,NaN
02-05-2015 08:00,-15.65,998.19,5.93,45.83,NaN
02-05-2015 09:00,-15.18,998.06,7.01,57.1,NaN
02-05-2015 10:00,-15.13,997.14,7.27,72.3,NaN
02-05-2015 11:00,-14.35,995.82,6.8,65.35,NaN
02-05-2015 12:00,-14.35,995.2,6.72,66.82,NaN
02-05-2015 13:00,-14.17,994.18,7.46,65.92,NaN
02-05-2015 14:00,-14.4,992.26,9.35,57.62,NaN
02-05-2015 15:00,-13.07,989.72,11.37,56.93,NaN
02-05-2015 16:00,-10.36,987.22,14.51,50.13,NaN
02-05-2015 17:00,-8.88,984.38,18.64,51.43,NaN
02-05-2015 18:00,-8.25,982.6,14.99,48.33,NaN
02-05-2015 19:00,-7.41,980.06,18.66,54.18,NaN
02-05-2015 20:00,-6.93,977.74,21.11,58.77,NaN
02-05-2015 21:00,-6.95,975.47,22.29,58.82,NaN
02-05-2015 22:00,-6.76,974.19,20.41,53.05,NaN
02-05-2015 23:00,-6.85,972.51,19.96,53.05,NaN
03-05-2015 00:00,-6.83,971.19,17.35,50.75,NaN
03-05-2015 01:00,-6.54,969.93,18.14,44.27,NaN
03-05-2015 02:00,-6.47,968.75,19.59,42.78,NaN
03-05-2015 03:00,-6.55,967.99,18.74,44.03,NaN
03-05-2015 04:00,-6.91,967.22,20.67,46.72,NaN
03-05-2015 05:00,-7.3,966.82,19.12,47.13,NaN
03-05-2015 06:00,-7.5,966.69,18.21,45.07,NaN
03-05-2015 07:00,-7.55,966.81,15.35,39.33,NaN
03-05-2015 08:00,-7.51,967.1,15.06,39.48,NaN
03-05-2015 09:00,-7.74,967.6,16.36,38.58,NaN
03-05-2015 10:00,-8.11,968.12,18.21,36.78,NaN
03-05-2015 11:00,-8.4,968.83,16.41,35.35,NaN
03-05-2015 12:00,-8.59,969.24,17.76,37.72,NaN
03-05-2015 13:00,-8.95,970.01,17.96,32.15,NaN
03-05-2015 14:00,-9.33,970.8,17.43,37.8,NaN
03-05-2015 15:00,-9.84,971.41,17.44,37.32,NaN
03-05-2015 16:00,-10.04,972.23,15.38,38.67,NaN
03-05-2015 17:00,-10.04,972.97,15.25,35.02,NaN
03-05-2015 18:00,-10.19,973.5,14.22,36.92,NaN
03-05-2015 19:00,-10.5,973.97,14.69,41.85,NaN
03-05-2015 20:00,-10.7,974.51,13.53,49.8,NaN
03-05-2015 21:00,-11.11,975.26,12.07,45.37,NaN
03-05-2015 22:00,-11.2,976.17,10.28,41.18,NaN
03-05-2015 23:00,-11.26,976.68,11.13,45.22,NaN
04-05-2015 00:00,-11.34,976.97,12.97,53.45,NaN
04-05-2015 01:00,-11.46,977.52,14.14,57.67,NaN
04-05-2015 02:00,-11.59,978.21,14.14,58.22,NaN
04-05-2015 03:00,-11.63,978.88,12.54,55.53,NaN
04-05-2015 04:00,-11.55,979.48,11.79,55.08,NaN
04-05-2015 05:00,-11.58,980.02,11.81,53.38,NaN
04-05-2015 06:00,-11.53,980.52,9.81,56.1,NaN
04-05-2015 07:00,-11.57,980.8,10.62,54.65,NaN
04-05-2015 08:00,-11.46,981.44,8.94,53.02,NaN
04-05-2015 09:00,-11.57,982.04,7.48,68.48,NaN
04-05-2015 10:00,-11.61,982.53,6.77,72.87,NaN
04-05-2015 11:00,-11.43,982.83,8.34,75.72,NaN
04-05-2015 12:00,-12.57,983.19,10.13,78.78,NaN
04-05-2015 13:00,-13.01,983.27,11.96,84.3,NaN
04-05-2015 14:00,-14.14,983.5,13.54,91.32,NaN
04-05-2015 15:00,-14.33,984.08,10.35,93.55,NaN
04-05-2015 16:00,-14.41,984.49,9.43,97.55,NaN
04-05-2015 17:00,-14.46,984.65,11.05,90.7,NaN
04-05-2015 18:00,-14.66,984.52,12.14,89,NaN
04-05-2015 19:00,-14.12,984.34,11.34,86.05,NaN
04-05-2015 20:00,-13.84,984.43,11.27,85.53,NaN
04-05-2015 21:00,-13.72,984.89,9.19,85.2,NaN
04-05-2015 22:00,-13.46,985.23,8.71,77.42,NaN
04-05-2015 23:00,-13.53,985.36,8.12,69.02,NaN
05-05-2015 00:00,-13.62,985.18,7.62,73.05,NaN
05-05-2015 01:00,-13.38,985.25,6.67,69.87,NaN
05-05-2015 02:00,-13.34,985.11,6.73,76.3,NaN
05-05-2015 03:00,-13.41,985.21,7.26,83.42,NaN
05-05-2015 04:00,-13.56,985.12,6.99,79.37,NaN
05-05-2015 05:00,-13.71,984.94,7.27,83.4,NaN
05-05-2015 06:00,-13.62,984.89,6.38,69.1,NaN
05-05-2015 07:00,-13.76,984.71,6.62,52.63,NaN
05-05-2015 08:00,-13.99,984.49,5.87,50.35,NaN
05-05-2015 09:00,-14.11,984.56,6.17,51.97,NaN
05-05-2015 10:00,-14.09,984.35,6.96,67.43,NaN
05-05-2015 11:00,-14.13,984.06,7.84,63.37,NaN
05-05-2015 12:00,-14.4,983.96,7.5,64.7,NaN
05-05-2015 13:00,-14.95,983.91,6.11,166.83,NaN
05-05-2015 14:00,-17.27,983.92,4.77,330.65,NaN
05-05-2015 15:00,-17.68,983.44,4.41,53.28,NaN
05-05-2015 16:00,-17.76,983.34,4.96,121.75,NaN
05-05-2015 17:00,-19.4,983.06,4.29,138.15,NaN
05-05-2015 18:00,-19.48,982.57,8.23,64.1,NaN
05-05-2015 19:00,-19.13,981.85,11.41,92.52,NaN
05-05-2015 20:00,-20.26,981.28,11.23,102.08,NaN
05-05-2015 21:00,-19.86,980.9,11.27,99.52,NaN
05-05-2015 22:00,-19.79,980.59,10.41,101.27,NaN
05-05-2015 23:00,-19.9,980.38,11.07,114.78,NaN
06-05-2015 00:00,-13.62,980.13,10.98,115,NaN
06-05-2015 01:00,-13.38,979.96,9.21,112.12,NaN
06-05-2015 02:00,-13.34,979.69,11.93,118.9,NaN
06-05-2015 03:00,-13.41,979.41,9.23,100.37,NaN
06-05-2015 04:00,-13.56,978.67,10.41,99.62,NaN
06-05-2015 05:00,-13.71,977.98,8.42,96.18,NaN
06-05-2015 06:00,-13.62,977.18,9.7,93.5,NaN
06-05-2015 07:00,-13.76,976.42,8.19,98.42,NaN
06-05-2015 08:00,-13.99,975.82,7.67,90.8,NaN
06-05-2015 09:00,-14.11,975.35,5.89,71.48,NaN
06-05-2015 10:00,-14.09,974.88,4.56,131.82,NaN
06-05-2015 11:00,-14.13,974.28,5.82,57.47,NaN
06-05-2015 12:00,-14.4,973.68,7.16,64.88,NaN
06-05-2015 13:00,-14.95,972.91,7.05,71.02,NaN
06-05-2015 14:00,-17.27,972.34,8.44,73.68,NaN
06-05-2015 15:00,-17.68,971.69,8.24,74.83,NaN
06-05-2015 16:00,-17.76,971.48,8.1,68.9,NaN
06-05-2015 17:00,-19.4,971.27,7.53,66.52,NaN
06-05-2015 18:00,-19.48,970.98,7.29,73.38,NaN
06-05-2015 19:00,-19.13,970.93,6.5,72.6,NaN
06-05-2015 20:00,-20.26,970.79,6.05,49.28,NaN
06-05-2015 21:00,-19.86,970.83,6.22,52.4,NaN
06-05-2015 22:00,-19.79,970.92,7.52,53.83,NaN
06-05-2015 23:00,-19.9,971.34,8.16,41.65,NaN
07-05-2015 00:00,-26.48,971.8,8.15,47.8,NaN
07-05-2015 01:00,-26.79,972.76,8.04,42.78,NaN
07-05-2015 02:00,-26.98,973.62,7.49,45.78,NaN
07-05-2015 03:00,-27.67,974.86,7.5,41.93,NaN
07-05-2015 04:00,-27.14,976.16,7.82,51.85,NaN
07-05-2015 05:00,-26.68,977.35,7.53,50.92,NaN
07-05-2015 06:00,-25.6,978.42,8.39,55.12,NaN
07-05-2015 07:00,-23.96,979.7,11.01,49.72,NaN
07-05-2015 08:00,-24.17,981.26,8.21,57.12,NaN
07-05-2015 09:00,-23.94,982.58,6.48,86.62,NaN
07-05-2015 10:00,-23.7,983.74,6.44,104.22,NaN
07-05-2015 11:00,-22.55,984.4,5.12,124.4,NaN
07-05-2015 12:00,-22.49,985.17,6.24,203.45,NaN
07-05-2015 13:00,-23.07,985.38,7.94,210.35,NaN
07-05-2015 14:00,-22.01,985.4,7.89,193.63,NaN
07-05-2015 15:00,-20.95,985.49,5.31,119.02,NaN
07-05-2015 16:00,-19,985.58,8.62,81.33,NaN
07-05-2015 17:00,-18.24,985.92,8.46,70.27,NaN
07-05-2015 18:00,-17.29,985.65,13.36,82.17,NaN
07-05-2015 19:00,-18.56,985.04,16.38,88.5,NaN
07-05-2015 20:00,-18.75,985,17.57,96.63,NaN
07-05-2015 21:00,-19.27,985.74,17.07,101.4,NaN
07-05-2015 22:00,-19.43,986.46,16.96,100.93,NaN
07-05-2015 23:00,-19.71,986.64,16.99,100.82,NaN
08-05-2015 00:00,-19.96,986.66,17.16,98.83,NaN
08-05-2015 01:00,-20.14,987.14,16,98.4,NaN
08-05-2015 02:00,-20.4,987.71,14.73,100.08,NaN
08-05-2015 03:00,-20.57,988.08,13.9,104.45,NaN
08-05-2015 04:00,-20.69,988.32,13.02,104.35,NaN
08-05-2015 05:00,-21.15,988.53,13.6,107.38,NaN
08-05-2015 06:00,-21.13,988.72,12.17,103.65,NaN
08-05-2015 07:00,-21.56,988.61,12.01,98.9,NaN
08-05-2015 08:00,-21.82,988.54,11.06,96.23,NaN
08-05-2015 09:00,-21.75,988.44,10.73,98.73,NaN
08-05-2015 10:00,-21.39,988.51,9.47,95.27,NaN
08-05-2015 11:00,-21.39,988.4,8.41,98.2,NaN
08-05-2015 12:00,-21.3,988.27,6.05,94.93,NaN
08-05-2015 13:00,-21.64,987.96,4.22,113.22,NaN
08-05-2015 14:00,-22.04,987.54,5.18,110.13,NaN
08-05-2015 15:00,-22.44,987.12,4.76,102.87,NaN
08-05-2015 16:00,-22.6,986.7,5.58,108.62,NaN
08-05-2015 17:00,-22.04,986.18,7.61,60.07,NaN
08-05-2015 18:00,-21.89,985.66,8.76,76.75,NaN
08-05-2015 19:00,-21.69,985.45,8.5,60.2,NaN
08-05-2015 20:00,-21.81,985.26,9.04,65.15,NaN
08-05-2015 21:00,-21.92,984.79,9.09,66.93,NaN
08-05-2015 22:00,-21.7,984.46,9.58,62.02,NaN
08-05-2015 23:00,-21.6,984.17,9.22,71.87,NaN
09-05-2015 00:00,-21.41,983.66,10.86,83.35,NaN
09-05-2015 01:00,-21.32,983.41,11.31,78.38,NaN
09-05-2015 02:00,-21.27,983.33,11.15,71.37,NaN
09-05-2015 03:00,-21.17,983.47,11.02,66.13,NaN
09-05-2015 04:00,-21.09,983.48,10.16,65.55,NaN
09-05-2015 05:00,-21.06,983.5,11.41,77.23,NaN
09-05-2015 06:00,-20.91,983.51,10.72,72.38,NaN
09-05-2015 07:00,-20.51,983.45,11.52,75.38,NaN
09-05-2015 08:00,-20.83,983.38,12.04,67.47,NaN
09-05-2015 09:00,-20.99,983.99,10.62,65.32,NaN
09-05-2015 10:00,-21.23,984.3,10.62,81.85,NaN
09-05-2015 11:00,-20.85,984.62,10.32,85.2,NaN
09-05-2015 12:00,-21.87,985.58,8.13,87.2,NaN
09-05-2015 13:00,-22.15,985.63,10.1,86.47,NaN
09-05-2015 14:00,-22.08,985.84,8.66,81.25,NaN
09-05-2015 15:00,-22.11,985.9,10.8,87.13,NaN
09-05-2015 16:00,-22.16,986.09,10.21,89.27,NaN
09-05-2015 17:00,-22.91,986.4,9.35,97.27,NaN
09-05-2015 18:00,-22.76,986.73,8.58,98.43,NaN
09-05-2015 19:00,-22.68,986.94,7.56,102.88,NaN
09-05-2015 20:00,-22.65,987.08,8.35,108.82,NaN
09-05-2015 21:00,-22.71,987.39,8.06,101.82,NaN
09-05-2015 22:00,-23.08,987.83,8.1,101.22,NaN
09-05-2015 23:00,-22.88,988.2,7.87,104.1,NaN
10-05-2015 00:00,-22.76,988.45,7.11,97.55,NaN
10-05-2015 01:00,-22.99,988.9,6.54,101.45,NaN
10-05-2015 02:00,-22.99,988.96,6.96,96.22,NaN
10-05-2015 03:00,-23.03,989.38,7.11,99.3,NaN
10-05-2015 04:00,-22.74,989.89,7.15,96.43,NaN
10-05-2015 05:00,-22.54,990.2,7.66,96.52,NaN
10-05-2015 06:00,-22.36,990.54,7.34,94.2,NaN
10-05-2015 07:00,-22.36,990.87,7.16,101.9,NaN
10-05-2015 08:00,-21.96,991.2,7.57,98.37,NaN
10-05-2015 09:00,-22.43,991.7,7.17,101.55,NaN
10-05-2015 10:00,-22.41,992.21,6.55,93.87,NaN
10-05-2015 11:00,-22.25,992.99,6.85,98.82,NaN
10-05-2015 12:00,-22.38,993.46,8,99.73,NaN
10-05-2015 13:00,-21.87,994.12,8.14,100.2,NaN
10-05-2015 14:00,-21.88,994.64,8.63,97.9,NaN
10-05-2015 15:00,-21.95,995.08,8.42,100.85,NaN
10-05-2015 16:00,-21.87,995.37,8.47,98.5,NaN
10-05-2015 17:00,-22.04,995.49,8.76,100.17,NaN
10-05-2015 18:00,-21.79,995.77,8.36,99.82,NaN
10-05-2015 19:00,-21.58,995.81,8.53,99,NaN
10-05-2015 20:00,-21.53,995.81,8.13,101.15,NaN
10-05-2015 21:00,-21.59,995.8,8.73,97.78,NaN
10-05-2015 22:00,-21.64,995.71,8.54,98.35,NaN
10-05-2015 23:00,-21.85,995.54,7.89,100.48,NaN
11-05-2015 00:00,-21.69,995.41,7.44,97.17,NaN
11-05-2015 01:00,-21.94,995.26,6.48,89.45,NaN
11-05-2015 02:00,-22.18,995.09,4.95,83.63,NaN
11-05-2015 03:00,-22.19,994.82,5.24,85.3,NaN
11-05-2015 04:00,-22.43,994.97,4.62,74.25,NaN
11-05-2015 05:00,-22.27,995.04,4.61,58.85,NaN
11-05-2015 06:00,-21.29,995.13,5.52,67.98,NaN
11-05-2015 07:00,-20.56,995.3,5.89,85.97,NaN
11-05-2015 08:00,-20.34,995.52,4.59,77.32,NaN
11-05-2015 09:00,-20.51,995.67,3.94,102.7,NaN
11-05-2015 10:00,-20.13,995.9,4.14,68.58,NaN
11-05-2015 11:00,-19.63,996.08,6.08,118.15,NaN
11-05-2015 12:00,-19.41,995.99,6.96,109.13,NaN
11-05-2015 13:00,-19.79,995.73,7.45,108.18,NaN
11-05-2015 14:00,-19.76,995.41,7.91,105.35,NaN
11-05-2015 15:00,-19.57,995.07,8.52,95.17,NaN
11-05-2015 16:00,-19.32,994.74,9.56,85.23,NaN
11-05-2015 17:00,-19.47,994.46,10.75,90.53,NaN
11-05-2015 18:00,-19.59,994.03,11.34,89.25,NaN
11-05-2015 19:00,-19.43,993.81,11.36,88.78,NaN
11-05-2015 20:00,-19.37,993.71,10.23,87.12,NaN
11-05-2015 21:00,-19.53,993.6,9.84,88.58,NaN
11-05-2015 22:00,-19.59,993.5,7.95,85.6,NaN
11-05-2015 23:00,-19.76,992.94,8.64,88.57,NaN
12-05-2015 00:00,-19.68,992.74,8.05,85.95,NaN
12-05-2015 01:00,-20.07,992.32,7.97,91.75,NaN
12-05-2015 02:00,-19.64,991.52,9.5,85.72,NaN
12-05-2015 03:00,-19.64,990.97,9.07,90.82,NaN
12-05-2015 04:00,-20.34,990.83,7.58,91.63,NaN
12-05-2015 05:00,-20.43,990.24,6.83,98.27,NaN
12-05-2015 06:00,-20.08,989.6,7.91,97.9,NaN
12-05-2015 07:00,-20.07,988.95,7.7,92.38,NaN
12-05-2015 08:00,-20.23,988.21,8.5,96.6,NaN
12-05-2015 09:00,-20.35,987.55,8.51,97.52,NaN
12-05-2015 10:00,-20.6,987.01,7.63,99.87,NaN
12-05-2015 11:00,-19.84,986.3,8.5,86.43,NaN
12-05-2015 12:00,-20.02,985.87,7.47,85.53,NaN
12-05-2015 13:00,-20.43,985.04,7.9,98.15,NaN
12-05-2015 14:00,-19.92,984.12,8.69,90.67,NaN
12-05-2015 15:00,-19.87,983.22,9.18,87.72,NaN
12-05-2015 16:00,-20.13,982.4,7.21,84.43,NaN
12-05-2015 17:00,-20.32,981.76,8.59,90.78,NaN
12-05-2015 18:00,-20.06,981.05,9.93,88.17,NaN
12-05-2015 19:00,-20.3,980.41,9.71,90.45,NaN
12-05-2015 20:00,-20.23,979.86,9.76,88.6,NaN
12-05-2015 21:00,-20.25,979.48,9.26,87.62,NaN
12-05-2015 22:00,-20.65,979.17,8.4,89.7,NaN
12-05-2015 23:00,-21.05,978.54,8.49,93.72,NaN
13-05-2015 00:00,-21.15,977.96,8.82,91.57,NaN
13-05-2015 01:00,-20.98,977.49,8.48,88.95,NaN
13-05-2015 02:00,-21.29,976.81,9.61,90.93,NaN
13-05-2015 03:00,-21.27,976.22,9.17,89.37,NaN
13-05-2015 04:00,-22.01,976.04,9.01,92.82,NaN
13-05-2015 05:00,-21.59,975.71,9.89,87.98,NaN
13-05-2015 06:00,-21.73,964.24,9.78,90.05,NaN
13-05-2015 07:00,-22.54,975.39,8.55,97.22,NaN
13-05-2015 08:00,-22.79,975.21,9.73,95.4,NaN
13-05-2015 09:00,-22.62,975.05,8.23,95.45,NaN
13-05-2015 10:00,-23.41,974.93,8.69,98.75,NaN
13-05-2015 11:00,-23.34,974.7,8.1,99.08,NaN
13-05-2015 12:00,-23.18,974.47,7.77,103.12,NaN
13-05-2015 13:00,-23.45,974.36,7.78,103.07,NaN
13-05-2015 14:00,-23.71,974.51,7.17,102.98,NaN
13-05-2015 15:00,-23.79,974.51,7.01,100.35,NaN
13-05-2015 16:00,-24.28,974.66,7.2,101.63,NaN
13-05-2015 17:00,-24.51,974.72,6.62,105.5,NaN
13-05-2015 18:00,-24.47,974.55,6.85,91.65,NaN
13-05-2015 19:00,-25.16,974.58,6.14,95.25,NaN
13-05-2015 20:00,-25.06,974.76,6.1,93.95,NaN
13-05-2015 21:00,-25.23,974.83,6.33,89.37,NaN
13-05-2015 22:00,-24.81,974.88,5.84,105,NaN
13-05-2015 23:00,-25.52,974.75,5.21,92.33,NaN
14-05-2015 00:00,-25.71,974.61,5.85,84.85,NaN
14-05-2015 01:00,-26.26,974.32,6.5,74.38,NaN
14-05-2015 02:00,-25.82,974.3,6.57,75.28,NaN
14-05-2015 03:00,-26.22,974.26,6.52,79.92,NaN
14-05-2015 04:00,-26.1,974.22,6.34,80.33,NaN
14-05-2015 05:00,-25.76,974.16,6.95,89.28,NaN
14-05-2015 06:00,-26.23,973.99,6.9,104.33,NaN
14-05-2015 07:00,-26.05,973.81,5.76,96,NaN
14-05-2015 08:00,-25.79,973.73,6.17,78.2,NaN
14-05-2015 09:00,-25.53,973.39,6.83,74.9,NaN
14-05-2015 10:00,-25.62,973.27,5.78,60.07,NaN
14-05-2015 11:00,-25.89,973.38,5.69,79.12,NaN
14-05-2015 12:00,-25.35,973.14,6.04,65.43,NaN
14-05-2015 13:00,-24.94,972.82,6.18,71.52,NaN
14-05-2015 14:00,-24.62,972.75,6.05,71.63,NaN
14-05-2015 15:00,-24.39,972.76,5.96,70.77,NaN
14-05-2015 16:00,-24.2,972.77,6.41,70.05,NaN
14-05-2015 17:00,-24.16,973.06,5.06,70.7,NaN
14-05-2015 18:00,-24.15,973.08,5.4,90.9,NaN
14-05-2015 19:00,-24.02,973.06,4.88,109.97,NaN
14-05-2015 20:00,-23.88,973.39,3.89,134.15,NaN
14-05-2015 21:00,-23.94,973.59,4.58,157.37,NaN
14-05-2015 22:00,-23.84,973.5,4.96,184.53,NaN
14-05-2015 23:00,-24.06,973.44,5.63,202.1,NaN
15-05-2015 00:00,-24.09,973.46,3.98,190.08,NaN
15-05-2015 01:00,-24.43,973.62,3.93,218.53,NaN
15-05-2015 02:00,-24.18,973.9,5.6,104.07,NaN
15-05-2015 03:00,-24.25,974.34,6.22,86.97,NaN
15-05-2015 04:00,-24.33,974.52,6.8,83.05,NaN
15-05-2015 05:00,-24.21,974.68,6.27,78.57,NaN
15-05-2015 06:00,-23.96,975.08,6.05,69.35,NaN
15-05-2015 07:00,-23.96,975.29,6.91,64.37,NaN
15-05-2015 08:00,-24.56,975.59,6.86,76.78,NaN
15-05-2015 09:00,-24.92,975.88,7.68,78.78,NaN
15-05-2015 10:00,-25.28,975.92,9.12,80.55,NaN
15-05-2015 11:00,-25.53,976.07,9.26,85.28,NaN
15-05-2015 12:00,-25.65,976.26,7.94,90.38,NaN
15-05-2015 13:00,-25.28,976.6,9.15,63.68,NaN
15-05-2015 14:00,-26.44,976.89,8.35,86.13,NaN
15-05-2015 15:00,-26.96,977.4,8.85,79.85,NaN
15-05-2015 16:00,-27.55,978.01,7.89,50.1,NaN
15-05-2015 17:00,-28.48,978.75,9.32,48.3,NaN
15-05-2015 18:00,-29.93,979.3,7.85,53.78,NaN
15-05-2015 19:00,-30.55,979.56,7.47,54.92,NaN
15-05-2015 20:00,-31,979.78,6.86,76.72,NaN
15-05-2015 21:00,-31.1,979.94,6.38,78.88,NaN
15-05-2015 22:00,-30.95,979.93,6.6,74.2,NaN
15-05-2015 23:00,NaN,NaN,NaN,NaN,NaN
16-05-2015 00:00,-31.4,979.95,3.05,74,NaN
16-05-2015 01:00,NaN,NaN,NaN,NaN,NaN
16-05-2015 02:00,NaN,NaN,NaN,NaN,NaN
16-05-2015 03:00,NaN,NaN,NaN,NaN,NaN
16-05-2015 04:00,-31.19,979.75,3.49,71.4,NaN
16-05-2015 05:00,-31.45,979.38,3.59,70.09,NaN
16-05-2015 06:00,-31.26,979.21,7.43,73.47,NaN
16-05-2015 07:00,-31.19,979.09,7.79,75.54,NaN
16-05-2015 08:00,-31.27,978.99,3.64,61.38,NaN
16-05-2015 09:00,NaN,NaN,NaN,NaN,NaN
16-05-2015 10:00,NaN,NaN,NaN,NaN,NaN
16-05-2015 11:00,NaN,NaN,NaN,NaN,NaN
16-05-2015 12:00,NaN,NaN,NaN,NaN,NaN
16-05-2015 13:00,NaN,NaN,NaN,NaN,NaN
16-05-2015 14:00,NaN,NaN,NaN,NaN,NaN
16-05-2015 15:00,NaN,NaN,NaN,NaN,NaN
16-05-2015 16:00,NaN,NaN,NaN,NaN,NaN
16-05-2015 17:00,NaN,NaN,NaN,NaN,NaN
16-05-2015 18:00,NaN,NaN,NaN,NaN,NaN
16-05-2015 19:00,NaN,NaN,NaN,NaN,NaN
16-05-2015 20:00,NaN,NaN,NaN,NaN,NaN
16-05-2015 21:00,NaN,NaN,NaN,NaN,NaN
16-05-2015 22:00,NaN,NaN,NaN,NaN,NaN
16-05-2015 23:00,NaN,NaN,NaN,NaN,NaN
17-05-2015 00:00,NaN,NaN,NaN,NaN,NaN
17-05-2015 01:00,NaN,NaN,NaN,NaN,NaN
17-05-2015 02:00,NaN,NaN,NaN,NaN,NaN
17-05-2015 03:00,NaN,NaN,NaN,NaN,NaN
17-05-2015 04:00,NaN,NaN,NaN,NaN,NaN
17-05-2015 05:00,NaN,NaN,NaN,NaN,NaN
17-05-2015 06:00,-34.61,990.98,5.12,173.55,NaN
17-05-2015 07:00,-34.86,990.95,4.95,200.79,NaN
17-05-2015 08:00,NaN,NaN,NaN,NaN,NaN
17-05-2015 09:00,NaN,NaN,NaN,NaN,NaN
17-05-2015 10:00,-33.6,991.3,3,0,NaN
17-05-2015 11:00,-33.3,991.3,2,2,NaN
17-05-2015 12:00,NaN,NaN,NaN,NaN,NaN
17-05-2015 13:00,-31.42,991.07,3.61,182.4,NaN
17-05-2015 14:00,NaN,NaN,NaN,NaN,NaN
17-05-2015 15:00,-31.9,990.58,3.53,313.56,NaN
17-05-2015 16:00,-31.28,990.34,4.64,328.73,NaN
17-05-2015 17:00,NaN,NaN,NaN,NaN,NaN
17-05-2015 18:00,-31.36,989.33,5.13,292.82,NaN
17-05-2015 19:00,-31.27,988.39,5.8,184.22,NaN
17-05-2015 20:00,-30.54,987.53,5.09,192.22,NaN
17-05-2015 21:00,-28.72,986.34,6.07,193.77,NaN
17-05-2015 22:00,-28.41,985.36,6.44,213.18,NaN
17-05-2015 23:00,-27.86,984.7,6.96,209.15,NaN
18-05-2015 00:00,-26.41,983.98,7.3,211.43,NaN
18-05-2015 01:00,-25.07,982.99,8.13,206.27,NaN
18-05-2015 02:00,-24.05,982.09,8.54,203.95,NaN
18-05-2015 03:00,-23.52,981.56,8.78,203.77,NaN
18-05-2015 04:00,-23.51,981.29,8.94,201.87,NaN
18-05-2015 05:00,-23.79,981.09,8.67,203.7,NaN
18-05-2015 06:00,-21.77,980.83,7.76,200.98,NaN
18-05-2015 07:00,-20.82,980.75,6.9,195.03,NaN
18-05-2015 08:00,-19.75,980.54,5.01,183.8,NaN
18-05-2015 09:00,-19.52,980.13,5.57,163.18,NaN
18-05-2015 10:00,-19.88,979.83,5.29,116.33,NaN
18-05-2015 11:00,-19.82,979.59,6.74,106.62,NaN
18-05-2015 12:00,-20.09,979.24,7.7,96.73,NaN
18-05-2015 13:00,-20.03,978.82,8.03,97.38,NaN
18-05-2015 14:00,-20.45,978.66,6.9,95.02,NaN
18-05-2015 15:00,-20.15,978.21,7.5,97.43,NaN
18-05-2015 16:00,-20.58,977.59,7.52,95.48,NaN
18-05-2015 17:00,-21.08,977.07,6.44,93.12,NaN
18-05-2015 18:00,-20.92,976.41,8.09,94.47,NaN
18-05-2015 19:00,-20.73,975.75,9.62,95.42,NaN
18-05-2015 20:00,-21.71,975.23,9.65,97.38,NaN
18-05-2015 21:00,-22.41,974.69,9.93,98.98,NaN
18-05-2015 22:00,-22.7,974.47,9.25,99.1,NaN
18-05-2015 23:00,-22.78,973.94,9.6,98.92,NaN
19-05-2015 00:00,-23.17,973.48,10.03,99.32,NaN
19-05-2015 01:00,-22.34,972.91,9.95,97.03,NaN
19-05-2015 02:00,-20.85,972.46,9.55,88.12,NaN
19-05-2015 03:00,-20.13,972.4,8.16,86.17,NaN
19-05-2015 04:00,-20.17,972.27,9.02,87.07,NaN
19-05-2015 05:00,-20.07,971.81,8.93,85.75,NaN
19-05-2015 06:00,-19.91,971.45,7.9,81.87,NaN
19-05-2015 07:00,-19.88,970.98,7.88,84.9,NaN
19-05-2015 08:00,-19.85,970.71,7.83,86.33,NaN
19-05-2015 09:00,-19.95,970.18,8.13,88.17,NaN
19-05-2015 10:00,-19.8,969.8,7.1,76.38,NaN
19-05-2015 11:00,-20.27,969.35,8.74,83.28,NaN
19-05-2015 12:00,-20.21,968.82,8.3,82.78,NaN
19-05-2015 13:00,-21.08,968.07,9.87,92.08,NaN
19-05-2015 14:00,-21.96,967.48,10.69,95.98,NaN
19-05-2015 15:00,-22.85,966.79,9.96,100.37,NaN
19-05-2015 16:00,-22.87,966.34,10.52,100.03,NaN
19-05-2015 17:00,-22.52,965.78,11.25,94.63,NaN
19-05-2015 18:00,-22.64,965.1,13.76,91.07,NaN
19-05-2015 19:00,-22.43,964.69,13.12,91.55,NaN
19-05-2015 20:00,-21.53,964.42,12.66,89.03,NaN
19-05-2015 21:00,-21.37,964.53,11.96,89.73,NaN
19-05-2015 22:00,-21.7,964.18,12.25,90.2,NaN
19-05-2015 23:00,-22,963.91,12.69,90.65,NaN
20-05-2015 00:00,-21.61,963.96,11.87,79.4,NaN
20-05-2015 01:00,-22.89,964.37,10.78,47.07,NaN
20-05-2015 02:00,-25.91,965.22,8.45,26.53,NaN
20-05-2015 03:00,-27.54,965.88,8.63,29.47,NaN
20-05-2015 04:00,-27.98,966.38,8.91,40.08,NaN
20-05-2015 05:00,-28.25,966.62,10.01,47.78,NaN
20-05-2015 06:00,-28.2,967.17,10.23,45.02,NaN
20-05-2015 07:00,-28.31,967.62,10.95,44.22,NaN
20-05-2015 08:00,-29.04,967.93,10.48,51.47,NaN
20-05-2015 09:00,-29.03,968.09,11.13,50.1,NaN
20-05-2015 10:00,-28.78,968.17,11.95,54.42,NaN
20-05-2015 11:00,-28.59,968.49,12.69,53.92,NaN
20-05-2015 12:00,-28.33,968.81,12.91,59.63,NaN
20-05-2015 13:00,-28.23,969.17,13.36,58.52,NaN
20-05-2015 14:00,-27.89,969.62,12.48,57.93,NaN
20-05-2015 15:00,-27.52,969.87,11.93,57.5,NaN
20-05-2015 16:00,-27.46,970.46,10.86,58.23,NaN
20-05-2015 17:00,-27.58,970.87,10.41,67.58,NaN
20-05-2015 18:00,-27.89,970.93,11.71,78.67,NaN
20-05-2015 19:00,-28.25,971.25,10.63,89.38,NaN
20-05-2015 20:00,-27.54,971.24,10.23,107.8,NaN
20-05-2015 21:00,-27.33,971.22,8.51,127.15,NaN
20-05-2015 22:00,-26.57,970.27,10.04,116.42,NaN
20-05-2015 23:00,-24.93,969.36,10.84,107.9,NaN
21-05-2015 00:00,-22.56,968.55,11.3,88.27,NaN
21-05-2015 01:00,-21.41,967.78,11.98,90.13,NaN
21-05-2015 02:00,-20.25,967.31,10.6,78.43,NaN
21-05-2015 03:00,-19.74,967.24,10.43,59.05,NaN
21-05-2015 04:00,-19.65,967.04,10.26,63.1,NaN
21-05-2015 05:00,-19.27,967.08,11.99,58.62,NaN
21-05-2015 06:00,-19.09,967.46,9.93,50.32,NaN
21-05-2015 07:00,-19.22,967.81,7.83,46.5,NaN
21-05-2015 08:00,-19.44,968.02,5.81,66.62,NaN
21-05-2015 09:00,-19.41,968,5.65,83.62,NaN
21-05-2015 10:00,-19.21,968.06,6.12,87.57,NaN
21-05-2015 11:00,-19.24,968.07,6.29,95.1,NaN
21-05-2015 12:00,-18.97,967.88,6.96,87.03,NaN
21-05-2015 13:00,-19.03,967.64,9.96,85.32,NaN
21-05-2015 14:00,-20.39,967.06,13.28,88.15,NaN
21-05-2015 15:00,-20.62,966.82,11.81,89.33,NaN
21-05-2015 16:00,-20.83,966.77,10.69,89.4,NaN
21-05-2015 17:00,-21.1,966.73,11.61,90.9,NaN
21-05-2015 18:00,-21.42,966.8,12.8,91.23,NaN
21-05-2015 19:00,-21.5,966.8,13.75,90.02,NaN
21-05-2015 20:00,-21.55,967.07,12.8,92.3,NaN
21-05-2015 21:00,-21.97,967.29,12.5,93.45,NaN
21-05-2015 22:00,-21.93,967.19,14.12,89.37,NaN
21-05-2015 23:00,-21.9,967.35,12.84,91.5,NaN
22-05-2015 00:00,-21.65,967.86,11.26,89.42,NaN
22-05-2015 01:00,-21.75,968.4,12.07,90.05,NaN
22-05-2015 02:00,-21.7,969.04,12.23,85.48,NaN
22-05-2015 03:00,-21.61,969.48,12.52,84.4,NaN
22-05-2015 04:00,-21.91,970.01,13.96,89.32,NaN
22-05-2015 05:00,-21.67,970.82,12.32,83.85,NaN
22-05-2015 06:00,-21.94,971.59,11.68,83.65,NaN
22-05-2015 07:00,-22.35,972.64,10.16,73.02,NaN
22-05-2015 08:00,-22.3,973.4,10.7,73.23,NaN
22-05-2015 09:00,-22.48,974.22,10.87,59.87,NaN
22-05-2015 10:00,-22.57,974.86,11.2,59.37,NaN
22-05-2015 11:00,-22.31,975.26,12.29,78.33,NaN
22-05-2015 12:00,-22.39,975.6,13.19,79.55,NaN
22-05-2015 13:00,-22.94,975.86,13.34,83.73,NaN
22-05-2015 14:00,-23.59,976.1,13.57,86.73,NaN
22-05-2015 15:00,-23.62,976.23,13.55,85.73,NaN
22-05-2015 16:00,-23.95,976.08,14.15,87.45,NaN
22-05-2015 17:00,-24.24,975.93,15.24,88.2,NaN
22-05-2015 18:00,-24.33,975.82,15.25,87.98,NaN
22-05-2015 19:00,-24.6,975.84,15.06,85.85,NaN
22-05-2015 20:00,-25.05,975.97,13.4,88.95,NaN
22-05-2015 21:00,-26.23,976.01,11.74,99.08,NaN
22-05-2015 22:00,-26.3,976.01,10.92,98.28,NaN
22-05-2015 23:00,-26.11,976.04,10.75,102.67,NaN
23-05-2015 00:00,-26.46,975.68,10.14,109.86,NaN
23-05-2015 01:00,-26.68,975.49,10.72,111.45,NaN
23-05-2015 02:00,-26.18,975.51,8.33,102.55,NaN
23-05-2015 03:00,-26.28,975.15,7.51,101.08,NaN
23-05-2015 04:00,-26.54,974.73,7.29,113.57,NaN
23-05-2015 05:00,-26.61,974.58,7.19,110.45,NaN
23-05-2015 06:00,-26.55,974.17,7.47,113.98,NaN
23-05-2015 07:00,-26.79,973.88,7.29,102.68,NaN
23-05-2015 08:00,-26.71,973.81,5.74,95,NaN
23-05-2015 09:00,-27.23,973.53,5.46,79.94,NaN
23-05-2015 10:00,NaN,NaN,NaN,NaN,NaN
23-05-2015 11:00,NaN,NaN,NaN,NaN,NaN
23-05-2015 12:00,NaN,NaN,NaN,NaN,NaN
23-05-2015 13:00,NaN,NaN,NaN,NaN,NaN
23-05-2015 14:00,NaN,NaN,NaN,NaN,NaN
23-05-2015 15:00,NaN,NaN,NaN,NaN,NaN
23-05-2015 16:00,NaN,NaN,NaN,NaN,NaN
23-05-2015 17:00,NaN,NaN,NaN,NaN,NaN
23-05-2015 18:00,NaN,NaN,NaN,NaN,NaN
23-05-2015 19:00,NaN,NaN,NaN,NaN,NaN
23-05-2015 20:00,NaN,NaN,NaN,NaN,NaN
23-05-2015 21:00,NaN,NaN,NaN,NaN,NaN
23-05-2015 22:00,NaN,NaN,NaN,NaN,NaN
23-05-2015 23:00,NaN,NaN,NaN,NaN,NaN
24-05-2015 00:00,NaN,NaN,NaN,NaN,NaN
24-05-2015 01:00,NaN,NaN,NaN,NaN,NaN
24-05-2015 02:00,NaN,NaN,NaN,NaN,NaN
24-05-2015 03:00,NaN,NaN,NaN,NaN,NaN
24-05-2015 04:00,NaN,NaN,NaN,NaN,NaN
24-05-2015 05:00,NaN,NaN,NaN,NaN,NaN
24-05-2015 06:00,NaN,NaN,NaN,NaN,NaN
24-05-2015 07:00,NaN,NaN,NaN,NaN,NaN
24-05-2015 08:00,NaN,NaN,NaN,NaN,NaN
24-05-2015 09:00,-30.8,977.7,5.7,358,NaN
24-05-2015 10:00,NaN,NaN,NaN,NaN,NaN
24-05-2015 11:00,NaN,NaN,NaN,NaN,NaN
24-05-2015 12:00,NaN,NaN,NaN,NaN,NaN
24-05-2015 13:00,NaN,NaN,NaN,NaN,NaN
24-05-2015 14:00,NaN,NaN,NaN,NaN,NaN
24-05-2015 15:00,NaN,NaN,NaN,NaN,NaN
24-05-2015 16:00,NaN,NaN,NaN,NaN,NaN
24-05-2015 17:00,NaN,NaN,NaN,NaN,NaN
24-05-2015 18:00,NaN,NaN,NaN,NaN,NaN
24-05-2015 19:00,NaN,NaN,NaN,NaN,NaN
24-05-2015 20:00,NaN,NaN,NaN,NaN,NaN
24-05-2015 21:00,NaN,NaN,NaN,NaN,NaN
24-05-2015 22:00,NaN,NaN,NaN,NaN,NaN
24-05-2015 23:00,NaN,NaN,NaN,NaN,NaN
25-05-2015 00:00,NaN,NaN,NaN,NaN,NaN
25-05-2015 01:00,NaN,NaN,NaN,NaN,NaN
25-05-2015 02:00,NaN,NaN,NaN,NaN,NaN
25-05-2015 03:00,NaN,NaN,NaN,NaN,NaN
25-05-2015 04:00,NaN,NaN,NaN,NaN,NaN
25-05-2015 05:00,NaN,NaN,NaN,NaN,NaN
25-05-2015 06:00,NaN,NaN,NaN,NaN,NaN
25-05-2015 07:00,NaN,NaN,NaN,NaN,NaN
25-05-2015 08:00,NaN,NaN,NaN,NaN,NaN
25-05-2015 09:00,NaN,NaN,NaN,NaN,NaN
25-05-2015 10:00,NaN,NaN,NaN,NaN,NaN
25-05-2015 11:00,NaN,NaN,NaN,NaN,NaN
25-05-2015 12:00,NaN,NaN,NaN,NaN,NaN
25-05-2015 13:00,NaN,NaN,NaN,NaN,NaN
25-05-2015 14:00,NaN,NaN,NaN,NaN,NaN
25-05-2015 15:00,NaN,NaN,NaN,NaN,NaN
25-05-2015 16:00,NaN,NaN,NaN,NaN,NaN
25-05-2015 17:00,NaN,NaN,NaN,NaN,NaN
25-05-2015 18:00,NaN,NaN,NaN,NaN,NaN
25-05-2015 19:00,NaN,NaN,NaN,NaN,NaN
25-05-2015 20:00,NaN,NaN,NaN,NaN,NaN
25-05-2015 21:00,NaN,NaN,NaN,NaN,NaN
25-05-2015 22:00,NaN,NaN,NaN,NaN,NaN
25-05-2015 23:00,NaN,NaN,NaN,NaN,NaN
26-05-2015 00:00,NaN,NaN,NaN,NaN,NaN
26-05-2015 01:00,NaN,NaN,NaN,NaN,NaN
26-05-2015 02:00,NaN,NaN,NaN,NaN,NaN
26-05-2015 03:00,NaN,NaN,NaN,NaN,NaN
26-05-2015 04:00,NaN,NaN,NaN,NaN,NaN
26-05-2015 05:00,NaN,NaN,NaN,NaN,NaN
26-05-2015 06:00,NaN,NaN,NaN,NaN,NaN
26-05-2015 07:00,NaN,NaN,NaN,NaN,NaN
26-05-2015 08:00,NaN,NaN,NaN,NaN,NaN
26-05-2015 09:00,NaN,NaN,NaN,NaN,NaN
26-05-2015 10:00,NaN,NaN,NaN,NaN,NaN
26-05-2015 11:00,NaN,NaN,NaN,NaN,NaN
26-05-2015 12:00,-30.92,992.71,4.53,195.35,NaN
26-05-2015 13:00,-30.22,992.11,5.12,134.23,NaN
26-05-2015 14:00,-29.41,991.93,4.76,86.32,NaN
26-05-2015 15:00,-28.42,991.83,4.69,57.57,NaN
26-05-2015 16:00,-27.68,991.69,4.68,121.37,NaN
26-05-2015 17:00,-26.67,991.46,4.56,112.33,NaN
26-05-2015 18:00,-26.05,991.46,4.61,124.72,NaN
26-05-2015 19:00,-23.64,990.98,3.73,223.25,NaN
26-05-2015 20:00,-18.77,990.17,6.17,220.83,NaN
26-05-2015 21:00,-17.52,989.34,9.17,201.87,NaN
26-05-2015 22:00,-16.44,988.86,8.81,206.43,NaN
26-05-2015 23:00,-14.66,988.42,8.46,205.23,NaN
27-05-2015 00:00,-13.87,987.74,6.65,194.15,NaN
27-05-2015 01:00,-12.91,987.31,4.44,210.82,NaN
27-05-2015 02:00,-11.56,986.68,4.99,167.65,NaN
27-05-2015 03:00,-10.96,986.01,4.04,238.32,NaN
27-05-2015 04:00,-10.82,985.57,5.38,223.17,NaN
27-05-2015 05:00,-10.54,985.29,5.96,203.25,NaN
27-05-2015 06:00,-12.46,985.4,4.35,200.12,NaN
27-05-2015 07:00,-12.26,985.51,4.92,95.08,NaN
27-05-2015 08:00,-10.97,985.27,5.6,104.33,NaN
27-05-2015 09:00,-10.37,985.14,8.31,87.02,NaN
27-05-2015 10:00,-10.2,985.18,9.62,73.88,NaN
27-05-2015 11:00,-10.72,985.42,10.52,53.57,NaN
27-05-2015 12:00,-11.67,985.81,8.2,44.12,NaN
27-05-2015 13:00,-12.27,986.24,7.81,47.07,NaN
27-05-2015 14:00,-12.35,986.6,6.82,46.63,NaN
27-05-2015 15:00,-12.35,987.07,7.15,44.83,NaN
27-05-2015 16:00,-12.64,987.6,6.52,196.45,NaN
27-05-2015 17:00,-13.38,988.24,4.51,74.71,NaN
27-05-2015 18:00,-13.87,989.1,5.38,39.38,NaN
27-05-2015 19:00,-14.65,989.82,6.07,61.62,NaN
27-05-2015 20:00,-15.27,990.88,5.7,50.87,NaN
27-05-2015 21:00,-16.47,991.51,7.12,22.65,NaN
27-05-2015 22:00,-18.02,991.92,5.17,117.38,NaN
27-05-2015 23:00,-18.7,992.22,5.67,310.56,NaN
28-05-2015 00:00,NaN,NaN,NaN,NaN,NaN
28-05-2015 01:00,-18.2,993.25,4.63,281.2,NaN
28-05-2015 02:00,-17.04,993.42,5.06,184.15,NaN
28-05-2015 03:00,-17,993.64,5.23,206.32,NaN
28-05-2015 04:00,-16.92,993.9,4.92,70.93,NaN
28-05-2015 05:00,-16.71,994.14,4.65,190,NaN
28-05-2015 06:00,-16.81,994.34,4.63,159.17,NaN
28-05-2015 07:00,-15.64,994.18,4.34,147.35,NaN
28-05-2015 08:00,-15.12,993.98,4.84,152.97,NaN
28-05-2015 09:00,-15.76,993.78,5.78,62.93,NaN
28-05-2015 10:00,-16.16,993.46,5.96,63.65,NaN
28-05-2015 11:00,-15.7,992.86,4.96,73.67,NaN
28-05-2015 12:00,-15.54,992.31,4.27,58.12,NaN
28-05-2015 13:00,-15.3,991.86,3.91,90.68,NaN
28-05-2015 14:00,-13.67,991.27,4.41,134.78,NaN
28-05-2015 15:00,-12.82,990.77,4.55,199.42,NaN
28-05-2015 16:00,-12.79,990,7.23,205.28,NaN
28-05-2015 17:00,-10.71,989.02,5.98,167.47,NaN
28-05-2015 18:00,-9.32,988.21,6.01,73.67,NaN
28-05-2015 19:00,-7.55,987.31,9.12,69.5,NaN
28-05-2015 20:00,-6.77,986.09,12.74,76.22,NaN
28-05-2015 21:00,-6.28,985,14.71,77.83,NaN
28-05-2015 22:00,-5.93,983.37,15.78,78.32,NaN
28-05-2015 23:00,-5.61,981.46,17.79,76.5,NaN
29-05-2015 00:00,-5.34,979.2,17.99,76.78,NaN
29-05-2015 01:00,-4.99,977.91,18.98,76.6,NaN
29-05-2015 02:00,-4.41,977.36,18.41,70.83,NaN
29-05-2015 03:00,-4.44,978.16,12.31,41.02,NaN
29-05-2015 04:00,-4.86,977.68,11.79,54.88,NaN
29-05-2015 05:00,-4.52,976.65,19.71,52.9,NaN
29-05-2015 06:00,-4.68,975.78,22.31,49.55,NaN
29-05-2015 07:00,-4.79,975.6,22.03,51.2,NaN
29-05-2015 08:00,-4.95,976.21,19.48,52.37,NaN
29-05-2015 09:00,-5.23,976.49,18.5,52.47,NaN
29-05-2015 10:00,-5.5,976.61,19.27,52.82,NaN
29-05-2015 11:00,-5.72,976.87,19.99,54.73,NaN
29-05-2015 12:00,-5.94,977.46,20.16,54.5,NaN
29-05-2015 13:00,-6.27,978.13,19.08,51.93,NaN
29-05-2015 14:00,-6.52,978.76,18.43,49.78,NaN
29-05-2015 15:00,-6.92,980.25,17.7,45.23,NaN
29-05-2015 16:00,-7.4,981.37,16.77,50.38,NaN
29-05-2015 17:00,-7.61,981.92,17.26,52,NaN
29-05-2015 18:00,-7.64,982.63,15.31,51.75,NaN
29-05-2015 19:00,-7.66,983.17,13.72,48.88,NaN
29-05-2015 20:00,-7.57,983.89,13.31,47.2,NaN
29-05-2015 21:00,-7.71,984.21,12.21,50.48,NaN
29-05-2015 22:00,-7.83,984.28,11.76,50,NaN
29-05-2015 23:00,-7.89,984.72,11.01,46.27,NaN
30-05-2015 00:00,-7.92,985.79,6.3,45.43,NaN
30-05-2015 01:00,-8.08,986.52,4.41,145.15,NaN
30-05-2015 02:00,-8.46,986.9,6.29,206.3,NaN
30-05-2015 03:00,-8.65,987.45,5.66,243.25,NaN
30-05-2015 04:00,-8.78,987.8,5.18,216.17,NaN
30-05-2015 05:00,-8.74,987.88,4.47,117.85,NaN
30-05-2015 06:00,-9.1,988.19,5.22,100.9,NaN
30-05-2015 07:00,-9.36,988.28,7.55,86.57,NaN
30-05-2015 08:00,-10.02,988.61,8.56,92.75,NaN
30-05-2015 09:00,-10.1,988.82,7.89,92.6,NaN
30-05-2015 10:00,-9.34,988.85,8.46,84.7,NaN
30-05-2015 11:00,-9.42,988.64,8.45,85.5,NaN
30-05-2015 12:00,-9.52,988.29,8.99,83.72,NaN
30-05-2015 13:00,-9.89,988.08,8.53,82,NaN
30-05-2015 14:00,-10.22,988.11,7.62,65.1,NaN
30-05-2015 15:00,-10.38,987.85,7.21,72.25,NaN
30-05-2015 16:00,-10.36,987.77,7.94,77.22,NaN
30-05-2015 17:00,-10.43,987.64,7.77,74.28,NaN
30-05-2015 18:00,-10.4,987.49,7.59,74.98,NaN
30-05-2015 19:00,-10.51,987.17,7.96,85.02,NaN
30-05-2015 20:00,-10.31,986.54,8.99,87.98,NaN
30-05-2015 21:00,-10.61,985.99,9.28,92.33,NaN
30-05-2015 22:00,-10.74,985.43,7.81,92.72,NaN
30-05-2015 23:00,-10.98,984.84,8.44,91.87,NaN
31-05-2015 00:00,NaN,NaN,NaN,NaN,NaN
31-05-2015 01:00,NaN,NaN,NaN,NaN,NaN
31-05-2015 02:00,NaN,NaN,NaN,NaN,NaN
31-05-2015 03:00,NaN,NaN,NaN,NaN,NaN
31-05-2015 04:00,NaN,NaN,NaN,NaN,NaN
31-05-2015 05:00,NaN,NaN,NaN,NaN,NaN
31-05-2015 06:00,NaN,NaN,NaN,NaN,NaN
31-05-2015 07:00,NaN,NaN,NaN,NaN,NaN
31-05-2015 08:00,NaN,NaN,NaN,NaN,NaN
31-05-2015 09:00,NaN,NaN,NaN,NaN,NaN
31-05-2015 10:00,NaN,NaN,NaN,NaN,NaN
31-05-2015 11:00,NaN,NaN,NaN,NaN,NaN
31-05-2015 12:00,NaN,NaN,NaN,NaN,NaN
31-05-2015 13:00,NaN,NaN,NaN,NaN,NaN
31-05-2015 14:00,NaN,NaN,NaN,NaN,NaN
31-05-2015 15:00,NaN,NaN,NaN,NaN,NaN
31-05-2015 16:00,NaN,NaN,NaN,NaN,NaN
31-05-2015 17:00,NaN,NaN,NaN,NaN,NaN
31-05-2015 18:00,NaN,NaN,NaN,NaN,NaN
31-05-2015 19:00,NaN,NaN,NaN,NaN,NaN
31-05-2015 20:00,NaN,NaN,NaN,NaN,NaN
31-05-2015 21:00,NaN,NaN,NaN,NaN,NaN
31-05-2015 22:00,NaN,NaN,NaN,NaN,NaN
31-05-2015 23:00,NaN,NaN,NaN,NaN,NaN
01-06-2015 00:00,-15.21,970.55,5.33,151.92,NaN
01-06-2015 01:00,-13.89,969.91,5.6,138.73,NaN
01-06-2015 02:00,-13.33,969.44,4.45,155.7,NaN
01-06-2015 03:00,-13.49,968.98,4.25,227.55,NaN
01-06-2015 04:00,-12.7,968.8,4.6,167.12,NaN
01-06-2015 05:00,-11.82,968.41,6.05,64.5,NaN
01-06-2015 06:00,-11.46,967.83,8.86,80.48,NaN
01-06-2015 07:00,-11.65,967.18,10.21,88.83,NaN
01-06-2015 08:00,-11.44,966.63,7.54,87.68,NaN
01-06-2015 09:00,-10.78,965.99,7.45,79.38,NaN
01-06-2015 10:00,-10.97,965.33,10.34,82.58,NaN
01-06-2015 11:00,-11.01,964.65,12.4,86.32,NaN
01-06-2015 12:00,-10.94,964.12,14.21,82.33,NaN
01-06-2015 13:00,-10.48,963.84,13.9,79.53,NaN
01-06-2015 14:00,-10.65,963.38,14.78,74.57,NaN
01-06-2015 15:00,-10.29,962.75,14.49,82.98,NaN
01-06-2015 16:00,-9.64,961.82,14.86,82.37,NaN
01-06-2015 17:00,-9.33,961.81,10.52,70.72,NaN
01-06-2015 18:00,-9.17,962.1,7.88,74.98,NaN
01-06-2015 19:00,-8.69,961.77,7.21,79.5,NaN
01-06-2015 20:00,-7.25,960.96,11.44,70.7,NaN
01-06-2015 21:00,-6.69,960.77,12.08,69.85,NaN
01-06-2015 22:00,-6.58,960.75,11.4,63.12,NaN
01-06-2015 23:00,-6.11,960.32,14.62,54.73,NaN
02-06-2015 00:00,-5.46,959.6,17.46,51.88,NaN
02-06-2015 01:00,-5.47,959.4,23.17,56.28,NaN
02-06-2015 02:00,-5.56,959.5,15.96,57.05,NaN
02-06-2015 03:00,-5.4,960.03,17.83,45.47,NaN
02-06-2015 04:00,-5.63,960.4,19.91,48.9,NaN
02-06-2015 05:00,-5.82,960.26,22.5,52.8,NaN
02-06-2015 06:00,-5.46,961.9,24.67,48.02,NaN
02-06-2015 07:00,-8.4,967.28,20.72,39.62,NaN
02-06-2015 08:00,-11.6,971.97,21.53,44.53,NaN
02-06-2015 09:00,-12.04,975.79,18.93,45.55,NaN
02-06-2015 10:00,-12.78,979.56,15.41,32.23,NaN
02-06-2015 11:00,-12.69,982.15,14.37,36.77,NaN
02-06-2015 12:00,-12.87,984.51,14.11,33.22,NaN
02-06-2015 13:00,-12.87,986.76,12.17,43.82,NaN
02-06-2015 14:00,-12.48,988.54,10.82,50.23,NaN
02-06-2015 15:00,-12.36,989.94,11.35,45.5,NaN
02-06-2015 16:00,-12.38,991.16,10.27,42.07,NaN
02-06-2015 17:00,-12.38,992.16,9.29,33.68,NaN
02-06-2015 18:00,-12.3,992.96,8.78,29.72,NaN
02-06-2015 19:00,-12.42,993.87,8.46,35.48,NaN
02-06-2015 20:00,-12.66,994.94,6.84,27.72,NaN
02-06-2015 21:00,-12.82,995.6,6.09,36.83,NaN
02-06-2015 22:00,-12.81,995.92,5.11,46.62,NaN
02-06-2015 23:00,-12.8,995.83,4.1,153.28,NaN
03-06-2015 00:00,-12.87,995.28,6,222,NaN
03-06-2015 01:00,-12.79,994.79,7.38,215.35,NaN
03-06-2015 02:00,-12.67,994.01,8.46,213.57,NaN
03-06-2015 03:00,-12.81,992.92,8.7,212.93,NaN
03-06-2015 04:00,-12.45,991.76,9.57,202.28,NaN
03-06-2015 05:00,-11.79,990.67,7.85,191.37,NaN
03-06-2015 06:00,-10.85,989.89,4.5,224.77,NaN
03-06-2015 07:00,-9.62,988.99,5.16,105.43,NaN
03-06-2015 08:00,-9.05,988.06,6.03,114.33,NaN
03-06-2015 09:00,-7.99,987.15,6.54,94.25,NaN
03-06-2015 10:00,-5.53,986.47,9.02,75.07,NaN
03-06-2015 11:00,-4.22,985.81,9.63,80.83,NaN
03-06-2015 12:00,-3.96,985.06,11.49,68.18,NaN
03-06-2015 13:00,-4.14,984.39,10.73,65,NaN
03-06-2015 14:00,-4.21,983.72,9.3,73.73,NaN
03-06-2015 15:00,-4.14,983.42,8.24,74.92,NaN
03-06-2015 16:00,-3.87,982.93,7.22,73.55,NaN
03-06-2015 17:00,-4,982.11,5.57,119.15,NaN
03-06-2015 18:00,-4.04,981.6,5.86,105.13,NaN
03-06-2015 19:00,-3.38,981.01,7.38,87.7,NaN
03-06-2015 20:00,-2.89,980.74,7.45,89.4,NaN
03-06-2015 21:00,-2.91,980.15,8.45,86.2,NaN
03-06-2015 22:00,-2.69,979.51,9.78,82.67,NaN
03-06-2015 23:00,-2.71,978.71,8.41,81.22,NaN
04-06-2015 00:00,-2.81,978.05,9.28,73.85,NaN
04-06-2015 01:00,-2.94,977.48,9.9,66.93,NaN
04-06-2015 02:00,-2.68,976.88,9.85,70.18,NaN
04-06-2015 03:00,-2.9,976.42,6.92,85.57,NaN
04-06-2015 04:00,-3.21,975.6,5.6,118.37,NaN
04-06-2015 05:00,-2.37,975.2,8.48,66.9,NaN
04-06-2015 06:00,-2.69,974.84,6.32,85.57,NaN
04-06-2015 07:00,-2.59,974.22,7.74,96.13,NaN
04-06-2015 08:00,-2.1,973.75,13.92,50.8,NaN
04-06-2015 09:00,-2.78,974.51,13.54,47.07,NaN
04-06-2015 10:00,-3.5,975.37,11.65,60.6,NaN
04-06-2015 11:00,-3.34,976.08,12.46,65.93,NaN
04-06-2015 12:00,-3.18,976.75,11.08,58.28,NaN
04-06-2015 13:00,-3.57,977.27,7.11,66.2,NaN
04-06-2015 14:00,-3.81,977.38,10.54,72.63,NaN
04-06-2015 15:00,-3.89,977.67,10.6,80.03,NaN
04-06-2015 16:00,-3.78,977.68,11,85.45,NaN
04-06-2015 17:00,-2.89,977.72,11.18,80.28,NaN
04-06-2015 18:00,-3.06,977.67,12.3,85.8,NaN
04-06-2015 19:00,-3,977.69,11.27,87.53,NaN
04-06-2015 20:00,-3.39,977.73,12.72,87.1,NaN
04-06-2015 21:00,-3.49,977.91,12.34,84.68,NaN
04-06-2015 22:00,-3.77,978.01,12.57,85.15,NaN
04-06-2015 23:00,-4.18,977.98,12.7,87.83,NaN
05-06-2015 00:00,-4.9,977.99,13.27,87.42,NaN
05-06-2015 01:00,-5.77,977.86,12.29,90.98,NaN
05-06-2015 02:00,-6.46,977.71,12.21,92.28,NaN
05-06-2015 03:00,-6.71,977.37,11.65,97.48,NaN
05-06-2015 04:00,-6.55,977.14,10.85,99.95,NaN
05-06-2015 05:00,-6.92,976.95,11.65,93.23,NaN
05-06-2015 06:00,-6.53,976.62,10.53,94.72,NaN
05-06-2015 07:00,-5.58,976.51,10.98,87.35,NaN
05-06-2015 08:00,-5.11,976.47,9.14,87.3,NaN
05-06-2015 09:00,-4.66,976.56,9.29,79.08,NaN
05-06-2015 10:00,-4.25,976.91,9.23,55.15,NaN
05-06-2015 11:00,-4.01,976.84,11.19,67.67,NaN
05-06-2015 12:00,-4.21,976.94,13.45,78.83,NaN
05-06-2015 13:00,-4.21,977.3,13.85,62.42,NaN
05-06-2015 14:00,-4.66,977.72,13.69,61.77,NaN
05-06-2015 15:00,-5.03,978.41,12.99,60.28,NaN
05-06-2015 16:00,-4.89,978.76,12.97,70.02,NaN
05-06-2015 17:00,-4.72,979.14,12.33,74.67,NaN
05-06-2015 18:00,-5.11,979.36,11.93,86.65,NaN
05-06-2015 19:00,-4.62,979.55,12.35,85.13,NaN
05-06-2015 20:00,-4.93,979.97,12.94,85.15,NaN
05-06-2015 21:00,-4.54,980.27,11.87,71.58,NaN
05-06-2015 22:00,-4.34,980.79,10.77,72.83,NaN
05-06-2015 23:00,-4.76,980.98,13.65,85.02,NaN
06-06-2015 00:00,-4.66,981.54,12.71,85.7,NaN
06-06-2015 01:00,-3.73,982.08,10.9,72.62,NaN
06-06-2015 02:00,-4.49,982.48,12.45,84.78,NaN
06-06-2015 03:00,-5.11,982.44,12.87,85.33,NaN
06-06-2015 04:00,-5.5,983.07,12.74,86.62,NaN
06-06-2015 05:00,-6.09,983.28,12.93,85.46,NaN
06-06-2015 06:00,-6.27,983.54,12.87,87.38,NaN
06-06-2015 07:00,-5.64,983.81,12.64,85.28,NaN
06-06-2015 08:00,-5.62,984.23,12.44,86.28,NaN
06-06-2015 09:00,-5.89,984.75,12.46,88.83,NaN
06-06-2015 10:00,-6.24,985.12,12.92,89.13,NaN
06-06-2015 11:00,-6.88,985.32,13.38,88.42,NaN
06-06-2015 12:00,-7.31,985.48,13.74,88.87,NaN
06-06-2015 13:00,-7.31,985.76,13.31,89.48,NaN
06-06-2015 14:00,-7.5,986.16,10.97,93.6,NaN
06-06-2015 15:00,-7.35,986.29,12.14,90.58,NaN
06-06-2015 16:00,-8.4,986.38,10.12,99.82,NaN
06-06-2015 17:00,-8.09,986.52,11.04,102.28,NaN
06-06-2015 18:00,-9.13,986.72,10.24,103.68,NaN
06-06-2015 19:00,-9.47,986.88,10.94,105.27,NaN
06-06-2015 20:00,-9.92,986.82,11.21,99.15,NaN
06-06-2015 21:00,-10.58,987,11.34,98.07,NaN
06-06-2015 22:00,-10.33,986.99,11.08,106.15,NaN
06-06-2015 23:00,-11.2,986.97,12.13,92.97,NaN
07-06-2015 00:00,-11.67,986.86,11.14,101.32,NaN
07-06-2015 01:00,-11.82,986.75,11.32,96.4,NaN
07-06-2015 02:00,-12.23,986.45,11.55,95.03,NaN
07-06-2015 03:00,-12.09,986.31,10.63,104.81,NaN
07-06-2015 04:00,-12.28,986.27,10.14,98.98,NaN
07-06-2015 05:00,-12.93,986.14,10.18,103.17,NaN
07-06-2015 06:00,-12.42,986.07,10.99,98.08,NaN
07-06-2015 07:00,-12.82,985.81,10.63,96.4,NaN
07-06-2015 08:00,-11.95,985.77,10.04,108.32,NaN
07-06-2015 09:00,-12.11,985.79,9.94,95.32,NaN
07-06-2015 10:00,-11.95,985.49,9.9,96.92,NaN
07-06-2015 11:00,-12.01,985.28,10.24,96.57,NaN
07-06-2015 12:00,-11.78,985.09,9.68,94.48,NaN
07-06-2015 13:00,-11.38,984.72,9.2,101.85,NaN
07-06-2015 14:00,-11.33,984.26,9.14,98.4,NaN
07-06-2015 15:00,-11.3,983.92,9.1,97.57,NaN
07-06-2015 16:00,-11.48,983.55,10.22,95.93,NaN
07-06-2015 17:00,-11.47,983.32,10.2,100.5,NaN
07-06-2015 18:00,-11.7,983.01,9.74,106.15,NaN
07-06-2015 19:00,-12.32,982.69,10.86,112.98,NaN
07-06-2015 20:00,-12.46,982.53,10.94,113.95,NaN
07-06-2015 21:00,-12.39,982.25,10.39,112.13,NaN
07-06-2015 22:00,-13.36,981.87,11.8,115.72,NaN
07-06-2015 23:00,-13.93,981.54,11.75,114.57,NaN
08-06-2015 00:00,-14.21,981.02,12.46,115.27,NaN
08-06-2015 01:00,-14.34,980.52,12.13,116.72,NaN
08-06-2015 02:00,-14.52,980.21,11.89,116.63,NaN
08-06-2015 03:00,-14.61,980.06,11.6,112.68,NaN
08-06-2015 04:00,-14.9,979.87,11.57,110.47,NaN
08-06-2015 05:00,-15.26,979.34,12.32,111.23,NaN
08-06-2015 06:00,-14.92,979,11.27,108.77,NaN
08-06-2015 07:00,-15.35,978.82,12.09,111.92,NaN
08-06-2015 08:00,-15.73,978.63,12.31,109.97,NaN
08-06-2015 09:00,-15.87,978.51,12.35,107.48,NaN
08-06-2015 10:00,-16.2,978.06,12.73,112.58,NaN
08-06-2015 11:00,-16.5,977.79,13.37,115.85,NaN
08-06-2015 12:00,-15.95,977.67,11.21,107.43,NaN
08-06-2015 13:00,-16.06,977.44,12.49,95.43,NaN
08-06-2015 14:00,-16.11,977.42,12.18,94.08,NaN
08-06-2015 15:00,-16.31,977.41,12.32,92.9,NaN
08-06-2015 16:00,-16.06,977.3,12.75,88.65,NaN
08-06-2015 17:00,-16.23,977.47,12.21,86.53,NaN
08-06-2015 18:00,-16.21,977.62,13.26,85.03,NaN
08-06-2015 19:00,-16.46,977.83,14.45,83.53,NaN
08-06-2015 20:00,-16.96,977.94,14.77,87.03,NaN
08-06-2015 21:00,-16.57,978.35,14.46,89.67,NaN
08-06-2015 22:00,-16.8,978.43,15.58,89.48,NaN
08-06-2015 23:00,-16.57,978.61,14.68,87.82,NaN
09-06-2015 00:00,-16.15,978.62,14.66,85.97,NaN
09-06-2015 01:00,-15.91,978.66,15.2,87.53,NaN
09-06-2015 02:00,-15.63,978.86,13.8,90.28,NaN
09-06-2015 03:00,-15.32,979.09,13.54,89.27,NaN
09-06-2015 04:00,-14.59,979.22,12.62,92.95,NaN
09-06-2015 05:00,-13.36,979.51,10.98,98.7,NaN
09-06-2015 06:00,-12.96,979.44,12.09,102.85,NaN
09-06-2015 07:00,-13.35,979.25,14.05,103.08,NaN
09-06-2015 08:00,-13.24,978.98,15.64,88.72,NaN
09-06-2015 09:00,-12.73,978.9,15.17,87.82,NaN
09-06-2015 10:00,-11.69,978.85,14.66,84.7,NaN
09-06-2015 11:00,-11.35,978.67,14.2,84.5,NaN
09-06-2015 12:00,-10.82,979.11,12.82,81.8,NaN
09-06-2015 13:00,-10.35,979.13,13.34,80.9,NaN
09-06-2015 14:00,-9.7,979.35,13.11,79.05,NaN
09-06-2015 15:00,-9.41,979.48,13.88,77.07,NaN
09-06-2015 16:00,-9.15,979.86,12.67,76.48,NaN
09-06-2015 17:00,-9.44,980.18,12.81,81.63,NaN
09-06-2015 18:00,-9.98,980.25,15.06,85.3,NaN
09-06-2015 19:00,-10.64,980.13,16.76,84.85,NaN
09-06-2015 20:00,-11.12,980.22,16.65,90.13,NaN
09-06-2015 21:00,-11.57,980.15,15.85,93.4,NaN
09-06-2015 22:00,-11.67,980.28,15.37,93.4,NaN
09-06-2015 23:00,-12.64,980.44,15.03,95.7,NaN
10-06-2015 00:00,-12.94,980.47,14.65,95.07,NaN
10-06-2015 01:00,-13.06,980.7,13.79,98.03,NaN
10-06-2015 02:00,-13.38,980.5,14.13,100.25,NaN
10-06-2015 03:00,-13.54,980.44,13.47,96.55,NaN
10-06-2015 04:00,-14.17,980.1,13.8,95.13,NaN
10-06-2015 05:00,-15.06,979.69,14.24,95.28,NaN
10-06-2015 06:00,-15.39,979.18,13.17,109.8,NaN
10-06-2015 07:00,-16.08,978.86,13.91,100.43,NaN
10-06-2015 08:00,-16.49,978.29,13.06,94.78,NaN
10-06-2015 09:00,-17.1,977.78,13,98.48,NaN
10-06-2015 10:00,-17.29,977.38,12.4,99.38,NaN
10-06-2015 11:00,-17.15,976.93,11.55,101.37,NaN
10-06-2015 12:00,-16.75,976.38,10.9,84.98,NaN
10-06-2015 13:00,-16.91,975.51,10.14,91.45,NaN
10-06-2015 14:00,-16.86,974.5,11.32,90.13,NaN
10-06-2015 15:00,-16.44,973.7,10.86,77.12,NaN
10-06-2015 16:00,-16.16,973.12,9.99,79.85,NaN
10-06-2015 17:00,-16.12,972.57,10.41,73.93,NaN
10-06-2015 18:00,-15.94,972.05,10.02,71.02,NaN
10-06-2015 19:00,-15.6,971.82,10.05,67.5,NaN
10-06-2015 20:00,-15.42,971.36,11.08,75.2,NaN
10-06-2015 21:00,-14.61,970.83,12.19,76.33,NaN
10-06-2015 22:00,-14.11,970.9,10.68,69.13,NaN
10-06-2015 23:00,-13.49,970.39,11.34,79.55,NaN
11-06-2015 00:00,-12.66,970.03,10.14,75.35,NaN
11-06-2015 01:00,-12.56,969.74,11.95,85.3,NaN
11-06-2015 02:00,-11.5,969.38,11.88,83.17,NaN
11-06-2015 03:00,-10.68,969.04,13.05,77.93,NaN
11-06-2015 04:00,-11.51,968.3,14.61,84.22,NaN
11-06-2015 05:00,-11.89,967.44,15.07,85.23,NaN
11-06-2015 06:00,-11.59,967.14,13.04,81.98,NaN
11-06-2015 07:00,-10.99,966.94,11.12,78.3,NaN
11-06-2015 08:00,-10.54,967.06,10.41,71.23,NaN
11-06-2015 09:00,-10.23,966.94,10.97,79.25,NaN
11-06-2015 10:00,-10.12,966.93,10.8,79.35,NaN
11-06-2015 11:00,-10.01,966.63,10.79,79.68,NaN
11-06-2015 12:00,-10.56,966.56,11.65,80.68,NaN
11-06-2015 13:00,-10.48,966.59,10.98,78.85,NaN
11-06-2015 14:00,-10.77,966.48,12.29,79.17,NaN
11-06-2015 15:00,-11.12,966.29,12.44,78.55,NaN
11-06-2015 16:00,-11.56,966.21,12.15,82.95,NaN
11-06-2015 17:00,-11.81,966.11,10.74,80.62,NaN
11-06-2015 18:00,-12.31,966.19,10.53,87.53,NaN
11-06-2015 19:00,-12.46,966.42,9.78,88.28,NaN
11-06-2015 20:00,-12.71,966.7,8.99,89.02,NaN
11-06-2015 21:00,-12.31,967.28,8.34,79.07,NaN
11-06-2015 22:00,-11.57,967.84,8.51,77.18,NaN
11-06-2015 23:00,-11.45,968.35,8.45,83.35,NaN
12-06-2015 00:00,-11.01,968.76,8.83,70.38,NaN
12-06-2015 01:00,-10.25,969.3,9.98,60.23,NaN
12-06-2015 02:00,-9.85,969.76,11.67,63.83,NaN
12-06-2015 03:00,-9.74,970.4,12.03,65.47,NaN
12-06-2015 04:00,-10.03,971.11,12.29,65.05,NaN
12-06-2015 05:00,-10.05,971.55,13.03,64.87,NaN
12-06-2015 06:00,-10.14,972.18,13.06,62.92,NaN
12-06-2015 07:00,-10.15,972.95,12.11,62.18,NaN
12-06-2015 08:00,-10.18,973.44,12.57,60.73,NaN
12-06-2015 09:00,-10.12,974.1,13.26,58.42,NaN
12-06-2015 10:00,-10.04,974.79,13.92,58.43,NaN
12-06-2015 11:00,-10.14,975.5,13.92,59.8,NaN
12-06-2015 12:00,-10.13,976.35,13.31,56.7,NaN
12-06-2015 13:00,-10.06,977.39,12.18,56.72,NaN
12-06-2015 14:00,-9.91,978.28,11.44,57.6,NaN
12-06-2015 15:00,-9.98,979.28,8.42,64.88,NaN
12-06-2015 16:00,-9.89,980.02,9.32,53.88,NaN
12-06-2015 17:00,-9.6,980.54,10.19,51.85,NaN
12-06-2015 18:00,-9.5,981.09,9.88,53.85,NaN
12-06-2015 19:00,-9.62,981.83,8.07,59.58,NaN
12-06-2015 20:00,-9.71,982.17,9.64,72.98,NaN
12-06-2015 21:00,-10.22,982.51,11.29,83.08,NaN
12-06-2015 22:00,-10.29,982.85,11.26,82.28,NaN
12-06-2015 23:00,-10.5,983.01,11.72,83.25,NaN
13-06-2015 00:00,-11.24,982.86,13.82,87.3,NaN
13-06-2015 01:00,-11.41,982.97,13.62,87.73,NaN
13-06-2015 02:00,-11.03,983.21,12.2,86.27,NaN
13-06-2015 03:00,-11.23,983.46,12.57,87.98,NaN
13-06-2015 04:00,-11.19,983.65,12.48,86.83,NaN
13-06-2015 05:00,-11.27,983.79,12.18,87.88,NaN
13-06-2015 06:00,-12.05,983.98,10.19,99.48,NaN
13-06-2015 07:00,-13.63,983.98,11.29,117.43,NaN
13-06-2015 08:00,-14.06,983.81,12.15,119.67,NaN
13-06-2015 09:00,-13.58,983.85,11.02,112.88,NaN
13-06-2015 10:00,-13.82,984.04,10.49,104.2,NaN
13-06-2015 11:00,-14.73,984.1,12.43,108.28,NaN
13-06-2015 12:00,-15.47,984.07,13.33,108.47,NaN
13-06-2015 13:00,-16.04,983.66,12.32,109.43,NaN
13-06-2015 14:00,-15.79,983.38,11.46,99.87,NaN
13-06-2015 15:00,-15.46,983.06,10.48,96.57,NaN
13-06-2015 16:00,-15.11,983.16,11,87.63,NaN
13-06-2015 17:00,-14.6,983.25,9.69,81.72,NaN
13-06-2015 18:00,-14.79,983.32,11.17,85.28,NaN
13-06-2015 19:00,-14.7,983.32,11.06,84.2,NaN
13-06-2015 20:00,-14.56,983.58,9.96,82.08,NaN
13-06-2015 21:00,-14.8,983.98,9.21,77.58,NaN
13-06-2015 22:00,-14.48,984.27,8.76,78.43,NaN
13-06-2015 23:00,-14.68,984.3,9.64,83.65,NaN
14-06-2015 00:00,-14.87,984.4,10.24,85.08,NaN
14-06-2015 01:00,-14.81,984.75,10.2,84.4,NaN
14-06-2015 02:00,-14.94,985.36,8.95,83.65,NaN
14-06-2015 03:00,-15.13,985.98,9.23,88.03,NaN
14-06-2015 04:00,-15.05,986.12,9.6,86.33,NaN
14-06-2015 05:00,-15.28,986.52,10.05,86.95,NaN
14-06-2015 06:00,-14.9,987.21,9.35,82.2,NaN
14-06-2015 07:00,-15.3,987.61,10.98,85.97,NaN
14-06-2015 08:00,-15.55,988,11.14,87.35,NaN
14-06-2015 09:00,-15.65,988.53,11.25,88,NaN
14-06-2015 10:00,-15.96,988.98,11.69,87.97,NaN
14-06-2015 11:00,-16.16,989.38,12.02,87.8,NaN
14-06-2015 12:00,-16.39,989.77,12.97,86.35,NaN
14-06-2015 13:00,-16.58,990.26,12.35,87.82,NaN
14-06-2015 14:00,-16.59,990.77,11.74,88.02,NaN
14-06-2015 15:00,-16.61,991.4,11.96,87.65,NaN
14-06-2015 16:00,-16.69,991.76,12.76,88.08,NaN
14-06-2015 17:00,-16.43,992.36,11.68,85.32,NaN
14-06-2015 18:00,-16.43,993.05,11.05,85.27,NaN
14-06-2015 19:00,-16.52,993.6,11.54,87.42,NaN
14-06-2015 20:00,-16.61,994.09,10.37,87.4,NaN
14-06-2015 21:00,-16.46,994.98,10.55,84.87,NaN
14-06-2015 22:00,-16.33,995.57,9.4,83.18,NaN
14-06-2015 23:00,-16.52,996.05,10.18,87.42,NaN
15-06-2015 00:00,-16.33,996.48,9.52,84.28,NaN
15-06-2015 01:00,-16.41,996.94,9.25,85.08,NaN
15-06-2015 02:00,-16.49,997.33,8.51,84.9,NaN
15-06-2015 03:00,-16.87,997.89,8.75,87.67,NaN
15-06-2015 04:00,-16.55,998.35,7.86,84.95,NaN
15-06-2015 05:00,-17.1,998.93,7.84,87.28,NaN
15-06-2015 06:00,-17.54,999.36,7.75,88.38,NaN
15-06-2015 07:00,-17.63,999.61,8.11,85,NaN
15-06-2015 08:00,-18.05,850.88,5.87,70.25,NaN
15-06-2015 09:00,-18.05,842.75,7.09,69.85,NaN
15-06-2015 10:00,-18.03,836.88,7.38,81.67,NaN
15-06-2015 11:00,-18.16,839.71,5.48,67.5,NaN
15-06-2015 12:00,-18.66,885.73,4.89,73.57,NaN
15-06-2015 13:00,-18.73,806.35,4.67,84.92,NaN
15-06-2015 14:00,-19.07,829.57,4.15,112.53,NaN
15-06-2015 15:00,-19.02,837.21,4.64,104.08,NaN
15-06-2015 16:00,-19.05,824.95,4.85,87.92,NaN
15-06-2015 17:00,-18.91,840.26,4.42,120.63,NaN
15-06-2015 18:00,-18.62,956,6.17,81.52,NaN
15-06-2015 19:00,-18.62,999.24,6.51,95.07,NaN
15-06-2015 20:00,-18.5,999.12,4.99,101.35,NaN
15-06-2015 21:00,-18.91,999.01,5.72,106.88,NaN
15-06-2015 22:00,-19,998.58,7.21,96.52,NaN
15-06-2015 23:00,-18.98,998.22,6.9,89.48,NaN
16-06-2015 00:00,-19.19,997.57,7.92,97.82,NaN
16-06-2015 01:00,-19.37,997.18,7.96,89.33,NaN
16-06-2015 02:00,-19.33,996.77,7.79,95.15,NaN
16-06-2015 03:00,-19.62,996.22,6.85,92.67,NaN
16-06-2015 04:00,-19.87,995.81,8.47,98.17,NaN
16-06-2015 05:00,-20.26,995.32,9.3,101.38,NaN
16-06-2015 06:00,-20.82,994.82,8.73,106.68,NaN
16-06-2015 07:00,-21.27,994.29,9.99,110.73,NaN
16-06-2015 08:00,-21.77,993.81,9.99,112.07,NaN
16-06-2015 09:00,-21.95,993.29,10.31,108.2,NaN
16-06-2015 10:00,-21.94,992.77,9.65,102.67,NaN
16-06-2015 11:00,-22.48,992.25,9.87,111.33,NaN
16-06-2015 12:00,NaN,NaN,NaN,NaN,NaN
16-06-2015 13:00,NaN,NaN,NaN,NaN,NaN
16-06-2015 14:00,-22.52,990.6,8.62,82.88,NaN
16-06-2015 15:00,-22.52,990.01,9.33,71.77,NaN
16-06-2015 16:00,-22.5,989.37,10.38,82,NaN
16-06-2015 17:00,-22.28,988.69,10.8,73.28,NaN
16-06-2015 18:00,-22.48,988.11,11.16,75.27,NaN
16-06-2015 19:00,-22.53,987.67,11.26,79.05,NaN
16-06-2015 20:00,-22.81,987.24,11.94,73.1,NaN
16-06-2015 21:00,-22.96,986.96,12.06,77.98,NaN
16-06-2015 22:00,-23.17,986.63,12.34,76.47,NaN
16-06-2015 23:00,-23.33,986.35,12.22,76.62,NaN
17-06-2015 00:00,-23.45,985.96,12.52,78.58,NaN
17-06-2015 01:00,-23.64,985.78,11.81,80.17,NaN
17-06-2015 02:00,-23.83,985.72,11.86,77.18,NaN
17-06-2015 03:00,-24,985.59,12.15,73.57,NaN
17-06-2015 04:00,-24.22,985.89,12.21,74.62,NaN
17-06-2015 05:00,-24.17,985.97,12.26,78.02,NaN
17-06-2015 06:00,-24.36,986.09,12.3,70.88,NaN
17-06-2015 07:00,-24.45,986.2,12.22,74.97,NaN
17-06-2015 08:00,-24.68,986.22,12.89,74.62,NaN
17-06-2015 09:00,-24.84,986.7,11.83,70.27,NaN
17-06-2015 10:00,-25.17,986.92,11.31,72.52,NaN
17-06-2015 11:00,-25.36,987.23,10.47,67.35,NaN
17-06-2015 12:00,-25.46,987.25,10.58,67.98,NaN
17-06-2015 13:00,-25.68,987.21,10.68,63.92,NaN
17-06-2015 14:00,-25.93,987.27,10.43,72.33,NaN
17-06-2015 15:00,-26.12,987.73,10.37,61.22,NaN
17-06-2015 16:00,-26.25,988.35,10.23,58.85,NaN
17-06-2015 17:00,-26.58,988.69,10.68,63.17,NaN
17-06-2015 18:00,-26.64,989.42,9.66,57.13,NaN
17-06-2015 19:00,-27.31,989.9,9.94,79.4,NaN
17-06-2015 20:00,-27.56,990.39,9.89,80.98,NaN
17-06-2015 21:00,-27.05,990.94,10.58,59.32,NaN
17-06-2015 22:00,-27.37,991.52,10.82,78.28,NaN
17-06-2015 23:00,-26.99,992.02,11.26,64.17,NaN
18-06-2015 00:00,-26.62,992.53,11.96,56.58,NaN
18-06-2015 01:00,-26.68,993.05,11.62,61.67,NaN
18-06-2015 02:00,-26.95,993.81,10.77,71.33,NaN
18-06-2015 03:00,-27.11,994.19,11.6,82.63,NaN
18-06-2015 04:00,-26.75,994.59,11.29,78.78,NaN
18-06-2015 05:00,-26.87,994.91,11.31,76.75,NaN
18-06-2015 06:00,-26.77,995.02,11.19,77.05,NaN
18-06-2015 07:00,-26.65,995.05,11.11,79.42,NaN
18-06-2015 08:00,-26.37,995.21,10.97,75.28,NaN
18-06-2015 09:00,-25.77,995.64,10.48,71.1,NaN
18-06-2015 10:00,-24.5,995.57,10.8,80.75,NaN
18-06-2015 11:00,-23.84,995.45,11.72,84.48,NaN
18-06-2015 12:00,-24.07,995.39,12.85,85.62,NaN
18-06-2015 13:00,-24.21,995.29,12.99,86.82,NaN
18-06-2015 14:00,-23.73,995.16,12.96,86.12,NaN
18-06-2015 15:00,-23.39,995.14,12.55,87.03,NaN
18-06-2015 16:00,-23.35,995.32,11.86,88.48,NaN
18-06-2015 17:00,-23.38,995.58,10.53,89.43,NaN
18-06-2015 18:00,-24.47,995.63,10.02,93.95,NaN
18-06-2015 19:00,-24.7,995.63,10.12,90.4,NaN
18-06-2015 20:00,-24.57,995.58,10.72,86.9,NaN
18-06-2015 21:00,-24.51,995.32,11.07,89.17,NaN
18-06-2015 22:00,-24.99,994.88,11.56,91.97,NaN
18-06-2015 23:00,-22.86,994.67,10.3,67.73,NaN
19-06-2015 00:00,-22.48,994.2,11.24,83.58,NaN
19-06-2015 01:00,-21.59,993.31,10.82,80.38,NaN
19-06-2015 02:00,-20.53,992.81,11.35,56.42,NaN
19-06-2015 03:00,-20.42,992.57,9.8,42.03,NaN
19-06-2015 04:00,-20.67,992.62,6.72,165.68,NaN
19-06-2015 05:00,-21.06,992.48,5.66,231.63,NaN
19-06-2015 06:00,-21.26,992.2,4.05,217.62,NaN
19-06-2015 07:00,-21.15,991.87,4.26,175.5,NaN
19-06-2015 08:00,-21.04,991.39,4.08,142.95,NaN
19-06-2015 09:00,-20.88,990.95,4.66,215.17,NaN
19-06-2015 10:00,-20.82,990.82,6.24,219.47,NaN
19-06-2015 11:00,-22.01,990.81,7.38,223.97,NaN
19-06-2015 12:00,-23.01,990.45,7.43,213.63,NaN
19-06-2015 13:00,-22.98,990.08,8.35,215.5,NaN
19-06-2015 14:00,-23.87,990.01,8.65,219.2,NaN
19-06-2015 15:00,-25.22,990.13,8.29,231.18,NaN
19-06-2015 16:00,-26.78,990.38,6.73,214.6,NaN
19-06-2015 17:00,-26.46,990.64,5.97,212.28,NaN
19-06-2015 18:00,-26.71,991.02,4.91,129.62,NaN
19-06-2015 19:00,-28.4,991.78,4.88,78.48,NaN
19-06-2015 20:00,-29.43,992.22,4.94,145.77,NaN
19-06-2015 21:00,-30.87,993.03,4.73,311,NaN
19-06-2015 22:00,NaN,NaN,NaN,NaN,NaN
19-06-2015 23:00,-30.74,994.62,5.26,319.71,NaN
20-06-2015 00:00,-30.38,994.81,5.24,313,NaN
20-06-2015 01:00,-30.78,995.12,5.42,312.18,NaN
20-06-2015 02:00,NaN,NaN,NaN,NaN,NaN
20-06-2015 03:00,NaN,NaN,NaN,NaN,NaN
20-06-2015 04:00,NaN,NaN,NaN,NaN,NaN
20-06-2015 05:00,NaN,NaN,NaN,NaN,NaN
20-06-2015 06:00,NaN,NaN,NaN,NaN,NaN
20-06-2015 07:00,NaN,NaN,NaN,NaN,NaN
20-06-2015 08:00,NaN,NaN,NaN,NaN,NaN
20-06-2015 09:00,NaN,NaN,NaN,NaN,NaN
20-06-2015 10:00,-29.69,999.19,5.29,232.44,NaN
20-06-2015 11:00,-30.3,999.6,3.8,333,NaN
20-06-2015 12:00,NaN,NaN,NaN,NaN,NaN
20-06-2015 13:00,-30.49,999.45,4.96,189.71,NaN
20-06-2015 14:00,-30,999.38,5.14,167.83,NaN
20-06-2015 15:00,-29.41,999.19,4.83,153.08,NaN
20-06-2015 16:00,-28.64,999.02,4.68,62.27,NaN
20-06-2015 17:00,-27.66,999.18,5.68,92.13,NaN
20-06-2015 18:00,-26.86,999.17,5.35,59.45,NaN
20-06-2015 19:00,-26.11,998.88,6.03,66.93,NaN
20-06-2015 20:00,-25.39,998.76,4.82,64.08,NaN
20-06-2015 21:00,-24.79,998.34,4.87,86.38,NaN
20-06-2015 22:00,-24.25,997.5,5.88,80.73,NaN
20-06-2015 23:00,-24.87,997.03,4.33,87.67,NaN
21-06-2015 00:00,-23.83,996.32,5.02,97.13,NaN
21-06-2015 01:00,-23.14,995.31,5.54,113.9,NaN
21-06-2015 02:00,-22.93,994.29,4.5,158.83,NaN
21-06-2015 03:00,-23.23,993.6,4.36,156.22,NaN
21-06-2015 04:00,-22.66,992.81,4.29,173.03,NaN
21-06-2015 05:00,-22.42,991.66,4.63,177.03,NaN
21-06-2015 06:00,-21.99,990.64,4.28,135.45,NaN
21-06-2015 07:00,-20.8,989.25,4.57,104.78,NaN
21-06-2015 08:00,-20.37,987.83,5.17,77.02,NaN
21-06-2015 09:00,-18.36,986.81,7.91,81.48,NaN
21-06-2015 10:00,-17.19,985.64,13,82.83,NaN
21-06-2015 11:00,-17.14,984.46,14.65,81.13,NaN
21-06-2015 12:00,-17.12,983.7,15.01,84.73,NaN
21-06-2015 13:00,-16.94,982.99,14.95,85.42,NaN
21-06-2015 14:00,-16.71,982.38,15.55,83.28,NaN
21-06-2015 15:00,-16.53,982.08,15.18,86.95,NaN
21-06-2015 16:00,-16.49,981.68,14.23,87.93,NaN
21-06-2015 17:00,-16.21,980.66,16.47,86.43,NaN
21-06-2015 18:00,-15.98,979.93,16.92,86.1,NaN
21-06-2015 19:00,-16.14,979.16,18.17,86.1,NaN
21-06-2015 20:00,-16.3,978.59,18.47,85.65,NaN
21-06-2015 21:00,-16.4,977.94,19.45,85.08,NaN
21-06-2015 22:00,-17.08,977.14,20.03,83.4,NaN
21-06-2015 23:00,-16.99,976.53,19.74,83.15,NaN
22-06-2015 00:00,-16.83,976.33,18.96,83.3,NaN
22-06-2015 01:00,-16.89,976.13,18.39,83.72,NaN
22-06-2015 02:00,-17.29,975.97,18.63,83.53,NaN
22-06-2015 03:00,-17.2,975.64,20.02,84.88,NaN
22-06-2015 04:00,-17.23,975.04,21.42,85.58,NaN
22-06-2015 05:00,-16.89,974.39,19.09,86.7,NaN
22-06-2015 06:00,-17.36,973.3,20.32,88.83,NaN
22-06-2015 07:00,-17.14,972.24,20.39,88.75,NaN
22-06-2015 08:00,-17.2,971.34,20.99,85.12,NaN
22-06-2015 09:00,-17.04,971.21,20.62,82.05,NaN
22-06-2015 10:00,-16.84,970.85,20.56,82.9,NaN
22-06-2015 11:00,-16.87,969.71,22.31,83.22,NaN
22-06-2015 12:00,-16.39,969.21,21.56,82.82,NaN
22-06-2015 13:00,-15.99,969.2,20.32,81.78,NaN
22-06-2015 14:00,-16.21,968.98,20.1,82.98,NaN
22-06-2015 15:00,-15.46,968.73,18.69,80.47,NaN
22-06-2015 16:00,-15.38,968.69,17.02,81.08,NaN
22-06-2015 17:00,-15.35,968.21,17.79,78.97,NaN
22-06-2015 18:00,-15.89,968.97,12.65,68.07,NaN
22-06-2015 19:00,-15.61,968.1,17.75,77.93,NaN
22-06-2015 20:00,-15.59,967.56,16.71,81.9,NaN
22-06-2015 21:00,-15.29,967.34,14.33,73.2,NaN
22-06-2015 22:00,-15.02,966.25,18.72,84.82,NaN
22-06-2015 23:00,-14.65,964.76,20.48,90.57,NaN
23-06-2015 00:00,-14.53,963.71,24.86,87.48,NaN
23-06-2015 01:00,-14.49,963.48,21.61,88.4,NaN
23-06-2015 02:00,-13.84,963.01,20.42,82.12,NaN
23-06-2015 03:00,-13.45,963.13,20.08,88.72,NaN
23-06-2015 04:00,-13.01,963.15,19.51,86.57,NaN
23-06-2015 05:00,-12.32,963.89,17.43,82.72,NaN
23-06-2015 06:00,-11.65,964.23,15.12,81.85,NaN
23-06-2015 07:00,-11.71,963.89,16.71,88.67,NaN
23-06-2015 08:00,-11.89,963.64,19.27,88.15,NaN
23-06-2015 09:00,-12.17,964.07,17.65,97.92,NaN
23-06-2015 10:00,-12.14,964.75,16.43,101.85,NaN
23-06-2015 11:00,-11.57,965.05,15.05,101.32,NaN
23-06-2015 12:00,-10.83,965.12,15.66,97.33,NaN
23-06-2015 13:00,-10.66,965.12,17.04,92.82,NaN
23-06-2015 14:00,-10.71,965.16,18.47,92.75,NaN
23-06-2015 15:00,-10.73,965.15,20.26,88,NaN
23-06-2015 16:00,-10.71,965.65,19.53,87.45,NaN
23-06-2015 17:00,-11.18,965.61,20.91,89.05,NaN
23-06-2015 18:00,-11.36,965.64,20.01,93.88,NaN
23-06-2015 19:00,-10.91,965.73,18.97,93.72,NaN
23-06-2015 20:00,-10.93,966.13,18.77,86.93,NaN
23-06-2015 21:00,-10.91,966.8,17.09,82.97,NaN
23-06-2015 22:00,-10.86,967.2,15.39,82.35,NaN
23-06-2015 23:00,-10.84,967.25,16.42,86.05,NaN
24-06-2015 00:00,-10.7,967.56,16.09,83.72,NaN
24-06-2015 01:00,-10.95,967.5,17.16,84.52,NaN
24-06-2015 02:00,-10.54,967.81,14.58,83.27,NaN
24-06-2015 03:00,-10.18,968.17,13.33,83.97,NaN
24-06-2015 04:00,-10.18,968.27,14.44,83.83,NaN
24-06-2015 05:00,-10.59,968.44,14.88,86.23,NaN
24-06-2015 06:00,-10.95,968.61,14.46,88.8,NaN
24-06-2015 07:00,-10.85,968.76,15.01,85.77,NaN
24-06-2015 08:00,-10.49,968.81,13.77,81.65,NaN
24-06-2015 09:00,-10.46,968.43,15.38,84.13,NaN
24-06-2015 10:00,-10.89,968.64,15.49,85.17,NaN
24-06-2015 11:00,-10.98,968.79,15.02,84.18,NaN
24-06-2015 12:00,-11.14,969.1,15.29,84.92,NaN
24-06-2015 13:00,-11.01,968.92,17.66,82.6,NaN
24-06-2015 14:00,-12.02,968.63,19.75,82.65,NaN
24-06-2015 15:00,-13.21,968.24,21.07,81.23,NaN
24-06-2015 16:00,-13.1,967.68,20.45,81.82,NaN
24-06-2015 17:00,-12.12,967.16,17.84,81.66,NaN
24-06-2015 18:00,-10.15,967,16.09,77.33,NaN
24-06-2015 19:00,-9.07,967.06,17.19,77.35,NaN
24-06-2015 20:00,-8.68,967.25,17.56,82.2,NaN
24-06-2015 21:00,-7.83,967.69,17.16,75.43,NaN
24-06-2015 22:00,-7.18,968.47,16.51,69.8,NaN
24-06-2015 23:00,-7.31,968.96,16.37,77.7,NaN
25-06-2015 00:00,-7.46,969.18,17.64,83.65,NaN
25-06-2015 01:00,-7.8,969.43,22.06,84.93,NaN
25-06-2015 02:00,-7.69,969.79,19.95,85.65,NaN
25-06-2015 03:00,-7.62,970.61,18.7,85.23,NaN
25-06-2015 04:00,-7.16,972.14,15.21,79.58,NaN
25-06-2015 05:00,-6.85,973.52,12.14,68,NaN
25-06-2015 06:00,-7.11,974.01,14.85,80.77,NaN
25-06-2015 07:00,-7.18,974.39,17.07,82.52,NaN
25-06-2015 08:00,-6.91,975.23,15.19,85.62,NaN
25-06-2015 09:00,-6.95,975.9,13.99,85.77,NaN
25-06-2015 10:00,-7.04,976.6,12.8,84.05,NaN
25-06-2015 11:00,-7.71,977.09,13.59,91.97,NaN
25-06-2015 12:00,-8.28,977.58,12.07,92.8,NaN
25-06-2015 13:00,-8.92,977.98,11.61,97.2,NaN
25-06-2015 14:00,-9.39,978.12,11.83,94.95,NaN
25-06-2015 15:00,-10.6,978.18,12.8,101.7,NaN
25-06-2015 16:00,-12.23,977.94,16.23,117.77,NaN
25-06-2015 17:00,-12.64,977.3,14.79,109.02,NaN
25-06-2015 18:00,-13.32,976.75,16.21,109.42,NaN
25-06-2015 19:00,-13.9,976.28,16.02,103.2,NaN
25-06-2015 20:00,-14.63,975.73,17.09,106.05,NaN
25-06-2015 21:00,-14.84,975.4,16.26,96.28,NaN
25-06-2015 22:00,-14.9,974.96,16.05,96.38,NaN
25-06-2015 23:00,-15.46,974.48,15.79,98.22,NaN
26-06-2015 00:00,-15.53,974.22,14.62,98.1,NaN
26-06-2015 01:00,-15.96,974.04,13.35,94.63,NaN
26-06-2015 02:00,-16.28,973.51,13.68,92.42,NaN
26-06-2015 03:00,-15.85,972.93,15.08,89.12,NaN
26-06-2015 04:00,-15.7,973.14,11.87,87.05,NaN
26-06-2015 05:00,-15.75,973.02,10.86,81.4,NaN
26-06-2015 06:00,-15.13,973.13,10.42,81.87,NaN
26-06-2015 07:00,-15.7,973.32,10.94,86.32,NaN
26-06-2015 08:00,-16.43,973.68,9.6,91.45,NaN
26-06-2015 09:00,-17.05,973.94,8.93,95.33,NaN
26-06-2015 10:00,-17.55,974.63,8.66,100.97,NaN
26-06-2015 11:00,-17.14,975.42,8.47,93.57,NaN
26-06-2015 12:00,-16.82,975.99,9.14,87.05,NaN
26-06-2015 13:00,-16.1,976.42,8.34,81.45,NaN
26-06-2015 14:00,-15.86,976.64,8.37,81.73,NaN
26-06-2015 15:00,-15.44,976.99,8.77,73.98,NaN
26-06-2015 16:00,-15.26,977.27,10.15,87.65,NaN
26-06-2015 17:00,-14.82,977.77,9.72,83.93,NaN
26-06-2015 18:00,-15,977.98,11.39,87.88,NaN
26-06-2015 19:00,-15.57,978.19,10.37,93.75,NaN
26-06-2015 20:00,-15.87,978.59,10.03,96.93,NaN
26-06-2015 21:00,-15.9,978.87,9.64,97.98,NaN
26-06-2015 22:00,-15.35,979.14,9.63,94.23,NaN
26-06-2015 23:00,-15.61,979.35,10.5,94.42,NaN
27-06-2015 00:00,-14.81,979.57,10.61,92.25,NaN
27-06-2015 01:00,-14.61,979.74,12.01,88.05,NaN
27-06-2015 02:00,-14.4,979.78,12.08,86.05,NaN
27-06-2015 03:00,-14.54,980.01,10.93,87.9,NaN
27-06-2015 04:00,-14.71,980.19,11.76,88.68,NaN
27-06-2015 05:00,-14.61,980.32,11.11,87.03,NaN
27-06-2015 06:00,-14.63,980.69,11.16,86.53,NaN
27-06-2015 07:00,-14.89,980.94,10.26,87.25,NaN
27-06-2015 08:00,-14.97,981.1,10.29,87.52,NaN
27-06-2015 09:00,-14.98,981.22,10.82,88.93,NaN
27-06-2015 10:00,-15.14,981.4,10.48,89.5,NaN
27-06-2015 11:00,-15.21,981.44,9.82,91.02,NaN
27-06-2015 12:00,-15.4,981.46,10.26,90.08,NaN
27-06-2015 13:00,-15.53,981.74,9.33,91.78,NaN
27-06-2015 14:00,-16.02,981.78,9.46,94.47,NaN
27-06-2015 15:00,-16.46,981.92,8.27,105.67,NaN
27-06-2015 16:00,-15.76,981.62,8.9,99.18,NaN
27-06-2015 17:00,-14.72,981.34,9.2,91.37,NaN
27-06-2015 18:00,-14.85,981.27,8.95,107.53,NaN
27-06-2015 19:00,-15.01,981.31,8.27,98.47,NaN
27-06-2015 20:00,-14.95,981.1,7.86,99.77,NaN
27-06-2015 21:00,-14.85,980.99,8.38,97.87,NaN
27-06-2015 22:00,-15.24,981.02,8.08,93.42,NaN
27-06-2015 23:00,-15.6,981.03,8.94,93.57,NaN
28-06-2015 00:00,-15.79,980.92,8.06,90.95,NaN
28-06-2015 01:00,-16.77,980.84,8.29,96.22,NaN
28-06-2015 02:00,-16.79,980.67,8.46,94.43,NaN
28-06-2015 03:00,-16.54,980.59,8.26,92.45,NaN
28-06-2015 04:00,-17.22,980.64,8.66,94.83,NaN
28-06-2015 05:00,-17.71,980.81,8.69,97.57,NaN
28-06-2015 06:00,-17.8,980.81,8.11,98.12,NaN
28-06-2015 07:00,-17.83,980.9,7.91,96.53,NaN
28-06-2015 08:00,-17.66,981.07,8.15,96.93,NaN
28-06-2015 09:00,-17.61,981.28,8.06,94.35,NaN
28-06-2015 10:00,-17.55,981.34,7.8,94.07,NaN
28-06-2015 11:00,-17.42,981.33,7.55,107.05,NaN
28-06-2015 12:00,-17.69,981.55,7.58,107.12,NaN
28-06-2015 13:00,-17.47,981.67,7.06,97.42,NaN
28-06-2015 14:00,-17.39,981.96,7.28,115.35,NaN
28-06-2015 15:00,-17.36,982.09,7.64,124.55,NaN
28-06-2015 16:00,-17.73,982.1,8.92,121.58,NaN
28-06-2015 17:00,-17.61,982.42,6.65,100.88,NaN
28-06-2015 18:00,-17.08,982.6,5.62,105.42,NaN
28-06-2015 19:00,-16.62,982.66,5.68,116.23,NaN
28-06-2015 20:00,-16.42,982.61,5.1,112.17,NaN
28-06-2015 21:00,-16.3,982.75,4.96,108.97,NaN
28-06-2015 22:00,-16.3,982.95,5.26,117.15,NaN
28-06-2015 23:00,-16.2,983.12,5.04,97.52,NaN
29-06-2015 00:00,-16.35,983.11,5.71,117.33,NaN
29-06-2015 01:00,-16.06,983.23,5.8,110.68,NaN
29-06-2015 02:00,-16.13,983.42,5.64,101.1,NaN
29-06-2015 03:00,-16.29,983.56,6.88,73.37,NaN
29-06-2015 04:00,-16.69,983.98,7,86.8,NaN
29-06-2015 05:00,-16.73,984.33,8.01,72.37,NaN
29-06-2015 06:00,-16.89,984.57,8.58,72.38,NaN
29-06-2015 07:00,-17.18,984.79,8.69,77.68,NaN
29-06-2015 08:00,-17.6,984.96,8.49,85.38,NaN
29-06-2015 09:00,-17.86,985.05,9,84.73,NaN
29-06-2015 10:00,-17.83,985.19,8.24,80.72,NaN
29-06-2015 11:00,-18.01,985.26,8.5,86.15,NaN
29-06-2015 12:00,-18.14,985.3,8.59,87.32,NaN
29-06-2015 13:00,-18.31,985.32,8.74,87.88,NaN
29-06-2015 14:00,-18.36,985.38,7.76,84.32,NaN
29-06-2015 15:00,-18.54,985.51,7.32,85.6,NaN
29-06-2015 16:00,-18.79,985.69,8.3,87.97,NaN
29-06-2015 17:00,-18.86,985.86,7.67,87.1,NaN
29-06-2015 18:00,-18.93,985.91,7.8,85.42,NaN
29-06-2015 19:00,-18.98,985.99,8.31,86.6,NaN
29-06-2015 20:00,-19.01,986.07,7.97,87,NaN
29-06-2015 21:00,-19.02,986.2,7.83,87.17,NaN
29-06-2015 22:00,-19.06,986.25,8.56,85.78,NaN
29-06-2015 23:00,-19.1,986.57,7.95,84.6,NaN
30-06-2015 00:00,-19.14,986.67,8.3,86.43,NaN
30-06-2015 01:00,-19,986.67,8.34,82.9,NaN
30-06-2015 02:00,-18.88,986.8,8.7,83.07,NaN
30-06-2015 03:00,-19.07,986.93,9.52,86.82,NaN
30-06-2015 04:00,-19.16,987.13,9.5,89.9,NaN
30-06-2015 05:00,-19.2,987.28,9.72,89.52,NaN
30-06-2015 06:00,-19.27,987.62,9.4,85.12,NaN
30-06-2015 07:00,-20.19,988.09,10.52,88.17,NaN
30-06-2015 08:00,-20.46,988.38,11.02,88.38,NaN
30-06-2015 09:00,-21.54,988.36,10.49,95.35,NaN
30-06-2015 10:00,-21.74,988.65,10.71,95.75,NaN
30-06-2015 11:00,-20.33,988.86,11.26,88.6,NaN
30-06-2015 12:00,-20.22,989.22,10.93,86.08,NaN
30-06-2015 13:00,-20.07,989.58,11.28,85.83,NaN
30-06-2015 14:00,-20.13,989.8,11.48,86.08,NaN
30-06-2015 15:00,-20.14,990.17,11.09,86,NaN
30-06-2015 16:00,-20.7,990.56,11.87,87.23,NaN
30-06-2015 17:00,-20.57,990.87,12.14,86.07,NaN
30-06-2015 18:00,-20.46,991.09,11.02,83.9,NaN
30-06-2015 19:00,-21,991.32,11.13,88.18,NaN
30-06-2015 20:00,-21.54,991.63,10.45,89.23,NaN
30-06-2015 21:00,-21.96,992.04,10.3,93.52,NaN
30-06-2015 22:00,-22.73,992.18,9.87,98.12,NaN
30-06-2015 23:00,-22.76,992.04,9.88,94.35,NaN
01-07-2015 00:00,-23.13,991.62,10.03,95.38,NaN
01-07-2015 01:00,-23.26,991.63,9.42,99.47,NaN
01-07-2015 02:00,-23.39,991.74,9.08,102.07,NaN
01-07-2015 03:00,-23.51,991.69,8.96,101.68,NaN
01-07-2015 04:00,-23.75,991.66,9.04,98.68,NaN
01-07-2015 05:00,-23.83,991.59,8.47,99.57,NaN
01-07-2015 06:00,-23.87,991.6,8.48,94.93,NaN
01-07-2015 07:00,-24.05,991.52,8.12,96.2,NaN
01-07-2015 08:00,-24.29,991.41,7.55,98.08,NaN
01-07-2015 09:00,-24.04,991.2,7.19,103.88,NaN
01-07-2015 10:00,-24.23,991.03,7.05,101.17,NaN
01-07-2015 11:00,-24.37,990.63,6.8,99.93,NaN
01-07-2015 12:00,-24.55,990.4,6.52,103.95,NaN
01-07-2015 13:00,-24.42,990.23,6.27,105.82,NaN
01-07-2015 14:00,-24.35,989.87,5.87,107.93,NaN
01-07-2015 15:00,-24.51,989.6,6.27,102.65,NaN
01-07-2015 16:00,-24.43,989.39,5.64,99.78,NaN
01-07-2015 17:00,-24.64,989.01,4.84,113.63,NaN
01-07-2015 18:00,-24.75,988.8,3.84,166.7,NaN
01-07-2015 19:00,-24.83,988.64,3.94,198.95,NaN
01-07-2015 20:00,-24.55,988.4,4.29,190.43,NaN
01-07-2015 21:00,-25.18,988.16,3.72,129.03,NaN
01-07-2015 22:00,-25.27,987.99,3.62,183.95,NaN
01-07-2015 23:00,-25.04,987.65,5,108.05,NaN
02-07-2015 00:00,-24.92,987.53,5.28,91.12,NaN
02-07-2015 01:00,-24.58,987.41,6.08,70.23,NaN
02-07-2015 02:00,-24.64,987.62,6.38,70.87,NaN
02-07-2015 03:00,-25.12,987.82,6.2,66.35,NaN
02-07-2015 04:00,-25.79,988.16,5.29,53.97,NaN
02-07-2015 05:00,-24.93,988.51,6.04,64.37,NaN
02-07-2015 06:00,-24.33,988.73,6.14,38.02,NaN
02-07-2015 07:00,-24.18,988.95,6.12,34.47,NaN
02-07-2015 08:00,-24.08,989,5.13,41.58,NaN
02-07-2015 09:00,-24.08,988.95,4.76,78.07,NaN
02-07-2015 10:00,-23.75,988.88,3.5,174.02,NaN
02-07-2015 11:00,-24,988.8,4.62,214.7,NaN
02-07-2015 12:00,-24.08,988.52,3.81,223.67,NaN
02-07-2015 13:00,-24.25,988.52,3.66,241.9,NaN
02-07-2015 14:00,-23.93,988.62,3.49,232.8,NaN
02-07-2015 15:00,-23.58,988.79,3.53,117.6,NaN
02-07-2015 16:00,-23.24,989.02,3.66,101.03,NaN
02-07-2015 17:00,-22.88,989.21,3.81,113.4,NaN
02-07-2015 18:00,-21.68,989.04,4.72,68.1,NaN
02-07-2015 19:00,-21.35,988.88,3.89,122.7,NaN
02-07-2015 20:00,-21.29,988.89,3.31,103.37,NaN
02-07-2015 21:00,-21.52,988.9,4.35,81.08,NaN
02-07-2015 22:00,-20.27,988.81,4.79,80.27,NaN
02-07-2015 23:00,-20.34,988.71,4.03,58.15,NaN
03-07-2015 00:00,-20.62,988.96,3.77,68.2,NaN
03-07-2015 01:00,-20.21,989.18,3.36,83.18,NaN
03-07-2015 02:00,-20.65,989.46,3.87,217.78,NaN
03-07-2015 03:00,-21.36,989.64,3.42,250.53,NaN
03-07-2015 04:00,-21.02,989.68,4.68,113.43,NaN
03-07-2015 05:00,-18.36,989.68,7.63,117.03,NaN
03-07-2015 06:00,-18.22,989.89,7.43,47.07,NaN
03-07-2015 07:00,-16.72,989.8,10.43,59.28,NaN
03-07-2015 08:00,-16.73,989.82,10.24,57.52,NaN
03-07-2015 09:00,-16.68,989.79,10.13,52.08,NaN
03-07-2015 10:00,-16.83,989.96,8.97,51.98,NaN
03-07-2015 11:00,-16.92,989.95,7.47,58.45,NaN
03-07-2015 12:00,-17.09,990.03,6.37,73.9,NaN
03-07-2015 13:00,-17.11,989.98,7.12,74.3,NaN
03-07-2015 14:00,-16.68,990.1,8.07,55.55,NaN
03-07-2015 15:00,-16.68,990.14,7.16,51.88,NaN
03-07-2015 16:00,-16.99,989.91,8.3,53.38,NaN
03-07-2015 17:00,-17.32,990,8.88,52.78,NaN
03-07-2015 18:00,-17.82,989.86,7.34,66.47,NaN
03-07-2015 19:00,-18.4,989.81,8.24,66.27,NaN
03-07-2015 20:00,-19.07,989.79,8.08,74.68,NaN
03-07-2015 21:00,-20.22,989.78,7.32,92.28,NaN
03-07-2015 22:00,-19.92,989.58,7.74,76.75,NaN
03-07-2015 23:00,NaN,NaN,NaN,NaN,NaN
04-07-2015 00:00,-18.95,988.62,6.36,79.56,NaN
04-07-2015 01:00,0,988.2,6.4,82,NaN
04-07-2015 02:00,NaN,NaN,NaN,NaN,NaN
04-07-2015 03:00,NaN,NaN,NaN,NaN,NaN
04-07-2015 04:00,NaN,NaN,NaN,NaN,NaN
04-07-2015 05:00,NaN,NaN,NaN,NaN,NaN
04-07-2015 06:00,NaN,NaN,NaN,NaN,NaN
04-07-2015 07:00,NaN,NaN,NaN,NaN,NaN
04-07-2015 08:00,NaN,NaN,NaN,NaN,NaN
04-07-2015 09:00,NaN,NaN,NaN,NaN,NaN
04-07-2015 10:00,NaN,NaN,NaN,NaN,NaN
04-07-2015 11:00,NaN,NaN,NaN,NaN,NaN
04-07-2015 12:00,NaN,NaN,NaN,NaN,NaN
04-07-2015 13:00,NaN,NaN,NaN,NaN,NaN
04-07-2015 14:00,NaN,NaN,NaN,NaN,NaN
04-07-2015 15:00,NaN,NaN,NaN,NaN,NaN
04-07-2015 16:00,NaN,NaN,NaN,NaN,NaN
04-07-2015 17:00,NaN,NaN,NaN,NaN,NaN
04-07-2015 18:00,NaN,NaN,NaN,NaN,NaN
04-07-2015 19:00,NaN,NaN,NaN,NaN,NaN
04-07-2015 20:00,NaN,NaN,NaN,NaN,NaN
04-07-2015 21:00,NaN,NaN,NaN,NaN,NaN
04-07-2015 22:00,NaN,NaN,NaN,NaN,NaN
04-07-2015 23:00,NaN,NaN,NaN,NaN,NaN
05-07-2015 00:00,-28.16,973.88,4.81,188.15,NaN
05-07-2015 01:00,-29.48,973.4,4.78,99.27,NaN
05-07-2015 02:00,-29.29,973.07,4.66,213.63,NaN
05-07-2015 03:00,-30.04,972.88,4.93,113.83,NaN
05-07-2015 04:00,-30.85,972.6,5.45,99.48,NaN
05-07-2015 05:00,-30.86,972.45,5.41,99.75,NaN
05-07-2015 06:00,-31.75,972.7,2.92,97.25,NaN
05-07-2015 07:00,NaN,NaN,NaN,NaN,NaN
05-07-2015 08:00,NaN,NaN,NaN,NaN,NaN
05-07-2015 09:00,NaN,NaN,NaN,NaN,NaN
05-07-2015 10:00,NaN,NaN,NaN,NaN,NaN
05-07-2015 11:00,NaN,NaN,NaN,NaN,NaN
05-07-2015 12:00,-31.58,974.98,3.18,76.2,NaN
05-07-2015 13:00,-30.97,976.25,6.45,81.68,NaN
05-07-2015 14:00,-31.27,976.96,5.14,72.21,NaN
05-07-2015 15:00,-30.65,978.08,5.17,79,NaN
05-07-2015 16:00,-29.95,978.8,5.17,80.33,NaN
05-07-2015 17:00,-29.8,979.43,5.5,84.82,NaN
05-07-2015 18:00,-29.85,980.28,4.88,82.83,NaN
05-07-2015 19:00,-30.28,980.8,3.7,103.44,NaN
05-07-2015 20:00,-30.1,981.37,3.56,79,NaN
05-07-2015 21:00,NaN,NaN,NaN,NaN,NaN
05-07-2015 22:00,NaN,NaN,NaN,NaN,NaN
05-07-2015 23:00,NaN,NaN,NaN,NaN,NaN
06-07-2015 00:00,NaN,NaN,NaN,NaN,NaN
06-07-2015 01:00,NaN,NaN,NaN,NaN,NaN
06-07-2015 02:00,NaN,NaN,NaN,NaN,NaN
06-07-2015 03:00,NaN,NaN,NaN,NaN,NaN
06-07-2015 04:00,NaN,NaN,NaN,NaN,NaN
06-07-2015 05:00,NaN,NaN,NaN,NaN,NaN
06-07-2015 06:00,NaN,NaN,NaN,NaN,NaN
06-07-2015 07:00,NaN,NaN,NaN,NaN,NaN
06-07-2015 08:00,-29.1,983.45,4.05,131.75,NaN
06-07-2015 09:00,NaN,NaN,NaN,NaN,NaN
06-07-2015 10:00,NaN,NaN,NaN,NaN,NaN
06-07-2015 11:00,-29.61,982.6,6.43,231.27,NaN
06-07-2015 12:00,-28.9,982.29,5.92,221.77,NaN
06-07-2015 13:00,-29.79,981.94,4.24,178.4,NaN
06-07-2015 14:00,-30.47,980.8,4.07,305,NaN
06-07-2015 15:00,NaN,NaN,NaN,NaN,NaN
06-07-2015 16:00,NaN,NaN,NaN,NaN,NaN
06-07-2015 17:00,-29.13,979.16,4.46,288.86,NaN
06-07-2015 18:00,-28.59,978.41,4.73,171.3,NaN
06-07-2015 19:00,-28.29,977.84,5.22,28.2,NaN
06-07-2015 20:00,-28.04,976.83,6.48,20.38,NaN
06-07-2015 21:00,-28.06,976.17,7.33,29.45,NaN
06-07-2015 22:00,-28.15,975.52,7.19,130.1,NaN
06-07-2015 23:00,-29.63,975.04,5.37,214,NaN
07-07-2015 00:00,-30.76,974.51,5.1,247.81,NaN
07-07-2015 01:00,-31.13,974.14,5.6,282.71,NaN
07-07-2015 02:00,NaN,NaN,NaN,NaN,NaN
07-07-2015 03:00,NaN,NaN,NaN,NaN,NaN
07-07-2015 04:00,NaN,NaN,NaN,NaN,NaN
07-07-2015 05:00,NaN,NaN,NaN,NaN,NaN
07-07-2015 06:00,NaN,NaN,NaN,NaN,NaN
07-07-2015 07:00,NaN,NaN,NaN,NaN,NaN
07-07-2015 08:00,NaN,NaN,NaN,NaN,NaN
07-07-2015 09:00,NaN,NaN,NaN,NaN,NaN
07-07-2015 10:00,NaN,NaN,NaN,NaN,NaN
07-07-2015 11:00,NaN,NaN,NaN,NaN,NaN
07-07-2015 12:00,NaN,NaN,NaN,NaN,NaN
07-07-2015 13:00,NaN,NaN,NaN,NaN,NaN
07-07-2015 14:00,NaN,NaN,NaN,NaN,NaN
07-07-2015 15:00,NaN,NaN,NaN,NaN,NaN
07-07-2015 16:00,NaN,NaN,NaN,NaN,NaN
07-07-2015 17:00,NaN,NaN,NaN,NaN,NaN
07-07-2015 18:00,NaN,NaN,NaN,NaN,NaN
07-07-2015 19:00,NaN,NaN,NaN,NaN,NaN
07-07-2015 20:00,NaN,NaN,NaN,NaN,NaN
07-07-2015 21:00,NaN,NaN,NaN,NaN,NaN
07-07-2015 22:00,NaN,NaN,NaN,NaN,NaN
07-07-2015 23:00,NaN,NaN,NaN,NaN,NaN
08-07-2015 00:00,NaN,NaN,NaN,NaN,NaN
08-07-2015 01:00,NaN,NaN,NaN,NaN,NaN
08-07-2015 02:00,NaN,NaN,NaN,NaN,NaN
08-07-2015 03:00,NaN,NaN,NaN,NaN,NaN
08-07-2015 04:00,NaN,NaN,NaN,NaN,NaN
08-07-2015 05:00,NaN,NaN,NaN,NaN,NaN
08-07-2015 06:00,NaN,NaN,NaN,NaN,NaN
08-07-2015 07:00,NaN,NaN,NaN,NaN,NaN
08-07-2015 08:00,NaN,NaN,NaN,NaN,NaN
08-07-2015 09:00,NaN,NaN,NaN,NaN,NaN
08-07-2015 10:00,NaN,NaN,NaN,NaN,NaN
08-07-2015 11:00,NaN,NaN,NaN,NaN,NaN
08-07-2015 12:00,NaN,NaN,NaN,NaN,NaN
08-07-2015 13:00,NaN,NaN,NaN,NaN,NaN
08-07-2015 14:00,NaN,NaN,NaN,NaN,NaN
08-07-2015 15:00,NaN,NaN,NaN,NaN,NaN
08-07-2015 16:00,NaN,NaN,NaN,NaN,NaN
08-07-2015 17:00,NaN,NaN,NaN,NaN,NaN
08-07-2015 18:00,NaN,NaN,NaN,NaN,NaN
08-07-2015 19:00,NaN,NaN,NaN,NaN,NaN
08-07-2015 20:00,NaN,NaN,NaN,NaN,NaN
08-07-2015 21:00,NaN,NaN,NaN,NaN,NaN
08-07-2015 22:00,NaN,NaN,NaN,NaN,NaN
08-07-2015 23:00,NaN,NaN,NaN,NaN,NaN
09-07-2015 00:00,NaN,NaN,NaN,NaN,NaN
09-07-2015 01:00,NaN,NaN,NaN,NaN,NaN
09-07-2015 02:00,NaN,NaN,NaN,NaN,NaN
09-07-2015 03:00,NaN,NaN,NaN,NaN,NaN
09-07-2015 04:00,NaN,NaN,NaN,NaN,NaN
09-07-2015 05:00,NaN,NaN,NaN,NaN,NaN
09-07-2015 06:00,NaN,NaN,NaN,NaN,NaN
09-07-2015 07:00,NaN,NaN,NaN,NaN,NaN
09-07-2015 08:00,NaN,NaN,NaN,NaN,NaN
09-07-2015 09:00,NaN,NaN,NaN,NaN,NaN
09-07-2015 10:00,NaN,NaN,NaN,NaN,NaN
09-07-2015 11:00,NaN,NaN,NaN,NaN,NaN
09-07-2015 12:00,NaN,NaN,NaN,NaN,NaN
09-07-2015 13:00,NaN,NaN,NaN,NaN,NaN
09-07-2015 14:00,NaN,NaN,NaN,NaN,NaN
09-07-2015 15:00,-28.9,979.5,2.1,293,NaN
09-07-2015 16:00,-28.67,979.14,5.95,210.77,NaN
09-07-2015 17:00,-28.5,978.74,6.42,213.58,NaN
09-07-2015 18:00,-29.38,978.37,4.96,242.75,NaN
09-07-2015 19:00,-28.81,977.81,5.44,161.73,NaN
09-07-2015 20:00,-28.56,977.26,6.26,88.1,NaN
09-07-2015 21:00,-28.27,976.6,7.16,94.07,NaN
09-07-2015 22:00,-28.55,975.97,7.18,103,NaN
09-07-2015 23:00,-28.46,975.22,6.7,99.57,NaN
10-07-2015 00:00,-27.77,974.48,6.18,96.87,NaN
10-07-2015 01:00,-27.86,974.03,5.77,99,NaN
10-07-2015 02:00,-28.88,973.58,5.81,106.17,NaN
10-07-2015 03:00,-27.51,973.06,6.94,48.82,NaN
10-07-2015 04:00,-26.5,972.35,7.04,52.12,NaN
10-07-2015 05:00,-26.44,971.88,6.34,144.25,NaN
10-07-2015 06:00,-27.51,971.63,8.52,109.42,NaN
10-07-2015 07:00,-28.7,971.31,8.45,104.73,NaN
10-07-2015 08:00,-28.68,970.99,8.86,116.47,NaN
10-07-2015 09:00,-28.73,970.6,8.39,119.57,NaN
10-07-2015 10:00,-29.02,970.33,9.26,111.67,NaN
10-07-2015 11:00,-29.07,970.37,7.86,95.98,NaN
10-07-2015 12:00,-29.31,970.23,8.66,94.17,NaN
10-07-2015 13:00,-29.85,970.25,8.01,82.25,NaN
10-07-2015 14:00,-30.09,970.15,7.05,71.33,NaN
10-07-2015 15:00,-30.05,970.02,8.09,84.72,NaN
10-07-2015 16:00,-30.55,970.02,8.67,72.18,NaN
10-07-2015 17:00,-30.92,970.05,5.77,142.37,NaN
10-07-2015 18:00,-30.69,970.21,6.36,109.65,NaN
10-07-2015 19:00,-30.88,970.47,4.86,299.96,NaN
10-07-2015 20:00,-31.13,970.61,3.2,173.71,NaN
10-07-2015 21:00,-31.24,971.25,5.19,43.67,NaN
10-07-2015 22:00,NaN,NaN,NaN,NaN,NaN
10-07-2015 23:00,-30.96,971.7,2.8,276,NaN
11-07-2015 00:00,NaN,NaN,NaN,NaN,NaN
11-07-2015 01:00,NaN,NaN,NaN,NaN,NaN
11-07-2015 02:00,NaN,NaN,NaN,NaN,NaN
11-07-2015 03:00,NaN,NaN,NaN,NaN,NaN
11-07-2015 04:00,NaN,NaN,NaN,NaN,NaN
11-07-2015 05:00,NaN,NaN,NaN,NaN,NaN
11-07-2015 06:00,NaN,NaN,NaN,NaN,NaN
11-07-2015 07:00,NaN,NaN,NaN,NaN,NaN
11-07-2015 08:00,NaN,NaN,NaN,NaN,NaN
11-07-2015 09:00,NaN,NaN,NaN,NaN,NaN
11-07-2015 10:00,NaN,NaN,NaN,NaN,NaN
11-07-2015 11:00,NaN,NaN,NaN,NaN,NaN
11-07-2015 12:00,NaN,NaN,NaN,NaN,NaN
11-07-2015 13:00,NaN,NaN,NaN,NaN,NaN
11-07-2015 14:00,NaN,NaN,NaN,NaN,NaN
11-07-2015 15:00,NaN,NaN,NaN,NaN,NaN
11-07-2015 16:00,NaN,NaN,NaN,NaN,NaN
11-07-2015 17:00,-31.67,973.68,3.76,54.2,NaN
11-07-2015 18:00,-30.48,973.88,5.59,218.16,NaN
11-07-2015 19:00,-30.98,973.85,4.53,217.23,NaN
11-07-2015 20:00,-30.62,974.07,4.42,290.4,NaN
11-07-2015 21:00,-30.2,974.35,4.52,275.25,NaN
11-07-2015 22:00,-29.22,973.89,5.54,193.8,NaN
11-07-2015 23:00,-28.21,973.31,5.14,202.08,NaN
12-07-2015 00:00,-27.82,972.92,4.32,159.18,NaN
12-07-2015 01:00,-27.53,972.71,5.78,212.78,NaN
12-07-2015 02:00,-27.03,972.67,5.9,188.58,NaN
12-07-2015 03:00,-27.38,972.33,4.28,90.13,NaN
12-07-2015 04:00,-28.09,971.95,4,117.57,NaN
12-07-2015 05:00,-27.78,971.71,3.64,166.85,NaN
12-07-2015 06:00,-26.32,971.65,4.06,90.29,NaN
12-07-2015 07:00,NaN,NaN,NaN,NaN,NaN
12-07-2015 08:00,NaN,NaN,NaN,NaN,NaN
12-07-2015 09:00,NaN,NaN,NaN,NaN,NaN
12-07-2015 10:00,NaN,NaN,NaN,NaN,NaN
12-07-2015 11:00,NaN,NaN,NaN,NaN,NaN
12-07-2015 12:00,NaN,NaN,NaN,NaN,NaN
12-07-2015 13:00,NaN,NaN,NaN,NaN,NaN
12-07-2015 14:00,NaN,NaN,NaN,NaN,NaN
12-07-2015 15:00,NaN,NaN,NaN,NaN,NaN
12-07-2015 16:00,NaN,NaN,NaN,NaN,NaN
12-07-2015 17:00,NaN,NaN,NaN,NaN,NaN
12-07-2015 18:00,NaN,NaN,NaN,NaN,NaN
12-07-2015 19:00,NaN,NaN,NaN,NaN,NaN
12-07-2015 20:00,NaN,NaN,NaN,NaN,NaN
12-07-2015 21:00,NaN,NaN,NaN,NaN,NaN
12-07-2015 22:00,NaN,NaN,NaN,NaN,NaN
12-07-2015 23:00,NaN,NaN,NaN,NaN,NaN
13-07-2015 00:00,NaN,NaN,NaN,NaN,NaN
13-07-2015 01:00,NaN,NaN,NaN,NaN,NaN
13-07-2015 02:00,NaN,NaN,NaN,NaN,NaN
13-07-2015 03:00,NaN,NaN,NaN,NaN,NaN
13-07-2015 04:00,NaN,NaN,NaN,NaN,NaN
13-07-2015 05:00,NaN,NaN,NaN,NaN,NaN
13-07-2015 06:00,NaN,NaN,NaN,NaN,NaN
13-07-2015 07:00,NaN,NaN,NaN,NaN,NaN
13-07-2015 08:00,NaN,NaN,NaN,NaN,NaN
13-07-2015 09:00,NaN,NaN,NaN,NaN,NaN
13-07-2015 10:00,NaN,NaN,NaN,NaN,NaN
13-07-2015 11:00,NaN,NaN,NaN,NaN,NaN
13-07-2015 12:00,NaN,NaN,NaN,NaN,NaN
13-07-2015 13:00,NaN,NaN,NaN,NaN,NaN
13-07-2015 14:00,NaN,NaN,NaN,NaN,NaN
13-07-2015 15:00,NaN,NaN,NaN,NaN,NaN
13-07-2015 16:00,NaN,NaN,NaN,NaN,NaN
13-07-2015 17:00,NaN,NaN,NaN,NaN,NaN
13-07-2015 18:00,NaN,NaN,NaN,NaN,NaN
13-07-2015 19:00,NaN,NaN,NaN,NaN,NaN
13-07-2015 20:00,NaN,NaN,NaN,NaN,NaN
13-07-2015 21:00,NaN,NaN,NaN,NaN,NaN
13-07-2015 22:00,NaN,NaN,NaN,NaN,NaN
13-07-2015 23:00,NaN,NaN,NaN,NaN,NaN
14-07-2015 00:00,NaN,NaN,NaN,NaN,NaN
14-07-2015 01:00,NaN,NaN,NaN,NaN,NaN
14-07-2015 02:00,NaN,NaN,NaN,NaN,NaN
14-07-2015 03:00,NaN,NaN,NaN,NaN,NaN
14-07-2015 04:00,NaN,NaN,NaN,NaN,NaN
14-07-2015 05:00,NaN,NaN,NaN,NaN,NaN
14-07-2015 06:00,NaN,NaN,NaN,NaN,NaN
14-07-2015 07:00,-26.35,964.6,5.51,292.68,NaN
14-07-2015 08:00,-26.84,970.93,4.4,197.65,NaN
14-07-2015 09:00,-26.41,971.78,7.1,14.08,NaN
14-07-2015 10:00,-25.27,972.58,6.28,42.63,NaN
14-07-2015 11:00,-24.86,972.97,5.98,46.32,NaN
14-07-2015 12:00,-24.64,973.54,5.68,41.32,NaN
14-07-2015 13:00,-24.89,974.08,4.6,66.88,NaN
14-07-2015 14:00,-25.43,974.15,3.61,196.03,NaN
14-07-2015 15:00,-26.15,974.35,4.38,216.7,NaN
14-07-2015 16:00,-26.51,974.55,3.6,204.5,NaN
14-07-2015 17:00,-25.58,975.22,5.41,83.92,NaN
14-07-2015 18:00,-24.91,975.34,8.9,52.7,NaN
14-07-2015 19:00,-25.06,975.37,9.7,64.75,NaN
14-07-2015 20:00,-25.39,975.69,9.95,70.43,NaN
14-07-2015 21:00,-25.85,975.8,10.52,74.2,NaN
14-07-2015 22:00,-25.73,976.21,10.53,61.08,NaN
14-07-2015 23:00,-25.95,976.52,10.45,65.32,NaN
15-07-2015 00:00,-26.16,976.79,10.95,70.78,NaN
15-07-2015 01:00,-26.2,976.94,11.29,71.77,NaN
15-07-2015 02:00,-26.48,977.23,11.1,75.78,NaN
15-07-2015 03:00,-25.62,977.97,10.84,52.7,NaN
15-07-2015 04:00,-25.81,978.68,9.91,51.08,NaN
15-07-2015 05:00,-25.77,979.07,10.48,66.73,NaN
15-07-2015 06:00,-26.7,979.52,8.85,77.48,NaN
15-07-2015 07:00,-25.65,979.97,7.88,70.22,NaN
15-07-2015 08:00,-25.31,980.29,7.05,74.93,NaN
15-07-2015 09:00,-25.61,980.32,10.03,86.05,NaN
15-07-2015 10:00,-25.37,980.83,10.15,86.7,NaN
15-07-2015 11:00,-24.95,981.14,9.57,86.9,NaN
15-07-2015 12:00,-25.17,981.45,10.68,87.13,NaN
15-07-2015 13:00,-24.38,981.55,9.89,83.35,NaN
15-07-2015 14:00,-24.99,981.62,12.01,89,NaN
15-07-2015 15:00,-25.1,981.9,12.06,87.12,NaN
15-07-2015 16:00,-25.33,982.02,10.4,93.48,NaN
15-07-2015 17:00,-25.68,982.3,9.71,98.78,NaN
15-07-2015 18:00,-26.16,982.54,10.03,112.52,NaN
15-07-2015 19:00,-25.02,982.71,10.59,115.65,NaN
15-07-2015 20:00,-25.32,982.57,10.88,116.48,NaN
15-07-2015 21:00,-25.54,982.6,9.81,122.9,NaN
15-07-2015 22:00,-24.18,982.66,6.58,140.18,NaN
15-07-2015 23:00,-22.99,982.32,5.63,169.78,NaN
16-07-2015 00:00,-22.15,981.67,6.12,187.43,NaN
16-07-2015 01:00,-22.7,981.12,8.32,199.37,NaN
16-07-2015 02:00,-22.48,980.35,8.93,203.45,NaN
16-07-2015 03:00,-20.52,979.64,7.66,189.4,NaN
16-07-2015 04:00,-18.14,979.14,4.43,189.55,NaN
16-07-2015 05:00,-16.22,978.51,7.86,82.7,NaN
16-07-2015 06:00,-15.2,978.17,9.4,85.05,NaN
16-07-2015 07:00,-14.95,977.93,7.86,98.55,NaN
16-07-2015 08:00,-14.65,977.61,7.04,123.05,NaN
16-07-2015 09:00,-14.25,977.49,6.37,134.07,NaN
16-07-2015 10:00,-13.9,977.62,5.92,118.92,NaN
16-07-2015 11:00,-13.77,977.69,6.42,112.25,NaN
16-07-2015 12:00,-13.64,977.76,6.16,106.18,NaN
16-07-2015 13:00,-13.23,977.9,7.4,94.77,NaN
16-07-2015 14:00,-12.52,977.59,8.87,89.3,NaN
16-07-2015 15:00,-12.29,977.44,9.78,89.75,NaN
16-07-2015 16:00,-12.13,977.14,10.48,90.82,NaN
16-07-2015 17:00,-11.54,976.78,10.79,88.28,NaN
16-07-2015 18:00,-11.74,976.8,8.72,93.18,NaN
16-07-2015 19:00,-11.53,976.5,9.2,91.33,NaN
16-07-2015 20:00,-12.12,976.38,9.07,106.4,NaN
16-07-2015 21:00,-12.45,976.19,10.59,96.78,NaN
16-07-2015 22:00,-12.26,975.83,10.33,93.58,NaN
16-07-2015 23:00,-11.64,975.27,11.87,88.12,NaN
17-07-2015 00:00,-11.04,975.4,10.87,82.05,NaN
17-07-2015 01:00,-11.14,975.38,12.64,86.15,NaN
17-07-2015 02:00,-11.27,975.09,11.93,85.93,NaN
17-07-2015 03:00,-10.67,974.97,12.42,86.93,NaN
17-07-2015 04:00,-10.92,975.52,6.07,129.08,NaN
17-07-2015 05:00,-10.67,975.92,8.29,75.57,NaN
17-07-2015 06:00,-11.27,976.61,6.78,86.27,NaN
17-07-2015 07:00,-11.54,977.73,5.41,76.73,NaN
17-07-2015 08:00,-11.65,979.14,5.34,150.28,NaN
17-07-2015 09:00,-11.55,980.38,7.91,78.7,NaN
17-07-2015 10:00,-10.86,981.58,13.99,87.55,NaN
17-07-2015 11:00,-11.88,982.94,16.04,86.17,NaN
17-07-2015 12:00,-12.08,983.91,16.66,85.43,NaN
17-07-2015 13:00,-11.65,985.13,15.21,87.43,NaN
17-07-2015 14:00,-11.69,986.62,15.33,88.1,NaN
17-07-2015 15:00,-11.32,988.29,12.36,89.63,NaN
17-07-2015 16:00,-10.89,989.9,9.51,86.48,NaN
17-07-2015 17:00,-10.61,991.74,8.04,81.13,NaN
17-07-2015 18:00,-10.97,993.52,7.58,73.98,NaN
17-07-2015 19:00,-11.03,995.18,7.41,84.7,NaN
17-07-2015 20:00,-11.54,996.54,6.85,90.25,NaN
17-07-2015 21:00,-11.69,998,9.76,91.77,NaN
17-07-2015 22:00,-11.72,989.57,9.98,94.62,NaN
17-07-2015 23:00,-12.97,828.46,9.4,100.82,NaN
18-07-2015 00:00,-13.24,1002.23,10.45,99.33,NaN
18-07-2015 01:00,-13.12,1003.25,10.72,104.78,NaN
18-07-2015 02:00,-13.62,1004.62,12.2,119.7,NaN
18-07-2015 03:00,-13.42,1005.19,12.84,119.93,NaN
18-07-2015 04:00,-14.41,1005.18,13.85,120.4,NaN
18-07-2015 05:00,-14.11,1006.11,11.08,125.02,NaN
18-07-2015 06:00,-13.72,1006.64,10.23,122.42,NaN
18-07-2015 07:00,-13.65,1007.27,9.79,124.55,NaN
18-07-2015 08:00,-14.01,1008.17,7.92,131.03,NaN
18-07-2015 09:00,-13.92,1008.06,8.5,113.05,NaN
18-07-2015 10:00,-14.17,1008.11,8.15,107.65,NaN
18-07-2015 11:00,-14.27,1008.87,6.33,94.07,NaN
18-07-2015 12:00,-14.22,1008.42,7.65,99.02,NaN
18-07-2015 13:00,-14.04,1008.76,4.64,87.92,NaN
18-07-2015 14:00,-14.5,1008.94,3.87,203.73,NaN
18-07-2015 15:00,-15.08,1008.86,3.48,183.97,NaN
18-07-2015 16:00,-14.74,1008.93,4.67,162.33,NaN
18-07-2015 17:00,-14.57,1008.61,5.29,82.2,NaN
18-07-2015 18:00,-14.49,1008.21,4.92,56.47,NaN
18-07-2015 19:00,-12.94,1007.54,6.33,64.33,NaN
18-07-2015 20:00,-11.59,1007.21,8.28,39.58,NaN
18-07-2015 21:00,-10.78,1006.76,9.07,42.33,NaN
18-07-2015 22:00,-11.32,1005.52,6.13,53.17,NaN
18-07-2015 23:00,-10.48,1004.2,7.02,47.33,NaN
19-07-2015 00:00,-9.5,1003.24,8.48,49.72,NaN
19-07-2015 01:00,-8.77,1001.85,10.04,45.87,NaN
19-07-2015 02:00,-9.15,900.41,8.8,47.18,NaN
19-07-2015 03:00,-9.08,947.94,9.35,45.08,NaN
19-07-2015 04:00,-9.21,997.79,9.5,57.07,NaN
19-07-2015 05:00,-9.24,996.12,8.27,74.2,NaN
19-07-2015 06:00,-9.41,995.3,5.94,52.93,NaN
19-07-2015 07:00,-9.05,993.79,8.3,65.17,NaN
19-07-2015 08:00,-9.03,991.75,8.89,50.83,NaN
19-07-2015 09:00,-9.33,989.86,9.91,50.03,NaN
19-07-2015 10:00,-10.01,988.22,8.41,51.62,NaN
19-07-2015 11:00,-10.12,986.54,8.62,68.1,NaN
19-07-2015 12:00,-9.89,984.15,10.01,67.47,NaN
19-07-2015 13:00,-9.65,981.78,11.74,58.68,NaN
19-07-2015 14:00,-9.54,979.65,9.79,66,NaN
19-07-2015 15:00,-8.76,977.99,8.9,41.57,NaN
19-07-2015 16:00,-6.42,976.45,13.07,37.32,NaN
19-07-2015 17:00,-7.16,975.6,11.03,28.53,NaN
19-07-2015 18:00,-7.87,974.49,11.38,41.03,NaN
19-07-2015 19:00,-7.89,972.87,15.82,35.55,NaN
19-07-2015 20:00,-8.6,971.29,17.05,36.45,NaN
19-07-2015 21:00,-8.96,969.93,17.76,39.98,NaN
19-07-2015 22:00,-9.2,968.76,19.03,38.42,NaN
19-07-2015 23:00,-9.48,968.12,17.7,38.18,NaN
20-07-2015 00:00,-9.68,968.06,15.59,38.58,NaN
20-07-2015 01:00,-9.96,967.86,17.64,41.3,NaN
20-07-2015 02:00,-10.28,967.56,22.12,43.95,NaN
20-07-2015 03:00,-10.85,967.6,22.07,41.75,NaN
20-07-2015 04:00,-11.11,967.75,20.2,49.08,NaN
20-07-2015 05:00,-11.39,968.23,18.46,49.37,NaN
20-07-2015 06:00,-11.66,968.87,18.25,50.88,NaN
20-07-2015 07:00,-11.89,969.29,18.26,53.37,NaN
20-07-2015 08:00,-12.1,970.39,16.71,54.1,NaN
20-07-2015 09:00,-12.28,970.9,17.29,53.78,NaN
20-07-2015 10:00,-12.57,970.74,19.82,55.33,NaN
20-07-2015 11:00,-12.8,971.03,18.72,54.15,NaN
20-07-2015 12:00,-12.92,971.4,18.83,54.75,NaN
20-07-2015 13:00,-12.96,971.55,17.43,53.15,NaN
20-07-2015 14:00,-12.91,971.5,18.25,52.88,NaN
20-07-2015 15:00,-12.82,971.83,17.28,53.07,NaN
20-07-2015 16:00,-12.75,972.61,16.92,52.57,NaN
20-07-2015 17:00,-12.8,973.6,16.29,50.52,NaN
20-07-2015 18:00,-12.83,974.15,16.29,54.08,NaN
20-07-2015 19:00,-12.86,974.83,15.13,55.48,NaN
20-07-2015 20:00,-12.91,975.5,14.38,55.15,NaN
20-07-2015 21:00,-12.72,976.33,13.94,54.62,NaN
20-07-2015 22:00,-12.66,977.08,12.97,54.22,NaN
20-07-2015 23:00,-12.6,977.48,12.61,49.88,NaN
21-07-2015 00:00,-12.74,977.77,12.32,55.58,NaN
21-07-2015 01:00,-12.76,977.93,12.96,58.13,NaN
21-07-2015 02:00,-12.83,978.24,12.57,57.27,NaN
21-07-2015 03:00,-12.84,978.58,11.73,54.68,NaN
21-07-2015 04:00,-12.93,978.84,11.09,55.33,NaN
21-07-2015 05:00,-13.13,978.83,10.99,56.68,NaN
21-07-2015 06:00,-13.38,978.78,9.43,58.2,NaN
21-07-2015 07:00,-13.54,978.74,7.71,68,NaN
21-07-2015 08:00,-13.59,978.68,9.45,58.15,NaN
21-07-2015 09:00,-13.58,978.44,9.8,65.83,NaN
21-07-2015 10:00,-13.65,977.89,10.15,67.22,NaN
21-07-2015 11:00,-13.94,977.6,9.17,74.23,NaN
21-07-2015 12:00,-14.49,977.23,9.68,85.05,NaN
21-07-2015 13:00,-14.89,976.85,9.23,91.5,NaN
21-07-2015 14:00,-14.97,976.5,8.86,91.12,NaN
21-07-2015 15:00,-14.94,976.07,7.85,110.93,NaN
21-07-2015 16:00,-14.59,975.4,7.83,103.43,NaN
21-07-2015 17:00,-14.29,974.95,5.66,128.43,NaN
21-07-2015 18:00,-14.07,974.44,5.34,148.85,NaN
21-07-2015 19:00,-14.03,974.14,5.06,123.57,NaN
21-07-2015 20:00,-13.99,973.62,4.39,167.25,NaN
21-07-2015 21:00,-14.2,973.28,5.55,190.23,NaN
21-07-2015 22:00,-14.12,973.07,4.33,193.07,NaN
21-07-2015 23:00,-15.03,972.78,4.22,233.57,NaN
22-07-2015 00:00,-16.43,972.42,6.57,221.27,NaN
22-07-2015 01:00,-17.45,972.24,7.6,201.67,NaN
22-07-2015 02:00,-17.09,972.04,4.28,138.18,NaN
22-07-2015 03:00,-17.8,972.07,4.16,137.73,NaN
22-07-2015 04:00,-19.65,972.15,3.7,149.1,NaN
22-07-2015 05:00,-19.32,972.24,4.93,61.98,NaN
22-07-2015 06:00,-18,972.36,4.56,188.4,NaN
22-07-2015 07:00,-19.13,972.73,4.57,55.68,NaN
22-07-2015 08:00,-19.21,972.92,4.71,268.05,NaN
22-07-2015 09:00,-19.88,973.31,3.61,148.57,NaN
22-07-2015 10:00,-18.98,973.4,3.94,108.8,NaN
22-07-2015 11:00,-18.2,973.92,3.89,168.8,NaN
22-07-2015 12:00,-18.4,974.09,3.8,223.17,NaN
22-07-2015 13:00,-18.21,974.11,3.7,185.07,NaN
22-07-2015 14:00,-17.46,974.34,4.1,168.95,NaN
22-07-2015 15:00,-18.18,974.61,3.78,257.53,NaN
22-07-2015 16:00,-19.04,974.85,3.41,217.63,NaN
22-07-2015 17:00,-19.29,975.2,3.64,151.97,NaN
22-07-2015 18:00,-19.49,975.53,3.59,165.75,NaN
22-07-2015 19:00,-20.51,976.12,3.81,217.98,NaN
22-07-2015 20:00,-21.64,976.71,3.64,92.87,NaN
22-07-2015 21:00,-21.64,977.22,3.9,199.58,NaN
22-07-2015 22:00,-21.09,977.55,4.13,137.97,NaN
22-07-2015 23:00,-21.18,978.06,4.48,96.12,NaN
23-07-2015 00:00,-20.83,978.74,6.06,30.1,NaN
23-07-2015 01:00,-21.35,979.32,7.18,28.12,NaN
23-07-2015 02:00,-23.25,979.78,6.43,39.68,NaN
23-07-2015 03:00,-23.53,980.32,7.28,30.6,NaN
23-07-2015 04:00,-23.16,980.78,7.88,55.13,NaN
23-07-2015 05:00,-22.77,981.19,7.13,37.73,NaN
23-07-2015 06:00,-22.9,981.86,7.43,29.37,NaN
23-07-2015 07:00,-23.63,982.11,7.92,41.05,NaN
23-07-2015 08:00,-23.77,982.58,8.27,38.52,NaN
23-07-2015 09:00,-24.35,983.06,8.72,26.6,NaN
23-07-2015 10:00,-25.42,983.6,8.17,24.82,NaN
23-07-2015 11:00,-25.19,983.53,8.35,43.43,NaN
23-07-2015 12:00,-24.11,983.87,8.7,35.52,NaN
23-07-2015 13:00,-24,983.86,8.19,41.08,NaN
23-07-2015 14:00,-23.68,983.55,8.97,41.53,NaN
23-07-2015 15:00,-23.67,983.36,9.09,43.75,NaN
23-07-2015 16:00,-23.21,983.32,8.22,44.77,NaN
23-07-2015 17:00,-23.23,982.88,6.98,64.55,NaN
23-07-2015 18:00,-22.35,981.85,6.99,67.85,NaN
23-07-2015 19:00,-21.2,980.97,5.92,64.62,NaN
23-07-2015 20:00,-19.93,980.21,4.75,94.53,NaN
23-07-2015 21:00,-18.41,979.36,4.97,68.3,NaN
23-07-2015 22:00,-16.44,978.36,8,73.52,NaN
23-07-2015 23:00,-15.78,977.28,7.7,86.78,NaN
24-07-2015 00:00,-15.27,975.93,6.72,83.77,NaN
24-07-2015 01:00,-14.81,975.28,6.24,77.23,NaN
24-07-2015 02:00,-14.81,974.41,4.18,115.4,NaN
24-07-2015 03:00,-14.87,973.47,5.73,210.1,NaN
24-07-2015 04:00,-14.22,972.76,5.61,193.67,NaN
24-07-2015 05:00,-13.67,971.9,5.8,111.45,NaN
24-07-2015 06:00,-13.31,971.4,5.84,90.23,NaN
24-07-2015 07:00,-12.76,970.71,7.62,68.23,NaN
24-07-2015 08:00,-11.96,970.02,6.98,72.32,NaN
24-07-2015 09:00,-12.09,969.67,5.12,109.05,NaN
24-07-2015 10:00,-11.5,968.92,7.7,65.25,NaN
24-07-2015 11:00,-11.2,968.23,7.63,68.5,NaN
24-07-2015 12:00,-11.27,967.25,9.1,61.03,NaN
24-07-2015 13:00,-11.21,966.64,11.67,50.9,NaN
24-07-2015 14:00,-11.24,966.08,12.79,60.53,NaN
24-07-2015 15:00,-11.05,965.27,15.04,52.93,NaN
24-07-2015 16:00,-10.94,964.82,13.91,52,NaN
24-07-2015 17:00,-10.94,964.57,15.13,51.55,NaN
24-07-2015 18:00,-10.88,964.37,16,53.18,NaN
24-07-2015 19:00,-10.37,964.23,16.26,54.52,NaN
24-07-2015 20:00,-10.07,964.4,14.61,54.53,NaN
24-07-2015 21:00,-10.07,964.75,13.07,49.07,NaN
24-07-2015 22:00,-10.03,964.94,12.51,50.62,NaN
24-07-2015 23:00,-9.94,965.15,11.04,50.2,NaN
25-07-2015 00:00,-9.92,965.47,11.66,50.12,NaN
25-07-2015 01:00,-9.95,965.83,10.63,50.83,NaN
25-07-2015 02:00,-9.76,965.91,13.14,56.48,NaN
25-07-2015 03:00,-9.82,966.42,11.51,54.55,NaN
25-07-2015 04:00,-9.96,966.98,9.54,50.23,NaN
25-07-2015 05:00,-9.79,967.57,9.48,51.55,NaN
25-07-2015 06:00,-10.16,967.98,7.26,58,NaN
25-07-2015 07:00,-10.21,968.34,7.55,65.87,NaN
25-07-2015 08:00,-10.03,968.52,9.19,57.55,NaN
25-07-2015 09:00,-10.2,968.76,10.79,60.67,NaN
25-07-2015 10:00,-11.11,968.89,10.54,66.23,NaN
25-07-2015 11:00,-11.36,969.14,9.39,73.67,NaN
25-07-2015 12:00,-11.29,969.74,9.23,83.62,NaN
25-07-2015 13:00,-11.43,970.12,10.82,87.43,NaN
25-07-2015 14:00,-11.37,970.62,12.35,87.03,NaN
25-07-2015 15:00,-11.51,971.08,10.31,86.7,NaN
25-07-2015 16:00,-11.88,971.3,10.84,89.87,NaN
25-07-2015 17:00,-11.88,971.38,10.14,87.8,NaN
25-07-2015 18:00,-12.07,971.61,10.98,86.3,NaN
25-07-2015 19:00,-12.26,971.87,9.56,86.28,NaN
25-07-2015 20:00,-12.8,971.93,9.36,92.22,NaN
25-07-2015 21:00,-13.03,971.92,10.05,89.73,NaN
25-07-2015 22:00,-14,972.13,10.18,95.15,NaN
25-07-2015 23:00,-14.03,972.32,10.81,92.48,NaN
26-07-2015 00:00,-13.76,972.33,9.71,87.32,NaN
26-07-2015 01:00,-13.69,972.48,8.33,88.38,NaN
26-07-2015 02:00,-13.77,972.48,9.24,89.83,NaN
26-07-2015 03:00,-13.64,972.69,9.58,85.35,NaN
26-07-2015 04:00,-13.48,972.93,9.16,86.15,NaN
26-07-2015 05:00,-13.42,973.23,7.28,83.97,NaN
26-07-2015 06:00,-13.55,973.62,6.15,91.48,NaN
26-07-2015 07:00,-13.52,973.84,5.91,97.85,NaN
26-07-2015 08:00,-14.03,974.03,7.42,96.47,NaN
26-07-2015 09:00,-14.13,974.2,8.71,88.83,NaN
26-07-2015 10:00,-13.88,974.28,10.46,91.03,NaN
26-07-2015 11:00,-14.44,974.11,9.62,96.98,NaN
26-07-2015 12:00,-14.8,974.27,9.8,99.75,NaN
26-07-2015 13:00,-14.79,974.21,10.35,97,NaN
26-07-2015 14:00,-14.73,974.26,10.72,101.92,NaN
26-07-2015 15:00,-15.15,974.17,10.16,96.85,NaN
26-07-2015 16:00,-15.4,973.95,10.05,96.98,NaN
26-07-2015 17:00,-15.48,973.63,11.2,92.87,NaN
26-07-2015 18:00,-15.46,973.44,10.37,93.32,NaN
26-07-2015 19:00,-16.45,973.48,10.96,97.17,NaN
26-07-2015 20:00,-16.46,973.34,10.1,89.07,NaN
26-07-2015 21:00,-16.77,973.23,10.78,93.65,NaN
26-07-2015 22:00,-16.62,973.21,10.59,91.23,NaN
26-07-2015 23:00,-16.62,972.99,9.93,87.8,NaN
27-07-2015 00:00,-17.09,972.99,8.08,94.37,NaN
27-07-2015 01:00,-17.52,973.09,7.33,110.02,NaN
27-07-2015 02:00,-17.8,973.1,6.21,123.27,NaN
27-07-2015 03:00,-18.09,973,5.87,110.72,NaN
27-07-2015 04:00,-17.98,973.1,5.15,153.22,NaN
27-07-2015 05:00,-17.48,973.1,5.91,149.28,NaN
27-07-2015 06:00,-17.8,972.77,9.17,114.05,NaN
27-07-2015 07:00,-17.78,972.79,9.6,107.62,NaN
27-07-2015 08:00,-18.17,973,10.06,108,NaN
27-07-2015 09:00,-18.92,973.07,10.33,114.22,NaN
27-07-2015 10:00,-19.43,973.5,9.56,121.65,NaN
27-07-2015 11:00,-20.02,974.34,7.04,115.55,NaN
27-07-2015 12:00,-20.73,974.62,7.41,135.95,NaN
27-07-2015 13:00,-21.28,974.62,7.77,131.08,NaN
27-07-2015 14:00,-21.93,974.87,8.66,128.28,NaN
27-07-2015 15:00,-22.17,975.55,11.3,120.18,NaN
27-07-2015 16:00,-22.41,976.27,12.53,113.43,NaN
27-07-2015 17:00,-22.01,977.4,10.9,119.75,NaN
27-07-2015 18:00,-21.75,978.14,9.53,119.1,NaN
27-07-2015 19:00,-21.67,978.36,9.42,117.42,NaN
27-07-2015 20:00,-22.09,978.98,9.5,119.08,NaN
27-07-2015 21:00,-21.62,980.49,5.92,123.53,NaN
27-07-2015 22:00,-21.7,980.94,7.56,120.7,NaN
27-07-2015 23:00,-22.17,981.84,5.89,95.73,NaN
28-07-2015 00:00,-22.07,981.97,5.57,121.37,NaN
28-07-2015 01:00,-22.32,982.45,5.83,105.72,NaN
28-07-2015 02:00,-22.11,982.11,5.35,72.97,NaN
28-07-2015 03:00,-22,981.96,4.17,95.25,NaN
28-07-2015 04:00,-21.95,981.86,4.42,78.03,NaN
28-07-2015 05:00,-20.83,982.12,7.13,41.72,NaN
28-07-2015 06:00,-20.68,981.73,7.81,58.6,NaN
28-07-2015 07:00,-20.05,981.51,9.55,47.75,NaN
28-07-2015 08:00,-19.4,980.94,12.52,49.77,NaN
28-07-2015 09:00,-19.44,980.16,13.89,57.08,NaN
28-07-2015 10:00,-19.37,979.03,14.46,53,NaN
28-07-2015 11:00,-19.52,978.32,12.13,55.47,NaN
28-07-2015 12:00,-19.59,978.66,7.85,57.23,NaN
28-07-2015 13:00,-19.45,978.52,7.33,90.85,NaN
28-07-2015 14:00,-18.66,977.66,7.04,112.57,NaN
28-07-2015 15:00,-17.95,977.41,4.91,146.7,NaN
28-07-2015 16:00,-17.55,977.31,4.66,167.88,NaN
28-07-2015 17:00,-17.54,977.26,3.89,62.72,NaN
28-07-2015 18:00,-17.74,977.13,4.49,216.5,NaN
28-07-2015 19:00,-17.9,976.91,5.51,202.18,NaN
28-07-2015 20:00,-17.45,976.64,8.32,215.02,NaN
28-07-2015 21:00,-17.56,976.64,10.92,214.13,NaN
28-07-2015 22:00,-17.66,976.9,10.84,215.47,NaN
28-07-2015 23:00,-17.95,977.44,11.44,216.42,NaN
29-07-2015 00:00,-18.89,978.22,10.52,224.87,NaN
29-07-2015 01:00,-20.44,979.31,10.55,224.4,NaN
29-07-2015 02:00,-20.7,980.2,10.06,217.48,NaN
29-07-2015 03:00,-20.34,981.07,7.13,215.32,NaN
29-07-2015 04:00,-20.45,981.9,8.21,214.05,NaN
29-07-2015 05:00,-22.09,982.97,8.23,198.52,NaN
29-07-2015 06:00,-20.07,984.13,6.34,181.22,NaN
29-07-2015 07:00,-21.91,985.08,4.33,160.66,NaN
29-07-2015 08:00,-22.47,986.11,5.61,95.43,NaN
29-07-2015 09:00,-25.24,987.31,4.88,192.83,NaN
29-07-2015 10:00,-25.69,988.17,4.03,86.62,NaN
29-07-2015 11:00,-25.17,989.65,4.15,161.22,NaN
29-07-2015 12:00,-24.41,990.53,5.62,105.75,NaN
29-07-2015 13:00,-23.29,991.16,5.16,115.65,NaN
29-07-2015 14:00,-24.36,992.58,4.16,94.85,NaN
29-07-2015 15:00,-23.35,993.04,4.9,123.12,NaN
29-07-2015 16:00,-23.77,993.6,4.05,216.3,NaN
29-07-2015 17:00,-24.32,994.21,4.13,224.67,NaN
29-07-2015 18:00,-24.46,994.67,3.93,190.63,NaN
29-07-2015 19:00,-24.3,994.99,3.72,190.45,NaN
29-07-2015 20:00,-24.07,995.11,3.83,230.37,NaN
29-07-2015 21:00,-23.85,995.09,4.96,232.37,NaN
29-07-2015 22:00,-24.43,995.16,4.59,196.92,NaN
29-07-2015 23:00,-24.86,994.85,4.28,168.52,NaN
30-07-2015 00:00,-25.33,994.25,4,204.73,NaN
30-07-2015 01:00,-25.68,993.97,3.82,89,NaN
30-07-2015 02:00,-26.21,993.61,3.96,90.83,NaN
30-07-2015 03:00,-26.03,993.34,3.71,107.25,NaN
30-07-2015 04:00,-25.53,993.16,3.64,170,NaN
30-07-2015 05:00,-25.3,992.59,3.44,174.33,NaN
30-07-2015 06:00,-24.73,992.23,4.1,86.12,NaN
30-07-2015 07:00,-24.02,991.67,4.19,94.12,NaN
30-07-2015 08:00,-23.63,991.16,3.85,79.67,NaN
30-07-2015 09:00,-23.4,990.4,3.86,201.35,NaN
30-07-2015 10:00,-23.54,989.71,4.88,220.83,NaN
30-07-2015 11:00,-23.11,989.11,5.94,190.27,NaN
30-07-2015 12:00,-22.7,988.58,5.82,155.52,NaN
30-07-2015 13:00,-22.57,988.15,5.27,172.05,NaN
30-07-2015 14:00,-22.56,987.81,3.8,120.35,NaN
30-07-2015 15:00,-23.43,987.27,3.48,82.48,NaN
30-07-2015 16:00,-23.68,987.14,3.77,196.75,NaN
30-07-2015 17:00,-23.79,986.99,4.01,211.22,NaN
30-07-2015 18:00,-24.17,986.71,3.41,164.48,NaN
30-07-2015 19:00,-24.88,986.5,3.4,168.68,NaN
30-07-2015 20:00,-25.34,986.41,3.69,182.17,NaN
30-07-2015 21:00,-25.57,986.22,3.4,165.88,NaN
30-07-2015 22:00,-25.42,986.22,3.49,195.85,NaN
30-07-2015 23:00,-24.64,986.38,3.71,190.12,NaN
31-07-2015 00:00,-25.67,986.76,4.13,188,NaN
31-07-2015 01:00,-26.13,987.09,3.9,196.2,NaN
31-07-2015 02:00,-26.94,987.39,4.09,189.67,NaN
31-07-2015 03:00,-27.96,987.6,4.31,76.48,NaN
31-07-2015 04:00,-26.88,987.68,4,79.28,NaN
31-07-2015 05:00,-26.21,988.22,3.63,96.83,NaN
31-07-2015 06:00,-27.8,989.2,3.67,192.93,NaN
31-07-2015 07:00,-27.36,989.66,4,216.38,NaN
31-07-2015 08:00,-27.4,990.39,3.84,188.15,NaN
31-07-2015 09:00,-26.65,990.56,4.12,117.77,NaN
31-07-2015 10:00,-26.15,990.64,3.85,175.33,NaN
31-07-2015 11:00,-29.18,990.98,4.26,253.08,NaN
31-07-2015 12:00,-29.89,991,5.22,238.12,NaN
31-07-2015 13:00,-29.8,990.65,4.28,163.63,NaN
31-07-2015 14:00,-27.34,990.43,3.62,183.85,NaN
31-07-2015 15:00,-27.41,990.53,4.08,225.1,NaN
31-07-2015 16:00,-27.59,990.66,3.69,204.42,NaN
31-07-2015 17:00,-28.82,990.33,4.63,181.87,NaN
31-07-2015 18:00,-29.5,989.29,4.04,225.98,NaN
31-07-2015 19:00,-27.7,989.12,3.99,113.38,NaN
31-07-2015 20:00,-28.24,988.67,5.18,27.93,NaN
31-07-2015 21:00,-28.46,988.76,5.07,43.68,NaN
31-07-2015 22:00,-26.41,987.96,4.09,53.15,NaN
31-07-2015 23:00,-23.8,987.04,5.68,68.2,NaN
01-08-2015 00:00,-21.43,985.98,4.99,69.08,NaN
01-08-2015 01:00,-18.93,985.16,5.54,78.08,NaN
01-08-2015 02:00,-18.26,984.6,4.47,130.15,NaN
01-08-2015 03:00,-18.48,983.51,7.24,197.65,NaN
01-08-2015 04:00,-17.03,982.04,6.69,179.68,NaN
01-08-2015 05:00,-14.88,980,8.98,62.42,NaN
01-08-2015 06:00,-11.94,978.15,13.56,50.35,NaN
01-08-2015 07:00,-11.48,976.51,11.07,48.68,NaN
01-08-2015 08:00,-10.26,975.23,16.64,51.93,NaN
01-08-2015 09:00,-9.8,973.42,21.69,59.68,NaN
01-08-2015 10:00,-9.11,971.06,28.97,75.26,NaN
01-08-2015 11:00,-9.55,969.53,30.97,76.22,NaN
01-08-2015 12:00,-9.45,968.49,29.47,71.13,NaN
01-08-2015 13:00,-9.2,967.11,28.65,59.72,NaN
01-08-2015 14:00,-9.26,966.09,27.86,60.33,NaN
01-08-2015 15:00,-9.38,965.86,19.59,52.18,NaN
01-08-2015 16:00,-9.45,965.06,19.69,52.98,NaN
01-08-2015 17:00,-9.56,964.93,16.7,53.42,NaN
01-08-2015 18:00,-9.87,965.31,15.68,51.38,NaN
01-08-2015 19:00,-10.16,965.48,10.69,38.4,NaN
01-08-2015 20:00,-10.28,966.13,11.59,41.93,NaN
01-08-2015 21:00,-10.34,967.25,9.23,47.23,NaN
01-08-2015 22:00,-10.38,968.25,5.19,101.35,NaN
01-08-2015 23:00,-10.6,969,5.58,201.63,NaN
02-08-2015 00:00,-10.59,969.88,5.55,215.98,NaN
02-08-2015 01:00,-10.95,970.55,5.53,236.42,NaN
02-08-2015 02:00,-11.12,971.79,5.21,200.45,NaN
02-08-2015 03:00,-11.49,973.05,4.53,183.43,NaN
02-08-2015 04:00,-11.96,974.36,5.95,160.82,NaN
02-08-2015 05:00,-12.35,975.94,7.85,232.23,NaN
02-08-2015 06:00,-12.97,977.21,7.81,205.62,NaN
02-08-2015 07:00,-13.63,978.75,10.04,213.17,NaN
02-08-2015 08:00,-14.2,980.42,10.34,217.53,NaN
02-08-2015 09:00,-13.84,981.74,6.86,188.64,NaN
02-08-2015 10:00,-13.94,983.38,6.43,57.48,NaN
02-08-2015 11:00,-14.55,984.8,9.21,74.62,NaN
02-08-2015 12:00,-15.37,986,10.67,81.92,NaN
02-08-2015 13:00,-15.49,986.9,11.55,84.63,NaN
02-08-2015 14:00,-15.88,987.58,12.49,84.97,NaN
02-08-2015 15:00,-16.33,988.46,12.32,85.8,NaN
02-08-2015 16:00,-16.5,988.93,12.65,88.7,NaN
02-08-2015 17:00,-16.64,989.34,12.66,88.53,NaN
02-08-2015 18:00,-16.86,989.53,11.79,90.65,NaN
02-08-2015 19:00,-16.86,989.72,10.81,86.95,NaN
02-08-2015 20:00,-17.19,989.6,10.25,92.47,NaN
02-08-2015 21:00,-16.83,989.57,9.89,87.63,NaN
02-08-2015 22:00,-17.63,989.3,10.13,100.12,NaN
02-08-2015 23:00,-17.75,988.84,9.67,95.08,NaN
03-08-2015 00:00,-18.62,987.63,13.48,103.08,NaN
03-08-2015 01:00,-19.93,986.79,13.63,100.43,NaN
03-08-2015 02:00,-19.33,985.9,10.1,89.88,NaN
03-08-2015 03:00,-18.72,984.56,10.49,80.08,NaN
03-08-2015 04:00,-18.49,983.24,9.27,80.98,NaN
03-08-2015 05:00,-18.12,982.17,14.23,60.18,NaN
03-08-2015 06:00,-18.47,981.43,8.71,59.8,NaN
03-08-2015 07:00,-18.55,980.74,6.46,49.98,NaN
03-08-2015 08:00,-17.77,980.22,6.38,84.73,NaN
03-08-2015 09:00,-17.37,979.46,3.16,97.75,NaN
03-08-2015 10:00,-17.2,978.64,3.41,119.17,NaN
03-08-2015 11:00,-16.97,977.5,5.15,126.28,NaN
03-08-2015 12:00,-16.42,976.5,8.38,98.6,NaN
03-08-2015 13:00,-15.67,975.39,10.6,96.85,NaN
03-08-2015 14:00,-15.63,974.72,8.59,107.97,NaN
03-08-2015 15:00,-14.99,973.6,9.62,114.32,NaN
03-08-2015 16:00,-14.56,972.32,10.65,121.13,NaN
03-08-2015 17:00,-14.09,971.04,9.29,105.75,NaN
03-08-2015 18:00,-13.39,970.07,6.72,97.67,NaN
03-08-2015 19:00,-12.09,969.33,6.66,87.62,NaN
03-08-2015 20:00,-10.7,968.38,15.11,81.71,NaN
03-08-2015 21:00,-10.76,967.8,18.82,84.33,NaN
03-08-2015 22:00,-10.79,967.2,19.25,85.62,NaN
03-08-2015 23:00,-10.71,966.78,18.39,82.75,NaN
04-08-2015 00:00,-10.55,966.38,16.25,69.87,NaN
04-08-2015 01:00,-10.59,965.93,15.02,70.73,NaN
04-08-2015 02:00,-10.42,965.64,17.2,75.73,NaN
04-08-2015 03:00,-10.72,965.44,16.29,77.35,NaN
04-08-2015 04:00,-10.55,965.27,18.06,80,NaN
04-08-2015 05:00,-10.38,965.19,17.58,78.93,NaN
04-08-2015 06:00,-10.43,964.99,17.58,78.33,NaN
04-08-2015 07:00,-10.25,964.91,17.53,78.15,NaN
04-08-2015 08:00,-10.05,964.97,16.58,77.7,NaN
04-08-2015 09:00,-9.96,965.14,15.62,73.08,NaN
04-08-2015 10:00,-10.81,965.41,17.98,85.45,NaN
04-08-2015 11:00,-10.94,965.82,17.56,82.03,NaN
04-08-2015 12:00,-11.4,966.46,17.39,68.67,NaN
04-08-2015 13:00,-12.29,967.8,12.54,62.23,NaN
04-08-2015 14:00,-12.32,968.74,11.81,68.28,NaN
04-08-2015 15:00,-13.17,969.42,11.72,76.97,NaN
04-08-2015 16:00,-13.7,969.95,12.06,81.97,NaN
04-08-2015 17:00,-14.24,970.63,10.53,87.8,NaN
04-08-2015 18:00,-14.5,971.85,8.52,84.75,NaN
04-08-2015 19:00,-16.07,974.2,7.95,39.88,NaN
04-08-2015 20:00,-19.43,977.16,14.02,46.28,NaN
04-08-2015 21:00,-21,979.7,15.9,40.43,NaN
04-08-2015 22:00,-20.92,981.76,16.31,39.07,NaN
04-08-2015 23:00,-20.16,983.53,13.63,39.53,NaN
05-08-2015 00:00,-19.19,985.21,11.62,43.28,NaN
05-08-2015 01:00,-18.77,986.8,9.96,46.75,NaN
05-08-2015 02:00,-18.37,988.02,9.36,50.7,NaN
05-08-2015 03:00,-18,988.97,8.27,60.02,NaN
05-08-2015 04:00,-17.43,989.37,7.03,75.12,NaN
05-08-2015 05:00,-16.79,989.51,7.39,78.57,NaN
05-08-2015 06:00,-17.02,989.53,7.77,105.12,NaN
05-08-2015 07:00,-17.06,989.27,8.46,125.82,NaN
05-08-2015 08:00,-15.81,989.08,5.07,97.4,NaN
05-08-2015 09:00,-15.86,989,4.34,145.38,NaN
05-08-2015 10:00,-15.62,988.91,5.55,123.47,NaN
05-08-2015 11:00,-14.78,988.76,4.69,154.17,NaN
05-08-2015 12:00,-15,988.94,5.69,127.07,NaN
05-08-2015 13:00,-14.59,989.36,5.12,117.62,NaN
05-08-2015 14:00,-14.3,989.61,5.26,116.88,NaN
05-08-2015 15:00,-14.15,989.72,6.46,87.33,NaN
05-08-2015 16:00,-14.34,989.63,6.58,100.03,NaN
05-08-2015 17:00,-16.3,989.29,8.04,97.83,NaN
05-08-2015 18:00,-17.01,988.99,8.8,100.42,NaN
05-08-2015 19:00,-17.42,988.57,8.02,102.2,NaN
05-08-2015 20:00,-17.19,988.12,9.28,99.12,NaN
05-08-2015 21:00,-18.3,987.62,10.7,113.88,NaN
05-08-2015 22:00,-19.34,987.07,11.63,123,NaN
05-08-2015 23:00,-19.84,986.44,11.08,121.38,NaN
06-08-2015 00:00,-19.67,985.51,11.24,120.98,NaN
06-08-2015 01:00,-19.99,984.66,10.55,117.3,NaN
06-08-2015 02:00,-19.51,983.88,9.14,110.05,NaN
06-08-2015 03:00,-19.94,983,8.74,103.53,NaN
06-08-2015 04:00,-19.95,981.86,8.91,97.13,NaN
06-08-2015 05:00,-20.25,981.28,7.96,95.05,NaN
06-08-2015 06:00,-20.82,980.48,7.78,97.43,NaN
06-08-2015 07:00,-21.48,979.36,10.05,106.82,NaN
06-08-2015 08:00,-21.91,978.57,9.2,103.8,NaN
06-08-2015 09:00,-22.21,977.54,8.49,97.93,NaN
06-08-2015 10:00,-22.78,976.78,7.87,95.07,NaN
06-08-2015 11:00,-23.07,975.84,7.13,103.57,NaN
06-08-2015 12:00,-23.47,974.79,5.43,139.37,NaN
06-08-2015 13:00,-23.18,973.64,4.47,144.43,NaN
06-08-2015 14:00,-23.48,972.48,4.47,209.83,NaN
06-08-2015 15:00,-23.87,971.16,5.24,179.85,NaN
06-08-2015 16:00,-24.34,970.23,4.37,152.12,NaN
06-08-2015 17:00,-24.56,969.46,4.04,218.6,NaN
06-08-2015 18:00,-24.36,968.63,4.98,156.05,NaN
06-08-2015 19:00,-24.71,968.17,5.23,106.65,NaN
06-08-2015 20:00,-25.12,967.67,4.63,90.12,NaN
06-08-2015 21:00,-26.07,967.61,4.8,84.5,NaN
06-08-2015 22:00,-26,967.73,6.04,89.38,NaN
06-08-2015 23:00,-27.16,967.97,5.62,21.08,NaN
07-08-2015 00:00,-28.23,968.13,5.35,24.88,NaN
07-08-2015 01:00,-29.48,968.85,5.43,26.65,NaN
07-08-2015 02:00,-29.31,969.21,5.81,46.85,NaN
07-08-2015 03:00,-29.95,970.17,5.79,100.67,NaN
07-08-2015 04:00,-29.07,970.87,5.54,49.62,NaN
07-08-2015 05:00,-29.67,971.83,4.78,46.63,NaN
07-08-2015 06:00,-29.87,972.78,4.22,75.25,NaN
07-08-2015 07:00,-30.25,973.91,4.33,59.88,NaN
07-08-2015 08:00,-29.53,974.81,5.76,53.33,NaN
07-08-2015 09:00,-29.18,975.33,7.16,49.42,NaN
07-08-2015 10:00,-29.61,976.06,5.75,254.8,NaN
07-08-2015 11:00,-28.7,976.44,7.26,111.98,NaN
07-08-2015 12:00,-28.26,976.96,8.24,35.63,NaN
07-08-2015 13:00,-29.49,977.67,6.02,248.53,NaN
07-08-2015 14:00,-28.74,977.78,8.01,70.8,NaN
07-08-2015 15:00,-28.79,978.15,7.46,54.62,NaN
07-08-2015 16:00,-28.96,978.58,6.18,250.13,NaN
07-08-2015 17:00,-28.67,978.83,7.62,75.03,NaN
07-08-2015 18:00,-28.17,978.95,7.82,48.15,NaN
07-08-2015 19:00,-28.03,978.95,7.2,75.9,NaN
07-08-2015 20:00,-28.55,979,6.56,243.88,NaN
07-08-2015 21:00,NaN,NaN,NaN,NaN,NaN
07-08-2015 22:00,NaN,NaN,NaN,NaN,NaN
07-08-2015 23:00,NaN,NaN,NaN,NaN,NaN
08-08-2015 00:00,NaN,NaN,NaN,NaN,NaN
08-08-2015 01:00,NaN,NaN,NaN,NaN,NaN
08-08-2015 02:00,NaN,NaN,NaN,NaN,NaN
08-08-2015 03:00,NaN,NaN,NaN,NaN,NaN
08-08-2015 04:00,NaN,NaN,NaN,NaN,NaN
08-08-2015 05:00,-26.46,980.97,4.81,282.14,NaN
08-08-2015 06:00,-26.31,980.85,4.24,328.45,NaN
08-08-2015 07:00,-26.26,980.55,4.77,167.52,NaN
08-08-2015 08:00,NaN,NaN,NaN,NaN,NaN
08-08-2015 09:00,-26.06,980.99,4.66,215.69,NaN
08-08-2015 10:00,-25.89,980.73,4.83,245.42,NaN
08-08-2015 11:00,-25.2,980.59,5.81,278.23,NaN
08-08-2015 12:00,-24.06,980.52,6.41,269.58,NaN
08-08-2015 13:00,-21.6,980.31,4.69,153.77,NaN
08-08-2015 14:00,-18.78,980.21,5.82,84.55,NaN
08-08-2015 15:00,-17.87,979.98,4.26,136.78,NaN
08-08-2015 16:00,-17.31,979.87,5.62,192.6,NaN
08-08-2015 17:00,-17.02,979.74,7.75,194.88,NaN
08-08-2015 18:00,-16.81,979.71,7.41,193.67,NaN
08-08-2015 19:00,-16.11,979.87,7.28,204.58,NaN
08-08-2015 20:00,-15.68,979.56,6.97,202.73,NaN
08-08-2015 21:00,-15.69,979.42,5.09,153.6,NaN
08-08-2015 22:00,-15.46,979.46,6.24,80.07,NaN
08-08-2015 23:00,-15.7,979.42,7.21,89.53,NaN
09-08-2015 00:00,-15.72,979.41,8.67,93.35,NaN
09-08-2015 01:00,-16.32,979.15,9.24,102.03,NaN
09-08-2015 02:00,-16.69,979.29,8.58,109.45,NaN
09-08-2015 03:00,-16.24,979.34,7.99,100.93,NaN
09-08-2015 04:00,-16.42,979.22,8.23,114.33,NaN
09-08-2015 05:00,-16.85,979.33,7.35,94.73,NaN
09-08-2015 06:00,-17.6,979.21,8.95,98.65,NaN
09-08-2015 07:00,-18.1,979.17,8.13,96.62,NaN
09-08-2015 08:00,-18.5,979.05,8.2,99.67,NaN
09-08-2015 09:00,-18.95,978.97,7.66,95.65,NaN
09-08-2015 10:00,-18.42,978.59,7.97,87.02,NaN
09-08-2015 11:00,-18.19,978.43,8.16,85.18,NaN
09-08-2015 12:00,-18.16,977.9,8.3,84.1,NaN
09-08-2015 13:00,-18.04,977.66,8.21,78.13,NaN
09-08-2015 14:00,-17.93,977.33,7.95,80.97,NaN
09-08-2015 15:00,-17.74,977.06,8.04,81.57,NaN
09-08-2015 16:00,-17.86,976.62,7.95,79.62,NaN
09-08-2015 17:00,-17.97,976.29,7.83,82.72,NaN
09-08-2015 18:00,-18.04,975.96,7.74,83.35,NaN
09-08-2015 19:00,-18.25,975.48,7.29,85.38,NaN
09-08-2015 20:00,-18.26,974.99,7.01,84.53,NaN
09-08-2015 21:00,-18.48,974.47,6.96,87.03,NaN
09-08-2015 22:00,-18.78,974.07,6.7,87.98,NaN
09-08-2015 23:00,-18.48,973.8,7.22,80.98,NaN
10-08-2015 00:00,-18.81,973.52,6.8,96.63,NaN
10-08-2015 01:00,-18.5,973.22,7.01,102.1,NaN
10-08-2015 02:00,-18.35,973.12,5.87,105.53,NaN
10-08-2015 03:00,-18.09,972.8,5.92,110.62,NaN
10-08-2015 04:00,-17.97,972.47,5.53,93.97,NaN
10-08-2015 05:00,-17.7,972.45,5.17,65.85,NaN
10-08-2015 06:00,-17.53,972.54,5.59,82.62,NaN
10-08-2015 07:00,-17.56,972.68,5.06,112.92,NaN
10-08-2015 08:00,-17.89,972.58,6.26,106.57,NaN
10-08-2015 09:00,-17.71,972.64,6.22,111.32,NaN
10-08-2015 10:00,-17.77,972.31,7.09,108.78,NaN
10-08-2015 11:00,-18.11,972.35,6.38,113.15,NaN
10-08-2015 12:00,-17.77,972.23,6.22,91.23,NaN
10-08-2015 13:00,-17.55,972.42,4.41,72.97,NaN
10-08-2015 14:00,-17.09,972.35,4.81,83.6,NaN
10-08-2015 15:00,-16.65,972.37,7.93,77.87,NaN
10-08-2015 16:00,-16.54,972.47,9.29,64.72,NaN
10-08-2015 17:00,-16.64,972.46,9.6,50.58,NaN
10-08-2015 18:00,-16.44,972.48,11.53,53.5,NaN
10-08-2015 19:00,-16.34,972.44,15.25,54.27,NaN
10-08-2015 20:00,-16.34,972.52,16.84,57.12,NaN
10-08-2015 21:00,-16.42,972.78,16.34,56.35,NaN
10-08-2015 22:00,-16.81,972.77,15.67,57.2,NaN
10-08-2015 23:00,-16.97,972.52,16.45,56.53,NaN
11-08-2015 00:00,-16.98,972.48,17.41,55.87,NaN
11-08-2015 01:00,-17.04,972.55,16.55,56.05,NaN
11-08-2015 02:00,-17.3,972.68,14.38,55.33,NaN
11-08-2015 03:00,-17.66,972.78,14.65,62.92,NaN
11-08-2015 04:00,-18.4,972.94,13.68,68.82,NaN
11-08-2015 05:00,-18.94,973.18,9.39,76.45,NaN
11-08-2015 06:00,-18.75,973.03,9.49,82.63,NaN
11-08-2015 07:00,-18.98,973.04,7.83,78.15,NaN
11-08-2015 08:00,-19.16,972.95,6.01,89.6,NaN
11-08-2015 09:00,-19.72,972.75,5.7,110.28,NaN
11-08-2015 10:00,-20,972.62,5.46,107.8,NaN
11-08-2015 11:00,-20.06,972.59,5.3,118.65,NaN
11-08-2015 12:00,-20.2,972.75,6.46,88.82,NaN
11-08-2015 13:00,-21.22,972.51,7.42,104.33,NaN
11-08-2015 14:00,-21.66,972.43,8.73,100.6,NaN
11-08-2015 15:00,-21.96,972.44,8.01,100.5,NaN
11-08-2015 16:00,-21.69,972.08,6.92,94.33,NaN
11-08-2015 17:00,-21.69,972.12,7.51,102.48,NaN
11-08-2015 18:00,-21.96,972.33,8.59,98.5,NaN
11-08-2015 19:00,-21.9,972.5,8.35,98.77,NaN
11-08-2015 20:00,-22.43,972.68,9.27,97.12,NaN
11-08-2015 21:00,-22.71,972.82,9.37,97.88,NaN
11-08-2015 22:00,-22.66,972.82,9.69,97.32,NaN
11-08-2015 23:00,-22.56,972.83,9.47,98.02,NaN
12-08-2015 00:00,-23.19,973.2,10.07,94.3,NaN
12-08-2015 01:00,-23.56,973.32,8.92,101.25,NaN
12-08-2015 02:00,-23.46,973.83,9.33,97.73,NaN
12-08-2015 03:00,-23.21,974.16,9.15,97.72,NaN
12-08-2015 04:00,-22.82,974.46,9.59,90.3,NaN
12-08-2015 05:00,-22.55,974.69,9.17,88.42,NaN
12-08-2015 06:00,-23.03,975.03,9.7,91.33,NaN
12-08-2015 07:00,-23.44,975.39,8.26,100.32,NaN
12-08-2015 08:00,-23.54,975.68,8.95,98.9,NaN
12-08-2015 09:00,-23.52,975.96,8.9,99.47,NaN
12-08-2015 10:00,-23.77,976.27,9.46,99.27,NaN
12-08-2015 11:00,-24.26,976.47,8.65,107.22,NaN
12-08-2015 12:00,-24.66,976.62,8.89,111.75,NaN
12-08-2015 13:00,-24.86,976.9,10.11,116.83,NaN
12-08-2015 14:00,-24.58,977.12,9.75,103.77,NaN
12-08-2015 15:00,-24.82,977.03,9.47,103.38,NaN
12-08-2015 16:00,-25.52,977.02,9.34,106.75,NaN
12-08-2015 17:00,-25.45,977.05,10.28,110.23,NaN
12-08-2015 18:00,-25.81,977.05,10.63,110.77,NaN
12-08-2015 19:00,-25.8,977.22,10.58,110.63,NaN
12-08-2015 20:00,-26.47,977.57,8.77,116.75,NaN
12-08-2015 21:00,-26.18,977.7,8.74,115.4,NaN
12-08-2015 22:00,-26.64,977.39,9.81,112.77,NaN
12-08-2015 23:00,-26.87,977.48,8.53,122.1,NaN
13-08-2015 00:00,-27.27,977.65,6.33,99.27,NaN
13-08-2015 01:00,-27.73,977.54,8,123.18,NaN
13-08-2015 02:00,-27.69,977.4,7.8,116.78,NaN
13-08-2015 03:00,-27.66,977.05,9.14,116.82,NaN
13-08-2015 04:00,-27.84,976.97,6.82,90.6,NaN
13-08-2015 05:00,-28.43,977.24,5.28,87.73,NaN
13-08-2015 06:00,-28.54,976.98,6.28,92.52,NaN
13-08-2015 07:00,-28.17,977.24,4.74,64.27,NaN
13-08-2015 08:00,-28.49,977.22,4.4,86.7,NaN
13-08-2015 09:00,-28.39,977.28,4.91,88.5,NaN
13-08-2015 10:00,-28.67,976.82,5.88,61.83,NaN
13-08-2015 11:00,-29.08,976.65,5.34,54.05,NaN
13-08-2015 12:00,-29.05,976.19,4.89,71.02,NaN
13-08-2015 13:00,-28.54,975.79,4.47,91.68,NaN
13-08-2015 14:00,-29.32,975.44,4.17,99.82,NaN
13-08-2015 15:00,-29,975.15,4.34,151.53,NaN
13-08-2015 16:00,-27.97,974.86,5.44,177.58,NaN
13-08-2015 17:00,-28.13,974.63,4.24,211.93,NaN
13-08-2015 18:00,-27.54,974.52,4.39,90.55,NaN
13-08-2015 19:00,-27.6,974.06,5.38,92.62,NaN
13-08-2015 20:00,-28.03,974.32,4.42,65.25,NaN
13-08-2015 21:00,-28.33,974.6,4.2,147.19,NaN
13-08-2015 22:00,-26.75,974.68,4.73,115.88,NaN
13-08-2015 23:00,-27.58,974.86,4.44,101.78,NaN
14-08-2015 00:00,-27.46,974.97,4.26,96.23,NaN
14-08-2015 01:00,-28.2,975.39,3.8,135.2,NaN
14-08-2015 02:00,-27.72,975.68,3.79,206.88,NaN
14-08-2015 03:00,-27.4,976,4.73,157.47,NaN
14-08-2015 04:00,-26.64,976.6,4.63,108.12,NaN
14-08-2015 05:00,-25.99,977.23,4.72,99.83,NaN
14-08-2015 06:00,-25,977.88,4.31,107.75,NaN
14-08-2015 07:00,-24.61,978.37,4.22,168.77,NaN
14-08-2015 08:00,-24.81,978.94,3.52,194.2,NaN
14-08-2015 09:00,-25.59,979.27,4.07,209.53,NaN
14-08-2015 10:00,-25.55,979.45,4.2,149.95,NaN
14-08-2015 11:00,-25.25,980.02,4.87,106.9,NaN
14-08-2015 12:00,-24.91,979.61,6,99.22,NaN
14-08-2015 13:00,-25,979.12,5.33,79.27,NaN
14-08-2015 14:00,-23.98,979.24,4.17,102.37,NaN
14-08-2015 15:00,-24.06,978.42,4.17,96.7,NaN
14-08-2015 16:00,-22.84,977.41,4.08,65.75,NaN
14-08-2015 17:00,-22.31,977.54,4.5,60.88,NaN
14-08-2015 18:00,-21.32,976.29,6.23,76.22,NaN
14-08-2015 19:00,-20.69,974.37,6.39,64.65,NaN
14-08-2015 20:00,-19.95,972.71,3.88,78.38,NaN
14-08-2015 21:00,-19.04,971.77,4.3,201.12,NaN
14-08-2015 22:00,-18.76,969.53,4.5,186.33,NaN
14-08-2015 23:00,-16.51,966.9,5.78,68.13,NaN
15-08-2015 00:00,-15.21,965.44,5.49,85.63,NaN
15-08-2015 01:00,-14.17,964.47,7.67,33.68,NaN
15-08-2015 02:00,-14.92,963.7,4.72,77.97,NaN
15-08-2015 03:00,-14.04,963.21,5.17,137.63,NaN
15-08-2015 04:00,-12.46,962.02,11.03,55.63,NaN
15-08-2015 05:00,-10.33,960.8,22.94,39.85,NaN
15-08-2015 06:00,-10.41,960.63,23.74,40.37,NaN
15-08-2015 07:00,-10.61,960.96,24.02,42.07,NaN
15-08-2015 08:00,-10.63,961.44,22.2,40.2,NaN
15-08-2015 09:00,-10.42,961.89,21.96,46.35,NaN
15-08-2015 10:00,-9.87,962.16,22.77,45.18,NaN
15-08-2015 11:00,-9.95,962.89,17.79,44.87,NaN
15-08-2015 12:00,-9.62,963.54,20.86,47.77,NaN
15-08-2015 13:00,-9.46,964.44,17.99,45.48,NaN
15-08-2015 14:00,-9.46,964.91,16.9,49.28,NaN
15-08-2015 15:00,-9,965.39,16,48.87,NaN
15-08-2015 16:00,-8.79,965.69,15.51,45.43,NaN
15-08-2015 17:00,-8.58,965.76,15.3,50.63,NaN
15-08-2015 18:00,-8.33,965.94,16.34,50.3,NaN
15-08-2015 19:00,-8.48,966.05,18.68,45.67,NaN
15-08-2015 20:00,-8.41,966.22,17.39,47.2,NaN
15-08-2015 21:00,-7.96,966.38,16.22,48.77,NaN
15-08-2015 22:00,-8.12,966.3,15.56,45.57,NaN
15-08-2015 23:00,-8.07,966.3,17.93,48.6,NaN
16-08-2015 00:00,-7.91,966.58,18,48.13,NaN
16-08-2015 01:00,-8.07,966.77,14.62,52.42,NaN
16-08-2015 02:00,-8.13,966.85,15.56,51.4,NaN
16-08-2015 03:00,-8.15,967.26,14.83,49.45,NaN
16-08-2015 04:00,-8.24,967.4,13.98,51,NaN
16-08-2015 05:00,-8.33,967.71,12.29,43.88,NaN
16-08-2015 06:00,-8.38,967.97,12.07,48.78,NaN
16-08-2015 07:00,-8.89,968.34,8.93,32.48,NaN
16-08-2015 08:00,-9.37,968.43,8.42,36.95,NaN
16-08-2015 09:00,-9.49,968.8,8.06,48.62,NaN
16-08-2015 10:00,-9.76,969.25,7.08,65.62,NaN
16-08-2015 11:00,-10.04,969.63,10.19,74.97,NaN
16-08-2015 12:00,-11.31,969.97,13.57,78.13,NaN
16-08-2015 13:00,-11.41,970.64,14.57,78.37,NaN
16-08-2015 14:00,-11.65,970.95,15.48,77.73,NaN
16-08-2015 15:00,-12.51,971.18,16.4,84.47,NaN
16-08-2015 16:00,-13.6,971.76,17.91,84.35,NaN
16-08-2015 17:00,-13.52,972.05,18.43,80.08,NaN
16-08-2015 18:00,-13.31,971.79,19.96,80.37,NaN
16-08-2015 19:00,-13.3,972.64,22.71,63.72,NaN
16-08-2015 20:00,-13.37,973.64,16.89,48.23,NaN
16-08-2015 21:00,-13.71,973.99,18.03,55.5,NaN
16-08-2015 22:00,-14.62,974.12,19.97,60.83,NaN
16-08-2015 23:00,-14.78,973.84,23.7,62.47,NaN
17-08-2015 00:00,-14.75,973.89,24.26,69.13,NaN
17-08-2015 01:00,-14.62,974.49,19.95,59.98,NaN
17-08-2015 02:00,-15.3,975.03,17.75,52.05,NaN
17-08-2015 03:00,-15.47,975.14,13.78,52.17,NaN
17-08-2015 04:00,-15.5,974.99,8.92,57.07,NaN
17-08-2015 05:00,-14.79,974.33,10.79,60.53,NaN
17-08-2015 06:00,-14.12,973.4,13.22,55.4,NaN
17-08-2015 07:00,-13.94,972.26,14.68,64.25,NaN
17-08-2015 08:00,-14.02,970.48,16.56,82.92,NaN
17-08-2015 09:00,-13.56,969.04,15.47,79.2,NaN
17-08-2015 10:00,-12.96,967.93,13.59,58.92,NaN
17-08-2015 11:00,-12.97,967.43,4.29,78.42,NaN
17-08-2015 12:00,-12.01,966.36,7.6,75.9,NaN
17-08-2015 13:00,-11.27,965.25,8.01,79.58,NaN
17-08-2015 14:00,-10.55,964.16,10.39,79.92,NaN
17-08-2015 15:00,-10.02,963.62,9.43,77.85,NaN
17-08-2015 16:00,-9.98,963.12,3.34,60.87,NaN
17-08-2015 17:00,-9.57,962.32,15.13,82.95,NaN
17-08-2015 18:00,-9.7,961.37,19.36,84.45,NaN
17-08-2015 19:00,-9.8,960.51,16.36,87.68,NaN
17-08-2015 20:00,-9.33,959.84,17.01,80.27,NaN
17-08-2015 21:00,-9.54,959.06,15.84,86.47,NaN
17-08-2015 22:00,-9.57,958.49,16.14,87.5,NaN
17-08-2015 23:00,-9.88,957.86,11.42,89.35,NaN
18-08-2015 00:00,-10.22,957.46,8.46,89.42,NaN
18-08-2015 01:00,-10.67,957.39,7.5,79.12,NaN
18-08-2015 02:00,-11.06,957.96,7.18,78.8,NaN
18-08-2015 03:00,-11.62,958.71,6.66,73.85,NaN
18-08-2015 04:00,-12.18,959.78,6.8,58.4,NaN
18-08-2015 05:00,-12.63,960.86,7.89,67.95,NaN
18-08-2015 06:00,-11.48,961.57,11.48,52.05,NaN
18-08-2015 07:00,-10.24,962.53,12.03,50.97,NaN
18-08-2015 08:00,-10.47,963.48,10.31,51.03,NaN
18-08-2015 09:00,-10.43,963.94,8.52,48.73,NaN
18-08-2015 10:00,-10.17,964.35,8.44,38.28,NaN
18-08-2015 11:00,-10.52,964.87,8.2,24.63,NaN
18-08-2015 12:00,-11.83,965.77,9.31,15.77,NaN
18-08-2015 13:00,-13.96,967.02,8.89,26.2,NaN
18-08-2015 14:00,-15.25,968.04,8.03,33.1,NaN
18-08-2015 15:00,-16.21,968.84,6.77,34.65,NaN
18-08-2015 16:00,-17.82,969.36,6.25,91.98,NaN
18-08-2015 17:00,-18.07,969.44,6.57,30.93,NaN
18-08-2015 18:00,-18.87,969.66,5.99,14.57,NaN
18-08-2015 19:00,-19.46,970.13,6.36,19.97,NaN
18-08-2015 20:00,-20.06,971.02,7.27,29.48,NaN
18-08-2015 21:00,-20.23,971.98,8.07,49,NaN
18-08-2015 22:00,-20.29,972.75,9.02,43.42,NaN
18-08-2015 23:00,-21.79,973.93,9.19,30.52,NaN
19-08-2015 00:00,-22.23,974.95,9.12,46.47,NaN
19-08-2015 01:00,-23.55,975.92,8.11,44.92,NaN
19-08-2015 02:00,-24.93,976.85,6.51,41.6,NaN
19-08-2015 03:00,-25.55,977.2,6.3,45.52,NaN
19-08-2015 04:00,-25.53,977.41,6.05,86.73,NaN
19-08-2015 05:00,-25.45,978.4,4.24,91.97,NaN
19-08-2015 06:00,-24.94,979.13,5.66,30.88,NaN
19-08-2015 07:00,-24.77,979.37,4.35,271.1,NaN
19-08-2015 08:00,-24.15,980.11,4.7,175.8,NaN
19-08-2015 09:00,-24.79,980.74,6.13,233.85,NaN
19-08-2015 10:00,-25.88,981.52,6.41,32.82,NaN
19-08-2015 11:00,-27.14,982.32,7.41,143.48,NaN
19-08-2015 12:00,-26.64,982.87,6.82,67.55,NaN
19-08-2015 13:00,-26.41,983.01,8.31,40.78,NaN
19-08-2015 14:00,-27.94,983.3,7.13,45.88,NaN
19-08-2015 15:00,-27.05,983.39,6.68,55.42,NaN
19-08-2015 16:00,-26.44,983.8,6.08,44.28,NaN
19-08-2015 17:00,-26.5,984.17,7.23,37.75,NaN
19-08-2015 18:00,-26.24,983.91,6.83,41.68,NaN
19-08-2015 19:00,-26.41,983.83,6.94,14.72,NaN
19-08-2015 20:00,-26.96,984.43,6.23,24.97,NaN
19-08-2015 21:00,-27.12,983.89,6.54,32.4,NaN
19-08-2015 22:00,-27.89,983.22,6.31,164.13,NaN
19-08-2015 23:00,NaN,NaN,NaN,NaN,NaN
20-08-2015 00:00,NaN,NaN,NaN,NaN,NaN
20-08-2015 01:00,NaN,NaN,NaN,NaN,NaN
20-08-2015 02:00,NaN,NaN,NaN,NaN,NaN
20-08-2015 03:00,-25.76,980,5.22,243.67,NaN
20-08-2015 04:00,-26.01,979.67,4.86,154.27,NaN
20-08-2015 05:00,-25.34,979.05,5.17,198.15,NaN
20-08-2015 06:00,-23.8,978.29,5.55,119.87,NaN
20-08-2015 07:00,-21.06,977.6,4.29,81.58,NaN
20-08-2015 08:00,-17.72,977.03,3.86,91.83,NaN
20-08-2015 09:00,-15.67,976.3,3.82,166.55,NaN
20-08-2015 10:00,-14.31,975.56,5.04,133.05,NaN
20-08-2015 11:00,-13.88,975.13,5.27,123.07,NaN
20-08-2015 12:00,-13.43,974.6,5.5,120.12,NaN
20-08-2015 13:00,-13.27,973.74,5.84,135.2,NaN
20-08-2015 14:00,-13.32,972.88,6.37,120.63,NaN
20-08-2015 15:00,-12.88,971.89,6.76,114.72,NaN
20-08-2015 16:00,-12.74,970.68,6.64,115.47,NaN
20-08-2015 17:00,-12.76,969.71,6.02,92.88,NaN
20-08-2015 18:00,-11.98,968.88,5.01,76.9,NaN
20-08-2015 19:00,-12.07,967.92,4.79,61.07,NaN
20-08-2015 20:00,-12.02,967.14,5.97,55.87,NaN
20-08-2015 21:00,-12.18,966.49,7.04,43.17,NaN
20-08-2015 22:00,-12.32,965.92,9.03,46.82,NaN
20-08-2015 23:00,-12.63,965.26,7.5,42.87,NaN
21-08-2015 00:00,-12.91,964.7,6.08,86.72,NaN
21-08-2015 01:00,-12.54,963.93,5.91,69.52,NaN
21-08-2015 02:00,-12.44,963.02,5.32,163.03,NaN
21-08-2015 03:00,-12.61,962.21,7.74,208.98,NaN
21-08-2015 04:00,-12.66,961.48,9.74,207.13,NaN
21-08-2015 05:00,-12.64,960.71,10.28,213.42,NaN
21-08-2015 06:00,-12.5,959.93,9.31,217.15,NaN
21-08-2015 07:00,-11.8,959.26,7.12,202.37,NaN
21-08-2015 08:00,-11.44,958.74,6.76,199.52,NaN
21-08-2015 09:00,-11.09,958,6.74,198.55,NaN
21-08-2015 10:00,-10.28,957.46,5.21,180.6,NaN
21-08-2015 11:00,-9.56,956.89,4.92,102.03,NaN
21-08-2015 12:00,-9.02,956.62,5.57,80.1,NaN
21-08-2015 13:00,-8.73,956.4,6.17,75.43,NaN
21-08-2015 14:00,-7.91,955.96,14.31,44.87,NaN
21-08-2015 15:00,-7.68,955.72,16.95,41.97,NaN
21-08-2015 16:00,-7.6,955.17,20.27,46.15,NaN
21-08-2015 17:00,-7.56,954.82,20.3,48.55,NaN
21-08-2015 18:00,-7.56,954.65,23.82,47.57,NaN
21-08-2015 19:00,-7.67,954.66,23.63,47.85,NaN
21-08-2015 20:00,-7.96,954.43,28.76,47.32,NaN
21-08-2015 21:00,-7.97,954.84,29.03,46.53,NaN
21-08-2015 22:00,-8.06,955.46,26.86,44.95,NaN
21-08-2015 23:00,-8.24,956.25,22.54,48.65,NaN
22-08-2015 00:00,-8.78,957.01,17.83,61.63,NaN
22-08-2015 01:00,-9.11,957.74,20.92,54.48,NaN
22-08-2015 02:00,-9.58,958.61,21.18,56.53,NaN
22-08-2015 03:00,-9.64,959.14,19.21,60.35,NaN
22-08-2015 04:00,-9.23,959.59,17.79,68.48,NaN
22-08-2015 05:00,-9.14,959.89,17.94,66.58,NaN
22-08-2015 06:00,-8.79,960.09,21.03,70.43,NaN
22-08-2015 07:00,-8.65,960.44,14.95,72.67,NaN
22-08-2015 08:00,-8.38,960.8,14.54,72.95,NaN
22-08-2015 09:00,-8.22,961.13,14.95,72.47,NaN
22-08-2015 10:00,-8.61,961.47,12.39,72.12,NaN
22-08-2015 11:00,-8.75,961.77,11.29,75,NaN
22-08-2015 12:00,-8.9,962.37,11.73,75.67,NaN
22-08-2015 13:00,-8.69,962.73,13.16,72.17,NaN
22-08-2015 14:00,-9.04,963.22,11.61,75.23,NaN
22-08-2015 15:00,-8.86,963.39,11.47,74.37,NaN
22-08-2015 16:00,-8.49,963.57,10.25,74.03,NaN
22-08-2015 17:00,-8.7,963.91,11.86,83,NaN
22-08-2015 18:00,-8.91,964.26,13.37,85.67,NaN
22-08-2015 19:00,-8.89,964.42,15.07,87.93,NaN
22-08-2015 20:00,-9.02,964.59,16.97,86.58,NaN
22-08-2015 21:00,-10.2,964.72,19.19,87.82,NaN
22-08-2015 22:00,-10.47,964.84,19.42,88.12,NaN
22-08-2015 23:00,-10.53,964.91,20.38,86.43,NaN
23-08-2015 00:00,-10.82,965.15,18.37,87,NaN
23-08-2015 01:00,-11.53,965.58,15.89,90.7,NaN
23-08-2015 02:00,-12.62,965.88,15.85,98.78,NaN
23-08-2015 03:00,-12.58,965.86,16.66,100.63,NaN
23-08-2015 04:00,-12.77,965.88,17.07,94.63,NaN
23-08-2015 05:00,-12.93,966.03,19.06,89.62,NaN
23-08-2015 06:00,-13.03,966.08,17.79,90.03,NaN
23-08-2015 07:00,-12.77,966.28,20.08,85.9,NaN
23-08-2015 08:00,-12.8,966.59,17.12,89.05,NaN
23-08-2015 09:00,-13.1,966.66,16.6,89.47,NaN
23-08-2015 10:00,-13.37,966.74,17.01,88.65,NaN
23-08-2015 11:00,-13.75,966.99,17.43,87.4,NaN
23-08-2015 12:00,-14.2,967.15,18.47,87.42,NaN
23-08-2015 13:00,-14.05,967.44,15.13,89.82,NaN
23-08-2015 14:00,-14.32,967.61,18.12,88.08,NaN
23-08-2015 15:00,-13.99,967.86,15.77,86.05,NaN
23-08-2015 16:00,-13.76,967.92,17.89,86.08,NaN
23-08-2015 17:00,-14.2,968.03,14.14,90.78,NaN
23-08-2015 18:00,-14.7,968.22,15.64,90.83,NaN
23-08-2015 19:00,-14.93,968.45,16.52,91.02,NaN
23-08-2015 20:00,-15.11,968.87,14.94,92.72,NaN
23-08-2015 21:00,-15.81,969.07,12.93,94.98,NaN
23-08-2015 22:00,-16.25,969.26,12.91,96.1,NaN
23-08-2015 23:00,-15.58,969.31,13.76,92.82,NaN
24-08-2015 00:00,-16.1,969.77,9.99,95.88,NaN
24-08-2015 01:00,-16.81,969.88,9.59,98.33,NaN
24-08-2015 02:00,-17.11,970.63,9.42,101.33,NaN
24-08-2015 03:00,-16.96,970.94,10.13,98.27,NaN
24-08-2015 04:00,-15.92,971.14,10.95,94.6,NaN
24-08-2015 05:00,-15.83,971.34,10.76,93.37,NaN
24-08-2015 06:00,-15.58,971.65,10.63,88.7,NaN
24-08-2015 07:00,-15.64,972.17,9.27,93.45,NaN
24-08-2015 08:00,-16.1,972.46,9.42,95.83,NaN
24-08-2015 09:00,-16.71,972.69,9.76,98.95,NaN
24-08-2015 10:00,-16.77,972.99,9.69,97.15,NaN
24-08-2015 11:00,-17.73,973.15,9.77,97.42,NaN
24-08-2015 12:00,-17.28,973.3,9.05,105.33,NaN
24-08-2015 13:00,-17.15,973.1,8.16,102.4,NaN
24-08-2015 14:00,-17.47,973,8.52,95.05,NaN
24-08-2015 15:00,-17.72,973.09,7.47,100.17,NaN
24-08-2015 16:00,-18.18,972.96,6.66,87.9,NaN
24-08-2015 17:00,-18.92,972.99,5.64,89.63,NaN
24-08-2015 18:00,-18.36,972.82,7.31,102.85,NaN
24-08-2015 19:00,-18.64,972.65,6.19,94.67,NaN
24-08-2015 20:00,-19.58,972.6,4.96,92.25,NaN
24-08-2015 21:00,-19.16,972.65,5.98,101.4,NaN
24-08-2015 22:00,-19.61,972.42,7.53,96.37,NaN
24-08-2015 23:00,-20.41,972.26,7.97,95.32,NaN
25-08-2015 00:00,-20.7,972.13,7.76,96.92,NaN
25-08-2015 01:00,-20.54,972.27,7.66,96,NaN
25-08-2015 02:00,-19.91,972.09,7.7,107.83,NaN
25-08-2015 03:00,-19.84,971.91,6.93,111.85,NaN
25-08-2015 04:00,-19.81,972.15,6.63,90.65,NaN
25-08-2015 05:00,-19.71,972.04,6.4,87.57,NaN
25-08-2015 06:00,-18.91,971.73,6.12,94.58,NaN
25-08-2015 07:00,-18.97,971.8,5.58,83.87,NaN
25-08-2015 08:00,-18.63,971.82,6.04,93.77,NaN
25-08-2015 09:00,-18.46,971.67,5.93,98.23,NaN
25-08-2015 10:00,-19.47,971.61,5.71,92.58,NaN
25-08-2015 11:00,-20.15,971.5,5.11,87.83,NaN
25-08-2015 12:00,-21.25,971.26,4.8,93.13,NaN
25-08-2015 13:00,-21.49,971.11,5.87,88.55,NaN
25-08-2015 14:00,-20.24,970.92,6.27,110.23,NaN
25-08-2015 15:00,-21.25,971.02,5.51,104.95,NaN
25-08-2015 16:00,-21.05,970.89,5.38,99.2,NaN
25-08-2015 17:00,-20.77,970.7,6.88,108.8,NaN
25-08-2015 18:00,-20.69,970.39,7.45,92.12,NaN
25-08-2015 19:00,-20.34,970.26,8.8,94.73,NaN
25-08-2015 20:00,-19.91,970,8.98,95.55,NaN
25-08-2015 21:00,-19.92,969.61,9.64,95.62,NaN
25-08-2015 22:00,-19.48,969.65,8.14,98.88,NaN
25-08-2015 23:00,-19.09,969.59,9.42,92.92,NaN
26-08-2015 00:00,-18.55,969.28,7.96,90.43,NaN
26-08-2015 01:00,-18.28,969.26,8.21,90.57,NaN
26-08-2015 02:00,-18.29,969.14,9.38,90.02,NaN
26-08-2015 03:00,-18.25,968.94,7.81,96.37,NaN
26-08-2015 04:00,-18.04,968.5,8.37,105.95,NaN
26-08-2015 05:00,-17.96,968.57,6.43,98.37,NaN
26-08-2015 06:00,-17.75,968.44,6.06,108.55,NaN
26-08-2015 07:00,-18.22,968.37,7.05,99.92,NaN
26-08-2015 08:00,-18.18,968.34,5.61,114.62,NaN
26-08-2015 09:00,-18.49,968.09,6.16,121.97,NaN
26-08-2015 10:00,-18.6,967.27,7.33,103.23,NaN
26-08-2015 11:00,-17.55,966.84,6.03,112.4,NaN
26-08-2015 12:00,-15.6,966.58,9.71,85.92,NaN
26-08-2015 13:00,-15.13,966.73,7.41,76.78,NaN
26-08-2015 14:00,-14.92,966.9,8.2,92.07,NaN
26-08-2015 15:00,-14.81,966.92,8.19,86.02,NaN
26-08-2015 16:00,-15.22,966.46,12.17,118.47,NaN
26-08-2015 17:00,-15.22,966.36,10.9,122.22,NaN
26-08-2015 18:00,-16.46,966.51,11.18,112.98,NaN
26-08-2015 19:00,-17.51,966.78,11.36,99.63,NaN
26-08-2015 20:00,-16.92,966.73,7.39,90.58,NaN
26-08-2015 21:00,-15.73,966.52,8.72,82.62,NaN
26-08-2015 22:00,-15.03,966.66,8.86,76.95,NaN
26-08-2015 23:00,-15.02,966.86,9.43,81.57,NaN
27-08-2015 00:00,-14.98,966.97,12.5,82.77,NaN
27-08-2015 01:00,-15.04,967.04,12.22,78.05,NaN
27-08-2015 02:00,-14.73,967.67,8.47,75.18,NaN
27-08-2015 03:00,-14.38,968.13,8.65,75.17,NaN
27-08-2015 04:00,-14.15,968.4,8.75,73.58,NaN
27-08-2015 05:00,-13.68,968.81,9.74,73.07,NaN
27-08-2015 06:00,-13.89,969.2,13.57,61.83,NaN
27-08-2015 07:00,-14.28,969.79,12.74,75.62,NaN
27-08-2015 08:00,-14.59,970.36,13.06,76.15,NaN
27-08-2015 09:00,-15.4,970.78,17.14,85.9,NaN
27-08-2015 10:00,-15.81,971.26,14.75,82.27,NaN
27-08-2015 11:00,-16.53,971.85,15.83,85.63,NaN
27-08-2015 12:00,-17.63,972.89,14.73,89.85,NaN
27-08-2015 13:00,-18.2,973.49,15.43,90.68,NaN
27-08-2015 14:00,-19.39,973.92,16.93,92.57,NaN
27-08-2015 15:00,-19.29,974.2,19.86,90.97,NaN
27-08-2015 16:00,-19.25,974.24,20.96,89.37,NaN
27-08-2015 17:00,-19.32,974.67,21.32,86.95,NaN
27-08-2015 18:00,-19.56,974.8,22.5,87.5,NaN
27-08-2015 19:00,-19.61,975.32,21.56,87.15,NaN
27-08-2015 20:00,-19.84,975.75,21.18,88.2,NaN
27-08-2015 21:00,-19.79,976.61,16.38,90.55,NaN
27-08-2015 22:00,-20.27,977.27,16.75,92.82,NaN
27-08-2015 23:00,-19.93,977.4,17.79,90.57,NaN
28-08-2015 00:00,-19.25,977.63,18.2,88.17,NaN
28-08-2015 01:00,-18.55,977.51,18.35,86.25,NaN
28-08-2015 02:00,-17.75,977.7,18,80.87,NaN
28-08-2015 03:00,-17.38,977.83,17.81,80.63,NaN
28-08-2015 04:00,-16.75,978.51,13.53,64.9,NaN
28-08-2015 05:00,-16.71,979.38,8.68,58,NaN
28-08-2015 06:00,-17.56,980.08,3.23,58.8,NaN
28-08-2015 07:00,-15.63,981,2.6,75.37,NaN
28-08-2015 08:00,-14.73,981.8,0.76,108.48,NaN
28-08-2015 09:00,-15.28,982.87,0,154.82,NaN
28-08-2015 10:00,-15.73,983.7,1.35,95.28,NaN
28-08-2015 11:00,-15.83,984.62,9.58,89.7,NaN
28-08-2015 12:00,-15.25,985.36,14.62,88.95,NaN
28-08-2015 13:00,-15.37,985.99,14.52,88.28,NaN
28-08-2015 14:00,-15.31,986.41,12.62,87.12,NaN
28-08-2015 15:00,-15.08,987.25,12.24,85.25,NaN
28-08-2015 16:00,-15.9,987.87,10.18,93.57,NaN
28-08-2015 17:00,-15.28,988.85,6.83,88.8,NaN
28-08-2015 18:00,-14.53,989.61,6.25,79.63,NaN
28-08-2015 19:00,-14.46,990.12,0.97,118.78,NaN
28-08-2015 20:00,-13.32,990.65,4.88,90.92,NaN
28-08-2015 21:00,-11.41,990.93,11.88,82.52,NaN
28-08-2015 22:00,-11.09,991.28,11.87,83.42,NaN
28-08-2015 23:00,-11.25,991.91,10.79,88.88,NaN
29-08-2015 00:00,-11.39,992.26,11.5,91.48,NaN
29-08-2015 01:00,-11.87,992.54,13.53,89.8,NaN
29-08-2015 02:00,-12.31,992.65,13.17,90.25,NaN
29-08-2015 03:00,-12.37,992.67,17.25,87.7,NaN
29-08-2015 04:00,-13.03,992.7,14.5,94,NaN
29-08-2015 05:00,-14.05,992.57,12.96,97.07,NaN
29-08-2015 06:00,-13.85,992.46,12.54,93.53,NaN
29-08-2015 07:00,-13.88,992.5,10.92,95.22,NaN
29-08-2015 08:00,-14.32,992.57,10.39,96.58,NaN
29-08-2015 09:00,-14.92,992.33,11.83,99.63,NaN
29-08-2015 10:00,-15.7,991.56,12.92,95.77,NaN
29-08-2015 11:00,-16.19,990.8,14.88,92.67,NaN
29-08-2015 12:00,-16.34,990.23,13.7,92.87,NaN
29-08-2015 13:00,-16.4,989.12,16.39,88.4,NaN
29-08-2015 14:00,-16.48,987.97,18.42,83.87,NaN
29-08-2015 15:00,-16.52,986.9,18.6,82.15,NaN
29-08-2015 16:00,-16.18,985.74,16.11,78.87,NaN
29-08-2015 17:00,-16.41,984.55,16.23,80.08,NaN
29-08-2015 18:00,-17.06,982.84,18.83,84.35,NaN
29-08-2015 19:00,-17.47,980.8,21.64,84.78,NaN
29-08-2015 20:00,-17.78,978.57,21.48,86.38,NaN
29-08-2015 21:00,-17.52,976.6,17.13,79.25,NaN
29-08-2015 22:00,-17.02,974.52,16.8,84.07,NaN
29-08-2015 23:00,-17.02,972.34,16.22,83.32,NaN
30-08-2015 00:00,-17.05,970.25,17.05,79.47,NaN
30-08-2015 01:00,-15.34,968.46,15.34,77.63,NaN
30-08-2015 02:00,-16.19,966.41,16.19,83.98,NaN
30-08-2015 03:00,-13.44,964.74,13.44,80.47,NaN
30-08-2015 04:00,-14.35,963.02,14.35,76.25,NaN
30-08-2015 05:00,-12.88,961.46,12.88,77.15,NaN
30-08-2015 06:00,-9.45,960.05,9.45,80.32,NaN
30-08-2015 07:00,-6.88,958.88,6.88,54.53,NaN
30-08-2015 08:00,-3.42,957.7,3.42,75.87,NaN
30-08-2015 09:00,-3.31,956.59,3.31,66.47,NaN
30-08-2015 10:00,-3.04,955.67,3.04,101.95,NaN
30-08-2015 11:00,-2.73,954.48,2.73,123.45,NaN
30-08-2015 12:00,-3.03,953.87,3.03,93.9,NaN
30-08-2015 13:00,-6.99,953.3,6.99,80.17,NaN
30-08-2015 14:00,-8.91,952.68,8.91,75.38,NaN
30-08-2015 15:00,-8.61,951.9,8.61,80.85,NaN
30-08-2015 16:00,-14.49,950.82,14.49,83.85,NaN
30-08-2015 17:00,-8.93,949.81,8.93,86.83,NaN
30-08-2015 18:00,-10.64,948.52,10.64,74.25,NaN
30-08-2015 19:00,-12.3,948.29,12.3,54.22,NaN
30-08-2015 20:00,-13.23,948.05,13.23,51.08,NaN
30-08-2015 21:00,-11.78,947.9,11.78,51.27,NaN
30-08-2015 22:00,-13.06,947.91,13.06,51.65,NaN
30-08-2015 23:00,-17.39,948,17.39,51.27,NaN
31-08-2015 00:00,-5.82,948.62,18.36,52.33,NaN
31-08-2015 01:00,-5.98,949.85,15.36,46.85,NaN
31-08-2015 02:00,-6.52,950.41,11.18,45.92,NaN
31-08-2015 03:00,-6.93,950.76,9.11,43.8,NaN
31-08-2015 04:00,-7.36,951.03,5.55,48.65,NaN
31-08-2015 05:00,-7.14,951.11,5.78,42.05,NaN
31-08-2015 06:00,-7.23,950.76,4.68,55.57,NaN
31-08-2015 07:00,-6.13,950.62,6.55,51.92,NaN
31-08-2015 08:00,-6.53,950.5,0.4,218.12,NaN
31-08-2015 09:00,-6.15,949.97,4.2,87.67,NaN
31-08-2015 10:00,-5.88,949.35,5.9,66.97,NaN
31-08-2015 11:00,-6.44,950.59,17.88,55.18,NaN
31-08-2015 12:00,-8.45,953.48,19.06,37.23,NaN
31-08-2015 13:00,-10.32,955.98,16.77,49.2,NaN
31-08-2015 14:00,-11.09,956.93,14.44,49.38,NaN
31-08-2015 15:00,-11.22,957.39,12.5,54.57,NaN
31-08-2015 16:00,-10.97,957.82,13.26,61.68,NaN
31-08-2015 17:00,-10.59,958.16,15.32,58.35,NaN
31-08-2015 18:00,-10.62,958.95,15.88,59.93,NaN
31-08-2015 19:00,-10.56,959.31,16.57,54.23,NaN
31-08-2015 20:00,-10.69,959.9,16.41,48.88,NaN
31-08-2015 21:00,-11.05,960.71,17.84,50.83,NaN
31-08-2015 22:00,-11.67,961.44,18.4,49.44,NaN
31-08-2015 23:00,-12.18,962.38,17.49,49.27,NaN
01-09-2015 00:00,-12.2,963.15,19.08,56.67,NaN
01-09-2015 01:00,-12.27,964.14,23.07,54.15,NaN
01-09-2015 02:00,-12.47,965.18,21.68,50.42,NaN
01-09-2015 03:00,-12.65,966.09,20.48,49.8,NaN
01-09-2015 04:00,-12.77,966.89,19.03,52.18,NaN
01-09-2015 05:00,-12.7,967.62,19,55,NaN
01-09-2015 06:00,-12.97,968.31,16.33,51.35,NaN
01-09-2015 07:00,-12.79,968.73,16.55,53.85,NaN
01-09-2015 08:00,-12.89,969.18,17.13,55.6,NaN
01-09-2015 09:00,-13.02,969.71,14.82,53.28,NaN
01-09-2015 10:00,-13.57,969.84,14.02,65.47,NaN
01-09-2015 11:00,-12.55,969.79,19.45,62.32,NaN
01-09-2015 12:00,-12.73,970.36,17.48,60.27,NaN
01-09-2015 13:00,-13.02,970.94,16.7,63.02,NaN
01-09-2015 14:00,-12.72,971.35,17.55,60.82,NaN
01-09-2015 15:00,-12.53,971.75,19.12,58.05,NaN
01-09-2015 16:00,-12.77,971.84,22.52,56.58,NaN
01-09-2015 17:00,-12.83,971.56,25.03,52.38,NaN
01-09-2015 18:00,-13.09,971.4,21.3,44.47,NaN
01-09-2015 19:00,-12.76,971.12,21.52,62.57,NaN
01-09-2015 20:00,-12.64,970.92,22.65,68.92,NaN
01-09-2015 21:00,-13.11,970.15,22.93,63.83,NaN
01-09-2015 22:00,-13.52,969.36,29.67,71.2,NaN
01-09-2015 23:00,-13.7,967.78,30.88,83.9,NaN
02-09-2015 00:00,-12.96,966.37,30.74,92.15,NaN
02-09-2015 01:00,-11.36,966.23,29.32,90.35,NaN
02-09-2015 02:00,-10.21,965.51,30.9,87.13,NaN
02-09-2015 03:00,-9.42,965.14,31.7,86.68,NaN
02-09-2015 04:00,-8.78,964.87,31.76,87.65,NaN
02-09-2015 05:00,-8.37,963.77,33,83.67,NaN
02-09-2015 06:00,-8.01,963.02,32.37,83.43,NaN
02-09-2015 07:00,-7.84,962.47,33.08,80.83,NaN
02-09-2015 08:00,-7.32,962,31.96,83.58,NaN
02-09-2015 09:00,-7.49,960.45,35.73,93,NaN
02-09-2015 10:00,-7.97,959.87,36.44,90.02,NaN
02-09-2015 11:00,-7.06,959.78,35.49,92.55,NaN
02-09-2015 12:00,-6.57,960.18,32.4,91.58,NaN
02-09-2015 13:00,-6.5,960.2,32.91,90.12,NaN
02-09-2015 14:00,-6.15,959.51,33.45,86.7,NaN
02-09-2015 15:00,-5.97,959.37,35.79,85.93,NaN
02-09-2015 16:00,-5.79,959.63,33.95,82.85,NaN
02-09-2015 17:00,-5.81,959.1,35.9,82.55,NaN
02-09-2015 18:00,-6.03,959.01,36.88,82.1,NaN
02-09-2015 19:00,-6.09,959.35,36.6,81.7,NaN
02-09-2015 20:00,-6.35,959.92,35.42,82.35,NaN
02-09-2015 21:00,-6.35,960.63,34.69,79.48,NaN
02-09-2015 22:00,-6.5,961.02,34.58,76.8,NaN
02-09-2015 23:00,-6.77,960.93,37.98,78.95,NaN
03-09-2015 00:00,-6.74,961.56,36.81,81.37,NaN
03-09-2015 01:00,-7.09,962.66,33.39,79.57,NaN
03-09-2015 02:00,-6.88,964.69,26.44,69.8,NaN
03-09-2015 03:00,-6.66,965.94,27.25,64.92,NaN
03-09-2015 04:00,-6.01,967.97,25.21,65.1,NaN
03-09-2015 05:00,-7.86,970.52,10.25,23.65,NaN
03-09-2015 06:00,-9.3,972.22,9.27,24.98,NaN
03-09-2015 07:00,-8.93,973.62,5.9,40.22,NaN
03-09-2015 08:00,-9.06,974.29,3.85,211.35,NaN
03-09-2015 09:00,-9.49,974.72,6.98,212.4,NaN
03-09-2015 10:00,-9.34,974.83,7.74,152.2,NaN
03-09-2015 11:00,-8.52,974.42,17.84,79.83,NaN
03-09-2015 12:00,-9.11,974.41,22.76,85.77,NaN
03-09-2015 13:00,-9.01,974.6,21.13,83.32,NaN
03-09-2015 14:00,-9.43,974.64,19.7,86.08,NaN
03-09-2015 15:00,-9.04,974.17,21.63,85.9,NaN
03-09-2015 16:00,-9.62,973.38,25.52,86.65,NaN
03-09-2015 17:00,-9.55,972.86,27.17,86.17,NaN
03-09-2015 18:00,-9.55,972.58,25.42,87.7,NaN
03-09-2015 19:00,-9.79,972.26,25.97,85.92,NaN
03-09-2015 20:00,-10.18,972.2,24.38,83.87,NaN
03-09-2015 21:00,-10.41,971.61,22.16,86.72,NaN
03-09-2015 22:00,-10.49,971.06,19.04,89.08,NaN
03-09-2015 23:00,-10.82,970.36,20.41,89.03,NaN
04-09-2015 00:00,-10.83,969.98,20.79,88.08,NaN
04-09-2015 01:00,-10.23,969.41,20.7,87.03,NaN
04-09-2015 02:00,-8.99,969.26,19.46,82.65,NaN
04-09-2015 03:00,-8.16,969.19,17.69,79.67,NaN
04-09-2015 04:00,-7.99,968.82,15.05,68.37,NaN
04-09-2015 05:00,-7.05,968.05,21.65,69.95,NaN
04-09-2015 06:00,-6.93,968.07,21.66,64.72,NaN
04-09-2015 07:00,-7.74,968.44,19.73,66.38,NaN
04-09-2015 08:00,-7.8,968.42,19.31,70.3,NaN
04-09-2015 09:00,-8.02,968.34,20.61,78.18,NaN
04-09-2015 10:00,-8.38,967.88,22.4,85.37,NaN
04-09-2015 11:00,-8.3,967.73,20.58,81.63,NaN
04-09-2015 12:00,-8.83,967.43,18.84,87.27,NaN
04-09-2015 13:00,-9.65,967.03,20.22,88.08,NaN
04-09-2015 14:00,-9.91,966.75,23.01,87.93,NaN
04-09-2015 15:00,-10.4,966.56,23.69,88.27,NaN
04-09-2015 16:00,-10.51,966.18,24.9,86.12,NaN
04-09-2015 17:00,-10.51,965.73,24.98,85.77,NaN
04-09-2015 18:00,-10.48,965.26,20.88,88.32,NaN
04-09-2015 19:00,-10.61,964.89,20.23,87.65,NaN
04-09-2015 20:00,-10.9,964.6,17.99,87.73,NaN
04-09-2015 21:00,-11.01,964.28,17.98,86.35,NaN
04-09-2015 22:00,-10.77,963.97,17.95,87.83,NaN
04-09-2015 23:00,-10.53,963.65,18.28,85.3,NaN
05-09-2015 00:00,-10.53,963.42,18.95,84.23,NaN
05-09-2015 01:00,-10.06,963.28,17.43,82.38,NaN
05-09-2015 02:00,-9.66,963.08,18.84,81.18,NaN
05-09-2015 03:00,-9.52,963.19,15.05,78.95,NaN
05-09-2015 04:00,-9.16,963.31,15.35,71.23,NaN
05-09-2015 05:00,-8.81,963.47,14.14,67.98,NaN
05-09-2015 06:00,-7.75,963.61,14.69,65.07,NaN
05-09-2015 07:00,-7.67,964.11,13.69,54.28,NaN
05-09-2015 08:00,-8.11,964.84,12.58,54.02,NaN
05-09-2015 09:00,-8.11,965.45,14.18,54.93,NaN
05-09-2015 10:00,-8.74,966.53,14.08,50.95,NaN
05-09-2015 11:00,-9.32,967.76,13.6,51.57,NaN
05-09-2015 12:00,-8.93,968.59,11.4,53.63,NaN
05-09-2015 13:00,-8.52,968.99,10.65,67.98,NaN
05-09-2015 14:00,-7.84,969.48,11.09,59.62,NaN
05-09-2015 15:00,-7.79,970.03,13.87,57.8,NaN
05-09-2015 16:00,-8.06,970.41,14.02,55.62,NaN
05-09-2015 17:00,-8.01,971.11,16.05,46.2,NaN
05-09-2015 18:00,-9.14,972.43,9.35,27.92,NaN
05-09-2015 19:00,-9.55,973.13,8.75,33,NaN
05-09-2015 20:00,-9.62,973.73,8.49,38.18,NaN
05-09-2015 21:00,-9.67,973.91,8.88,46.67,NaN
05-09-2015 22:00,-9.26,973.77,13.63,56.1,NaN
05-09-2015 23:00,-9.07,973.84,15.22,56.63,NaN
06-09-2015 00:00,-9.08,973.8,15.1,58.45,NaN
06-09-2015 01:00,-9.26,973.62,18.02,57,NaN
06-09-2015 02:00,-9.36,973.35,18.08,54.62,NaN
06-09-2015 03:00,-9.19,973.08,17.47,52.93,NaN
06-09-2015 04:00,-8.8,972.71,18.15,55.53,NaN
06-09-2015 05:00,-8.48,972.34,17.33,52.93,NaN
06-09-2015 06:00,-8.28,971.71,19.34,50.75,NaN
06-09-2015 07:00,-8.38,971.12,21.7,52.08,NaN
06-09-2015 08:00,-8.68,970.6,24.09,52.97,NaN
06-09-2015 09:00,-8.76,970.22,24.71,53.48,NaN
06-09-2015 10:00,-8.88,969.76,24.96,54.6,NaN
06-09-2015 11:00,-8.9,969.55,24.18,53.43,NaN
06-09-2015 12:00,-9.1,969.7,21.3,48.62,NaN
06-09-2015 13:00,-9.27,970.21,21,42.32,NaN
06-09-2015 14:00,-9.48,970.49,20.78,42.23,NaN
06-09-2015 15:00,-9.75,970.29,24.42,44.45,NaN
06-09-2015 16:00,-9.88,970.41,24.03,42.2,NaN
06-09-2015 17:00,-10,970.48,20.95,42.25,NaN
06-09-2015 18:00,-11.52,971.42,6.69,293.12,NaN
06-09-2015 19:00,-13.45,972,5.11,259.18,NaN
06-09-2015 20:00,-13.6,972.35,3.71,157.53,NaN
06-09-2015 21:00,-13.87,972.51,4.5,116.52,NaN
06-09-2015 22:00,-14.29,973.18,5.41,162.97,NaN
06-09-2015 23:00,-14.64,973.84,5.3,32.13,NaN
07-09-2015 00:00,-14.89,974.52,5.81,57.97,NaN
07-09-2015 01:00,-14.9,975.25,8.14,51.78,NaN
07-09-2015 02:00,-14.99,975.7,8.73,41.55,NaN
07-09-2015 03:00,-14.93,976.11,9.36,37.97,NaN
07-09-2015 04:00,-14.94,976.49,10.21,36.9,NaN
07-09-2015 05:00,-15.06,976.99,10.24,30.23,NaN
07-09-2015 06:00,-15.35,977.4,9.32,30.32,NaN
07-09-2015 07:00,-15.39,977.73,8.88,41.08,NaN
07-09-2015 08:00,-15.42,978.09,9.64,35.57,NaN
07-09-2015 09:00,-15.97,978.52,9.65,32.77,NaN
07-09-2015 10:00,-16.74,978.8,8.17,32.65,NaN
07-09-2015 11:00,-17.71,979.14,8.01,22.28,NaN
07-09-2015 12:00,-19.04,979.83,8.31,22.6,NaN
07-09-2015 13:00,-19.2,980.28,9.25,35.42,NaN
07-09-2015 14:00,-18.99,980.11,9.84,42.95,NaN
07-09-2015 15:00,-18.93,980.1,9.54,35.58,NaN
07-09-2015 16:00,-19.11,980.14,9.78,36.53,NaN
07-09-2015 17:00,-19.24,980.02,9.2,40.32,NaN
07-09-2015 18:00,-19.2,979.64,8.43,35.33,NaN
07-09-2015 19:00,-19.34,979.6,8.11,27.43,NaN
07-09-2015 20:00,-19.31,979.66,4.87,95.58,NaN
07-09-2015 21:00,-19.37,979.38,4.49,226.73,NaN
07-09-2015 22:00,-19.38,979.01,6.34,203.53,NaN
07-09-2015 23:00,-19.5,978.6,6.16,194.57,NaN
08-09-2015 00:00,-19.6,978.09,6.48,191.5,NaN
08-09-2015 01:00,-19.2,977.49,5.3,171.57,NaN
08-09-2015 02:00,-18.27,976.76,4.03,179.45,NaN
08-09-2015 03:00,-18.11,976.27,4.86,202.95,NaN
08-09-2015 04:00,-18.02,975.69,5.22,183.37,NaN
08-09-2015 05:00,-18.3,974.84,6.55,197.4,NaN
08-09-2015 06:00,-17.77,974.35,5.11,182.52,NaN
08-09-2015 07:00,-16.26,973.89,4.45,135.83,NaN
08-09-2015 08:00,-15.95,973.45,4.62,113.37,NaN
08-09-2015 09:00,-16.11,973.21,4.19,86.93,NaN
08-09-2015 10:00,-16.88,973.2,4.89,116.93,NaN
08-09-2015 11:00,-17.54,973.04,4.56,144.5,NaN
08-09-2015 12:00,-19.97,972.96,4.01,234.33,NaN
08-09-2015 13:00,-20.97,972.79,3.62,185.95,NaN
08-09-2015 14:00,-20.87,972.56,4.81,179.53,NaN
08-09-2015 15:00,-20.63,972.62,3.45,135.08,NaN
08-09-2015 16:00,-22.91,972.55,4.25,201.52,NaN
08-09-2015 17:00,-23.22,972.29,4.04,100.13,NaN
08-09-2015 18:00,-22.18,972.1,4.5,132.83,NaN
08-09-2015 19:00,-22.91,972.39,4.13,216.17,NaN
08-09-2015 20:00,-23.02,972.35,4.23,166.83,NaN
08-09-2015 21:00,-23.21,972.38,3.87,150.95,NaN
08-09-2015 22:00,-23.73,972.27,4.25,126.07,NaN
08-09-2015 23:00,-24.35,972.16,4.16,118.07,NaN
09-09-2015 00:00,-24.42,971.9,5.75,108.75,NaN
09-09-2015 01:00,-23.68,971.82,5.86,91.57,NaN
09-09-2015 02:00,-25.93,971.84,3.69,168,NaN
09-09-2015 03:00,-25,971.84,5.39,104.87,NaN
09-09-2015 04:00,-22.88,971.74,5.57,78.63,NaN
09-09-2015 05:00,-21.54,971.77,3.77,87.9,NaN
09-09-2015 06:00,-20.74,971.54,4.14,74.87,NaN
09-09-2015 07:00,-20.08,971.53,3.82,64.03,NaN
09-09-2015 08:00,-19.68,971.81,3.25,177.08,NaN
09-09-2015 09:00,-23.15,972.03,3.72,174.55,NaN
09-09-2015 10:00,-28.16,972.29,3.62,161.3,NaN
09-09-2015 11:00,-25.48,972.48,4.13,215.13,NaN
09-09-2015 12:00,-25.71,972.72,4.67,74.3,NaN
09-09-2015 13:00,-29.49,972.6,4.61,117.08,NaN
09-09-2015 14:00,-32.1,973.1,4.1,281.5,NaN
09-09-2015 15:00,-31.97,973.71,4.76,282.4,NaN
09-09-2015 16:00,-31.45,973.82,5.25,271.21,NaN
09-09-2015 17:00,-31.07,974.2,4.51,63.52,NaN
09-09-2015 18:00,-31.01,974.21,4.48,124.78,NaN
09-09-2015 19:00,-32.95,974.62,2.95,220.2,NaN
09-09-2015 20:00,NaN,NaN,NaN,NaN,NaN
09-09-2015 21:00,-31.78,975.2,2.67,214.17,NaN
09-09-2015 22:00,-31.59,974.84,4.87,264.56,NaN
09-09-2015 23:00,NaN,NaN,NaN,NaN,NaN
10-09-2015 00:00,NaN,NaN,NaN,NaN,NaN
10-09-2015 01:00,-31.17,974.77,3.85,227.17,NaN
10-09-2015 02:00,-30.33,974.7,4.32,91.12,NaN
10-09-2015 03:00,-30.61,974.74,5.62,73.42,NaN
10-09-2015 04:00,-29.7,974.42,4.78,189.88,NaN
10-09-2015 05:00,-27.46,973.53,4.49,285.52,NaN
10-09-2015 06:00,-25.88,972.89,4.86,56.37,NaN
10-09-2015 07:00,-24.63,972.03,6.67,69.57,NaN
10-09-2015 08:00,-23.58,971.32,9.55,54.03,NaN
10-09-2015 09:00,-23.59,970.69,9.66,49.55,NaN
10-09-2015 10:00,-23.66,969.89,8.4,59.87,NaN
10-09-2015 11:00,-23.36,969.35,7.47,70.55,NaN
10-09-2015 12:00,-22.7,968.83,5.83,86.27,NaN
10-09-2015 13:00,-22.22,967.86,4.9,158.15,NaN
10-09-2015 14:00,-22.16,966.85,6.16,195.42,NaN
10-09-2015 15:00,-22.34,965.86,7.43,212.77,NaN
10-09-2015 16:00,-22.14,964.7,8.06,211.92,NaN
10-09-2015 17:00,-21.82,963.39,9.04,201.1,NaN
10-09-2015 18:00,-21.64,962.35,9.1,201.65,NaN
10-09-2015 19:00,-20.11,961.39,6.57,193.32,NaN
10-09-2015 20:00,-18.16,961.04,4.24,182.47,NaN
10-09-2015 21:00,-17.74,960.44,5.41,197.8,NaN
10-09-2015 22:00,-17.35,959.75,6.74,199.47,NaN
10-09-2015 23:00,-16.57,959.26,6.03,199.33,NaN
11-09-2015 00:00,-16.19,958.36,6.88,199.63,NaN
11-09-2015 01:00,-15.66,957.43,6.32,194.78,NaN
11-09-2015 02:00,-14.62,956.61,4.72,165.9,NaN
11-09-2015 03:00,-14.37,955.98,5.37,119.77,NaN
11-09-2015 04:00,-13.99,955.02,6.21,108.08,NaN
11-09-2015 05:00,-13.23,954.18,6.45,78.02,NaN
11-09-2015 06:00,-12.8,953.46,6.14,81.37,NaN
11-09-2015 07:00,-13.52,953.11,4.3,140.42,NaN
11-09-2015 08:00,-14.73,952.68,4.28,192.15,NaN
11-09-2015 09:00,-15.5,952.29,3.77,204.65,NaN
11-09-2015 10:00,-16.73,951.96,5.31,212.77,NaN
11-09-2015 11:00,-18.33,952.01,5.08,254.1,NaN
11-09-2015 12:00,-19.86,952.49,4.78,167.5,NaN
11-09-2015 13:00,-20.57,953.04,5.83,45.52,NaN
11-09-2015 14:00,-18.86,953.17,6.64,74.12,NaN
11-09-2015 15:00,-18.08,953.2,7.21,130.1,NaN
11-09-2015 16:00,-21.94,953.59,5.44,62.5,NaN
11-09-2015 17:00,-20.1,953.54,4.18,89.08,NaN
11-09-2015 18:00,-20.46,953.33,4.11,161.25,NaN
11-09-2015 19:00,-21.95,953.53,4.65,276.43,NaN
11-09-2015 20:00,-24.13,954,3.81,221.4,NaN
11-09-2015 21:00,-26.88,954.45,4.74,155.57,NaN
11-09-2015 22:00,-27.4,954.57,5.34,156.17,NaN
11-09-2015 23:00,-31.06,955.38,4.55,139.81,NaN
12-09-2015 00:00,-30.87,955.85,4.8,297.38,NaN
12-09-2015 01:00,-31.66,957.34,5,283.93,NaN
12-09-2015 02:00,-30.69,957.74,4.54,220.24,NaN
12-09-2015 03:00,-31.12,958.85,4.09,153.8,NaN
12-09-2015 04:00,-30.24,959.96,3.96,201.4,NaN
12-09-2015 05:00,-28.57,961.25,4.07,109.28,NaN
12-09-2015 06:00,-29.3,962.47,4.69,321.78,NaN
12-09-2015 07:00,-29.04,963.47,4.7,299.65,NaN
12-09-2015 08:00,-29.12,965.01,4.31,266.15,NaN
12-09-2015 09:00,-29.66,966.38,4.2,272.35,NaN
12-09-2015 10:00,-30.48,967.52,4,237.87,NaN
12-09-2015 11:00,-31.08,968.1,4.04,184.24,NaN
12-09-2015 12:00,NaN,NaN,NaN,NaN,NaN
12-09-2015 13:00,-30.57,969.49,4.98,251.98,NaN
12-09-2015 14:00,-30.91,969.6,5.03,205.74,NaN
12-09-2015 15:00,-31.32,970.34,5.03,218,NaN
12-09-2015 16:00,-30.41,970.52,4.76,149.6,NaN
12-09-2015 17:00,-29.73,970.33,4.24,277.42,NaN
12-09-2015 18:00,-28.68,969.97,3.97,247.35,NaN
12-09-2015 19:00,-26.94,969.72,4.59,129.13,NaN
12-09-2015 20:00,-21.55,969.18,6.56,72.27,NaN
12-09-2015 21:00,-19.45,968.19,6.02,99.47,NaN
12-09-2015 22:00,-17.95,967.84,6.96,92.02,NaN
12-09-2015 23:00,-15.58,967.06,11.39,72.92,NaN
13-09-2015 00:00,-15.61,966.6,8.17,58.87,NaN
13-09-2015 01:00,-14.42,965.95,9.76,74.07,NaN
13-09-2015 02:00,-13.51,965.17,16.97,85.42,NaN
13-09-2015 03:00,-12.7,964.73,15.11,86.78,NaN
13-09-2015 04:00,-12.06,964.37,16.06,85.33,NaN
13-09-2015 05:00,-11.32,964.25,15.68,82.83,NaN
13-09-2015 06:00,-10.87,964.26,15.49,85.43,NaN
13-09-2015 07:00,-10.54,963.85,16.29,84.42,NaN
13-09-2015 08:00,-9.99,963.58,19.72,81.37,NaN
13-09-2015 09:00,-9.61,963.18,21.24,78.83,NaN
13-09-2015 10:00,-9.26,962.79,20.87,78.25,NaN
13-09-2015 11:00,-9.4,962.64,21.87,77.47,NaN
13-09-2015 12:00,-9.21,962.85,19.84,74.13,NaN
13-09-2015 13:00,-9.13,963,22.32,66.57,NaN
13-09-2015 14:00,-9.4,963.27,22,62.67,NaN
13-09-2015 15:00,-9.53,963.53,21.02,66.2,NaN
13-09-2015 16:00,-9.56,963.66,19.01,61.6,NaN
13-09-2015 17:00,-9.38,963.99,17.96,55.12,NaN
13-09-2015 18:00,-9.27,964.35,18.85,54.15,NaN
13-09-2015 19:00,-9.39,964.78,18.69,51.52,NaN
13-09-2015 20:00,-9.62,965.33,19.71,53.42,NaN
13-09-2015 21:00,-9.83,965.52,19.81,53.15,NaN
13-09-2015 22:00,-10.11,965.65,18.3,51.83,NaN
13-09-2015 23:00,-10.14,965.64,17.29,53.42,NaN
14-09-2015 00:00,-10.13,965.47,15.59,53.05,NaN
14-09-2015 01:00,-9.7,965.2,18.44,56.95,NaN
14-09-2015 02:00,-9.49,965.09,17.57,54.52,NaN
14-09-2015 03:00,-9.37,965.4,14.83,48.17,NaN
14-09-2015 04:00,-9.72,966.25,11.77,29.25,NaN
14-09-2015 05:00,-9.66,966.88,10.44,35.02,NaN
14-09-2015 06:00,-9.73,967.16,12.83,38.8,NaN
14-09-2015 07:00,-9.86,967.16,13.6,31.43,NaN
14-09-2015 08:00,-9.95,967.12,10.41,31.27,NaN
14-09-2015 09:00,-9.69,967.06,8.59,32.62,NaN
14-09-2015 10:00,-9.67,966.71,9.74,42.38,NaN
14-09-2015 11:00,-9.52,966.58,11.1,57.72,NaN
14-09-2015 12:00,-9.85,966.18,23.04,55.8,NaN
14-09-2015 13:00,-10.41,966.27,25.02,53.88,NaN
14-09-2015 14:00,-10.69,967.08,22.02,53.85,NaN
14-09-2015 15:00,-10.75,967.68,20.18,53.85,NaN
14-09-2015 16:00,-10.7,968.26,17.93,53.13,NaN
14-09-2015 17:00,-10.74,968.75,19.7,54.25,NaN
14-09-2015 18:00,-10.92,969.51,16.97,51.37,NaN
14-09-2015 19:00,-11.05,970.18,15.83,55.07,NaN
14-09-2015 20:00,-11.2,970.62,15.77,56.1,NaN
14-09-2015 21:00,-11.37,971.37,16.75,63.07,NaN
14-09-2015 22:00,-11.53,971.65,18.83,66.22,NaN
14-09-2015 23:00,-11.62,972.03,17.62,66.72,NaN
15-09-2015 00:00,-12.04,972.68,17.75,64.63,NaN
15-09-2015 01:00,-12.41,973.01,16.68,71.55,NaN
15-09-2015 02:00,-12.93,973.8,14.68,70.97,NaN
15-09-2015 03:00,-13.22,974.57,14.09,76.58,NaN
15-09-2015 04:00,-13.05,975.28,11.85,67.6,NaN
15-09-2015 05:00,-13.03,975.8,10.54,65.38,NaN
15-09-2015 06:00,-12.69,976.41,10.79,59.87,NaN
15-09-2015 07:00,-12.52,976.59,12.69,56.95,NaN
15-09-2015 08:00,-12.9,977.29,9.53,61.28,NaN
15-09-2015 09:00,-13.66,977.78,6.92,87.08,NaN
15-09-2015 10:00,-14.46,977.87,7.78,96.18,NaN
15-09-2015 11:00,-15.3,978.1,9.94,103.8,NaN
15-09-2015 12:00,-16.52,978.3,12.31,97.83,NaN
15-09-2015 13:00,-17,978.5,13.21,98.02,NaN
15-09-2015 14:00,-17.38,978.35,12.63,98.8,NaN
15-09-2015 15:00,-17.49,978.31,11.65,107.9,NaN
15-09-2015 16:00,-17.78,978.28,11.53,111.68,NaN
15-09-2015 17:00,-18.16,978.3,10.91,100.25,NaN
15-09-2015 18:00,-18.42,978.31,12.37,100.37,NaN
15-09-2015 19:00,-18.94,977.86,12.26,107.37,NaN
15-09-2015 20:00,-18.87,977.69,10.8,101.02,NaN
15-09-2015 21:00,-19,977.49,10.06,95.08,NaN
15-09-2015 22:00,-19.81,977.42,10.65,95.18,NaN
15-09-2015 23:00,-19.32,977.06,9.54,90.93,NaN
16-09-2015 00:00,-19.48,976.78,8.53,93.72,NaN
16-09-2015 01:00,-19.82,976.5,8.47,96.28,NaN
16-09-2015 02:00,-19.61,976.35,8.57,93.02,NaN
16-09-2015 03:00,-19.03,976.38,7.92,90.77,NaN
16-09-2015 04:00,-18.18,976.35,7.44,78.25,NaN
16-09-2015 05:00,-17.73,976.16,6.44,72.83,NaN
16-09-2015 06:00,-17.25,975.76,5.87,74.03,NaN
16-09-2015 07:00,-17.26,975.45,5.34,53.15,NaN
16-09-2015 08:00,-16.77,975.29,4.33,67.1,NaN
16-09-2015 09:00,-16.86,974.95,4.39,121.88,NaN
16-09-2015 10:00,-17.42,974.75,5.32,116.87,NaN
16-09-2015 11:00,-18.26,974.85,5.58,104.08,NaN
16-09-2015 12:00,-18.94,975.11,4.9,77.98,NaN
16-09-2015 13:00,-19.61,975.28,5.65,109.97,NaN
16-09-2015 14:00,-19.96,975.51,6.05,104.93,NaN
16-09-2015 15:00,-19.31,975.86,6.7,85.95,NaN
16-09-2015 16:00,-19.73,976.2,6.98,87.57,NaN
16-09-2015 17:00,-19.44,976.5,6.63,96.58,NaN
16-09-2015 18:00,-20,976.97,6.75,127.7,NaN
16-09-2015 19:00,-20.43,977.46,6.52,108.25,NaN
16-09-2015 20:00,-21.07,977.92,6.78,100.07,NaN
16-09-2015 21:00,-20.58,978.29,6.99,111.1,NaN
16-09-2015 22:00,-21.27,978.67,7.59,124.12,NaN
16-09-2015 23:00,-21.38,979.01,9.22,121.3,NaN
17-09-2015 00:00,-19.48,979.62,7.64,106.23,NaN
17-09-2015 01:00,-19.82,980.07,7.8,103.67,NaN
17-09-2015 02:00,-19.61,980.6,8.3,97.17,NaN
17-09-2015 03:00,-19.03,980.99,8.63,95.92,NaN
17-09-2015 04:00,-18.18,981.38,8.97,95.28,NaN
17-09-2015 05:00,-17.73,981.72,8.41,99.17,NaN
17-09-2015 06:00,-17.25,981.85,7.91,100.28,NaN
17-09-2015 07:00,-17.26,982.12,7.11,95.9,NaN
17-09-2015 08:00,-16.77,982.08,7.93,91.53,NaN
17-09-2015 09:00,-16.86,982.11,8.17,94.75,NaN
17-09-2015 10:00,-17.42,982.27,7.84,95.15,NaN
17-09-2015 11:00,-18.26,982.28,8.98,95.47,NaN
17-09-2015 12:00,-18.94,982.03,9.35,98.73,NaN
17-09-2015 13:00,-19.61,982.18,8.04,95.65,NaN
17-09-2015 14:00,-19.96,982.04,8.89,95.13,NaN
17-09-2015 15:00,-19.31,982.11,7.28,76.38,NaN
17-09-2015 16:00,-19.73,982.07,6.21,80.35,NaN
17-09-2015 17:00,-19.44,981.88,7.91,86.63,NaN
17-09-2015 18:00,-20,981.6,7.12,85.62,NaN
17-09-2015 19:00,-20.43,980.96,9.78,86.73,NaN
17-09-2015 20:00,-21.07,980.36,11.97,88.35,NaN
17-09-2015 21:00,-20.58,979.64,18.88,85.57,NaN
17-09-2015 22:00,-21.27,979.19,16.67,67.37,NaN
17-09-2015 23:00,-21.38,978.27,17.46,57.93,NaN
18-09-2015 00:00,-19.22,977.24,17.86,54.57,NaN
18-09-2015 01:00,-18.83,976.29,19.27,53.38,NaN
18-09-2015 02:00,-18.59,975.46,21.31,55.72,NaN
18-09-2015 03:00,-18.73,974.72,16.2,48,NaN
18-09-2015 04:00,-18.62,973.83,16.39,54.03,NaN
18-09-2015 05:00,-18.17,973.2,15.08,43.42,NaN
18-09-2015 06:00,-17.16,972.46,15.74,42.78,NaN
18-09-2015 07:00,-16.32,971.77,17.17,39.13,NaN
18-09-2015 08:00,-15.2,971.28,18.55,39,NaN
18-09-2015 09:00,-13.74,970.74,20.07,40.1,NaN
18-09-2015 10:00,-12.26,969.94,26.48,45.97,NaN
18-09-2015 11:00,-11.92,969.53,29.84,46.72,NaN
18-09-2015 12:00,-11.81,968.96,32.29,46.82,NaN
18-09-2015 13:00,-11.81,968.89,31.48,46.5,NaN
18-09-2015 14:00,-11.89,968.94,31.49,45.73,NaN
18-09-2015 15:00,-11.89,969.28,27.49,43.23,NaN
18-09-2015 16:00,-11.8,969.26,26.92,43.3,NaN
18-09-2015 17:00,-11.76,968.97,31.48,44.52,NaN
18-09-2015 18:00,-11.76,968.88,31.04,43,NaN
18-09-2015 19:00,-11.84,968.87,31.91,43.33,NaN
18-09-2015 20:00,-11.92,969.12,32.8,41.8,NaN
18-09-2015 21:00,-12.08,969.45,34.82,40.82,NaN
18-09-2015 22:00,-12.47,969.52,36.24,41.38,NaN
18-09-2015 23:00,-12.59,969.99,36.46,41.7,NaN
19-09-2015 00:00,-12.56,970.47,35.7,41.42,NaN
19-09-2015 01:00,-12.38,970.86,33.73,43.45,NaN
19-09-2015 02:00,-12.46,971.65,33.92,42.27,NaN
19-09-2015 03:00,-12.46,972.57,33.49,44.08,NaN
19-09-2015 04:00,-12.49,973.69,32.38,42.83,NaN
19-09-2015 05:00,-12.62,974.35,34.35,43.6,NaN
19-09-2015 06:00,-12.98,975.84,32.83,40.03,NaN
19-09-2015 07:00,-13.6,976.95,34.13,39.23,NaN
19-09-2015 08:00,-13.79,978.5,28.45,40.12,NaN
19-09-2015 09:00,-14.33,980.18,21.23,38.47,NaN
19-09-2015 10:00,-14.3,981.15,21.24,41.27,NaN
19-09-2015 11:00,-14.02,981.94,20.14,37.4,NaN
19-09-2015 12:00,-14.66,983.01,16.16,31,NaN
19-09-2015 13:00,-14.38,983.63,18.08,35.2,NaN
19-09-2015 14:00,-14.79,984.31,11.31,32.62,NaN
19-09-2015 15:00,-15.1,984.95,6.47,40.6,NaN
19-09-2015 16:00,-15.5,985.4,4.94,59.43,NaN
19-09-2015 17:00,-16.04,985.41,5,84.4,NaN
19-09-2015 18:00,-16.02,985.45,8.05,70.95,NaN
19-09-2015 19:00,-15.87,985.87,7.84,73.15,NaN
19-09-2015 20:00,-15.96,985.77,9.68,69.32,NaN
19-09-2015 21:00,-15.83,985.61,11.14,78.58,NaN
19-09-2015 22:00,-15.73,985.75,10.1,71.25,NaN
19-09-2015 23:00,-16.16,985.82,9.91,73.7,NaN
20-09-2015 00:00,-15.67,985.76,8.61,78.65,NaN
20-09-2015 01:00,-16.01,985.6,7.76,85.05,NaN
20-09-2015 02:00,-15.25,985.78,7.19,71.45,NaN
20-09-2015 03:00,-14.71,985.78,7.55,73.5,NaN
20-09-2015 04:00,-13.88,985.39,8.87,58.28,NaN
20-09-2015 05:00,-13.32,985.31,7.33,61.43,NaN
20-09-2015 06:00,-12.92,985.02,6.84,62.62,NaN
20-09-2015 07:00,-12.49,984.81,7.48,54.88,NaN
20-09-2015 08:00,-12.3,984.62,6.22,64.55,NaN
20-09-2015 09:00,-11.97,984.41,4.31,183.9,NaN
20-09-2015 10:00,-12.73,984.02,6.11,205.53,NaN
20-09-2015 11:00,-13.03,983.83,6.63,211.05,NaN
20-09-2015 12:00,-13.35,983.46,6.98,197.5,NaN
20-09-2015 13:00,-13.35,983.26,6.06,190.72,NaN
20-09-2015 14:00,-12.78,983.07,4.4,187.63,NaN
20-09-2015 15:00,-12.16,982.72,5.15,162.8,NaN
20-09-2015 16:00,-11.89,982.48,5.13,117.53,NaN
20-09-2015 17:00,-11.44,982.17,7.04,75.93,NaN
20-09-2015 18:00,-11.36,981.95,5.75,79.28,NaN
20-09-2015 19:00,-11.93,981.82,3.68,153.72,NaN
20-09-2015 20:00,-11.67,981.52,4.71,206.12,NaN
20-09-2015 21:00,-10.97,981.11,4.96,104.02,NaN
20-09-2015 22:00,-10.22,980.84,6.84,74.45,NaN
20-09-2015 23:00,-10.14,980.56,7.81,79.33,NaN
21-09-2015 00:00,-10.54,980.27,12.76,66.18,NaN
21-09-2015 01:00,-10.36,980.13,13.42,74,NaN
21-09-2015 02:00,-9.89,979.97,11.13,72.92,NaN
21-09-2015 03:00,-9.31,979.64,12.69,65.87,NaN
21-09-2015 04:00,-8.96,978.91,12.19,61.22,NaN
21-09-2015 05:00,-8.19,978.34,13.04,68.33,NaN
21-09-2015 06:00,-8.07,978.03,13.73,58.67,NaN
21-09-2015 07:00,-7.76,977.5,16.01,76.3,NaN
21-09-2015 08:00,-8.26,976.59,21.03,85.5,NaN
21-09-2015 09:00,-8.21,976.18,21.38,83.47,NaN
21-09-2015 10:00,-8.2,975.87,20.71,83.1,NaN
21-09-2015 11:00,-9.18,975.4,20.82,84.12,NaN
21-09-2015 12:00,-9.83,975.17,21.27,86.12,NaN
21-09-2015 13:00,-10.37,974.74,21.54,86.3,NaN
21-09-2015 14:00,-10.66,974,18.82,89.28,NaN
21-09-2015 15:00,-10.68,973.33,20.14,87.75,NaN
21-09-2015 16:00,-11.32,972.72,21.84,87.23,NaN
21-09-2015 17:00,-12.3,972.32,18,91.97,NaN
21-09-2015 18:00,-12.7,971.9,14.52,95.05,NaN
21-09-2015 19:00,-12.61,971.17,16.98,91.12,NaN
21-09-2015 20:00,-12.37,970.68,18.89,87.83,NaN
21-09-2015 21:00,-11.82,970.14,17.64,89.85,NaN
21-09-2015 22:00,-11.51,969.59,18.48,81.92,NaN
21-09-2015 23:00,-10.97,970,10.02,63.53,NaN
22-09-2015 00:00,-10.5,970.12,6.46,58.7,NaN
22-09-2015 01:00,-9.76,969.94,7.25,80.83,NaN
22-09-2015 02:00,-8.67,969.56,13.37,60.58,NaN
22-09-2015 03:00,-8.65,969.68,12.89,59.53,NaN
22-09-2015 04:00,-8.42,969.44,13.5,52.2,NaN
22-09-2015 05:00,-7.63,969.14,21.4,70.1,NaN
22-09-2015 06:00,-8.18,969.52,21.01,55.88,NaN
22-09-2015 07:00,-8.04,970.12,18.33,53.67,NaN
22-09-2015 08:00,-7.98,970.71,17.71,53.37,NaN
22-09-2015 09:00,-8.3,971.38,16.05,46.35,NaN
22-09-2015 10:00,-8.35,971.97,14.61,48.12,NaN
22-09-2015 11:00,-8.51,972.54,11.87,50.55,NaN
22-09-2015 12:00,-8.84,973.26,10.85,61.82,NaN
22-09-2015 13:00,-9.25,973.75,11.47,67.65,NaN
22-09-2015 14:00,-9.31,974.45,12.77,64.58,NaN
22-09-2015 15:00,-10.03,974.82,17.48,74.58,NaN
22-09-2015 16:00,-11.05,975.37,16.7,83.97,NaN
22-09-2015 17:00,-11.98,975.58,17.6,87.5,NaN
22-09-2015 18:00,-12.1,975.74,16.09,87.6,NaN
22-09-2015 19:00,-12.33,976.2,18.38,88.45,NaN
22-09-2015 20:00,-12.78,976.64,18.46,86.63,NaN
22-09-2015 21:00,-13.11,977.26,17.35,82.37,NaN
22-09-2015 22:00,-13.81,977.91,18.8,84.9,NaN
22-09-2015 23:00,-14.51,978.65,17.99,84.33,NaN
23-09-2015 00:00,-14.67,979.3,16.77,82.9,NaN
23-09-2015 01:00,-14.95,979.63,16.86,81.65,NaN
23-09-2015 02:00,-14.88,980.12,16.66,82.92,NaN
23-09-2015 03:00,-14.35,980.72,15.37,77.58,NaN
23-09-2015 04:00,-14.27,981.06,14.66,66.68,NaN
23-09-2015 05:00,-14.18,981.25,14.22,65,NaN
23-09-2015 06:00,-14.12,981.61,11.97,64.02,NaN
23-09-2015 07:00,-14.07,982.08,8.84,63.05,NaN
23-09-2015 08:00,-13.8,982.43,8.01,69.87,NaN
23-09-2015 09:00,-13.58,982.81,6.14,80.1,NaN
23-09-2015 10:00,-14.64,982.96,7.95,96.82,NaN
23-09-2015 11:00,-15.4,983.17,9.93,100.92,NaN
23-09-2015 12:00,-16.55,983.26,11.4,93.42,NaN
23-09-2015 13:00,-17.23,983.31,15,91.93,NaN
23-09-2015 14:00,-17.73,983.24,16.84,90.85,NaN
23-09-2015 15:00,-18.18,983.46,16.24,90.92,NaN
23-09-2015 16:00,-18.76,984.01,17.62,90.67,NaN
23-09-2015 17:00,-19.24,984.52,16.03,93.22,NaN
23-09-2015 18:00,-20,984.92,16.21,95,NaN
23-09-2015 19:00,-19.97,985.37,15.33,92.42,NaN
23-09-2015 20:00,-20.78,985.99,13.9,94.6,NaN
23-09-2015 21:00,-20.53,986,17.08,91.9,NaN
23-09-2015 22:00,-21.3,986.68,14.24,94.23,NaN
23-09-2015 23:00,-21.12,987.03,14.8,90.6,NaN
24-09-2015 00:00,-22.01,987.31,14.6,96.73,NaN
24-09-2015 01:00,-21.64,987.54,14.49,92.43,NaN
24-09-2015 02:00,-21.29,987.97,12.62,95.92,NaN
24-09-2015 03:00,-20.74,987.94,12.25,92.57,NaN
24-09-2015 04:00,-19.96,987.71,14.62,85.6,NaN
24-09-2015 05:00,-19.21,987.48,9.76,71.38,NaN
24-09-2015 06:00,-18.75,986.83,8.72,63.82,NaN
24-09-2015 07:00,-18.05,986.32,6.48,46.53,NaN
24-09-2015 08:00,-17.72,985.92,5.01,111.9,NaN
24-09-2015 09:00,-18.27,985.43,5.01,213.45,NaN
24-09-2015 10:00,-18.36,984.7,5.29,78.77,NaN
24-09-2015 11:00,-18.84,983.89,7.93,87.13,NaN
24-09-2015 12:00,-19.81,983.16,8.51,92.88,NaN
24-09-2015 13:00,-20.67,982.3,10.5,92.5,NaN
24-09-2015 14:00,-21.48,981.13,10.52,96.32,NaN
24-09-2015 15:00,-22.53,980.18,11.39,101.42,NaN
24-09-2015 16:00,-22.53,979.31,11.16,111.03,NaN
24-09-2015 17:00,-22.6,978.14,9.95,107.87,NaN
24-09-2015 18:00,-22.69,976.85,7.89,112.43,NaN
24-09-2015 19:00,-22.56,975.39,10.58,102.5,NaN
24-09-2015 20:00,-22.85,974.16,7.33,90.13,NaN
24-09-2015 21:00,-23.43,972.73,6.36,95.33,NaN
24-09-2015 22:00,-23.32,971.37,6.18,99.07,NaN
24-09-2015 23:00,-23.48,969.75,6.2,109.43,NaN
25-09-2015 00:00,-23.32,968.54,5.01,133.07,NaN
25-09-2015 01:00,-22.85,967.13,5.69,122.15,NaN
25-09-2015 02:00,-22.42,965.62,5.12,109.98,NaN
25-09-2015 03:00,-21.96,964.35,4.05,149.83,NaN
25-09-2015 04:00,-22.69,963.27,4.4,184.37,NaN
25-09-2015 05:00,-22.51,962.42,4.17,165.57,NaN
25-09-2015 06:00,-22.04,961.58,4.14,118.59,NaN
25-09-2015 07:00,-22.63,961.19,4.17,214.08,NaN
25-09-2015 08:00,-23.68,960.88,4.27,133.92,NaN
25-09-2015 09:00,-24.17,960.54,5.7,70.6,NaN
25-09-2015 10:00,-24.48,960.44,6.81,56.02,NaN
25-09-2015 11:00,-25.29,960.24,7.15,56.87,NaN
25-09-2015 12:00,-26.18,959.93,6.1,39.37,NaN
25-09-2015 13:00,-27.38,960.05,7.92,19.08,NaN
25-09-2015 14:00,-27.45,959.96,5.61,67.78,NaN
25-09-2015 15:00,-28.13,960.13,7.23,169.52,NaN
25-09-2015 16:00,-28.08,960.48,6.3,54.08,NaN
25-09-2015 17:00,-27.05,960.95,7.41,62.27,NaN
25-09-2015 18:00,-26.36,961.67,8.77,56.05,NaN
25-09-2015 19:00,-26.27,962.44,8.54,61.65,NaN
25-09-2015 20:00,-26,963.37,13.92,56.8,NaN
25-09-2015 21:00,-25.02,964.34,17.08,61.88,NaN
25-09-2015 22:00,-24.2,965.17,21.08,59.48,NaN
25-09-2015 23:00,-23.74,966.06,21.45,55.85,NaN
26-09-2015 00:00,-23.54,967.16,20.92,52.32,NaN
26-09-2015 01:00,-23.52,968.87,18.61,47.62,NaN
26-09-2015 02:00,-22.95,970.28,19.66,55.63,NaN
26-09-2015 03:00,-22.43,972.12,18.68,56.97,NaN
26-09-2015 04:00,-21.68,973.89,16.72,56.65,NaN
26-09-2015 05:00,-21.03,975.27,16.37,58.8,NaN
26-09-2015 06:00,-20.42,976.47,17.28,68.75,NaN
26-09-2015 07:00,-19.72,977.49,16.42,65.9,NaN
26-09-2015 08:00,-19.2,978.35,14.18,60.75,NaN
26-09-2015 09:00,-18.64,979.35,13.1,52.95,NaN
26-09-2015 10:00,-17.93,980.37,14.99,48.47,NaN
26-09-2015 11:00,-18.1,981.7,12.97,41.8,NaN
26-09-2015 12:00,-18.48,982.71,12.44,64.22,NaN
26-09-2015 13:00,-17.84,983.63,13.89,48.05,NaN
26-09-2015 14:00,-17.75,984.36,17.4,43.67,NaN
26-09-2015 15:00,-17.73,984.91,20.43,41.17,NaN
26-09-2015 16:00,-17.92,985.87,14.12,56.35,NaN
26-09-2015 17:00,-18.1,986.77,13.15,43.18,NaN
26-09-2015 18:00,-17.52,987.53,18.74,43.95,NaN
26-09-2015 19:00,-17.24,988.35,19.31,40.55,NaN
26-09-2015 20:00,-17.91,989.12,10.36,76.7,NaN
26-09-2015 21:00,-17.85,989.79,12.52,85.87,NaN
26-09-2015 22:00,-17.48,990.39,11.3,83.75,NaN
26-09-2015 23:00,-17.27,990.81,10.61,85.35,NaN
27-09-2015 00:00,-17.05,991.51,7.1,60.98,NaN
27-09-2015 01:00,-17.15,992.28,5.41,40.02,NaN
27-09-2015 02:00,-16.84,992.87,3.82,54.4,NaN
27-09-2015 03:00,-16.18,993,3.99,166.07,NaN
27-09-2015 04:00,-16.7,992.96,5.56,211.83,NaN
27-09-2015 05:00,-15.6,992.98,4.99,128.38,NaN
27-09-2015 06:00,-14.83,992.92,7.91,53.85,NaN
27-09-2015 07:00,-14.69,992.89,5.05,41.55,NaN
27-09-2015 08:00,-14.07,992.57,4.07,102.32,NaN
27-09-2015 09:00,-13.93,992.19,6.8,76.97,NaN
27-09-2015 10:00,-13.82,991.94,6.73,72.55,NaN
27-09-2015 11:00,-13.8,991.84,5.91,77.93,NaN
27-09-2015 12:00,-13.86,991.59,7.39,69.33,NaN
27-09-2015 13:00,-14.18,991.43,6.99,72.53,NaN
27-09-2015 14:00,-14.4,991.57,5.54,88.32,NaN
27-09-2015 15:00,-14.61,991.75,4.55,94.82,NaN
27-09-2015 16:00,-14.42,991.37,5.81,94.07,NaN
27-09-2015 17:00,-13.74,990.87,6.53,76.25,NaN
27-09-2015 18:00,-13.33,990.48,6.24,79.62,NaN
27-09-2015 19:00,-13.19,990.03,7.01,69.97,NaN
27-09-2015 20:00,-13.04,989.78,8.22,55.32,NaN
27-09-2015 21:00,-13.71,989.75,4.02,125.77,NaN
27-09-2015 22:00,-13.78,989.61,5.08,221.55,NaN
27-09-2015 23:00,-14.04,989.59,7.37,203.88,NaN
28-09-2015 00:00,-13.73,989.71,6.65,200.38,NaN
28-09-2015 01:00,-13.69,989.88,6.7,204.35,NaN
28-09-2015 02:00,-12.95,990.08,6.01,195.02,NaN
28-09-2015 03:00,-12.64,990.33,6.03,198.68,NaN
28-09-2015 04:00,-12.39,990.32,6.29,195.65,NaN
28-09-2015 05:00,-12.46,990.2,7.39,196.95,NaN
28-09-2015 06:00,-11.56,990.18,5.99,193.32,NaN
28-09-2015 07:00,-10,990.09,4.87,123.82,NaN
28-09-2015 08:00,-9.46,990.09,4.78,80.73,NaN
28-09-2015 09:00,-8.93,990.19,3.71,133.1,NaN
28-09-2015 10:00,-9.8,990.35,5.18,198.72,NaN
28-09-2015 11:00,-10.54,990.56,5.53,195.53,NaN
28-09-2015 12:00,-11,990.88,6.29,195.18,NaN
28-09-2015 13:00,-10.71,991.45,4.77,146.57,NaN
28-09-2015 14:00,-10.75,992.03,5.19,100.75,NaN
28-09-2015 15:00,-10.81,992.75,5.34,107.7,NaN
28-09-2015 16:00,-11.16,993.24,5.88,103.98,NaN
28-09-2015 17:00,-11.11,993.37,5.56,108.97,NaN
28-09-2015 18:00,-11.4,993.56,5.05,126.1,NaN
28-09-2015 19:00,-11.59,993.59,5.13,128.03,NaN
28-09-2015 20:00,-11.83,993.63,5.1,127.83,NaN
28-09-2015 21:00,-13.17,994.05,6.78,117.72,NaN
28-09-2015 22:00,-13.8,994.27,7.38,110.75,NaN
28-09-2015 23:00,-13.99,994.36,6.96,113.58,NaN
29-09-2015 00:00,-13.67,994.6,6.87,106.37,NaN
29-09-2015 01:00,-13.15,994.62,6.43,100.43,NaN
29-09-2015 02:00,-13.1,994.52,4.97,71.5,NaN
29-09-2015 03:00,-11.02,994.15,3.38,166.92,NaN
29-09-2015 04:00,-10.7,993.96,3.84,194.78,NaN
29-09-2015 05:00,-12.18,993.99,4.49,195.68,NaN
29-09-2015 06:00,-13.35,993.95,5.1,232.37,NaN
29-09-2015 07:00,-14.68,994,5.87,209.75,NaN
29-09-2015 08:00,-15.73,993.86,5.95,196.3,NaN
29-09-2015 09:00,-15.09,993.68,5.67,187.75,NaN
29-09-2015 10:00,-15.83,993.48,8.05,193.4,NaN
29-09-2015 11:00,-13.65,993.61,4.99,201.68,NaN
29-09-2015 12:00,-14.34,993.6,4.57,213.75,NaN
29-09-2015 13:00,-13.81,993.56,4.2,233.12,NaN
29-09-2015 14:00,-12.95,993.56,4.37,153.9,NaN
29-09-2015 15:00,-12.67,993.66,6.04,88.13,NaN
29-09-2015 16:00,-13.01,994.01,5.99,85.03,NaN
29-09-2015 17:00,-11.93,994.09,6.47,80.53,NaN
29-09-2015 18:00,-10.4,994.42,7.14,79.02,NaN
29-09-2015 19:00,-9.7,994.67,8.8,87.25,NaN
29-09-2015 20:00,-9.63,995.16,9.33,79.53,NaN
29-09-2015 21:00,-10.09,995.86,9.64,78.15,NaN
29-09-2015 22:00,-10.63,996.55,9.58,73.13,NaN
29-09-2015 23:00,-11.04,997.37,9.32,65.45,NaN
30-09-2015 00:00,-11.21,998.37,9.03,70.13,NaN
30-09-2015 01:00,-11.2,999.17,10.88,83.68,NaN
30-09-2015 02:00,-11.29,904.17,10.46,89.55,NaN
30-09-2015 03:00,-10.61,824.94,8.28,75.9,NaN
30-09-2015 04:00,-9.67,838.13,9.29,85.38,NaN
30-09-2015 05:00,-8.44,837.62,9.59,84.83,NaN
30-09-2015 06:00,-7.89,855.72,9.93,86.27,NaN
30-09-2015 07:00,-7.36,853.35,8.1,86.8,NaN
30-09-2015 08:00,-7.01,827.25,6.17,84.03,NaN
30-09-2015 09:00,-6.67,840.06,4.84,69.92,NaN
30-09-2015 10:00,-7.08,836.19,4.74,72.63,NaN
30-09-2015 11:00,-7.84,830.26,7.85,72.08,NaN
30-09-2015 12:00,-8.48,832.38,14.39,82.55,NaN
30-09-2015 13:00,-9.25,877.16,14.39,84.82,NaN
30-09-2015 14:00,-10.14,826.1,19.98,88.48,NaN
30-09-2015 15:00,-10.87,835.03,21.61,89.13,NaN
30-09-2015 16:00,-10.72,829.5,20.44,86.4,NaN
30-09-2015 17:00,-11.06,850.33,21,85.02,NaN
30-09-2015 18:00,-11.42,903.33,21.47,85.77,NaN
30-09-2015 19:00,-11.54,981.1,17,86.57,NaN
30-09-2015 20:00,-11.7,998.92,16.66,87.92,NaN
30-09-2015 21:00,-12.25,997.8,18.61,89.65,NaN
30-09-2015 22:00,-13.16,996.93,14.98,93.48,NaN
30-09-2015 23:00,-13.14,995.75,14.96,92.13,NaN
01-10-2015 00:00,-13.33,994.65,13.3,93.83,NaN
01-10-2015 01:00,-13.38,993.24,12.93,96.07,NaN
01-10-2015 02:00,-12.89,992.06,14.07,87.95,NaN
01-10-2015 03:00,-11.93,990.78,14.33,83.72,NaN
01-10-2015 04:00,-10.75,989.29,14.35,80.28,NaN
01-10-2015 05:00,-10.75,987.87,19.13,84.73,NaN
01-10-2015 06:00,-10.97,986.88,21.3,83.23,NaN
01-10-2015 07:00,-12.27,986,25.62,84.7,NaN
01-10-2015 08:00,-12.94,985.99,25.6,85.32,NaN
01-10-2015 09:00,-13.14,985.65,24.69,86.03,NaN
01-10-2015 10:00,-13.41,985.13,22.4,87.4,NaN
01-10-2015 11:00,-14,984.8,22.48,87.03,NaN
01-10-2015 12:00,-14.4,984.65,21.7,85.33,NaN
01-10-2015 13:00,-14.61,984.82,19.09,82.83,NaN
01-10-2015 14:00,-14.83,985.12,16.46,79.97,NaN
01-10-2015 15:00,-15.01,985.39,17.89,81.83,NaN
01-10-2015 16:00,-15.14,985.48,20.04,82.53,NaN
01-10-2015 17:00,-15.41,986.09,21.39,82.72,NaN
01-10-2015 18:00,-16.09,986.03,23.98,83.43,NaN
01-10-2015 19:00,-16.27,986.42,22.81,83.48,NaN
01-10-2015 20:00,-16.84,986.97,22.23,85.12,NaN
01-10-2015 21:00,-17.03,987.43,20,83.33,NaN
01-10-2015 22:00,-17.18,988.11,18.33,82.7,NaN
01-10-2015 23:00,-17.32,988.89,15.44,79.98,NaN
02-10-2015 00:00,-17.11,989.33,14.86,80.43,NaN
02-10-2015 01:00,-17.09,990.24,11.05,74.83,NaN
02-10-2015 02:00,-16.35,990.59,14.91,69.75,NaN
02-10-2015 03:00,-16.3,991.31,10.92,63.38,NaN
02-10-2015 04:00,-15.54,991.65,4.64,58.55,NaN
02-10-2015 05:00,-14.68,992.12,4.4,39.3,NaN
02-10-2015 06:00,-13.72,992.39,1.12,97.05,NaN
02-10-2015 07:00,-14.46,992.36,3.46,218.1,NaN
02-10-2015 08:00,-15.18,992.1,7,214.43,NaN
02-10-2015 09:00,-15.24,992.03,8.21,219.18,NaN
02-10-2015 10:00,-15.83,991.76,9.11,216.98,NaN
02-10-2015 11:00,-16.27,991.34,9.49,209.13,NaN
02-10-2015 12:00,-15.74,990.99,6.57,192.32,NaN
02-10-2015 13:00,-13.49,990.7,8.11,85.9,NaN
02-10-2015 14:00,-13.24,990.36,8.88,74.53,NaN
02-10-2015 15:00,-13,990.42,9.12,77.48,NaN
02-10-2015 16:00,-13.24,990.4,17.62,86.83,NaN
02-10-2015 17:00,-13.49,989.95,16.14,89.5,NaN
02-10-2015 18:00,-13.92,990.01,15.09,91.28,NaN
02-10-2015 19:00,-15.21,989.53,16.46,95.25,NaN
02-10-2015 20:00,-16.18,989.09,18.55,106.25,NaN
02-10-2015 21:00,-16.58,988.85,18.75,102.72,NaN
02-10-2015 22:00,-16.2,988.77,18.55,95.98,NaN
02-10-2015 23:00,-15.73,988.15,21.11,90.63,NaN
03-10-2015 00:00,-17.6,987.65,25.46,94.35,NaN
03-10-2015 01:00,-17.79,987.35,26.91,94.48,NaN
03-10-2015 02:00,-17.32,987.47,27.74,89.2,NaN
03-10-2015 03:00,-16.94,988.01,30.26,82.98,NaN
03-10-2015 04:00,-16.27,988.69,27.35,81.1,NaN
03-10-2015 05:00,-15.59,989.87,23.32,77.47,NaN
03-10-2015 06:00,-15.02,990.79,20.57,67.38,NaN
03-10-2015 07:00,-14.54,992.02,15.4,55.05,NaN
03-10-2015 08:00,-14.49,993.29,12.96,49.07,NaN
03-10-2015 09:00,-14.88,994.82,10.34,46.95,NaN
03-10-2015 10:00,-14.93,995.91,9.12,60.72,NaN
03-10-2015 11:00,-15.29,996.97,9.7,76.8,NaN
03-10-2015 12:00,-16.65,997.91,8.22,93.25,NaN
03-10-2015 13:00,-17.98,998.88,8.65,99.33,NaN
03-10-2015 14:00,-17.91,950.05,8.12,103.33,NaN
03-10-2015 15:00,-18.28,841.54,6.81,105.08,NaN
03-10-2015 16:00,-17.93,850.98,8.78,99.72,NaN
03-10-2015 17:00,-16.68,824.67,9.85,89.45,NaN
03-10-2015 18:00,-15.64,836.66,17.83,87.03,NaN
03-10-2015 19:00,-15.24,834.46,16.01,81.88,NaN
03-10-2015 20:00,-15.46,827.8,17.52,85.13,NaN
03-10-2015 21:00,-15.31,880.42,18.9,81.77,NaN
03-10-2015 22:00,-14.89,830.67,21.63,81.95,NaN
03-10-2015 23:00,-14.59,811.18,21.14,77.27,NaN
04-10-2015 00:00,-14.52,833.01,16.2,67.93,NaN
04-10-2015 01:00,-13.93,836.22,12.12,67.88,NaN
04-10-2015 02:00,-13.14,833.22,12.16,78.88,NaN
04-10-2015 03:00,-12.8,970.97,16.24,90.68,NaN
04-10-2015 04:00,-12.88,998.23,18.71,90.4,NaN
04-10-2015 05:00,-12.18,997.56,14.39,97.78,NaN
04-10-2015 06:00,-11.82,996.93,11.74,108.32,NaN
04-10-2015 07:00,-10.82,996.07,9.5,114.72,NaN
04-10-2015 08:00,-10.62,994.77,9.47,118.33,NaN
04-10-2015 09:00,-10.34,993.81,6.23,122.83,NaN
04-10-2015 10:00,-10.84,992.63,6.15,91.2,NaN
04-10-2015 11:00,-11.3,991.59,6.02,99.87,NaN
04-10-2015 12:00,-12.18,990.48,4.5,109.32,NaN
04-10-2015 13:00,-13.44,989.43,4.62,110.08,NaN
04-10-2015 14:00,-13.55,988.84,12.82,93.18,NaN
04-10-2015 15:00,-13.59,988.22,19.23,79.82,NaN
04-10-2015 16:00,-13.97,988.05,19.87,83.6,NaN
04-10-2015 17:00,-14.91,987.63,24.53,85.55,NaN
04-10-2015 18:00,-15.15,987.59,24.44,86.5,NaN
04-10-2015 19:00,-15.91,987.64,25.56,85.03,NaN
04-10-2015 20:00,-16.29,987.72,25.29,86.33,NaN
04-10-2015 21:00,-17.04,988.01,24.37,87.72,NaN
04-10-2015 22:00,-17.22,988.14,22.55,87.48,NaN
04-10-2015 23:00,-17.88,988.24,23.02,88.53,NaN
05-10-2015 00:00,-17.55,988.4,19.47,89.37,NaN
05-10-2015 01:00,-17.61,988.58,21.81,88.48,NaN
05-10-2015 02:00,-16.42,988.96,15.64,86.12,NaN
05-10-2015 03:00,-15.68,989.36,15.96,82.4,NaN
05-10-2015 04:00,-14.62,989.78,13.72,79.07,NaN
05-10-2015 05:00,-14.07,990.6,7.63,53,NaN
05-10-2015 06:00,-12.19,990.97,1.75,76.55,NaN
05-10-2015 07:00,-12.67,990.91,3.94,230.55,NaN
05-10-2015 08:00,-12.89,991.08,3.1,196.12,NaN
05-10-2015 09:00,-11.98,990.88,1.77,71.1,NaN
05-10-2015 10:00,-12.07,990.84,7.03,57.98,NaN
05-10-2015 11:00,-12.73,991.04,12.6,78.53,NaN
05-10-2015 12:00,-13.72,991.25,17.69,86.03,NaN
05-10-2015 13:00,-14.79,991.66,18.73,87.1,NaN
05-10-2015 14:00,-15.89,991.84,24.17,86.83,NaN
05-10-2015 15:00,-16.52,992.08,23.01,88.1,NaN
05-10-2015 16:00,-17.04,992.18,23.65,88.15,NaN
05-10-2015 17:00,-17.43,992.15,24.52,87.72,NaN
05-10-2015 18:00,-17.58,992.34,23.46,88.37,NaN
05-10-2015 19:00,-17.82,992.56,20.81,88.35,NaN
05-10-2015 20:00,-17.96,992.72,19.43,88.87,NaN
05-10-2015 21:00,-18.14,992.81,17.69,87.75,NaN
05-10-2015 22:00,-17.87,992.83,14.45,86.22,NaN
05-10-2015 23:00,-17.79,992.72,11.4,86.98,NaN
06-10-2015 00:00,-17.44,992.51,11.14,86.75,NaN
06-10-2015 01:00,-17.05,992.38,7.66,77.75,NaN
06-10-2015 02:00,-16.43,992.25,4.31,68.02,NaN
06-10-2015 03:00,-15.78,991.71,0.98,148.4,NaN
06-10-2015 04:00,-14.67,990.89,0.07,168.22,NaN
06-10-2015 05:00,-14.3,990.24,1,241.37,NaN
06-10-2015 06:00,-15.9,989.71,5.25,209.25,NaN
06-10-2015 07:00,-15.56,988.87,4.77,202.15,NaN
06-10-2015 08:00,-15.3,988.27,6.25,199.78,NaN
06-10-2015 09:00,-13.02,987.57,1.48,196.05,NaN
06-10-2015 10:00,-12.86,986.96,2.36,233.17,NaN
06-10-2015 11:00,-15.61,986.75,3.36,235.57,NaN
06-10-2015 12:00,-15.54,986.47,0.19,145.55,NaN
06-10-2015 13:00,-15.54,986.45,1.2,121.05,NaN
06-10-2015 14:00,-16.67,986.74,1.43,116.47,NaN
06-10-2015 15:00,-16.88,987.02,3.07,80.43,NaN
06-10-2015 16:00,-16.5,987.32,5.24,73.27,NaN
06-10-2015 17:00,-16.7,987.63,7.67,80.17,NaN
06-10-2015 18:00,-16.59,987.82,10.26,85.68,NaN
06-10-2015 19:00,-16.78,988.1,15.32,89.3,NaN
06-10-2015 20:00,-17.05,988.33,17.33,87.2,NaN
06-10-2015 21:00,-17.22,988.84,15.62,88.07,NaN
06-10-2015 22:00,-17.91,989.15,18.92,88.97,NaN
06-10-2015 23:00,-18.41,989.54,19.16,89.88,NaN
07-10-2015 00:00,-18.5,989.93,17.72,89.53,NaN
07-10-2015 01:00,-18.33,990.39,16.9,88.45,NaN
07-10-2015 02:00,-17.89,990.91,16.12,87.42,NaN
07-10-2015 03:00,-16.98,991.28,13.6,84.7,NaN
07-10-2015 04:00,-16.27,991.52,11.81,76.42,NaN
07-10-2015 05:00,-15.83,991.55,10.44,58.2,NaN
07-10-2015 06:00,-14.95,991.49,7.86,54.1,NaN
07-10-2015 07:00,-14.96,991.72,4.92,40.07,NaN
07-10-2015 08:00,-14.23,991.84,1.78,171.35,NaN
07-10-2015 09:00,-14.03,991.96,0.01,316.27,NaN
07-10-2015 10:00,-14.21,992.18,0,289.45,NaN
07-10-2015 11:00,-14.58,992.38,0.06,214.35,NaN
07-10-2015 12:00,-15.12,992.46,0.19,193.83,NaN
07-10-2015 13:00,-17.33,992.46,0.58,147.83,NaN
07-10-2015 14:00,-17.93,992.75,4.13,105.5,NaN
07-10-2015 15:00,-18.38,992.8,6.94,92.52,NaN
07-10-2015 16:00,-17.84,992.83,11.12,90.18,NaN
07-10-2015 17:00,-18.02,992.95,14.04,89.77,NaN
07-10-2015 18:00,-18.19,993.05,14.81,88.38,NaN
07-10-2015 19:00,-18.34,993.23,14.43,86.5,NaN
07-10-2015 20:00,-18.78,993.21,13.88,87.82,NaN
07-10-2015 21:00,-19.19,993.31,15.01,88.15,NaN
07-10-2015 22:00,-19.37,993.27,13.45,87.03,NaN
07-10-2015 23:00,-19.51,993.37,12.87,86.95,NaN
08-10-2015 00:00,-19.23,993.46,11.38,87.42,NaN
08-10-2015 01:00,-19.02,993.7,10.22,88.87,NaN
08-10-2015 02:00,-18.16,993.99,9.1,86.77,NaN
08-10-2015 03:00,-17.35,993.83,7.48,82.15,NaN
08-10-2015 04:00,-16.77,993.53,7.09,73.36,NaN
08-10-2015 05:00,-16.05,993.33,5.94,66.32,NaN
08-10-2015 06:00,-15.14,993.16,3.9,45.52,NaN
08-10-2015 07:00,-14.74,993.09,3.21,51.67,NaN
08-10-2015 08:00,-14.83,992.8,5.54,38.3,NaN
08-10-2015 09:00,-14.88,992.59,3.69,50.9,NaN
08-10-2015 10:00,-13.71,992.16,0.21,120.08,NaN
08-10-2015 11:00,-14.71,991.55,1.46,189.7,NaN
08-10-2015 12:00,-15.08,991.24,2.19,195.65,NaN
08-10-2015 13:00,-16.39,990.86,0.27,145.42,NaN
08-10-2015 14:00,-17.9,990.47,4.42,98.45,NaN
08-10-2015 15:00,-19.04,990.42,3.6,105.2,NaN
08-10-2015 16:00,-19.32,990.3,5.18,104.1,NaN
08-10-2015 17:00,-19.17,990.12,6.87,89.77,NaN
08-10-2015 18:00,-18.9,990.08,8.73,87.42,NaN
08-10-2015 19:00,-19.13,990.04,9.86,79.87,NaN
08-10-2015 20:00,-19.66,989.92,12.58,71.38,NaN
08-10-2015 21:00,-19.64,989.82,12.55,76.93,NaN
08-10-2015 22:00,-18.94,989.59,13.28,83.43,NaN
08-10-2015 23:00,-18.64,989.53,12.77,80.5,NaN
09-10-2015 00:00,-18.39,989.61,13.25,76.7,NaN
09-10-2015 01:00,-18.25,990.1,11.2,60.62,NaN
09-10-2015 02:00,-17.8,990.4,11.98,64.68,NaN
09-10-2015 03:00,-16.89,990.48,11.1,74.45,NaN
09-10-2015 04:00,-15.99,990.69,9.2,60.1,NaN
09-10-2015 05:00,-15.42,990.82,7.68,55.9,NaN
09-10-2015 06:00,-15.22,990.75,5.4,95.22,NaN
09-10-2015 07:00,-15.77,991,2.4,128.17,NaN
09-10-2015 08:00,-14.93,991.12,4.21,73.1,NaN
09-10-2015 09:00,-14.86,991.23,0.28,214.27,NaN
09-10-2015 10:00,-14.31,991.44,0,84.17,NaN
09-10-2015 11:00,-14.92,991.32,3.71,206.47,NaN
09-10-2015 12:00,-14.94,991.12,3.58,188.1,NaN
09-10-2015 13:00,-13.97,991.25,0.72,117.45,NaN
09-10-2015 14:00,-14.01,991.15,12.77,83.15,NaN
09-10-2015 15:00,-15.04,991.41,15.71,67.73,NaN
09-10-2015 16:00,-15.46,991.85,17.59,64.9,NaN
09-10-2015 17:00,-15.94,991.98,15.88,65.28,NaN
09-10-2015 18:00,-16.48,991.77,15.29,67.68,NaN
09-10-2015 19:00,-16.7,991.62,13.11,70.1,NaN
09-10-2015 20:00,-16.67,991.09,11.88,80.9,NaN
09-10-2015 21:00,-16.96,990.69,9.98,74.93,NaN
09-10-2015 22:00,-17.01,990.75,8.6,78.77,NaN
09-10-2015 23:00,-17.16,990.93,7.16,83.67,NaN
10-10-2015 00:00,-16.85,990.65,7.28,115.35,NaN
10-10-2015 01:00,-15.85,989.89,5.09,124.77,NaN
10-10-2015 02:00,-14.55,989.12,2.1,117.68,NaN
10-10-2015 03:00,-13.27,988.34,1.08,92.1,NaN
10-10-2015 04:00,-12.24,987.37,0.22,85.87,NaN
10-10-2015 05:00,-10.26,986.12,0.18,79.77,NaN
10-10-2015 06:00,-9.79,984.89,1.88,158.18,NaN
10-10-2015 07:00,-9.01,983.89,1.88,124.68,NaN
10-10-2015 08:00,-7.74,982.99,1.51,123.22,NaN
10-10-2015 09:00,-7.7,981.86,3,97.25,NaN
10-10-2015 10:00,-7.75,980.89,2.59,99.82,NaN
10-10-2015 11:00,-7.93,979.96,12.54,74.37,NaN
10-10-2015 12:00,-8.81,979.33,21.2,85.47,NaN
10-10-2015 13:00,-10.39,979.17,23.29,86.67,NaN
10-10-2015 14:00,-11.83,979.25,21.76,88.45,NaN
10-10-2015 15:00,-13.84,979.21,20.32,92.78,NaN
10-10-2015 16:00,-14.7,979.18,20.25,94.95,NaN
10-10-2015 17:00,-15.88,979.08,22.52,97.92,NaN
10-10-2015 18:00,-16.13,978.83,21.64,98.27,NaN
10-10-2015 19:00,-16.65,978.65,22.47,97.38,NaN
10-10-2015 20:00,-16.92,978.38,21.64,96.28,NaN
10-10-2015 21:00,-16.64,978.16,20.31,95.02,NaN
10-10-2015 22:00,-16.61,977.91,18.09,94.55,NaN
10-10-2015 23:00,-16.43,977.64,18.77,92.83,NaN
11-10-2015 00:00,-15.75,977.38,20.44,89.47,NaN
11-10-2015 01:00,-15.24,977.29,20.84,88.1,NaN
11-10-2015 02:00,-14.43,977.36,19.99,89.22,NaN
11-10-2015 03:00,-13.35,977.47,18.72,84.45,NaN
11-10-2015 04:00,-12.05,977.43,14.88,73.3,NaN
11-10-2015 05:00,-11.02,977.31,12.81,65.7,NaN
11-10-2015 06:00,-10.13,977.02,10.79,69.67,NaN
11-10-2015 07:00,-9.54,977.07,9.24,73.58,NaN
11-10-2015 08:00,-9.15,977.18,8.32,66.87,NaN
11-10-2015 09:00,-9.01,977.39,4.83,69.48,NaN
11-10-2015 10:00,-9.26,977.26,5.68,96.38,NaN
11-10-2015 11:00,-10.12,977.25,9.13,93.95,NaN
11-10-2015 12:00,-10.35,977.28,10.56,89.52,NaN
11-10-2015 13:00,-11.06,977.71,12.03,88.57,NaN
11-10-2015 14:00,-12.03,978.18,14.68,89.8,NaN
11-10-2015 15:00,-12.86,978.48,16.97,90.68,NaN
11-10-2015 16:00,-13.39,978.76,18.69,90.5,NaN
11-10-2015 17:00,-13.54,979.02,20.51,89.88,NaN
11-10-2015 18:00,-12.57,979.08,19.71,90.2,NaN
11-10-2015 19:00,-11.39,979.73,15.86,85.93,NaN
11-10-2015 20:00,-10.88,980.4,13.97,84.62,NaN
11-10-2015 21:00,-11.23,980.73,17.3,90.32,NaN
11-10-2015 22:00,-11.39,981.03,18.09,88.6,NaN
11-10-2015 23:00,-10.92,981.2,13.33,89.03,NaN
12-10-2015 00:00,-10.68,981.25,12.81,85.85,NaN
12-10-2015 01:00,-10.23,981.51,10.82,81.98,NaN
12-10-2015 02:00,-9.72,981.5,9.16,77.68,NaN
12-10-2015 03:00,-9.16,981.61,7.51,78.12,NaN
12-10-2015 04:00,-8.81,981.62,7.41,74.62,NaN
12-10-2015 05:00,-8.33,981.53,8.14,53.17,NaN
12-10-2015 06:00,-7.92,981.45,7.01,54.88,NaN
12-10-2015 07:00,-7.69,981.61,1.86,43.31,NaN
12-10-2015 08:00,-7.1,981.74,0.12,154.35,NaN
12-10-2015 09:00,-7.37,981.62,2.66,90.73,NaN
12-10-2015 10:00,-7.62,981.43,2.69,92.8,NaN
12-10-2015 11:00,-7.62,981.22,3.32,98.43,NaN
12-10-2015 12:00,-8.02,981.05,3.94,100.07,NaN
12-10-2015 13:00,-8.43,981.05,3.67,92.05,NaN
12-10-2015 14:00,-8.54,981.02,3.12,107.2,NaN
12-10-2015 15:00,-8.71,981.11,3.01,84.57,NaN
12-10-2015 16:00,-8.98,981.23,0.4,117.97,NaN
12-10-2015 17:00,-9.21,981.21,0.46,60.58,NaN
12-10-2015 18:00,-9.29,981.38,3.4,71.82,NaN
12-10-2015 19:00,-9.46,981.65,4.94,78.4,NaN
12-10-2015 20:00,-9.66,981.89,5.42,70.57,NaN
12-10-2015 21:00,-9.65,982.14,6.43,55.48,NaN
12-10-2015 22:00,-9.71,982.42,8.07,60.62,NaN
12-10-2015 23:00,-9.89,982.5,7.75,68.72,NaN
13-10-2015 00:00,-9.83,982.71,6.56,70.8,NaN
13-10-2015 01:00,-9.73,982.92,5.72,70.77,NaN
13-10-2015 02:00,-9.5,983.24,6.11,61.78,NaN
13-10-2015 03:00,-9.21,983.29,6.51,58.67,NaN
13-10-2015 04:00,-8.97,983.35,5.84,55.27,NaN
13-10-2015 05:00,-8.64,983.42,5,49.4,NaN
13-10-2015 06:00,-8.38,983.41,5.49,40.45,NaN
13-10-2015 07:00,-8.34,983.6,4.53,34.6,NaN
13-10-2015 08:00,-8.21,983.67,3.44,40.13,NaN
13-10-2015 09:00,-8.31,983.83,3.03,33.87,NaN
13-10-2015 10:00,-8.2,983.62,0.97,40.62,NaN
13-10-2015 11:00,-7.96,983.36,0.92,161.12,NaN
13-10-2015 12:00,-8.84,983.17,1.81,215.32,NaN
13-10-2015 13:00,-9.28,983.05,0.51,148.23,NaN
13-10-2015 14:00,-10.12,983.01,0.34,229.5,NaN
13-10-2015 15:00,-11.01,982.94,0.62,119.65,NaN
13-10-2015 16:00,-11.45,982.72,0.81,175.2,NaN
13-10-2015 17:00,-11.33,982.39,1.44,221.17,NaN
13-10-2015 18:00,-11.33,982.18,4.04,211.18,NaN
13-10-2015 19:00,-11.9,982.09,4.41,195.07,NaN
13-10-2015 20:00,-12.38,982.04,4.96,198.38,NaN
13-10-2015 21:00,-12.01,981.91,0.87,192.92,NaN
13-10-2015 22:00,-12.01,981.9,0.99,113.38,NaN
13-10-2015 23:00,-12.13,982,1.1,82.83,NaN
14-10-2015 00:00,-12.12,981.9,4.73,90.7,NaN
14-10-2015 01:00,-11.74,981.9,5.61,83.42,NaN
14-10-2015 02:00,-11.49,981.9,4.75,61.83,NaN
14-10-2015 03:00,-11.17,981.94,5.94,55.6,NaN
14-10-2015 04:00,-10.88,981.99,7.76,54.03,NaN
14-10-2015 05:00,-11.15,982.11,7.23,39.02,NaN
14-10-2015 06:00,-11.18,982.19,6.5,33.32,NaN
14-10-2015 07:00,-10.66,982.12,6.14,29.48,NaN
14-10-2015 08:00,-10.38,982.22,5.54,171.45,NaN
14-10-2015 09:00,-10.17,982.27,4.01,203.1,NaN
14-10-2015 10:00,-9.74,982.2,3.75,58.15,NaN
14-10-2015 11:00,-9.31,982.1,3.44,117.23,NaN
14-10-2015 12:00,-8.65,981.98,3.33,215.47,NaN
14-10-2015 13:00,-11.83,981.92,4.34,142.67,NaN
14-10-2015 14:00,-14.36,981.92,4.96,97.22,NaN
14-10-2015 15:00,-14.59,981.79,5.73,109.62,NaN
14-10-2015 16:00,-14.76,981.63,8.03,121.78,NaN
14-10-2015 17:00,-14.9,981.58,7.97,110.23,NaN
14-10-2015 18:00,-15.65,981.55,8.54,96.57,NaN
14-10-2015 19:00,-16.69,981.57,9,95.38,NaN
14-10-2015 20:00,-16.8,981.64,9.04,90.33,NaN
14-10-2015 21:00,-16.32,981.57,8.84,87.65,NaN
14-10-2015 22:00,-16.49,981.58,9.58,85.77,NaN
14-10-2015 23:00,-16.5,981.66,10.39,86.7,NaN
15-10-2015 00:00,-15.75,981.74,10.04,83.58,NaN
15-10-2015 01:00,-15.24,981.93,9.34,80,NaN
15-10-2015 02:00,-14.43,981.84,9.78,81.88,NaN
15-10-2015 03:00,-13.35,981.76,9.9,77.57,NaN
15-10-2015 04:00,-12.05,981.8,10.3,64.35,NaN
15-10-2015 05:00,-11.02,981.75,10.2,58.87,NaN
15-10-2015 06:00,-10.13,981.82,10.18,55.47,NaN
15-10-2015 07:00,-9.54,982.09,9.14,44.2,NaN
15-10-2015 08:00,-9.15,982.22,8.62,41.7,NaN
15-10-2015 09:00,-9.01,982.23,7.89,54.48,NaN
15-10-2015 10:00,-9.26,982.33,6.93,61.47,NaN
15-10-2015 11:00,-10.12,982.49,6.61,69.23,NaN
15-10-2015 12:00,-10.35,982.46,6.02,97.82,NaN
15-10-2015 13:00,-11.06,982.5,5.49,123.43,NaN
15-10-2015 14:00,-12.03,982.72,5.92,127.37,NaN
15-10-2015 15:00,-12.86,982.81,6.23,136.5,NaN
15-10-2015 16:00,-13.39,982.91,6.89,129.7,NaN
15-10-2015 17:00,-13.54,983.06,7.49,130.67,NaN
15-10-2015 18:00,-12.57,983.32,7.47,128.22,NaN
15-10-2015 19:00,-11.39,983.68,8.28,122.5,NaN
15-10-2015 20:00,-10.88,984,8.62,114.08,NaN
15-10-2015 21:00,-11.23,984.27,7.65,96.22,NaN
15-10-2015 22:00,-11.39,984.54,7.61,106,NaN
15-10-2015 23:00,-10.92,984.89,7.96,101.1,NaN
16-10-2015 00:00,-18.6,985.1,8.4,99.75,NaN
16-10-2015 01:00,-18.19,985.26,8.6,105.72,NaN
16-10-2015 02:00,-17.68,985.22,7.43,100.43,NaN
16-10-2015 03:00,-16.86,985.33,7.54,84.05,NaN
16-10-2015 04:00,-16,985.37,7.44,64.9,NaN
16-10-2015 05:00,-15.37,985.29,6.88,82.32,NaN
16-10-2015 06:00,-14.99,984.93,6.85,60.05,NaN
16-10-2015 07:00,-14.73,984.86,5.69,58.15,NaN
16-10-2015 08:00,-14.33,984.8,4.69,64.8,NaN
16-10-2015 09:00,-14.82,984.38,6.27,91.37,NaN
16-10-2015 10:00,-15.16,984.12,5.16,99.72,NaN
16-10-2015 11:00,-15.15,983.64,5.22,91.55,NaN
16-10-2015 12:00,-15.69,983.34,4.96,44.03,NaN
16-10-2015 13:00,-17.3,982.84,6.82,101.15,NaN
16-10-2015 14:00,-17.9,982.47,5.8,111.08,NaN
16-10-2015 15:00,-17.97,982.01,5.69,109.55,NaN
16-10-2015 16:00,-18.07,981.46,8.07,95.57,NaN
16-10-2015 17:00,-17.48,980.86,9.09,84.17,NaN
16-10-2015 18:00,-17.59,980.49,8.18,92.63,NaN
16-10-2015 19:00,-17.48,979.61,8.33,114.25,NaN
16-10-2015 20:00,-16.59,979.02,5.06,125.38,NaN
16-10-2015 21:00,-16.44,978.42,5.25,181.95,NaN
16-10-2015 22:00,-16.08,977.64,6.45,199.72,NaN
16-10-2015 23:00,-15.87,976.9,7.27,201.93,NaN
17-10-2015 00:00,-15.79,976.17,7.99,203.67,NaN
17-10-2015 01:00,-15.74,975.52,8.29,200.97,NaN
17-10-2015 02:00,-14.74,974.97,7.86,204,NaN
17-10-2015 03:00,-13.75,974.49,7.72,204.42,NaN
17-10-2015 04:00,-12.64,974.03,6.79,199.67,NaN
17-10-2015 05:00,-11.42,973.66,5.93,196.78,NaN
17-10-2015 06:00,-10.94,973.33,6.39,203.67,NaN
17-10-2015 07:00,-11.23,972.99,7.7,204.75,NaN
17-10-2015 08:00,-10.03,972.69,7.44,202.07,NaN
17-10-2015 09:00,-9.96,972.4,7.88,203.42,NaN
17-10-2015 10:00,-9.09,972.07,7.19,202.13,NaN
17-10-2015 11:00,-8.31,971.93,5.98,184.82,NaN
17-10-2015 12:00,-7.27,971.92,5,119.78,NaN
17-10-2015 13:00,-7.1,971.95,4.67,85.68,NaN
17-10-2015 14:00,-6.93,971.82,7.46,79.75,NaN
17-10-2015 15:00,-7.01,971.72,10.31,84.93,NaN
17-10-2015 16:00,-7.63,971.9,10.54,87.28,NaN
17-10-2015 17:00,-8.16,972,11.37,89.27,NaN
17-10-2015 18:00,-8.84,972.35,12.06,91.33,NaN
17-10-2015 19:00,-9.13,972.38,11.81,93.08,NaN
17-10-2015 20:00,-9.61,972.43,12.51,91.28,NaN
17-10-2015 21:00,-9.87,972.43,12.45,90.02,NaN
17-10-2015 22:00,-9.6,972.41,12.39,90.9,NaN
17-10-2015 23:00,-9.63,972.39,12.88,90.8,NaN
18-10-2015 00:00,-9.29,972.4,16.57,89.73,NaN
18-10-2015 01:00,-9,972.57,16.22,89.88,NaN
18-10-2015 02:00,-8.24,972.51,17.53,86.32,NaN
18-10-2015 03:00,-7.22,972.67,15.41,75.6,NaN
18-10-2015 04:00,-6.31,972.8,11.86,78.48,NaN
18-10-2015 05:00,-5.42,972.76,11.96,80.38,NaN
18-10-2015 06:00,-5.16,973.12,11.69,75.1,NaN
18-10-2015 07:00,-4.43,973.28,14.31,68.57,NaN
18-10-2015 08:00,-4.17,973.42,13.39,67.57,NaN
18-10-2015 09:00,-3.9,973.49,11.74,66.25,NaN
18-10-2015 10:00,-3.86,973.71,8.67,61.15,NaN
18-10-2015 11:00,-4.1,973.9,6.43,61.88,NaN
18-10-2015 12:00,-4.82,974.26,6.82,46.83,NaN
18-10-2015 13:00,-5.77,974.43,7.85,74.02,NaN
18-10-2015 14:00,-5.92,974.54,11.8,66.93,NaN
18-10-2015 15:00,-6.09,974.82,14.11,64.98,NaN
18-10-2015 16:00,-6.17,974.86,15.04,61.05,NaN
18-10-2015 17:00,-6.27,975.17,14.67,61.37,NaN
18-10-2015 18:00,-6.43,975.26,14.31,64.68,NaN
18-10-2015 19:00,-6.72,975.26,16.75,63.77,NaN
18-10-2015 20:00,-6.96,975.41,18.27,62.77,NaN
18-10-2015 21:00,-7.22,975.45,19.19,63.6,NaN
18-10-2015 22:00,-7.41,975.37,18.77,66.6,NaN
18-10-2015 23:00,-7.8,975.37,16.67,73.22,NaN
19-10-2015 00:00,-8.22,975.37,17.02,78.13,NaN
19-10-2015 01:00,-8.51,975.24,17.67,81.67,NaN
19-10-2015 02:00,-8.59,975,17.93,84.5,NaN
19-10-2015 03:00,-8.19,975.06,14.65,76.43,NaN
19-10-2015 04:00,-7.7,974.74,13.3,77.63,NaN
19-10-2015 05:00,-7.26,974.55,12.76,62.8,NaN
19-10-2015 06:00,-6.65,974.24,11.59,61.6,NaN
19-10-2015 07:00,-6.32,974.06,8.68,56.8,NaN
19-10-2015 08:00,-6.32,973.88,5.99,35.98,NaN
19-10-2015 09:00,-6.6,973.72,5.05,31.07,NaN
19-10-2015 10:00,-6.72,973.65,3.19,34.98,NaN
19-10-2015 11:00,-6.66,973.35,1.92,43.38,NaN
19-10-2015 12:00,-4.39,973.15,0.34,207.67,NaN
19-10-2015 13:00,-7.33,972.97,2.44,202.78,NaN
19-10-2015 14:00,-9.39,973.07,3.51,128.7,NaN
19-10-2015 15:00,-10.5,973.17,5.87,102.78,NaN
19-10-2015 16:00,-11.32,973.09,9.27,92.13,NaN
19-10-2015 17:00,-11.65,972.79,13.52,89.97,NaN
19-10-2015 18:00,-12.3,972.57,16.32,90.97,NaN
19-10-2015 19:00,-12.17,972.58,15.87,85.32,NaN
19-10-2015 20:00,-12.47,972.51,16.98,86.63,NaN
19-10-2015 21:00,-13.34,972.52,17.62,90.8,NaN
19-10-2015 22:00,-13.83,972.48,18.37,92.38,NaN
19-10-2015 23:00,-13.57,972.65,16.98,92.47,NaN
20-10-2015 00:00,-13.31,972.77,16.9,91.22,NaN
20-10-2015 01:00,-12.87,973.03,16.07,89.48,NaN
20-10-2015 02:00,-11.85,973.44,12.59,81.43,NaN
20-10-2015 03:00,-10.98,973.76,10.13,86,NaN
20-10-2015 04:00,-10.23,973.97,9.49,70.7,NaN
20-10-2015 05:00,-9.42,974.03,6.95,62.57,NaN
20-10-2015 06:00,-8.92,973.96,6.88,57.48,NaN
20-10-2015 07:00,-8.41,974.27,4.2,63.93,NaN
20-10-2015 08:00,-7.39,974.42,2.02,313.82,NaN
20-10-2015 09:00,-8,974.41,2.56,303.78,NaN
20-10-2015 10:00,-8.72,974.45,3.68,297.03,NaN
20-10-2015 11:00,-8.7,974.46,3.14,235.18,NaN
20-10-2015 12:00,-8.42,974.71,1.56,222.88,NaN
20-10-2015 13:00,-9.48,975.24,1.36,80.55,NaN
20-10-2015 14:00,-10.8,975.66,2.72,130.9,NaN
20-10-2015 15:00,-11.07,975.99,6.12,106.03,NaN
20-10-2015 16:00,-11.48,976.25,10.15,85.92,NaN
20-10-2015 17:00,-12.11,976.66,12.44,85.05,NaN
20-10-2015 18:00,-12.34,977.03,15.07,80.43,NaN
20-10-2015 19:00,-12.95,977.44,17.86,80.57,NaN
20-10-2015 20:00,-13.44,977.87,18.22,80.5,NaN
20-10-2015 21:00,-13.76,978.38,16.36,80.77,NaN
20-10-2015 22:00,-14.92,978.61,17.41,90.48,NaN
20-10-2015 23:00,-15.54,978.92,19.12,90.92,NaN
21-10-2015 00:00,-15.54,979.38,18.37,90.97,NaN
21-10-2015 01:00,-15.41,979.7,15.47,92.37,NaN
21-10-2015 02:00,-14.71,980.02,15.43,91.27,NaN
21-10-2015 03:00,-13.69,980.55,15.06,92.07,NaN
21-10-2015 04:00,-12.97,980.93,12.08,88.05,NaN
21-10-2015 05:00,-12.06,981.21,10.45,73.1,NaN
21-10-2015 06:00,-11.38,981.58,7.36,60.4,NaN
21-10-2015 07:00,-10.79,981.63,5.38,56.88,NaN
21-10-2015 08:00,-10.49,981.73,3.56,85.03,NaN
21-10-2015 09:00,-10.24,981.66,2.54,119.97,NaN
21-10-2015 10:00,-10.29,981.8,2.75,140.97,NaN
21-10-2015 11:00,-10.71,981.99,4.12,126.27,NaN
21-10-2015 12:00,-10.76,982.25,4.89,124.72,NaN
21-10-2015 13:00,-11.5,982.47,5.53,127.5,NaN
21-10-2015 14:00,-12.36,982.78,7.99,104.13,NaN
21-10-2015 15:00,-13.39,982.89,11.53,92.43,NaN
21-10-2015 16:00,-13.89,983.05,12.75,91.45,NaN
21-10-2015 17:00,-13.45,983.27,11.29,90.47,NaN
21-10-2015 18:00,-12.82,983.41,11.56,88.02,NaN
21-10-2015 19:00,-12.11,983.61,11.84,82.05,NaN
21-10-2015 20:00,-12.26,983.73,13.05,85.03,NaN
21-10-2015 21:00,-12.5,983.89,14.65,85.78,NaN
21-10-2015 22:00,-12.82,984,15.97,87.4,NaN
21-10-2015 23:00,-13,984.21,14.79,89.8,NaN
22-10-2015 00:00,-13.31,984.38,12.19,90.22,NaN
22-10-2015 01:00,-13.17,984.5,11.68,88.32,NaN
22-10-2015 02:00,-12.83,984.55,11.36,87.2,NaN
22-10-2015 03:00,-12.11,984.54,10.73,88.95,NaN
22-10-2015 04:00,-11.12,984.61,8.97,77.07,NaN
22-10-2015 05:00,-10.34,984.66,9.02,74.02,NaN
22-10-2015 06:00,-9.75,984.57,8.49,50.2,NaN
22-10-2015 07:00,-9.5,984.47,7.06,40.92,NaN
22-10-2015 08:00,-9.12,984.4,5.67,32.5,NaN
22-10-2015 09:00,-8.99,984.24,5.71,48.95,NaN
22-10-2015 10:00,-8.39,983.9,4.8,74.25,NaN
22-10-2015 11:00,-8.39,983.5,4.61,119.92,NaN
22-10-2015 12:00,-8.67,983.11,4.87,191.52,NaN
22-10-2015 13:00,-8.82,982.88,4.29,122.98,NaN
22-10-2015 14:00,-9.38,982.8,5.09,79.47,NaN
22-10-2015 15:00,-10.62,982.77,5.97,94.8,NaN
22-10-2015 16:00,-11.36,982.67,7.14,87.33,NaN
22-10-2015 17:00,-11.13,982.38,10.88,75.32,NaN
22-10-2015 18:00,-11.47,982.28,11.45,80.23,NaN
22-10-2015 19:00,-11.5,981.75,11.95,82.22,NaN
22-10-2015 20:00,-11.37,981.23,12.04,81.65,NaN
22-10-2015 21:00,-11.31,980.95,11.61,80.25,NaN
22-10-2015 22:00,-11.43,980.8,10.51,77.7,NaN
22-10-2015 23:00,-11.55,980.66,9.6,85.5,NaN
23-10-2015 00:00,-11.38,980.47,8.5,80.12,NaN
23-10-2015 01:00,-11.12,980.34,7.98,82.87,NaN
23-10-2015 02:00,-10.35,980.1,7.57,82.85,NaN
23-10-2015 03:00,-10.04,979.82,6.69,62.12,NaN
23-10-2015 04:00,-9.56,979.41,5.18,119.25,NaN
23-10-2015 05:00,-9.62,979.26,4.48,222.67,NaN
23-10-2015 06:00,-8.82,978.87,4.16,257.3,NaN
23-10-2015 07:00,-9.55,978.26,5.47,213.73,NaN
23-10-2015 08:00,-9.45,977.83,5.68,214.98,NaN
23-10-2015 09:00,-9.3,977.36,5.35,213.88,NaN
23-10-2015 10:00,-8.9,977,4.69,227.43,NaN
23-10-2015 11:00,-7.95,976.88,3.89,290.15,NaN
23-10-2015 12:00,-8.94,976.59,4.07,244.57,NaN
23-10-2015 13:00,-9.77,976.33,4.41,196.63,NaN
23-10-2015 14:00,-10.03,976.24,4.07,170.07,NaN
23-10-2015 15:00,-10.34,976.16,4.58,207.27,NaN
23-10-2015 16:00,-10.07,976.03,4.38,171.07,NaN
23-10-2015 17:00,-10.39,976.12,4.74,114.4,NaN
23-10-2015 18:00,-10.71,976.01,5.5,71.02,NaN
23-10-2015 19:00,-10.99,975.71,7.26,61.88,NaN
23-10-2015 20:00,-10.8,975.58,9.4,87.28,NaN
23-10-2015 21:00,-11.25,975.59,9.29,88.17,NaN
23-10-2015 22:00,-11.1,975.43,8.39,84.62,NaN
23-10-2015 23:00,-11.05,975.32,7.17,84.52,NaN
24-10-2015 00:00,-10.6,975.41,6.76,84.32,NaN
24-10-2015 01:00,-10.31,975.37,6.7,85.4,NaN
24-10-2015 02:00,-9.79,975.34,6.5,86.4,NaN
24-10-2015 03:00,-8.85,975.18,6.38,67.28,NaN
24-10-2015 04:00,-8.3,974.83,6.19,53.52,NaN
24-10-2015 05:00,-8.03,974.67,6.11,31.68,NaN
24-10-2015 06:00,-7.27,974.47,4.21,262.17,NaN
24-10-2015 07:00,-6.82,974.16,4.7,254.85,NaN
24-10-2015 08:00,-7.62,974.03,6.22,223.23,NaN
24-10-2015 09:00,-7.69,973.67,6.3,210.62,NaN
24-10-2015 10:00,-8.14,973.45,6.95,210.75,NaN
24-10-2015 11:00,-8.67,973.39,7.4,210.18,NaN
24-10-2015 12:00,-9.11,973.21,6.61,200.07,NaN
24-10-2015 13:00,-8.96,973.12,5.54,129.95,NaN
24-10-2015 14:00,-10,973.19,7.7,96.88,NaN
24-10-2015 15:00,-10.79,973.25,8.76,91.68,NaN
24-10-2015 16:00,-11.18,973.18,11.23,90.85,NaN
24-10-2015 17:00,-11.92,973.04,13,92.38,NaN
24-10-2015 18:00,-12.55,973.02,13.31,92.73,NaN
24-10-2015 19:00,-12.93,973.08,13.81,92,NaN
24-10-2015 20:00,-13.39,973.11,13.07,92.52,NaN
24-10-2015 21:00,-14.14,973.18,12.44,92.62,NaN
24-10-2015 22:00,-14.76,972.93,13.2,90.73,NaN
24-10-2015 23:00,-14.77,973.1,13.13,90.43,NaN
25-10-2015 00:00,-14.74,973.38,14.57,91.22,NaN
25-10-2015 01:00,-14.38,973.54,13.79,91.13,NaN
25-10-2015 02:00,-13.69,973.96,13.85,89.48,NaN
25-10-2015 03:00,-12.73,974.07,10.46,79,NaN
25-10-2015 04:00,-12,973.92,9.82,73.33,NaN
25-10-2015 05:00,-11.33,973.81,8.83,49.33,NaN
25-10-2015 06:00,-11.31,973.98,7.77,37.8,NaN
25-10-2015 07:00,-10.59,973.86,4.93,33.18,NaN
25-10-2015 08:00,-9.86,973.75,3.18,201.95,NaN
25-10-2015 09:00,-10.37,973.91,3.07,338.58,NaN
25-10-2015 10:00,-9.79,973.9,1.68,319.13,NaN
25-10-2015 11:00,-9.65,973.87,1.22,272.72,NaN
25-10-2015 12:00,-10.4,973.78,2.07,210.72,NaN
25-10-2015 13:00,-11.63,973.7,2.82,154.23,NaN
25-10-2015 14:00,-13.27,973.74,8.81,92.65,NaN
25-10-2015 15:00,-14.94,973.65,15.55,91.61,NaN
25-10-2015 16:00,-16.34,973.52,19.64,88.78,NaN
25-10-2015 17:00,-17.27,973.43,21.04,89.05,NaN
25-10-2015 18:00,-17.83,973.38,18.88,90.8,NaN
25-10-2015 19:00,-18,973.59,16.72,92.73,NaN
25-10-2015 20:00,-18.21,973.69,15.47,92.93,NaN
25-10-2015 21:00,-18.29,973.66,16.12,91.53,NaN
25-10-2015 22:00,-18.34,973.76,16.1,91.57,NaN
25-10-2015 23:00,-18.36,973.76,17.57,90.38,NaN
26-10-2015 00:00,-18.25,973.38,17.06,91.22,NaN
26-10-2015 01:00,-17.43,973.54,16.34,91.13,NaN
26-10-2015 02:00,-16.68,973.96,15.54,89.48,NaN
26-10-2015 03:00,-15.59,974.07,13.12,79,NaN
26-10-2015 04:00,-14.84,973.92,12.91,73.33,NaN
26-10-2015 05:00,-14.33,973.81,11.43,49.33,NaN
26-10-2015 06:00,-13.95,973.98,8.04,37.8,NaN
26-10-2015 07:00,-13.51,973.86,7.33,33.18,NaN
26-10-2015 08:00,-13.09,973.75,7.73,201.95,NaN
26-10-2015 09:00,-12.72,973.91,6.79,338.58,NaN
26-10-2015 10:00,-12.49,973.9,5.56,319.13,NaN
26-10-2015 11:00,-12.24,973.87,5.4,272.72,NaN
26-10-2015 12:00,-11.91,973.78,6.71,210.72,NaN
26-10-2015 13:00,-11.56,973.7,9.34,154.66,NaN
26-10-2015 14:00,-11.63,973.74,8.59,92.65,NaN
26-10-2015 15:00,-11.62,973.66,8.27,91.65,NaN
26-10-2015 16:00,-11.77,973.52,11.2,88.78,NaN
26-10-2015 17:00,-12.32,973.43,13.68,89.05,NaN
26-10-2015 18:00,-12.68,973.38,15.7,90.8,NaN
26-10-2015 19:00,-13.35,973.59,17.6,92.73,NaN
26-10-2015 20:00,-14.81,973.69,22.37,92.93,NaN
26-10-2015 21:00,-16.42,973.66,22.84,91.53,NaN
26-10-2015 22:00,-17.09,973.76,21.13,91.57,NaN
26-10-2015 23:00,-16.63,973.76,20.66,90.38,NaN
27-10-2015 00:00,-16.56,973.38,21.79,91.22,NaN
27-10-2015 01:00,-15.86,973.54,20.48,91.13,NaN
27-10-2015 02:00,-15.23,973.96,18.06,89.48,NaN
27-10-2015 03:00,-14.2,974.07,15.41,79,NaN
27-10-2015 04:00,-13.06,973.92,12.75,73.33,NaN
27-10-2015 05:00,-11.78,973.81,8.52,49.33,NaN
27-10-2015 06:00,-11.01,973.98,6.31,37.8,NaN
27-10-2015 07:00,-9.38,973.86,2.14,33.18,NaN
27-10-2015 08:00,-9.32,973.75,2.29,201.95,NaN
27-10-2015 09:00,-10.05,973.91,3.21,338.58,NaN
27-10-2015 10:00,-11.25,973.9,7.93,319.13,NaN
27-10-2015 11:00,-11.35,973.87,7.05,272.72,NaN
27-10-2015 12:00,-11.77,973.78,4.51,210.72,NaN
27-10-2015 13:00,-12.01,973.7,4.73,154.23,NaN
27-10-2015 14:00,-13.23,973.74,5.57,92.65,NaN
27-10-2015 15:00,-12.85,973.66,3.83,91.65,NaN
27-10-2015 16:00,-12.78,973.52,6.02,88.78,NaN
27-10-2015 17:00,-12.36,973.43,14.13,89.05,NaN
27-10-2015 18:00,-11.98,973.38,16.28,90.8,NaN
27-10-2015 19:00,-12.25,973.59,16.35,92.73,NaN
27-10-2015 20:00,-12.99,973.69,18.53,92.93,NaN
27-10-2015 21:00,-13.12,973.66,20.05,91.53,NaN
27-10-2015 22:00,-12.96,973.76,18.36,91.57,NaN
27-10-2015 23:00,-12.39,973.76,16.26,90.38,NaN
28-10-2015 00:00,-12.11,994.65,15.14,93.83,NaN
28-10-2015 01:00,-11.34,993.24,14.11,96.07,NaN
28-10-2015 02:00,-10.83,992.06,14.47,87.95,NaN
28-10-2015 03:00,-10.06,990.78,14.99,83.72,NaN
28-10-2015 04:00,-9.16,989.29,15.35,80.28,NaN
28-10-2015 05:00,-8.4,987.87,13.61,84.73,NaN
28-10-2015 06:00,-7.49,986.88,10.23,83.23,NaN
28-10-2015 07:00,-6.78,986,8.57,84.7,NaN
28-10-2015 08:00,-6.25,985.99,3.55,85.32,NaN
28-10-2015 09:00,-5.41,985.65,2.1,86.03,NaN
28-10-2015 10:00,-5.11,985.13,0.93,87.4,NaN
28-10-2015 11:00,-5.56,984.8,2.09,87.03,NaN
28-10-2015 12:00,-6.75,984.65,4.06,85.33,NaN
28-10-2015 13:00,-7.04,984.82,4.32,82.83,NaN
28-10-2015 14:00,-7.16,985.12,3.59,79.97,NaN
28-10-2015 15:00,-7.29,985.39,7.56,81.83,NaN
28-10-2015 16:00,-6.98,985.48,12.9,82.53,NaN
28-10-2015 17:00,-7.29,986.09,15.08,82.72,NaN
28-10-2015 18:00,-7.79,986.03,15.37,83.43,NaN
28-10-2015 19:00,-8.29,986.42,14.24,83.48,NaN
28-10-2015 20:00,-8.51,986.97,13.27,85.12,NaN
28-10-2015 21:00,-8.94,987.43,17.34,83.33,NaN
28-10-2015 22:00,-9.42,988.11,18.5,82.7,NaN
28-10-2015 23:00,-9.5,988.89,20.51,79.98,NaN
29-10-2015 00:00,-9.86,833.01,22.86,67.93,NaN
29-10-2015 01:00,-9.75,836.22,20.09,67.88,NaN
29-10-2015 02:00,-9.1,833.22,18.03,78.88,NaN
29-10-2015 03:00,-8.62,970.97,17.28,90.68,NaN
29-10-2015 04:00,-7.89,998.23,15.63,90.4,NaN
29-10-2015 05:00,-7.14,997.56,13.12,97.78,NaN
29-10-2015 06:00,-6.55,996.93,12.45,108.32,NaN
29-10-2015 07:00,-6.36,996.07,13.54,114.72,NaN
29-10-2015 08:00,-6.22,994.77,8.82,118.33,NaN
29-10-2015 09:00,-6.62,993.81,6.92,122.83,NaN
29-10-2015 10:00,-6.44,992.63,9.02,91.2,NaN
29-10-2015 11:00,-6.77,991.59,9.9,99.87,NaN
29-10-2015 12:00,-7.11,990.48,14.21,109.32,NaN
29-10-2015 13:00,-7.37,989.43,14.73,110.08,NaN
29-10-2015 14:00,-7.84,988.84,15.28,93.18,NaN
29-10-2015 15:00,-8.16,988.22,12.68,79.82,NaN
29-10-2015 16:00,-8.34,988.05,11.66,83.6,NaN
29-10-2015 17:00,-8.46,987.63,10.97,85.55,NaN
29-10-2015 18:00,-8.77,987.59,11.85,86.5,NaN
29-10-2015 19:00,-9.86,987.64,10.02,85.03,NaN
29-10-2015 20:00,-9.69,987.72,13.37,86.33,NaN
29-10-2015 21:00,-9.34,988.01,16.18,87.72,NaN
29-10-2015 22:00,-9.38,988.14,15.08,87.48,NaN
29-10-2015 23:00,-9.01,988.24,13.44,88.53,NaN
30-10-2015 00:00,-8.75,990.65,15.83,115.35,NaN
30-10-2015 01:00,-8.53,989.89,12.93,124.77,NaN
30-10-2015 02:00,-8.2,989.12,8.81,117.68,NaN
30-10-2015 03:00,-7.93,988.34,8.5,92.1,NaN
30-10-2015 04:00,-7.54,987.37,8.31,85.87,NaN
30-10-2015 05:00,-7.46,986.12,7.66,79.77,NaN
30-10-2015 06:00,-7.28,984.89,9.39,158.18,NaN
30-10-2015 07:00,-7.12,983.89,9.14,124.68,NaN
30-10-2015 08:00,-7.13,982.99,8.46,123.22,NaN
30-10-2015 09:00,-7.24,981.86,9.7,97.25,NaN
30-10-2015 10:00,-6.73,980.89,9.18,99.82,NaN
30-10-2015 11:00,-5.56,979.96,20.17,74.37,NaN
30-10-2015 12:00,-6.61,979.33,28.59,85.47,NaN
30-10-2015 13:00,-8.05,979.17,31.6,86.67,NaN
30-10-2015 14:00,-9.18,979.25,30.99,88.45,NaN
30-10-2015 15:00,-10.55,979.21,29.78,92.78,NaN
30-10-2015 16:00,-11.32,979.18,29.5,94.95,NaN
30-10-2015 17:00,-12.03,979.08,30.32,97.92,NaN
30-10-2015 18:00,-13.02,978.83,29.37,98.27,NaN
30-10-2015 19:00,-13.46,978.65,29.54,97.38,NaN
30-10-2015 20:00,-13.59,978.38,29.97,96.28,NaN
30-10-2015 21:00,-13.97,978.16,29.45,95.02,NaN
30-10-2015 22:00,-14.08,977.91,26.65,94.55,NaN
30-10-2015 23:00,-13.54,977.64,28.15,92.83,NaN
31-10-2015 00:00,-13.38,981.25,18.87,85.85,NaN
31-10-2015 01:00,-12.56,981.51,16.82,81.98,NaN
31-10-2015 02:00,-11.54,981.5,14.91,77.68,NaN
31-10-2015 03:00,-10.6,981.61,13.81,78.12,NaN
31-10-2015 04:00,-10.41,981.62,13.5,74.62,NaN
31-10-2015 05:00,-10.92,981.53,15,53.17,NaN
31-10-2015 06:00,-11.04,981.45,13.86,54.88,NaN
31-10-2015 07:00,-10.13,981.61,8.31,43.93,NaN
31-10-2015 08:00,-10.67,981.74,7.06,154.35,NaN
31-10-2015 09:00,-10.4,981.62,8.83,90.73,NaN
31-10-2015 10:00,-9.83,981.43,8.47,92.8,NaN
31-10-2015 11:00,-8.02,981.22,9.18,98.43,NaN
31-10-2015 12:00,-7.55,981.05,10.04,100.07,NaN
31-10-2015 13:00,-8.14,981.05,8.93,92.05,NaN
31-10-2015 14:00,-9.61,981.02,9.28,107.2,NaN
31-10-2015 15:00,-10.72,981.11,8.76,84.57,NaN
31-10-2015 16:00,-11.25,981.23,6.8,117.97,NaN
31-10-2015 17:00,-11.58,981.21,7.01,60.58,NaN
31-10-2015 18:00,-11.87,981.38,9.68,71.82,NaN
31-10-2015 19:00,-12.03,981.65,11.18,78.4,NaN
31-10-2015 20:00,-12.33,981.89,11.16,70.57,NaN
31-10-2015 21:00,-12.69,982.14,12.84,55.48,NaN
31-10-2015 22:00,-12.86,982.42,14.51,60.62,NaN
31-10-2015 23:00,-12.73,982.5,13.64,68.72,NaN
01-11-2015 00:00,-12.52,973.92,29.3,86.38,43.13
01-11-2015 01:00,-11.88,973.54,26,87.63,44.22
01-11-2015 02:00,-10.6,973.14,24.8,86.27,43.35
01-11-2015 03:00,-9.46,972.51,23.96,87.77,43.95
01-11-2015 04:00,-7.8,971.8,20.9,72.77,44.03
01-11-2015 05:00,-6.54,971.17,18.17,69.57,44.83
01-11-2015 06:00,-5.62,970.42,17.12,71.05,45.67
01-11-2015 07:00,-5.2,969.77,15.6,56.22,51.18
01-11-2015 08:00,-4.89,969.32,11.25,51.18,51.62
01-11-2015 09:00,-5.22,968.71,6.29,290.55,53.37
01-11-2015 10:00,-5.03,968.05,7.37,246.02,51.47
01-11-2015 11:00,-5.91,967.29,10.66,208.03,58.22
01-11-2015 12:00,-5.21,966.52,6.32,155.74,53.4
01-11-2015 13:00,-4.74,965.95,2.29,90.17,49.42
01-11-2015 14:00,-5.1,965.18,3.21,166.17,48.58
01-11-2015 15:00,-5.11,964.4,5.43,86.6,50.7
01-11-2015 16:00,-4.04,963.79,10.57,74.97,48.82
01-11-2015 17:00,-3.74,963.4,13.39,59.57,48.52
01-11-2015 18:00,-3.91,962.8,17.5,80.52,48.32
01-11-2015 19:00,-4.13,962.24,21.59,88.13,47.17
01-11-2015 20:00,-4.3,961.7,23.48,87.73,47.15
01-11-2015 21:00,-4.61,961.11,25.28,86.9,47
01-11-2015 22:00,-4.73,960.4,27.77,82.87,50.38
01-11-2015 23:00,-4.71,959.83,27.2,82.92,50.3
02-11-2015 00:00,-4.53,958.99,27.68,83.62,45.88
02-11-2015 01:00,-4.35,957.88,28.46,85.78,46.98
02-11-2015 02:00,-3.54,957.46,25.74,80.07,51.78
02-11-2015 03:00,-3.52,957.72,25.09,63.75,65.5
02-11-2015 04:00,-4.08,958.71,21.52,60.42,79.57
02-11-2015 05:00,-4.62,959.61,21.55,55.5,89.12
02-11-2015 06:00,-4.7,960.61,23.82,49.92,85.73
02-11-2015 07:00,-4.74,961.56,17.86,57.67,88.35
02-11-2015 08:00,-4.39,962.14,16.05,62.78,89.9
02-11-2015 09:00,-3.96,962.86,15.14,56.27,91.53
02-11-2015 10:00,-3.79,963.55,12.93,65.73,92.62
02-11-2015 11:00,-3.51,964.36,13.23,64.82,92.13
02-11-2015 12:00,-3.44,965.13,11.11,70.02,92.37
02-11-2015 13:00,-3.36,965.74,12.45,69.63,88.1
02-11-2015 14:00,-3.45,966.65,12.48,54.13,87.25
02-11-2015 15:00,-3.65,967.52,10.07,69.65,90.22
02-11-2015 16:00,-3.74,968.24,13.26,64.42,74.58
02-11-2015 17:00,-3.84,969.21,14.9,55.33,66.2
02-11-2015 18:00,-4.19,969.95,18.47,69.13,76.7
02-11-2015 19:00,-4.1,970.73,18.53,68.55,76.17
02-11-2015 20:00,-3.9,971.51,17.46,64.13,71.72
02-11-2015 21:00,-3.87,971.95,19.79,64.23,68.7
02-11-2015 22:00,-4.2,972.65,21.94,58.23,65.72
02-11-2015 23:00,-4.15,973.77,20.54,59.38,66.98
03-11-2015 00:00,-3.92,974.7,20.1,60.6,72.6
03-11-2015 01:00,-3.44,975.69,18.19,57.85,76.13
03-11-2015 02:00,-3.03,976.65,13.28,57.73,75.15
03-11-2015 03:00,-2.31,977.37,12.18,59.25,67.37
03-11-2015 04:00,-1.81,977.94,11.52,64.28,64.78
03-11-2015 05:00,-0.31,978.43,11.49,61.93,59.32
03-11-2015 06:00,0.09,978.85,10.31,58.35,54.37
03-11-2015 07:00,-0.01,979.15,11.83,52.67,51.22
03-11-2015 08:00,-0.02,979.43,12.81,54.82,52.27
03-11-2015 09:00,-0.07,979.73,11.49,58.27,55.13
03-11-2015 10:00,-0.2,980.28,5.04,204.75,60.57
03-11-2015 11:00,-0.32,980.74,2.97,252.32,61.37
03-11-2015 12:00,-0.55,981.14,3.61,207.82,62.43
03-11-2015 13:00,-1.44,981.48,4.28,188.42,64.02
03-11-2015 14:00,-1.66,981.75,4.31,187.45,62.32
03-11-2015 15:00,-3.19,982,5.11,128.22,60.45
03-11-2015 16:00,-3.88,982.24,5.96,110.35,60.5
03-11-2015 17:00,-4.54,982.47,6.67,109.8,58.05
03-11-2015 18:00,-4.95,982.62,7.88,104.78,57
03-11-2015 19:00,-6.04,982.67,8.82,98.68,56.37
03-11-2015 20:00,-6.2,982.61,8.67,97.1,57.4
03-11-2015 21:00,-5.79,982.62,9.87,92.63,55.65
03-11-2015 22:00,-6.14,982.34,11.87,92.48,55.5
03-11-2015 23:00,-6.88,982.12,13.43,92,52.3
04-11-2015 00:00,-6.86,981.92,12.7,101.25,49.02
04-11-2015 01:00,-6.6,981.74,12.97,101.68,47.77
04-11-2015 02:00,-6.78,981.25,12.39,97.35,51.58
04-11-2015 03:00,-6.02,980.47,11.3,94.42,51.63
04-11-2015 04:00,-4.67,979.85,8.91,80.17,45.28
04-11-2015 05:00,-4.11,979.15,8.83,59.68,44.75
04-11-2015 06:00,-3.76,978.53,5.84,120.15,48.03
04-11-2015 07:00,-2.59,977.97,2.56,321.8,46.52
04-11-2015 08:00,-2.81,977.13,3.07,313.43,40.82
04-11-2015 09:00,-3.29,976.32,3.03,258.8,47.57
04-11-2015 10:00,-3.44,975.56,2.73,289.53,50.33
04-11-2015 11:00,-3.47,974.93,2.03,323.98,52.82
04-11-2015 12:00,-3.35,974.25,1.49,179.58,52.98
04-11-2015 13:00,-5,973.69,2.64,84.22,51.52
04-11-2015 14:00,-6.25,973.12,5,94.92,51.02
04-11-2015 15:00,-7.67,972.71,9.68,95.98,51.32
04-11-2015 16:00,-8.9,972.4,11.28,97.57,51.05
04-11-2015 17:00,-9.67,972.02,11.74,96.47,51.88
04-11-2015 18:00,-9.67,971.62,12.11,93.87,50.32
04-11-2015 19:00,-9.75,971.23,12.36,94.48,48.73
04-11-2015 20:00,-10.23,970.94,13.07,95.7,49.23
04-11-2015 21:00,-9.93,970.74,12.81,95.1,45.57
04-11-2015 22:00,-10.04,970.76,12.83,94.62,45.38
04-11-2015 23:00,-9.96,970.74,10.53,96.75,48.28
05-11-2015 00:00,-10.44,970.83,10.44,95.08,49.23
05-11-2015 01:00,-10.58,970.87,10.58,83.23,48.8
05-11-2015 02:00,-8.51,970.74,8.51,85.65,51.85
05-11-2015 03:00,-5.98,970.7,5.98,73.7,50.35
05-11-2015 04:00,-4.76,970.76,4.76,48.98,50.7
05-11-2015 05:00,-2.53,970.79,2.53,46.83,47.55
05-11-2015 06:00,-1.85,970.92,1.85,171.03,47.32
05-11-2015 07:00,-2.36,970.99,2.36,185.73,48.42
05-11-2015 08:00,-3.63,971.04,3.63,205.1,48.07
05-11-2015 09:00,-5.37,970.81,5.37,204.98,51.95
05-11-2015 10:00,-6.5,970.57,6.5,205.6,57.7
05-11-2015 11:00,-4.92,970.43,4.92,182.57,57.62
05-11-2015 12:00,-4.95,970.48,4.95,95.12,57.18
05-11-2015 13:00,-4.04,970.35,4.04,86.92,61.07
05-11-2015 14:00,-3.9,970.23,3.9,99.53,57.93
05-11-2015 15:00,-3.9,970.14,3.9,85.5,59.73
05-11-2015 16:00,-7.05,970.1,7.05,76.8,63.43
05-11-2015 17:00,-6.52,970.11,6.52,81.13,57.7
05-11-2015 18:00,-5.74,969.98,5.74,87.5,56.92
05-11-2015 19:00,-8.05,969.81,8.05,91.87,59.1
05-11-2015 20:00,-10.58,969.72,10.58,88.5,59.27
05-11-2015 21:00,-11.31,969.74,11.31,81.85,56.05
05-11-2015 22:00,-12.18,969.83,12.18,81.08,61.88
05-11-2015 23:00,-12.36,969.92,12.36,81.2,58.75
06-11-2015 00:00,-5.67,970.08,11.96,85.7,58.03
06-11-2015 01:00,-5.2,970,10.61,80.98,59.43
06-11-2015 02:00,-4.42,969.91,13.63,59.82,60.08
06-11-2015 03:00,-4.58,969.75,11.98,60.13,64.62
06-11-2015 04:00,-3.66,969.7,9.91,50.28,66.33
06-11-2015 05:00,-3.08,969.52,8.6,47.32,64.82
06-11-2015 06:00,-2.5,969.37,4.98,29.18,67.25
06-11-2015 07:00,-1.45,969.09,2.27,165.47,64.67
06-11-2015 08:00,-2.19,968.66,4.51,229.17,68.42
06-11-2015 09:00,-2.97,968.15,8.2,226.43,69.87
06-11-2015 10:00,-3.27,967.72,11.31,223.47,73.57
06-11-2015 11:00,-3.62,967.37,12.27,223.92,71.02
06-11-2015 12:00,-3.9,966.79,10.67,217.53,69.17
06-11-2015 13:00,-4.77,966.05,8.72,213.83,73.85
06-11-2015 14:00,-5.51,965.51,6.77,178.77,65.97
06-11-2015 15:00,-5.42,965.08,7.04,109,44.42
06-11-2015 16:00,-6.69,964.52,10.21,107.62,41.95
06-11-2015 17:00,-8.5,964.14,12.54,102.87,46.52
06-11-2015 18:00,-9.33,963.8,13.2,102.93,47.1
06-11-2015 19:00,-10.45,963.2,16.48,113.02,49.03
06-11-2015 20:00,-11.17,962.91,13.84,101.25,49.23
06-11-2015 21:00,-11.7,962.48,15.2,95.52,48.47
06-11-2015 22:00,-11.43,962.01,18.13,89.22,46.65
06-11-2015 23:00,-11.2,961.69,18.3,88.6,44.9
07-11-2015 00:00,-10.89,961.63,16.61,89.78,46.02
07-11-2015 01:00,-9.79,961.36,14.29,82.72,42.9
07-11-2015 02:00,-8.73,961.08,13.78,78.45,40.38
07-11-2015 03:00,-7.96,960.62,15.84,61.85,41.93
07-11-2015 04:00,-7.48,960.4,16.32,57.43,43
07-11-2015 05:00,-7.08,960.22,15.65,53.2,44.13
07-11-2015 06:00,-6.76,960.05,14.41,49.87,45.17
07-11-2015 07:00,-6.81,960.13,15.67,38.1,43.88
07-11-2015 08:00,-6.62,960.1,15.62,40.6,46.53
07-11-2015 09:00,-6.57,959.89,14.45,51.28,51.5
07-11-2015 10:00,-6.66,959.91,14.38,48.7,54.38
07-11-2015 11:00,-6.82,959.96,13.71,53.08,56.48
07-11-2015 12:00,-7.22,959.96,13.14,50.17,59.4
07-11-2015 13:00,-8.19,960.16,10.28,43.58,74.17
07-11-2015 14:00,-9.62,960.36,9.48,30.47,81.75
07-11-2015 15:00,-10.08,960.56,7.78,45.43,80.88
07-11-2015 16:00,-10.47,960.94,8.07,37.75,82
07-11-2015 17:00,-10.56,961.26,10.12,41.6,81.27
07-11-2015 18:00,-10.55,961.61,11.12,53.57,82.35
07-11-2015 19:00,-10.96,961.99,11.68,52.15,83.67
07-11-2015 20:00,-11.06,962.48,9.29,56.42,81.1
07-11-2015 21:00,-10.6,962.83,10.77,62.93,69.73
07-11-2015 22:00,-10.01,963.02,14.15,70.85,60.65
07-11-2015 23:00,-10.11,963.33,16.2,68.98,61.37
08-11-2015 00:00,-9.77,963.59,15.82,70.05,60.25
08-11-2015 01:00,-9.41,964,15.66,66.78,57.5
08-11-2015 02:00,-9.09,964.4,14.29,63.07,56.02
08-11-2015 03:00,-8.68,964.77,13.37,66.1,54.78
08-11-2015 04:00,-8.28,965.09,11.25,64.88,55.62
08-11-2015 05:00,-7.75,965.35,10.45,62.23,55.1
08-11-2015 06:00,-7.24,965.59,12.45,55.87,53.82
08-11-2015 07:00,-7.26,966.08,13.97,52.57,57.55
08-11-2015 08:00,-6.95,966.44,13.4,59.75,59.12
08-11-2015 09:00,-6.75,966.8,11.52,51.07,57.58
08-11-2015 10:00,-6.44,967.21,10.1,60.08,54.77
08-11-2015 11:00,-6.42,967.78,9.39,60.08,56.15
08-11-2015 12:00,-6.8,968.34,7.59,54.9,61.2
08-11-2015 13:00,-7.2,968.87,6.93,92.69,64.63
08-11-2015 14:00,-7.29,969.21,6.31,106.73,58.92
08-11-2015 15:00,-7.36,969.57,6.6,113.83,52.88
08-11-2015 16:00,-8,970.15,10.75,95.87,56.63
08-11-2015 17:00,-7.82,971,12.42,89.88,62.52
08-11-2015 18:00,-8.02,972,11.11,89.25,62.78
08-11-2015 19:00,-8.86,972.66,11.68,95.13,62.93
08-11-2015 20:00,-8.19,973.32,12.66,92.1,55.63
08-11-2015 21:00,-7.8,973.78,16.88,88.83,51.5
08-11-2015 22:00,-8.46,974.31,17,93.95,55.38
08-11-2015 23:00,-8.56,975.04,17.34,90.45,55.95
09-11-2015 00:00,-8.75,975.57,21.62,90.17,56.18
09-11-2015 01:00,-8.12,976.16,23.28,87.07,52.9
09-11-2015 02:00,-7.52,976.72,23.06,88.35,52.88
09-11-2015 03:00,-6.21,976.95,21.3,88.3,50.98
09-11-2015 04:00,-4.8,977.22,19.13,80.72,48.77
09-11-2015 05:00,-3.88,977.74,19.36,78.72,46.18
09-11-2015 06:00,-3.27,978.43,19.39,74.02,44.62
09-11-2015 07:00,-3.1,978.86,17.81,63.73,50.37
09-11-2015 08:00,-2.74,979.14,17.92,69.08,48.17
09-11-2015 09:00,-2.23,979.88,16.49,68.63,47.42
09-11-2015 10:00,-2.3,980.85,13.45,66.65,48.07
09-11-2015 11:00,-3.04,981.17,17.79,87.37,49.28
09-11-2015 12:00,-3.85,981.54,19.34,85.92,49.38
09-11-2015 13:00,-4.54,981.91,20.54,85.93,48.28
09-11-2015 14:00,-5.48,982.56,21.24,89.05,49.33
09-11-2015 15:00,-6.23,983.16,23.43,87.37,47.37
09-11-2015 16:00,-7,983.58,24.21,88.62,48.53
09-11-2015 17:00,-7.81,983.86,26.2,87.98,50.88
09-11-2015 18:00,-8.14,984.15,27.09,88.35,51.23
09-11-2015 19:00,-8.66,984.57,28.04,90.87,52.35
09-11-2015 20:00,-9.05,984.87,29.93,89.92,53
09-11-2015 21:00,-9.92,985.58,26.68,93.07,56.87
09-11-2015 22:00,-10.35,986.12,24.03,99.28,59.25
09-11-2015 23:00,-10.88,986.34,25.3,101.77,61.92
10-11-2015 00:00,-10.89,986.9,24.05,104.27,61.63
10-11-2015 01:00,-10.18,986.96,22.93,106.22,59.28
10-11-2015 02:00,-9.35,986.72,22.16,103.32,56.95
10-11-2015 03:00,-8.22,986.21,23.36,89.43,54.6
10-11-2015 04:00,-7.09,985.81,21.84,88.82,51.05
10-11-2015 05:00,-6.07,985.4,22.08,91.77,50.97
10-11-2015 06:00,-5.08,984.93,23.03,86.13,51.13
10-11-2015 07:00,-3.91,984.91,19.44,86.02,49.03
10-11-2015 08:00,-3.12,984.3,20.37,79.75,46.23
10-11-2015 09:00,-2.49,983.92,18.4,72.1,45.42
10-11-2015 10:00,-2.25,983.36,17.15,56.15,46.35
10-11-2015 11:00,-2.31,983.36,15.11,48.87,46.63
10-11-2015 12:00,-2.55,983.12,13.87,47,46.57
10-11-2015 13:00,-2.93,982.89,7.62,70.02,45.88
10-11-2015 14:00,-3.13,982.24,10.89,91.65,42.47
10-11-2015 15:00,-4.17,981.41,16.68,90.82,43.72
10-11-2015 16:00,-5.52,980.65,16.74,97.07,45.33
10-11-2015 17:00,-6.94,979.88,18.71,95.05,49.07
10-11-2015 18:00,-7.39,978.81,19.14,97.43,48.52
10-11-2015 19:00,-7.85,978.22,19.29,104.48,48.35
10-11-2015 20:00,-7.83,977.46,17.48,112.1,46.75
10-11-2015 21:00,-7.81,976.25,20.65,112.88,46
10-11-2015 22:00,-7.62,975.15,18.78,105.4,47.35
10-11-2015 23:00,-7.97,973.57,24.89,115.2,55.23
11-11-2015 00:00,-6.8,972.43,22.39,104.05,55.45
11-11-2015 01:00,-6.38,971.21,23.79,108.42,58.5
11-11-2015 02:00,-5.03,970.51,22.38,90.3,53.12
11-11-2015 03:00,-4.02,969.39,25.62,91.18,49.12
11-11-2015 04:00,-4,968.53,27.46,94.25,53.48
11-11-2015 05:00,-3.3,967.67,30.39,95.17,52.1
11-11-2015 06:00,-3.14,967.38,30.5,91.57,54.82
11-11-2015 07:00,-3.16,967.3,32.65,96.68,55.37
11-11-2015 08:00,-3.43,967.62,32.47,98.42,56.58
11-11-2015 09:00,-2.98,968.42,30.24,94.78,53.37
11-11-2015 10:00,-2.81,968.93,32.44,95.72,52.07
11-11-2015 11:00,-3.18,969.75,33.02,96.55,52.65
11-11-2015 12:00,-3.46,970.89,31.02,95.27,49.38
11-11-2015 13:00,-4,972.2,31.12,93.83,48.43
11-11-2015 14:00,-4.81,973.6,31.39,96.6,48.3
11-11-2015 15:00,-5.66,974.79,31,97.57,47.6
11-11-2015 16:00,-6.78,975.58,30.38,99.22,49.08
11-11-2015 17:00,-7.81,976.25,29.32,101.2,50.47
11-11-2015 18:00,-8.53,977.48,28.15,100,50.07
11-11-2015 19:00,-8.86,978.27,27.22,97.3,48.72
11-11-2015 20:00,-9.21,978.89,25.92,95.8,48.02
11-11-2015 21:00,-8.93,979.45,24.55,92.08,44.52
11-11-2015 22:00,-8.31,979.7,23.32,87.28,40.02
11-11-2015 23:00,-8.37,980.33,19.57,91.1,40.57
12-11-2015 00:00,-7.72,980,21.3,87.87,37.98
12-11-2015 01:00,-6.76,979.86,20.44,72.72,35.07
12-11-2015 02:00,-5.79,979.39,17.2,50.4,33.55
12-11-2015 03:00,-5.31,978.88,20.09,56.3,35.45
12-11-2015 04:00,-5.13,978.97,16.25,62.3,33.98
12-11-2015 05:00,-5.37,978.48,18.71,48.83,41.1
12-11-2015 06:00,-5.04,978.47,15.43,47.95,44.1
12-11-2015 07:00,-5.09,978.57,18.65,60.4,44.58
12-11-2015 08:00,-5.08,978.8,18.36,63.12,42.63
12-11-2015 09:00,-5.26,978.4,22.07,76.43,38.88
12-11-2015 10:00,-5.57,978.08,20.05,79.72,39.65
12-11-2015 11:00,-5.98,977.55,19.91,77.63,39.63
12-11-2015 12:00,-6.22,977.21,20.67,77.67,39.03
12-11-2015 13:00,-6.64,977.14,20.86,86,41.93
12-11-2015 14:00,-6.89,977.24,22.17,85.62,40.13
12-11-2015 15:00,-7.49,977.41,24.4,85.03,40.47
12-11-2015 16:00,-8.07,977.78,24.58,85.53,40.72
12-11-2015 17:00,-8.22,977.94,26.74,88.52,39.57
12-11-2015 18:00,-8.39,978.13,27.24,88.7,39.8
12-11-2015 19:00,-8.68,978.2,26.82,93.67,42.38
12-11-2015 20:00,-7.8,978.78,26.55,85.5,43.6
12-11-2015 21:00,-7.4,979.87,21.08,75.07,45.68
12-11-2015 22:00,-6.78,980.8,19.01,68.72,48.08
12-11-2015 23:00,-6.65,981.5,20.57,80.48,50.47
13-11-2015 00:00,-6.54,982.16,21.02,84.78,51.43
13-11-2015 01:00,-6.36,982.92,19.44,87.38,46.55
13-11-2015 02:00,-5.86,983.12,18.77,90.52,45.27
13-11-2015 03:00,-4.75,983.33,17.16,90.37,43.73
13-11-2015 04:00,-3.48,983.6,17.95,81.1,41.83
13-11-2015 05:00,-2.65,984.08,18.09,80.08,40.55
13-11-2015 06:00,-1.8,984.4,14.48,77.63,42.65
13-11-2015 07:00,-1.32,984.75,14.87,63.07,41.42
13-11-2015 08:00,-0.94,984.55,19.76,81.23,40.58
13-11-2015 09:00,-0.8,984.85,19.05,85.53,40.63
13-11-2015 10:00,-1,985.15,19.68,86.08,39.62
13-11-2015 11:00,-1.59,985.52,20.67,86.68,40.63
13-11-2015 12:00,-2.37,985.61,23.36,86.73,40.23
13-11-2015 13:00,-3.12,985.78,22.24,90.38,40.38
13-11-2015 14:00,-4.03,985.83,23.54,88.23,40.08
13-11-2015 15:00,-4.49,985.94,21.96,86.88,39.6
13-11-2015 16:00,-5.32,986.05,21.41,89.25,41.85
13-11-2015 17:00,-6.17,986.52,22.64,89.2,43.72
13-11-2015 18:00,-6.89,986.63,24.81,88.72,41.75
13-11-2015 19:00,-7.74,986.73,25.2,91.65,42.83
13-11-2015 20:00,-8.84,986.88,21.31,97.1,46.1
13-11-2015 21:00,-9.5,986.6,23.97,98.35,46.7
13-11-2015 22:00,-9.45,986.18,26.14,93.85,45.6
13-11-2015 23:00,-9.33,985.83,28.29,89.53,43.33
14-11-2015 00:00,-9.01,985.7,26.13,87.15,43.4
14-11-2015 01:00,-8.47,985.2,25.4,87.92,43.1
14-11-2015 02:00,-7.55,984.72,23.16,88.02,41.52
14-11-2015 03:00,-6.49,984.23,20.93,82.68,39.38
14-11-2015 04:00,-5.41,983.62,19.09,70.28,38.28
14-11-2015 05:00,-4.54,983.26,16.97,60.78,39.72
14-11-2015 06:00,-4.07,982.89,13.16,51.47,41.4
14-11-2015 07:00,-4.17,982.61,9.18,28.52,41.18
14-11-2015 08:00,-3.48,982.51,7.34,89.25,41.5
14-11-2015 09:00,-3.56,982.44,8.19,39.3,43.42
14-11-2015 10:00,-3.31,982.37,4.39,34.82,44.08
14-11-2015 11:00,-3.08,982.37,3.52,104.93,44.17
14-11-2015 12:00,-2.58,982.26,3.25,169.02,44.35
14-11-2015 13:00,-3.2,982.34,4.84,183.1,47.48
14-11-2015 14:00,-4.45,982.29,11.84,91.55,47.95
14-11-2015 15:00,-4.12,982.18,17.3,79.9,38.03
14-11-2015 16:00,-4.77,982.33,20.72,79.82,35.25
14-11-2015 17:00,-6.18,982.71,20.35,87.37,37.87
14-11-2015 18:00,-6.87,983.06,21.12,85.62,37.23
14-11-2015 19:00,-8.22,983.39,24.7,90.08,39.92
14-11-2015 20:00,-9.21,983.62,27.36,88.27,41.13
14-11-2015 21:00,-9.69,984.19,28.04,88.43,40.97
14-11-2015 22:00,-9.95,984.53,29.02,86.3,40.48
14-11-2015 23:00,-9.76,985.02,28.26,86.27,39.65
15-11-2015 00:00,-9.34,985.56,27.23,86.98,39.3
15-11-2015 01:00,-8.82,986.08,25.78,86.52,40.13
15-11-2015 02:00,-7.84,986.52,22.44,81.53,39.38
15-11-2015 03:00,-6.86,986.87,18.93,75.58,38.43
15-11-2015 04:00,-6.26,986.87,18.84,65.83,39.77
15-11-2015 05:00,-5.59,987.05,17.17,56.5,40.82
15-11-2015 06:00,-5.14,987.38,12.21,53.98,42.38
15-11-2015 07:00,-5.16,988,8.46,25.83,42.4
15-11-2015 08:00,-4.06,988.29,2.83,293.48,36.55
15-11-2015 09:00,-3.62,988.65,2.94,268.68,32.9
15-11-2015 10:00,-4.55,988.84,4.98,226.08,42.72
15-11-2015 11:00,-3.95,989.27,3.86,240.77,41.23
15-11-2015 12:00,-4.53,989.74,5.3,219.5,43.3
15-11-2015 13:00,-5.31,990.03,5.17,208.08,51.92
15-11-2015 14:00,-6.1,990.23,6.48,110.02,53.72
15-11-2015 15:00,-7.36,990.46,9.65,93.87,49.17
15-11-2015 16:00,-7.93,990.86,10.5,85.12,48.17
15-11-2015 17:00,-8.06,991.41,12.36,91.12,52.03
15-11-2015 18:00,-7.52,991.97,13.36,87.43,52.57
15-11-2015 19:00,-7.7,992.46,16.88,89.72,51.03
15-11-2015 20:00,-7.68,992.86,18.14,89.02,49.48
15-11-2015 21:00,-7.48,993.13,16.25,89.2,50.93
15-11-2015 22:00,-6.63,993.4,11.72,85.88,49.13
15-11-2015 23:00,-6.74,993.72,13.43,93,50.15
16-11-2015 00:00,-6.45,994.02,13.15,91.37,52.65
16-11-2015 01:00,-6.44,994.21,18.11,89.37,52.7
16-11-2015 02:00,-6.98,994.49,19.8,90.2,50.25
16-11-2015 03:00,-7.17,994.75,20.11,89.85,46.25
16-11-2015 04:00,-7.04,994.79,19.73,90.28,44.6
16-11-2015 05:00,-6.55,994.92,16.98,88.9,44.72
16-11-2015 06:00,-5.57,995.01,13.86,86.13,43.17
16-11-2015 07:00,-4.71,995.14,9.68,55.35,41.25
16-11-2015 08:00,-4.25,995.26,5.76,111.98,40.48
16-11-2015 09:00,-3.64,995.37,2.71,324.9,36.5
16-11-2015 10:00,-3.03,995.39,2.29,297.88,36.18
16-11-2015 11:00,-2.92,995.49,2.35,260.9,37.62
16-11-2015 12:00,-3.49,995.4,2.82,241.25,41.02
16-11-2015 13:00,-4.33,995.36,2.07,321.17,49.3
16-11-2015 14:00,-5.17,995.33,1.68,207.98,50.07
16-11-2015 15:00,-6.25,995.29,2.56,141.58,48.47
16-11-2015 16:00,-7.69,995.38,5.11,124.9,47.73
16-11-2015 17:00,-8.76,995.57,7.79,127,45.5
16-11-2015 18:00,-9.53,995.49,10.7,123.6,42.55
16-11-2015 19:00,-10.04,995.44,10.48,109.83,40.22
16-11-2015 20:00,-11.01,995.3,11.76,105.3,40.52
16-11-2015 21:00,-11.69,995.08,14.95,95.67,42.13
16-11-2015 22:00,-10.93,994.6,18.1,89.63,39.2
16-11-2015 23:00,-10.95,994.21,20.55,89.07,39.32
17-11-2015 00:00,-10.35,993.73,19.5,89.5,38.47
17-11-2015 01:00,-9.49,993.28,18.67,81.42,35.93
17-11-2015 02:00,-8.83,992.69,18.25,78.23,34.97
17-11-2015 03:00,-8.04,992.07,18.16,64.08,35.37
17-11-2015 04:00,-7.5,991.6,16.09,55.22,38.05
17-11-2015 05:00,-6.92,991.08,11.09,41.45,41.08
17-11-2015 06:00,-6.64,990.44,7.88,32.48,37.27
17-11-2015 07:00,-6.46,990.04,7.08,24.63,40.47
17-11-2015 08:00,-6.43,989.55,6.9,48.92,38.08
17-11-2015 09:00,-5.91,989.02,6.63,55.27,36.3
17-11-2015 10:00,-5.82,988.33,4.11,48.3,36.92
17-11-2015 11:00,-5.02,987.3,2.96,235.6,37.75
17-11-2015 12:00,-5.61,986.46,4.26,224.55,39.35
17-11-2015 13:00,-6.19,985.62,5.81,210.1,48.45
17-11-2015 14:00,-5.88,985.22,2.39,224.33,47.88
17-11-2015 15:00,-6.38,984.93,3.11,174.72,49.25
17-11-2015 16:00,-6.95,983.96,10.78,87.67,43.6
17-11-2015 17:00,-6.46,983.02,19.12,81.73,35.35
17-11-2015 18:00,-7.22,983,17.36,72.57,37.3
17-11-2015 19:00,-8.16,982.67,14.72,87.5,38.83
17-11-2015 20:00,-8.15,982.04,15.35,82.65,35.08
17-11-2015 21:00,-8.85,981.06,20.67,89.48,37.88
17-11-2015 22:00,-8.64,980.28,23.34,88.15,39.62
17-11-2015 23:00,-8.86,979,28,85.02,44.92
18-11-2015 00:00,-7.77,978.2,26.96,88.33,42.7
18-11-2015 01:00,-6.78,977.28,25.39,86.67,41.22
18-11-2015 02:00,-5.34,976.53,23.87,81.4,38.67
18-11-2015 03:00,-4.57,975.92,22.6,76.9,38.83
18-11-2015 04:00,-3.79,974.87,20.52,74.88,42.1
18-11-2015 05:00,-3.27,973.89,21.9,72.05,44.68
18-11-2015 06:00,-2.46,972.89,21.39,67.9,45.83
18-11-2015 07:00,-1.67,971.92,20.04,65.33,44.52
18-11-2015 08:00,-1.43,971.09,19.62,64.55,45.02
18-11-2015 09:00,-1.65,970.07,20.23,62.73,47.17
18-11-2015 10:00,-1.62,969.25,18.1,55.37,47.95
18-11-2015 11:00,-1.93,968.54,21.86,69.42,48.72
18-11-2015 12:00,-2.48,968.16,24.79,68.95,54.9
18-11-2015 13:00,-2.96,967.69,24.94,78.35,60.27
18-11-2015 14:00,-3.09,967.62,23.98,79.4,62.15
18-11-2015 15:00,-3.9,967.35,28.29,86.32,70.12
18-11-2015 16:00,-3.76,967.25,28.05,89.12,64.43
18-11-2015 17:00,-3.7,967.48,24.35,87.72,57
18-11-2015 18:00,-3.8,967.71,24.43,85.02,54.45
18-11-2015 19:00,-3.9,968.02,21.38,85.3,52.25
18-11-2015 20:00,-4.08,968.35,18.55,83.12,50.92
18-11-2015 21:00,-4.01,968.7,12.37,75.63,49.87
18-11-2015 22:00,-4.39,968.68,17.91,87.63,49.67
18-11-2015 23:00,-4.43,968.94,15.32,81.1,47.9
19-11-2015 00:00,-4.83,968.58,23.09,85.33,48.27
19-11-2015 01:00,-4.58,968.34,22.86,86.22,47.1
19-11-2015 02:00,-4.17,968.2,22.42,86.9,46.3
19-11-2015 03:00,-3.96,967.94,23.74,84.57,46.53
19-11-2015 04:00,-3.42,967.83,23.24,77.68,44.88
19-11-2015 05:00,-2.85,967.76,22.06,75.73,44.22
19-11-2015 06:00,-2.3,967.6,21.96,74.77,43.15
19-11-2015 07:00,-2.27,967.45,20.8,75.52,44.05
19-11-2015 08:00,-2.02,967.59,21.59,68.92,44.07
19-11-2015 09:00,-2.35,968.06,15.35,56.65,50.65
19-11-2015 10:00,-2.06,968.39,8.91,70.52,50.92
19-11-2015 11:00,-1.7,968.64,7.81,84.3,49.63
19-11-2015 12:00,-1.45,968.95,7.95,90.15,49.77
19-11-2015 13:00,-1.64,969.3,8.19,81.95,49.52
19-11-2015 14:00,-2.4,969.62,8.78,75.85,53.32
19-11-2015 15:00,-2.84,969.71,13.19,65.12,51.5
19-11-2015 16:00,NaN,NaN,NaN,NaN,NaN
19-11-2015 17:00,NaN,NaN,NaN,NaN,NaN
19-11-2015 18:00,-4.28,971.68,19.86,72.45,41.78
19-11-2015 19:00,-4.99,972.33,19.74,79.83,42.28
19-11-2015 20:00,-5.23,972.95,19.56,80.13,43.42
19-11-2015 21:00,-5.42,973.65,19.81,79.52,42.7
19-11-2015 22:00,-5.63,974.35,18.77,78.37,42.93
19-11-2015 23:00,-5.8,975.03,18.34,86.07,43.37
20-11-2015 00:00,-5.88,975.55,17.62,88.1,43.5
20-11-2015 01:00,-5.9,975.71,19.52,88.22,42.35
20-11-2015 02:00,-5.44,975.71,18.39,88.32,42.33
20-11-2015 03:00,-4.67,976.05,14.51,81.88,40.57
20-11-2015 04:00,-3.71,976.46,11.55,69.08,39.95
20-11-2015 05:00,-3,976.96,9.42,44.95,39.22
20-11-2015 06:00,-2.6,977.22,5.77,34.42,39.6
20-11-2015 07:00,-1.79,977.43,3.38,280.45,39.08
20-11-2015 08:00,-1.61,977.44,3.2,268.08,38.03
20-11-2015 09:00,-1.64,977.47,3.74,233.37,39.93
20-11-2015 10:00,-2.12,977.5,4.66,223.95,43.78
20-11-2015 11:00,-1.92,977.58,4.01,221.07,43.77
20-11-2015 12:00,-1.94,977.51,3.71,220.72,43.9
20-11-2015 13:00,-2.82,977.44,3.13,229.73,46.9
20-11-2015 14:00,-2.7,977.45,2.4,232.47,49.43
20-11-2015 15:00,-4.07,977.17,4.18,112.93,49.45
20-11-2015 16:00,-5.23,977.03,5.03,105.52,49.3
20-11-2015 17:00,-6.21,977.03,5.84,97.95,48.05
20-11-2015 18:00,-7.04,977.05,7.84,99.05,46.37
20-11-2015 19:00,-8.11,976.88,10.48,98.47,47.32
20-11-2015 20:00,-8.98,976.77,9.74,104.87,49.83
20-11-2015 21:00,-9.04,976.67,10.81,98.83,48.17
20-11-2015 22:00,-8.23,976.23,14.39,91.67,44.22
20-11-2015 23:00,-7.63,976.22,12.45,90.35,42.97
21-11-2015 00:00,-6.65,976.32,12.56,77.77,40.62
21-11-2015 01:00,-5.95,976.17,12.74,75.92,40.98
21-11-2015 02:00,-5.63,975.93,13.57,72.07,40.32
21-11-2015 03:00,-5.27,975.88,13.38,59.77,41.5
21-11-2015 04:00,-4.89,975.89,11.41,48.92,42.33
21-11-2015 05:00,-4.76,976.05,8.61,37.85,44.15
21-11-2015 06:00,-4.3,976.24,7.49,36.32,44.92
21-11-2015 07:00,-3.75,976.07,7.37,45.67,44.07
21-11-2015 08:00,-3.66,975.7,6.97,42.77,43.77
21-11-2015 09:00,-3.46,975.16,6.48,36.28,42.92
21-11-2015 10:00,-3.47,974.47,6.47,40.83,42.12
21-11-2015 11:00,-3.42,973.91,5.8,55.27,41.6
21-11-2015 12:00,-3.58,973.5,4.07,103.72,48.8
21-11-2015 13:00,-3.31,972.84,1.38,249.4,49.05
21-11-2015 14:00,-3.98,972.08,2.73,194.57,48.22
21-11-2015 15:00,-4.54,971.48,3.26,213.73,48.75
21-11-2015 16:00,-5.36,971.07,5.62,203.18,53.27
21-11-2015 17:00,-5.69,970.82,4.02,186.67,50.9
21-11-2015 18:00,-6.35,970.69,5.2,106.07,51.12
21-11-2015 19:00,-6.57,970.63,8.54,97.28,49.43
21-11-2015 20:00,-6.78,970.59,12.57,93.42,47.05
21-11-2015 21:00,-6.57,970.58,12.87,85.63,43.08
21-11-2015 22:00,-6.5,970.77,15.18,83.97,40.62
21-11-2015 23:00,-6.48,971.2,15.62,80.57,40.38
22-11-2015 00:00,-6.29,971.84,15.02,74.25,41.03
22-11-2015 01:00,-6.03,972.31,15.98,65.58,45.4
22-11-2015 02:00,-5.28,972.74,16.34,60.28,51.2
22-11-2015 03:00,-4.97,973.2,14.65,61.5,46.33
22-11-2015 04:00,-4.49,973.65,13.7,58.45,46.72
22-11-2015 05:00,-4.39,974.12,11.93,40.37,46.65
22-11-2015 06:00,-4.5,974.6,8.82,31.68,46.53
22-11-2015 07:00,-4.13,974.68,6.17,26.65,45.63
22-11-2015 08:00,-3.66,974.79,4.89,273.3,47.9
22-11-2015 09:00,-3.53,974.8,4.46,341.8,46.82
22-11-2015 10:00,-3.42,974.88,3.46,341.37,44.42
22-11-2015 11:00,-3.38,975.06,2.84,338.15,43.65
22-11-2015 12:00,-3.51,975.14,2.29,290.85,40.52
22-11-2015 13:00,-3.69,975.28,1.88,189.08,39.48
22-11-2015 14:00,-4.04,975.3,1.58,269.38,39.65
22-11-2015 15:00,-4.43,975.48,1.39,311.17,43.52
22-11-2015 16:00,-5.46,975.89,1.37,303.53,51.35
22-11-2015 17:00,-6.42,976.41,0.66,209.62,56.28
22-11-2015 18:00,-7.8,977.07,0.22,135.63,59.87
22-11-2015 19:00,-8.74,977.58,0.31,180.33,61.03
22-11-2015 20:00,-9.24,978.24,1,126.47,60.42
22-11-2015 21:00,-8.62,979.03,6.13,100.37,48.88
22-11-2015 22:00,-8.98,979.76,9.09,98.83,46.72
22-11-2015 23:00,-8.17,980.51,9.74,90.58,43.2
23-11-2015 00:00,-7.48,981.13,12.58,89.58,39.78
23-11-2015 01:00,-6.53,981.78,11.12,86.45,38.5
23-11-2015 02:00,-5.78,982.24,10.37,78.12,37.28
23-11-2015 03:00,-5.1,982.7,11.19,62.42,35.52
23-11-2015 04:00,-4.91,983.15,11.19,40.8,39.52
23-11-2015 05:00,-4.61,983.66,9.48,31.15,39.9
23-11-2015 06:00,-3.96,984.1,5.01,227.68,41.87
23-11-2015 07:00,-3.35,984.77,3.4,310.72,48.67
23-11-2015 08:00,-3.18,985.27,3.39,259.07,46.17
23-11-2015 09:00,-3.33,985.79,3.26,223.22,45.22
23-11-2015 10:00,-2.55,985.97,3.41,201.92,44.93
23-11-2015 11:00,-1.97,986.04,2.7,251.83,44.75
23-11-2015 12:00,-2.88,985.95,2.82,290.33,44.5
23-11-2015 13:00,-2.84,985.89,1.75,240.35,43.82
23-11-2015 14:00,-3.7,986,1.73,112.95,48.87
23-11-2015 15:00,-4.44,985.74,3.47,79.82,49.95
23-11-2015 16:00,-4.37,985.74,14.48,48.8,45.38
23-11-2015 17:00,-4.08,985.73,20.26,60.92,41.97
23-11-2015 18:00,-3.84,985.71,19.7,75.68,37.35
23-11-2015 19:00,-4.18,985.34,20.5,75,37.68
23-11-2015 20:00,-4.5,985.06,19.67,75.92,38.27
23-11-2015 21:00,-4.43,985.25,18.55,71.9,38.42
23-11-2015 22:00,-4.37,985.69,18.89,61.45,41.77
23-11-2015 23:00,-4.2,985.56,18.41,56.13,44.43
24-11-2015 00:00,-3.56,985.42,15.59,55.7,45.38
24-11-2015 01:00,-3.14,985.15,11.19,52.92,48.82
24-11-2015 02:00,-2.9,985.26,9.28,45.72,49.1
24-11-2015 03:00,-2.71,985.72,4.9,37.72,49.2
24-11-2015 04:00,-2.63,985.96,12,58.28,67.05
24-11-2015 05:00,-3.3,985.58,15.78,53.6,93.05
24-11-2015 06:00,-3.04,985.2,11.24,58.77,94
24-11-2015 07:00,-2.47,984.34,16.97,54.47,94.52
24-11-2015 08:00,-1.71,983.43,28.07,50.75,95.75
24-11-2015 09:00,-1.8,983.65,25.34,50.3,96
24-11-2015 10:00,-1.68,983.45,26.74,51.87,96
24-11-2015 11:00,-1.62,983.2,29.03,50.38,96
24-11-2015 12:00,-1.79,983.24,28.67,49.5,96
24-11-2015 13:00,-1.9,983.32,27.34,50.1,96
24-11-2015 14:00,-1.85,983.16,22.8,52.28,96.53
24-11-2015 15:00,-1.84,983.06,21.7,43.68,96.57
24-11-2015 16:00,-1.71,982.63,23.69,49.38,97
24-11-2015 17:00,-1.74,981.94,25.77,46.05,97
24-11-2015 18:00,-1.68,981.69,25.13,46.05,97
24-11-2015 19:00,-1.5,981.2,26.21,43.57,97
24-11-2015 20:00,-1.44,980.46,30.36,42.38,97
24-11-2015 21:00,-1.39,979.36,31.71,45.17,97
24-11-2015 22:00,-1.31,978.5,34.74,47.03,97
24-11-2015 23:00,-1.19,978.1,38.94,46.25,97
25-11-2015 00:00,-1.21,978.02,36.24,41.22,97
25-11-2015 01:00,-1.31,978.22,30.41,42,97
25-11-2015 02:00,-1.27,978.05,32.08,41.75,97
25-11-2015 03:00,-1.2,978.14,35.75,42.3,97
25-11-2015 04:00,-1.15,978.75,34.97,42.48,97.6
25-11-2015 05:00,-1.09,979.57,33.37,42.12,98
25-11-2015 06:00,-0.92,980.06,33.37,42.38,98
25-11-2015 07:00,-0.99,980.69,30.35,42.53,98
25-11-2015 08:00,-1,981.12,26.72,44.05,98
25-11-2015 09:00,-1.08,981.39,27.72,40.15,98
25-11-2015 10:00,-1.19,981.76,27.55,39.53,98
25-11-2015 11:00,-1.38,982.26,27.07,40.48,98
25-11-2015 12:00,-1.74,982.98,22.69,40.67,91.2
25-11-2015 13:00,-1.78,983.31,20.95,43.93,97
25-11-2015 14:00,-1.96,983.18,21.55,49.2,97
25-11-2015 15:00,-2.1,983.28,18.77,47.38,97
25-11-2015 16:00,-2.08,983.43,15.12,44.98,97
25-11-2015 17:00,-2.1,983.46,16.48,39.1,97
25-11-2015 18:00,-2.13,983.63,15.54,48.47,97
25-11-2015 19:00,-2.17,983.66,14.52,49.08,97
25-11-2015 20:00,-2.09,983.52,8.87,55.73,97
25-11-2015 21:00,-1.9,983.62,6.14,48.32,97
25-11-2015 22:00,-1.62,983.59,5,77.05,97.72
25-11-2015 23:00,-1.09,983.19,7.63,68.87,98
26-11-2015 00:00,-0.89,983.23,5.79,89.1,98.85
26-11-2015 01:00,-0.62,982.63,3.86,100.72,98.85
26-11-2015 02:00,-0.3,981.94,1.89,167.18,98.85
26-11-2015 03:00,-0.31,981,5.26,213.6,98.85
26-11-2015 04:00,-0.3,979.85,8.73,223.02,98.83
26-11-2015 05:00,-0.33,978.78,7.02,221.82,98.73
26-11-2015 06:00,0.02,977.76,5.6,210.43,98.83
26-11-2015 07:00,0.3,977.07,3.6,208.55,98.85
26-11-2015 08:00,0.47,976.09,3.87,210.83,99
26-11-2015 09:00,0.53,974.85,4.08,210.03,99
26-11-2015 10:00,0.74,973.64,5.37,98.62,99
26-11-2015 11:00,0.76,972.97,2.63,58.78,99
26-11-2015 12:00,0.77,972.05,1.62,206.4,99
26-11-2015 13:00,0.71,971.38,1.91,274.42,99
26-11-2015 14:00,0.72,970.71,0.7,170.35,99
26-11-2015 15:00,0.55,970.22,6.43,66.37,99
26-11-2015 16:00,0.35,969.32,10.49,56.83,99
26-11-2015 17:00,0.03,968.77,11.2,50.22,99
26-11-2015 18:00,-0.25,968.09,12.99,48.27,99
26-11-2015 19:00,-0.4,967.82,12.07,49.83,99
26-11-2015 20:00,-0.4,967.41,11.73,52.93,99
26-11-2015 21:00,-0.52,967.02,12,48.68,98.73
26-11-2015 22:00,-0.63,966.59,10.19,51.98,98
26-11-2015 23:00,-0.84,965.95,11.99,55.5,98
27-11-2015 00:00,-0.92,965.14,27.61,54.15,98
27-11-2015 01:00,-0.91,964.63,27.37,52.92,98
27-11-2015 02:00,-1.01,964.23,27.64,53.75,98
27-11-2015 03:00,-1.05,963.97,25.37,49.33,98
27-11-2015 04:00,-1.06,963.78,25.29,48.93,98
27-11-2015 05:00,-0.95,963.7,27.39,51.37,98
27-11-2015 06:00,-1.12,963.74,28.1,49.58,98
27-11-2015 07:00,-1.14,963.75,28.28,51.37,97.53
27-11-2015 08:00,-1.38,964.12,28.83,50.15,96.6
27-11-2015 09:00,-1.68,964.34,27.68,45.57,97
27-11-2015 10:00,-1.5,964.51,25.74,48.03,97.82
27-11-2015 11:00,-1.48,964.82,24.86,50.32,98
27-11-2015 12:00,-1.7,965.11,24.3,52.05,97.13
27-11-2015 13:00,-1.99,965.25,28.69,53.67,97
27-11-2015 14:00,-2.06,965.71,27.68,53.92,97
27-11-2015 15:00,-2.18,966.23,27.26,55.6,97
27-11-2015 16:00,-2.37,966.66,26.66,56.65,97
27-11-2015 17:00,-2.58,967.17,25.3,56.67,97
27-11-2015 18:00,-2.49,967.75,23.23,55.1,97
27-11-2015 19:00,-2.84,968.32,22.21,54.58,96.07
27-11-2015 20:00,-3.01,968.69,20.52,55.68,96
27-11-2015 21:00,-3.1,969.06,18.61,55.65,96
27-11-2015 22:00,-3.11,969.29,16.65,56.83,96
27-11-2015 23:00,-3.1,969.44,14.46,59.05,96
28-11-2015 00:00,-3.04,969.56,12.37,63.13,96
28-11-2015 01:00,-2.92,969.43,11.66,59.72,96
28-11-2015 02:00,-2.62,969.48,10.68,57.1,96.08
28-11-2015 03:00,-2.6,969.4,10.55,51.68,96.05
28-11-2015 04:00,-2.04,969.49,9.79,55.1,97
28-11-2015 05:00,-2.14,969.65,9.7,42.72,97
28-11-2015 06:00,-2.03,969.91,8.44,37.1,97
28-11-2015 07:00,-1.86,970.46,7.17,31.77,97
28-11-2015 08:00,-1.59,970.83,5.38,38.43,97.07
28-11-2015 09:00,-1.35,971.17,4.82,52.12,97.82
28-11-2015 10:00,-1.27,971.51,3.55,56.62,98
28-11-2015 11:00,-1.23,972.06,3.21,80.9,97.72
28-11-2015 12:00,-1.31,972.49,4.39,34.22,97.05
28-11-2015 13:00,-1.56,972.86,3.79,37.78,97
28-11-2015 14:00,-1.73,973.37,3.09,35.97,97
28-11-2015 15:00,-1.8,973.79,2.31,36.58,97
28-11-2015 16:00,-1.96,974.27,3.41,33.92,96.4
28-11-2015 17:00,-2.27,974.77,3.49,40.03,96
28-11-2015 18:00,-2.46,975.33,3.25,38.42,96
28-11-2015 19:00,-2.53,975.94,2.63,46.68,96
28-11-2015 20:00,-2.56,976.36,2.14,61.73,96
28-11-2015 21:00,-2.51,976.76,1.7,30.1,96
28-11-2015 22:00,-2.25,977.2,1.3,43.52,96
28-11-2015 23:00,-2.24,977.58,1.79,257.97,95.42
29-11-2015 00:00,NaN,NaN,NaN,NaN,NaN
29-11-2015 01:00,NaN,NaN,NaN,NaN,NaN
29-11-2015 02:00,NaN,NaN,NaN,NaN,NaN
29-11-2015 03:00,NaN,NaN,NaN,NaN,NaN
29-11-2015 04:00,NaN,NaN,NaN,NaN,NaN
29-11-2015 05:00,NaN,NaN,NaN,NaN,NaN
29-11-2015 06:00,NaN,NaN,NaN,NaN,NaN
29-11-2015 07:00,NaN,NaN,NaN,NaN,NaN
29-11-2015 08:00,NaN,NaN,NaN,NaN,NaN
29-11-2015 09:00,NaN,NaN,NaN,NaN,NaN
29-11-2015 10:00,NaN,NaN,NaN,NaN,NaN
29-11-2015 11:00,NaN,NaN,NaN,NaN,NaN
29-11-2015 12:00,NaN,NaN,NaN,NaN,NaN
29-11-2015 13:00,NaN,NaN,NaN,NaN,NaN
29-11-2015 14:00,NaN,NaN,NaN,NaN,NaN
29-11-2015 15:00,NaN,NaN,NaN,NaN,NaN
29-11-2015 16:00,NaN,NaN,NaN,NaN,NaN
29-11-2015 17:00,NaN,NaN,NaN,NaN,NaN
29-11-2015 18:00,NaN,NaN,NaN,NaN,NaN
29-11-2015 19:00,NaN,NaN,NaN,NaN,NaN
29-11-2015 20:00,NaN,NaN,NaN,NaN,NaN
29-11-2015 21:00,NaN,NaN,NaN,NaN,NaN
29-11-2015 22:00,NaN,NaN,NaN,NaN,NaN
29-11-2015 23:00,NaN,NaN,NaN,NaN,NaN
30-11-2015 00:00,NaN,NaN,NaN,NaN,NaN
30-11-2015 01:00,NaN,NaN,NaN,NaN,NaN
30-11-2015 02:00,NaN,NaN,NaN,NaN,NaN
30-11-2015 03:00,NaN,NaN,NaN,NaN,NaN
30-11-2015 04:00,NaN,NaN,NaN,NaN,NaN
30-11-2015 05:00,NaN,NaN,NaN,NaN,NaN
30-11-2015 06:00,NaN,NaN,NaN,NaN,NaN
30-11-2015 07:00,NaN,NaN,NaN,NaN,NaN
30-11-2015 08:00,NaN,NaN,NaN,NaN,NaN
30-11-2015 09:00,NaN,NaN,NaN,NaN,NaN
30-11-2015 10:00,NaN,NaN,NaN,NaN,NaN
30-11-2015 11:00,NaN,NaN,NaN,NaN,NaN
30-11-2015 12:00,NaN,NaN,NaN,NaN,NaN
30-11-2015 13:00,NaN,NaN,NaN,NaN,NaN
30-11-2015 14:00,NaN,NaN,NaN,NaN,NaN
30-11-2015 15:00,NaN,NaN,NaN,NaN,NaN
30-11-2015 16:00,NaN,NaN,NaN,NaN,NaN
30-11-2015 17:00,NaN,NaN,NaN,NaN,NaN
30-11-2015 18:00,NaN,NaN,NaN,NaN,NaN
30-11-2015 19:00,NaN,NaN,NaN,NaN,NaN
30-11-2015 20:00,NaN,NaN,NaN,NaN,NaN
30-11-2015 21:00,NaN,NaN,NaN,NaN,NaN
30-11-2015 22:00,NaN,NaN,NaN,NaN,NaN
30-11-2015 23:00,NaN,NaN,NaN,NaN,NaN
01-12-2015 00:00,NaN,NaN,NaN,NaN,NaN
01-12-2015 01:00,NaN,NaN,NaN,NaN,NaN
01-12-2015 02:00,NaN,NaN,NaN,NaN,NaN
01-12-2015 03:00,NaN,NaN,NaN,NaN,NaN
01-12-2015 04:00,NaN,NaN,NaN,NaN,NaN
01-12-2015 05:00,NaN,NaN,NaN,NaN,NaN
01-12-2015 06:00,NaN,NaN,NaN,NaN,NaN
01-12-2015 07:00,NaN,NaN,NaN,NaN,NaN
01-12-2015 08:00,NaN,NaN,NaN,NaN,NaN
01-12-2015 09:00,NaN,NaN,NaN,NaN,NaN
01-12-2015 10:00,NaN,NaN,NaN,NaN,NaN
01-12-2015 11:00,NaN,NaN,NaN,NaN,NaN
01-12-2015 12:00,NaN,NaN,NaN,NaN,NaN
01-12-2015 13:00,NaN,NaN,NaN,NaN,NaN
01-12-2015 14:00,NaN,NaN,NaN,NaN,NaN
01-12-2015 15:00,NaN,NaN,NaN,NaN,NaN
01-12-2015 16:00,NaN,NaN,NaN,NaN,NaN
01-12-2015 17:00,NaN,NaN,NaN,NaN,NaN
01-12-2015 18:00,NaN,NaN,NaN,NaN,NaN
01-12-2015 19:00,NaN,NaN,NaN,NaN,NaN
01-12-2015 20:00,NaN,NaN,NaN,NaN,NaN
01-12-2015 21:00,NaN,NaN,NaN,NaN,NaN
01-12-2015 22:00,NaN,NaN,NaN,NaN,NaN
01-12-2015 23:00,NaN,NaN,NaN,NaN,NaN
02-12-2015 00:00,NaN,NaN,NaN,NaN,NaN
02-12-2015 01:00,NaN,NaN,NaN,NaN,NaN
02-12-2015 02:00,NaN,NaN,NaN,NaN,NaN
02-12-2015 03:00,NaN,NaN,NaN,NaN,NaN
02-12-2015 04:00,NaN,NaN,NaN,NaN,NaN
02-12-2015 05:00,NaN,NaN,NaN,NaN,NaN
02-12-2015 06:00,NaN,NaN,NaN,NaN,NaN
02-12-2015 07:00,NaN,NaN,NaN,NaN,NaN
02-12-2015 08:00,NaN,NaN,NaN,NaN,NaN
02-12-2015 09:00,NaN,NaN,NaN,NaN,NaN
02-12-2015 10:00,NaN,NaN,NaN,NaN,NaN
02-12-2015 11:00,NaN,NaN,NaN,NaN,NaN
02-12-2015 12:00,NaN,NaN,NaN,NaN,NaN
02-12-2015 13:00,NaN,NaN,NaN,NaN,NaN
02-12-2015 14:00,NaN,NaN,NaN,NaN,NaN
02-12-2015 15:00,NaN,NaN,NaN,NaN,NaN
02-12-2015 16:00,NaN,NaN,NaN,NaN,NaN
02-12-2015 17:00,NaN,NaN,NaN,NaN,NaN
02-12-2015 18:00,NaN,NaN,NaN,NaN,NaN
02-12-2015 19:00,NaN,NaN,NaN,NaN,NaN
02-12-2015 20:00,NaN,NaN,NaN,NaN,NaN
02-12-2015 21:00,NaN,NaN,NaN,NaN,NaN
02-12-2015 22:00,NaN,NaN,NaN,NaN,NaN
02-12-2015 23:00,NaN,NaN,NaN,NaN,NaN
03-12-2015 00:00,NaN,NaN,NaN,NaN,NaN
03-12-2015 01:00,NaN,NaN,NaN,NaN,NaN
03-12-2015 02:00,NaN,NaN,NaN,NaN,NaN
03-12-2015 03:00,NaN,NaN,NaN,NaN,NaN
03-12-2015 04:00,NaN,NaN,NaN,NaN,NaN
03-12-2015 05:00,NaN,NaN,NaN,NaN,NaN
03-12-2015 06:00,NaN,NaN,NaN,NaN,NaN
03-12-2015 07:00,NaN,NaN,NaN,NaN,NaN
03-12-2015 08:00,NaN,NaN,NaN,NaN,NaN
03-12-2015 09:00,NaN,NaN,NaN,NaN,NaN
03-12-2015 10:00,NaN,NaN,NaN,NaN,NaN
03-12-2015 11:00,NaN,NaN,NaN,NaN,NaN
03-12-2015 12:00,NaN,NaN,NaN,NaN,NaN
03-12-2015 13:00,NaN,NaN,NaN,NaN,NaN
03-12-2015 14:00,NaN,NaN,NaN,NaN,NaN
03-12-2015 15:00,NaN,NaN,NaN,NaN,NaN
03-12-2015 16:00,NaN,NaN,NaN,NaN,NaN
03-12-2015 17:00,NaN,NaN,NaN,NaN,NaN
03-12-2015 18:00,NaN,NaN,NaN,NaN,NaN
03-12-2015 19:00,NaN,NaN,NaN,NaN,NaN
03-12-2015 20:00,NaN,NaN,NaN,NaN,NaN
03-12-2015 21:00,NaN,NaN,NaN,NaN,NaN
03-12-2015 22:00,NaN,NaN,NaN,NaN,NaN
03-12-2015 23:00,NaN,NaN,NaN,NaN,NaN
04-12-2015 00:00,NaN,NaN,NaN,NaN,NaN
04-12-2015 01:00,NaN,NaN,NaN,NaN,NaN
04-12-2015 02:00,NaN,NaN,NaN,NaN,NaN
04-12-2015 03:00,NaN,NaN,NaN,NaN,NaN
04-12-2015 04:00,NaN,NaN,NaN,NaN,NaN
04-12-2015 05:00,NaN,NaN,NaN,NaN,NaN
04-12-2015 06:00,NaN,NaN,NaN,NaN,NaN
04-12-2015 07:00,NaN,NaN,NaN,NaN,NaN
04-12-2015 08:00,NaN,NaN,NaN,NaN,NaN
04-12-2015 09:00,NaN,NaN,NaN,NaN,NaN
04-12-2015 10:00,NaN,NaN,NaN,NaN,NaN
04-12-2015 11:00,NaN,NaN,NaN,NaN,NaN
04-12-2015 12:00,NaN,NaN,NaN,NaN,NaN
04-12-2015 13:00,NaN,NaN,NaN,NaN,NaN
04-12-2015 14:00,NaN,NaN,NaN,NaN,NaN
04-12-2015 15:00,NaN,NaN,NaN,NaN,NaN
04-12-2015 16:00,NaN,NaN,NaN,NaN,NaN
04-12-2015 17:00,NaN,NaN,NaN,NaN,NaN
04-12-2015 18:00,NaN,NaN,NaN,NaN,NaN
04-12-2015 19:00,NaN,NaN,NaN,NaN,NaN
04-12-2015 20:00,NaN,NaN,NaN,NaN,NaN
04-12-2015 21:00,NaN,NaN,NaN,NaN,NaN
04-12-2015 22:00,NaN,NaN,NaN,NaN,NaN
04-12-2015 23:00,NaN,NaN,NaN,NaN,NaN
05-12-2015 00:00,NaN,NaN,NaN,NaN,NaN
05-12-2015 01:00,NaN,NaN,NaN,NaN,NaN
05-12-2015 02:00,NaN,NaN,NaN,NaN,NaN
05-12-2015 03:00,NaN,NaN,NaN,NaN,NaN
05-12-2015 04:00,NaN,NaN,NaN,NaN,NaN
05-12-2015 05:00,NaN,NaN,NaN,NaN,NaN
05-12-2015 06:00,NaN,NaN,NaN,NaN,NaN
05-12-2015 07:00,NaN,NaN,NaN,NaN,NaN
05-12-2015 08:00,NaN,NaN,NaN,NaN,NaN
05-12-2015 09:00,NaN,NaN,NaN,NaN,NaN
05-12-2015 10:00,NaN,NaN,NaN,NaN,NaN
05-12-2015 11:00,NaN,NaN,NaN,NaN,NaN
05-12-2015 12:00,NaN,NaN,NaN,NaN,NaN
05-12-2015 13:00,NaN,NaN,NaN,NaN,NaN
05-12-2015 14:00,NaN,NaN,NaN,NaN,NaN
05-12-2015 15:00,NaN,NaN,NaN,NaN,NaN
05-12-2015 16:00,NaN,NaN,NaN,NaN,NaN
05-12-2015 17:00,NaN,NaN,NaN,NaN,NaN
05-12-2015 18:00,NaN,NaN,NaN,NaN,NaN
05-12-2015 19:00,NaN,NaN,NaN,NaN,NaN
05-12-2015 20:00,NaN,NaN,NaN,NaN,NaN
05-12-2015 21:00,NaN,NaN,NaN,NaN,NaN
05-12-2015 22:00,NaN,NaN,NaN,NaN,NaN
05-12-2015 23:00,NaN,NaN,NaN,NaN,NaN
06-12-2015 00:00,NaN,NaN,NaN,NaN,NaN
06-12-2015 01:00,NaN,NaN,NaN,NaN,NaN
06-12-2015 02:00,NaN,NaN,NaN,NaN,NaN
06-12-2015 03:00,NaN,NaN,NaN,NaN,NaN
06-12-2015 04:00,NaN,NaN,NaN,NaN,NaN
06-12-2015 05:00,NaN,NaN,NaN,NaN,NaN
06-12-2015 06:00,NaN,NaN,NaN,NaN,NaN
06-12-2015 07:00,NaN,NaN,NaN,NaN,NaN
06-12-2015 08:00,NaN,NaN,NaN,NaN,NaN
06-12-2015 09:00,NaN,NaN,NaN,NaN,NaN
06-12-2015 10:00,NaN,NaN,NaN,NaN,NaN
06-12-2015 11:00,NaN,NaN,NaN,NaN,NaN
06-12-2015 12:00,NaN,NaN,NaN,NaN,NaN
06-12-2015 13:00,NaN,NaN,NaN,NaN,NaN
06-12-2015 14:00,NaN,NaN,NaN,NaN,NaN
06-12-2015 15:00,NaN,NaN,NaN,NaN,NaN
06-12-2015 16:00,NaN,NaN,NaN,NaN,NaN
06-12-2015 17:00,NaN,NaN,NaN,NaN,NaN
06-12-2015 18:00,NaN,NaN,NaN,NaN,NaN
06-12-2015 19:00,NaN,NaN,NaN,NaN,NaN
06-12-2015 20:00,NaN,NaN,NaN,NaN,NaN
06-12-2015 21:00,NaN,NaN,NaN,NaN,NaN
06-12-2015 22:00,NaN,NaN,NaN,NaN,NaN
06-12-2015 23:00,NaN,NaN,NaN,NaN,NaN
07-12-2015 00:00,NaN,NaN,NaN,NaN,NaN
07-12-2015 01:00,NaN,NaN,NaN,NaN,NaN
07-12-2015 02:00,NaN,NaN,NaN,NaN,NaN
07-12-2015 03:00,NaN,NaN,NaN,NaN,NaN
07-12-2015 04:00,NaN,NaN,NaN,NaN,NaN
07-12-2015 05:00,NaN,NaN,NaN,NaN,NaN
07-12-2015 06:00,NaN,NaN,NaN,NaN,NaN
07-12-2015 07:00,NaN,NaN,NaN,NaN,NaN
07-12-2015 08:00,NaN,NaN,NaN,NaN,NaN
07-12-2015 09:00,NaN,NaN,NaN,NaN,NaN
07-12-2015 10:00,NaN,NaN,NaN,NaN,NaN
07-12-2015 11:00,NaN,NaN,NaN,NaN,NaN
07-12-2015 12:00,NaN,NaN,NaN,NaN,NaN
07-12-2015 13:00,NaN,NaN,NaN,NaN,NaN
07-12-2015 14:00,NaN,NaN,NaN,NaN,NaN
07-12-2015 15:00,NaN,NaN,NaN,NaN,NaN
07-12-2015 16:00,NaN,NaN,NaN,NaN,NaN
07-12-2015 17:00,NaN,NaN,NaN,NaN,NaN
07-12-2015 18:00,NaN,NaN,NaN,NaN,NaN
07-12-2015 19:00,NaN,NaN,NaN,NaN,NaN
07-12-2015 20:00,NaN,NaN,NaN,NaN,NaN
07-12-2015 21:00,NaN,NaN,NaN,NaN,NaN
07-12-2015 22:00,NaN,NaN,NaN,NaN,NaN
07-12-2015 23:00,NaN,NaN,NaN,NaN,NaN
08-12-2015 00:00,NaN,NaN,NaN,NaN,NaN
08-12-2015 01:00,NaN,NaN,NaN,NaN,NaN
08-12-2015 02:00,NaN,NaN,NaN,NaN,NaN
08-12-2015 03:00,NaN,NaN,NaN,NaN,NaN
08-12-2015 04:00,NaN,NaN,NaN,NaN,NaN
08-12-2015 05:00,NaN,NaN,NaN,NaN,NaN
08-12-2015 06:00,NaN,NaN,NaN,NaN,NaN
08-12-2015 07:00,NaN,NaN,NaN,NaN,NaN
08-12-2015 08:00,NaN,NaN,NaN,NaN,NaN
08-12-2015 09:00,NaN,NaN,NaN,NaN,NaN
08-12-2015 10:00,NaN,NaN,NaN,NaN,NaN
08-12-2015 11:00,NaN,NaN,NaN,NaN,NaN
08-12-2015 12:00,NaN,NaN,NaN,NaN,NaN
08-12-2015 13:00,NaN,NaN,NaN,NaN,NaN
08-12-2015 14:00,NaN,NaN,NaN,NaN,NaN
08-12-2015 15:00,NaN,NaN,NaN,NaN,NaN
08-12-2015 16:00,NaN,NaN,NaN,NaN,NaN
08-12-2015 17:00,NaN,NaN,NaN,NaN,NaN
08-12-2015 18:00,NaN,NaN,NaN,NaN,NaN
08-12-2015 19:00,NaN,NaN,NaN,NaN,NaN
08-12-2015 20:00,NaN,NaN,NaN,NaN,NaN
08-12-2015 21:00,NaN,NaN,NaN,NaN,NaN
08-12-2015 22:00,NaN,NaN,NaN,NaN,NaN
08-12-2015 23:00,NaN,NaN,NaN,NaN,NaN
09-12-2015 00:00,NaN,NaN,NaN,NaN,NaN
09-12-2015 01:00,NaN,NaN,NaN,NaN,NaN
09-12-2015 02:00,NaN,NaN,NaN,NaN,NaN
09-12-2015 03:00,NaN,NaN,NaN,NaN,NaN
09-12-2015 04:00,NaN,NaN,NaN,NaN,NaN
09-12-2015 05:00,NaN,NaN,NaN,NaN,NaN
09-12-2015 06:00,NaN,NaN,NaN,NaN,NaN
09-12-2015 07:00,NaN,NaN,NaN,NaN,NaN
09-12-2015 08:00,NaN,NaN,NaN,NaN,NaN
09-12-2015 09:00,NaN,NaN,NaN,NaN,NaN
09-12-2015 10:00,NaN,NaN,NaN,NaN,NaN
09-12-2015 11:00,NaN,NaN,NaN,NaN,NaN
09-12-2015 12:00,NaN,NaN,NaN,NaN,NaN
09-12-2015 13:00,NaN,NaN,NaN,NaN,NaN
09-12-2015 14:00,NaN,NaN,NaN,NaN,NaN
09-12-2015 15:00,NaN,NaN,NaN,NaN,NaN
09-12-2015 16:00,NaN,NaN,NaN,NaN,NaN
09-12-2015 17:00,NaN,NaN,NaN,NaN,NaN
09-12-2015 18:00,NaN,NaN,NaN,NaN,NaN
09-12-2015 19:00,NaN,NaN,NaN,NaN,NaN
09-12-2015 20:00,NaN,NaN,NaN,NaN,NaN
09-12-2015 21:00,NaN,NaN,NaN,NaN,NaN
09-12-2015 22:00,NaN,NaN,NaN,NaN,NaN
09-12-2015 23:00,NaN,NaN,NaN,NaN,NaN
10-12-2015 00:00,NaN,NaN,NaN,NaN,NaN
10-12-2015 01:00,NaN,NaN,NaN,NaN,NaN
10-12-2015 02:00,NaN,NaN,NaN,NaN,NaN
10-12-2015 03:00,NaN,NaN,NaN,NaN,NaN
10-12-2015 04:00,NaN,NaN,NaN,NaN,NaN
10-12-2015 05:00,NaN,NaN,NaN,NaN,NaN
10-12-2015 06:00,NaN,NaN,NaN,NaN,NaN
10-12-2015 07:00,NaN,NaN,NaN,NaN,NaN
10-12-2015 08:00,NaN,NaN,NaN,NaN,NaN
10-12-2015 09:00,NaN,NaN,NaN,NaN,NaN
10-12-2015 10:00,NaN,NaN,NaN,NaN,NaN
10-12-2015 11:00,NaN,NaN,NaN,NaN,NaN
10-12-2015 12:00,NaN,NaN,NaN,NaN,NaN
10-12-2015 13:00,NaN,NaN,NaN,NaN,NaN
10-12-2015 14:00,NaN,NaN,NaN,NaN,NaN
10-12-2015 15:00,NaN,NaN,NaN,NaN,NaN
10-12-2015 16:00,NaN,NaN,NaN,NaN,NaN
10-12-2015 17:00,NaN,NaN,NaN,NaN,NaN
10-12-2015 18:00,NaN,NaN,NaN,NaN,NaN
10-12-2015 19:00,NaN,NaN,NaN,NaN,NaN
10-12-2015 20:00,NaN,NaN,NaN,NaN,NaN
10-12-2015 21:00,NaN,NaN,NaN,NaN,NaN
10-12-2015 22:00,NaN,NaN,NaN,NaN,NaN
10-12-2015 23:00,NaN,NaN,NaN,NaN,NaN
11-12-2015 00:00,NaN,NaN,NaN,NaN,NaN
11-12-2015 01:00,NaN,NaN,NaN,NaN,NaN
11-12-2015 02:00,NaN,NaN,NaN,NaN,NaN
11-12-2015 03:00,NaN,NaN,NaN,NaN,NaN
11-12-2015 04:00,NaN,NaN,NaN,NaN,NaN
11-12-2015 05:00,NaN,NaN,NaN,NaN,NaN
11-12-2015 06:00,NaN,NaN,NaN,NaN,NaN
11-12-2015 07:00,NaN,NaN,NaN,NaN,NaN
11-12-2015 08:00,NaN,NaN,NaN,NaN,NaN
11-12-2015 09:00,NaN,NaN,NaN,NaN,NaN
11-12-2015 10:00,NaN,NaN,NaN,NaN,NaN
11-12-2015 11:00,NaN,NaN,NaN,NaN,NaN
11-12-2015 12:00,NaN,NaN,NaN,NaN,NaN
11-12-2015 13:00,NaN,NaN,NaN,NaN,NaN
11-12-2015 14:00,NaN,NaN,NaN,NaN,NaN
11-12-2015 15:00,NaN,NaN,NaN,NaN,NaN
11-12-2015 16:00,NaN,NaN,NaN,NaN,NaN
11-12-2015 17:00,NaN,NaN,NaN,NaN,NaN
11-12-2015 18:00,NaN,NaN,NaN,NaN,NaN
11-12-2015 19:00,NaN,NaN,NaN,NaN,NaN
11-12-2015 20:00,NaN,NaN,NaN,NaN,NaN
11-12-2015 21:00,NaN,NaN,NaN,NaN,NaN
11-12-2015 22:00,NaN,NaN,NaN,NaN,NaN
11-12-2015 23:00,NaN,NaN,NaN,NaN,NaN
12-12-2015 00:00,NaN,NaN,NaN,NaN,NaN
12-12-2015 01:00,NaN,NaN,NaN,NaN,NaN
12-12-2015 02:00,NaN,NaN,NaN,NaN,NaN
12-12-2015 03:00,NaN,NaN,NaN,NaN,NaN
12-12-2015 04:00,NaN,NaN,NaN,NaN,NaN
12-12-2015 05:00,NaN,NaN,NaN,NaN,NaN
12-12-2015 06:00,NaN,NaN,NaN,NaN,NaN
12-12-2015 07:00,NaN,NaN,NaN,NaN,NaN
12-12-2015 08:00,NaN,NaN,NaN,NaN,NaN
12-12-2015 09:00,NaN,NaN,NaN,NaN,NaN
12-12-2015 10:00,NaN,NaN,NaN,NaN,NaN
12-12-2015 11:00,NaN,NaN,NaN,NaN,NaN
12-12-2015 12:00,NaN,NaN,NaN,NaN,NaN
12-12-2015 13:00,NaN,NaN,NaN,NaN,NaN
12-12-2015 14:00,NaN,NaN,NaN,NaN,NaN
12-12-2015 15:00,NaN,NaN,NaN,NaN,NaN
12-12-2015 16:00,NaN,NaN,NaN,NaN,NaN
12-12-2015 17:00,NaN,NaN,NaN,NaN,NaN
12-12-2015 18:00,NaN,NaN,NaN,NaN,NaN
12-12-2015 19:00,NaN,NaN,NaN,NaN,NaN
12-12-2015 20:00,NaN,NaN,NaN,NaN,NaN
12-12-2015 21:00,NaN,NaN,NaN,NaN,NaN
12-12-2015 22:00,NaN,NaN,NaN,NaN,NaN
12-12-2015 23:00,NaN,NaN,NaN,NaN,NaN
13-12-2015 00:00,NaN,NaN,NaN,NaN,NaN
13-12-2015 01:00,NaN,NaN,NaN,NaN,NaN
13-12-2015 02:00,NaN,NaN,NaN,NaN,NaN
13-12-2015 03:00,NaN,NaN,NaN,NaN,NaN
13-12-2015 04:00,NaN,NaN,NaN,NaN,NaN
13-12-2015 05:00,NaN,NaN,NaN,NaN,NaN
13-12-2015 06:00,NaN,NaN,NaN,NaN,NaN
13-12-2015 07:00,NaN,NaN,NaN,NaN,NaN
13-12-2015 08:00,NaN,NaN,NaN,NaN,NaN
13-12-2015 09:00,NaN,NaN,NaN,NaN,NaN
13-12-2015 10:00,NaN,NaN,NaN,NaN,NaN
13-12-2015 11:00,NaN,NaN,NaN,NaN,NaN
13-12-2015 12:00,NaN,NaN,NaN,NaN,NaN
13-12-2015 13:00,NaN,NaN,NaN,NaN,NaN
13-12-2015 14:00,NaN,NaN,NaN,NaN,NaN
13-12-2015 15:00,NaN,NaN,NaN,NaN,NaN
13-12-2015 16:00,NaN,NaN,NaN,NaN,NaN
13-12-2015 17:00,NaN,NaN,NaN,NaN,NaN
13-12-2015 18:00,NaN,NaN,NaN,NaN,NaN
13-12-2015 19:00,NaN,NaN,NaN,NaN,NaN
13-12-2015 20:00,NaN,NaN,NaN,NaN,NaN
13-12-2015 21:00,NaN,NaN,NaN,NaN,NaN
13-12-2015 22:00,NaN,NaN,NaN,NaN,NaN
13-12-2015 23:00,NaN,NaN,NaN,NaN,NaN
14-12-2015 00:00,NaN,NaN,NaN,NaN,NaN
14-12-2015 01:00,NaN,NaN,NaN,NaN,NaN
14-12-2015 02:00,NaN,NaN,NaN,NaN,NaN
14-12-2015 03:00,NaN,NaN,NaN,NaN,NaN
14-12-2015 04:00,NaN,NaN,NaN,NaN,NaN
14-12-2015 05:00,NaN,NaN,NaN,NaN,NaN
14-12-2015 06:00,NaN,NaN,NaN,NaN,NaN
14-12-2015 07:00,NaN,NaN,NaN,NaN,NaN
14-12-2015 08:00,NaN,NaN,NaN,NaN,NaN
14-12-2015 09:00,NaN,NaN,NaN,NaN,NaN
14-12-2015 10:00,NaN,NaN,NaN,NaN,NaN
14-12-2015 11:00,NaN,NaN,NaN,NaN,NaN
14-12-2015 12:00,NaN,NaN,NaN,NaN,NaN
14-12-2015 13:00,NaN,NaN,NaN,NaN,NaN
14-12-2015 14:00,NaN,NaN,NaN,NaN,NaN
14-12-2015 15:00,NaN,NaN,NaN,NaN,NaN
14-12-2015 16:00,NaN,NaN,NaN,NaN,NaN
14-12-2015 17:00,NaN,NaN,NaN,NaN,NaN
14-12-2015 18:00,NaN,NaN,NaN,NaN,NaN
14-12-2015 19:00,NaN,NaN,NaN,NaN,NaN
14-12-2015 20:00,NaN,NaN,NaN,NaN,NaN
14-12-2015 21:00,NaN,NaN,NaN,NaN,NaN
14-12-2015 22:00,NaN,NaN,NaN,NaN,NaN
14-12-2015 23:00,NaN,NaN,NaN,NaN,NaN
15-12-2015 00:00,NaN,NaN,NaN,NaN,NaN
15-12-2015 01:00,NaN,NaN,NaN,NaN,NaN
15-12-2015 02:00,NaN,NaN,NaN,NaN,NaN
15-12-2015 03:00,NaN,NaN,NaN,NaN,NaN
15-12-2015 04:00,NaN,NaN,NaN,NaN,NaN
15-12-2015 05:00,NaN,NaN,NaN,NaN,NaN
15-12-2015 06:00,NaN,NaN,NaN,NaN,NaN
15-12-2015 07:00,NaN,NaN,NaN,NaN,NaN
15-12-2015 08:00,NaN,NaN,NaN,NaN,NaN
15-12-2015 09:00,NaN,NaN,NaN,NaN,NaN
15-12-2015 10:00,NaN,NaN,NaN,NaN,NaN
15-12-2015 11:00,NaN,NaN,NaN,NaN,NaN
15-12-2015 12:00,NaN,NaN,NaN,NaN,NaN
15-12-2015 13:00,NaN,NaN,NaN,NaN,NaN
15-12-2015 14:00,NaN,NaN,NaN,NaN,NaN
15-12-2015 15:00,NaN,NaN,NaN,NaN,NaN
15-12-2015 16:00,NaN,NaN,NaN,NaN,NaN
15-12-2015 17:00,NaN,NaN,NaN,NaN,NaN
15-12-2015 18:00,NaN,NaN,NaN,NaN,NaN
15-12-2015 19:00,NaN,NaN,NaN,NaN,NaN
15-12-2015 20:00,NaN,NaN,NaN,NaN,NaN
15-12-2015 21:00,NaN,NaN,NaN,NaN,NaN
15-12-2015 22:00,NaN,NaN,NaN,NaN,NaN
15-12-2015 23:00,NaN,NaN,NaN,NaN,NaN
16-12-2015 00:00,NaN,NaN,NaN,NaN,NaN
16-12-2015 01:00,NaN,NaN,NaN,NaN,NaN
16-12-2015 02:00,NaN,NaN,NaN,NaN,NaN
16-12-2015 03:00,NaN,NaN,NaN,NaN,NaN
16-12-2015 04:00,NaN,NaN,NaN,NaN,NaN
16-12-2015 05:00,NaN,NaN,NaN,NaN,NaN
16-12-2015 06:00,NaN,NaN,NaN,NaN,NaN
16-12-2015 07:00,NaN,NaN,NaN,NaN,NaN
16-12-2015 08:00,NaN,NaN,NaN,NaN,NaN
16-12-2015 09:00,NaN,NaN,NaN,NaN,NaN
16-12-2015 10:00,NaN,NaN,NaN,NaN,NaN
16-12-2015 11:00,NaN,NaN,NaN,NaN,NaN
16-12-2015 12:00,NaN,NaN,NaN,NaN,NaN
16-12-2015 13:00,NaN,NaN,NaN,NaN,NaN
16-12-2015 14:00,NaN,NaN,NaN,NaN,NaN
16-12-2015 15:00,NaN,NaN,NaN,NaN,NaN
16-12-2015 16:00,NaN,NaN,NaN,NaN,NaN
16-12-2015 17:00,NaN,NaN,NaN,NaN,NaN
16-12-2015 18:00,NaN,NaN,NaN,NaN,NaN
16-12-2015 19:00,NaN,NaN,NaN,NaN,NaN
16-12-2015 20:00,NaN,NaN,NaN,NaN,NaN
16-12-2015 21:00,NaN,NaN,NaN,NaN,NaN
16-12-2015 22:00,NaN,NaN,NaN,NaN,NaN
16-12-2015 23:00,NaN,NaN,NaN,NaN,NaN
17-12-2015 00:00,NaN,NaN,NaN,NaN,NaN
17-12-2015 01:00,NaN,NaN,NaN,NaN,NaN
17-12-2015 02:00,NaN,NaN,NaN,NaN,NaN
17-12-2015 03:00,NaN,NaN,NaN,NaN,NaN
17-12-2015 04:00,NaN,NaN,NaN,NaN,NaN
17-12-2015 05:00,NaN,NaN,NaN,NaN,NaN
17-12-2015 06:00,NaN,NaN,NaN,NaN,NaN
17-12-2015 07:00,NaN,NaN,NaN,NaN,NaN
17-12-2015 08:00,NaN,NaN,NaN,NaN,NaN
17-12-2015 09:00,NaN,NaN,NaN,NaN,NaN
17-12-2015 10:00,NaN,NaN,NaN,NaN,NaN
17-12-2015 11:00,NaN,NaN,NaN,NaN,NaN
17-12-2015 12:00,NaN,NaN,NaN,NaN,NaN
17-12-2015 13:00,NaN,NaN,NaN,NaN,NaN
17-12-2015 14:00,NaN,NaN,NaN,NaN,NaN
17-12-2015 15:00,NaN,NaN,NaN,NaN,NaN
17-12-2015 16:00,NaN,NaN,NaN,NaN,NaN
17-12-2015 17:00,NaN,NaN,NaN,NaN,NaN
17-12-2015 18:00,NaN,NaN,NaN,NaN,NaN
17-12-2015 19:00,NaN,NaN,NaN,NaN,NaN
17-12-2015 20:00,NaN,NaN,NaN,NaN,NaN
17-12-2015 21:00,NaN,NaN,NaN,NaN,NaN
17-12-2015 22:00,NaN,NaN,NaN,NaN,NaN
17-12-2015 23:00,NaN,NaN,NaN,NaN,NaN
18-12-2015 00:00,NaN,NaN,NaN,NaN,NaN
18-12-2015 01:00,NaN,NaN,NaN,NaN,NaN
18-12-2015 02:00,NaN,NaN,NaN,NaN,NaN
18-12-2015 03:00,NaN,NaN,NaN,NaN,NaN
18-12-2015 04:00,NaN,NaN,NaN,NaN,NaN
18-12-2015 05:00,NaN,NaN,NaN,NaN,NaN
18-12-2015 06:00,NaN,NaN,NaN,NaN,NaN
18-12-2015 07:00,NaN,NaN,NaN,NaN,NaN
18-12-2015 08:00,NaN,NaN,NaN,NaN,NaN
18-12-2015 09:00,NaN,NaN,NaN,NaN,NaN
18-12-2015 10:00,NaN,NaN,NaN,NaN,NaN
18-12-2015 11:00,NaN,NaN,NaN,NaN,NaN
18-12-2015 12:00,NaN,NaN,NaN,NaN,NaN
18-12-2015 13:00,NaN,NaN,NaN,NaN,NaN
18-12-2015 14:00,NaN,NaN,NaN,NaN,NaN
18-12-2015 15:00,NaN,NaN,NaN,NaN,NaN
18-12-2015 16:00,NaN,NaN,NaN,NaN,NaN
18-12-2015 17:00,NaN,NaN,NaN,NaN,NaN
18-12-2015 18:00,NaN,NaN,NaN,NaN,NaN
18-12-2015 19:00,NaN,NaN,NaN,NaN,NaN
18-12-2015 20:00,NaN,NaN,NaN,NaN,NaN
18-12-2015 21:00,NaN,NaN,NaN,NaN,NaN
18-12-2015 22:00,NaN,NaN,NaN,NaN,NaN
18-12-2015 23:00,NaN,NaN,NaN,NaN,NaN
19-12-2015 00:00,NaN,NaN,NaN,NaN,NaN
19-12-2015 01:00,NaN,NaN,NaN,NaN,NaN
19-12-2015 02:00,NaN,NaN,NaN,NaN,NaN
19-12-2015 03:00,NaN,NaN,NaN,NaN,NaN
19-12-2015 04:00,NaN,NaN,NaN,NaN,NaN
19-12-2015 05:00,NaN,NaN,NaN,NaN,NaN
19-12-2015 06:00,NaN,NaN,NaN,NaN,NaN
19-12-2015 07:00,NaN,NaN,NaN,NaN,NaN
19-12-2015 08:00,NaN,NaN,NaN,NaN,NaN
19-12-2015 09:00,NaN,NaN,NaN,NaN,NaN
19-12-2015 10:00,NaN,NaN,NaN,NaN,NaN
19-12-2015 11:00,NaN,NaN,NaN,NaN,NaN
19-12-2015 12:00,NaN,NaN,NaN,NaN,NaN
19-12-2015 13:00,NaN,NaN,NaN,NaN,NaN
19-12-2015 14:00,NaN,NaN,NaN,NaN,NaN
19-12-2015 15:00,NaN,NaN,NaN,NaN,NaN
19-12-2015 16:00,NaN,NaN,NaN,NaN,NaN
19-12-2015 17:00,NaN,NaN,NaN,NaN,NaN
19-12-2015 18:00,NaN,NaN,NaN,NaN,NaN
19-12-2015 19:00,NaN,NaN,NaN,NaN,NaN
19-12-2015 20:00,NaN,NaN,NaN,NaN,NaN
19-12-2015 21:00,NaN,NaN,NaN,NaN,NaN
19-12-2015 22:00,NaN,NaN,NaN,NaN,NaN
19-12-2015 23:00,NaN,NaN,NaN,NaN,NaN
20-12-2015 00:00,NaN,NaN,NaN,NaN,NaN
20-12-2015 01:00,NaN,NaN,NaN,NaN,NaN
20-12-2015 02:00,NaN,NaN,NaN,NaN,NaN
20-12-2015 03:00,NaN,NaN,NaN,NaN,NaN
20-12-2015 04:00,NaN,NaN,NaN,NaN,NaN
20-12-2015 05:00,NaN,NaN,NaN,NaN,NaN
20-12-2015 06:00,NaN,NaN,NaN,NaN,NaN
20-12-2015 07:00,NaN,NaN,NaN,NaN,NaN
20-12-2015 08:00,NaN,NaN,NaN,NaN,NaN
20-12-2015 09:00,NaN,NaN,NaN,NaN,NaN
20-12-2015 10:00,NaN,NaN,NaN,NaN,NaN
20-12-2015 11:00,NaN,NaN,NaN,NaN,NaN
20-12-2015 12:00,NaN,NaN,NaN,NaN,NaN
20-12-2015 13:00,NaN,NaN,NaN,NaN,NaN
20-12-2015 14:00,NaN,NaN,NaN,NaN,NaN
20-12-2015 15:00,NaN,NaN,NaN,NaN,NaN
20-12-2015 16:00,NaN,NaN,NaN,NaN,NaN
20-12-2015 17:00,NaN,NaN,NaN,NaN,NaN
20-12-2015 18:00,NaN,NaN,NaN,NaN,NaN
20-12-2015 19:00,NaN,NaN,NaN,NaN,NaN
20-12-2015 20:00,NaN,NaN,NaN,NaN,NaN
20-12-2015 21:00,NaN,NaN,NaN,NaN,NaN
20-12-2015 22:00,NaN,NaN,NaN,NaN,NaN
20-12-2015 23:00,NaN,NaN,NaN,NaN,NaN
21-12-2015 00:00,NaN,NaN,NaN,NaN,NaN
21-12-2015 01:00,NaN,NaN,NaN,NaN,NaN
21-12-2015 02:00,NaN,NaN,NaN,NaN,NaN
21-12-2015 03:00,NaN,NaN,NaN,NaN,NaN
21-12-2015 04:00,NaN,NaN,NaN,NaN,NaN
21-12-2015 05:00,NaN,NaN,NaN,NaN,NaN
21-12-2015 06:00,NaN,NaN,NaN,NaN,NaN
21-12-2015 07:00,NaN,NaN,NaN,NaN,NaN
21-12-2015 08:00,NaN,NaN,NaN,NaN,NaN
21-12-2015 09:00,NaN,NaN,NaN,NaN,NaN
21-12-2015 10:00,NaN,NaN,NaN,NaN,NaN
21-12-2015 11:00,NaN,NaN,NaN,NaN,NaN
21-12-2015 12:00,NaN,NaN,NaN,NaN,NaN
21-12-2015 13:00,NaN,NaN,NaN,NaN,NaN
21-12-2015 14:00,NaN,NaN,NaN,NaN,NaN
21-12-2015 15:00,NaN,NaN,NaN,NaN,NaN
21-12-2015 16:00,NaN,NaN,NaN,NaN,NaN
21-12-2015 17:00,NaN,NaN,NaN,NaN,NaN
21-12-2015 18:00,NaN,NaN,NaN,NaN,NaN
21-12-2015 19:00,NaN,NaN,NaN,NaN,NaN
21-12-2015 20:00,NaN,NaN,NaN,NaN,NaN
21-12-2015 21:00,NaN,NaN,NaN,NaN,NaN
21-12-2015 22:00,NaN,NaN,NaN,NaN,NaN
21-12-2015 23:00,NaN,NaN,NaN,NaN,NaN
22-12-2015 00:00,NaN,NaN,NaN,NaN,NaN
22-12-2015 01:00,NaN,NaN,NaN,NaN,NaN
22-12-2015 02:00,NaN,NaN,NaN,NaN,NaN
22-12-2015 03:00,NaN,NaN,NaN,NaN,NaN
22-12-2015 04:00,NaN,NaN,NaN,NaN,NaN
22-12-2015 05:00,NaN,NaN,NaN,NaN,NaN
22-12-2015 06:00,NaN,NaN,NaN,NaN,NaN
22-12-2015 07:00,NaN,NaN,NaN,NaN,NaN
22-12-2015 08:00,NaN,NaN,NaN,NaN,NaN
22-12-2015 09:00,NaN,NaN,NaN,NaN,NaN
22-12-2015 10:00,NaN,NaN,NaN,NaN,NaN
22-12-2015 11:00,NaN,NaN,NaN,NaN,NaN
22-12-2015 12:00,NaN,NaN,NaN,NaN,NaN
22-12-2015 13:00,NaN,NaN,NaN,NaN,NaN
22-12-2015 14:00,NaN,NaN,NaN,NaN,NaN
22-12-2015 15:00,NaN,NaN,NaN,NaN,NaN
22-12-2015 16:00,NaN,NaN,NaN,NaN,NaN
22-12-2015 17:00,NaN,NaN,NaN,NaN,NaN
22-12-2015 18:00,NaN,NaN,NaN,NaN,NaN
22-12-2015 19:00,NaN,NaN,NaN,NaN,NaN
22-12-2015 20:00,NaN,NaN,NaN,NaN,NaN
22-12-2015 21:00,NaN,NaN,NaN,NaN,NaN
22-12-2015 22:00,NaN,NaN,NaN,NaN,NaN
22-12-2015 23:00,NaN,NaN,NaN,NaN,NaN
23-12-2015 00:00,NaN,NaN,NaN,NaN,NaN
23-12-2015 01:00,NaN,NaN,NaN,NaN,NaN
23-12-2015 02:00,NaN,NaN,NaN,NaN,NaN
23-12-2015 03:00,NaN,NaN,NaN,NaN,NaN
23-12-2015 04:00,NaN,NaN,NaN,NaN,NaN
23-12-2015 05:00,NaN,NaN,NaN,NaN,NaN
23-12-2015 06:00,NaN,NaN,NaN,NaN,NaN
23-12-2015 07:00,NaN,NaN,NaN,NaN,NaN
23-12-2015 08:00,NaN,NaN,NaN,NaN,NaN
23-12-2015 09:00,NaN,NaN,NaN,NaN,NaN
23-12-2015 10:00,NaN,NaN,NaN,NaN,NaN
23-12-2015 11:00,NaN,NaN,NaN,NaN,NaN
23-12-2015 12:00,NaN,NaN,NaN,NaN,NaN
23-12-2015 13:00,NaN,NaN,NaN,NaN,NaN
23-12-2015 14:00,NaN,NaN,NaN,NaN,NaN
23-12-2015 15:00,NaN,NaN,NaN,NaN,NaN
23-12-2015 16:00,NaN,NaN,NaN,NaN,NaN
23-12-2015 17:00,NaN,NaN,NaN,NaN,NaN
23-12-2015 18:00,NaN,NaN,NaN,NaN,NaN
23-12-2015 19:00,NaN,NaN,NaN,NaN,NaN
23-12-2015 20:00,NaN,NaN,NaN,NaN,NaN
23-12-2015 21:00,NaN,NaN,NaN,NaN,NaN
23-12-2015 22:00,NaN,NaN,NaN,NaN,NaN
23-12-2015 23:00,NaN,NaN,NaN,NaN,NaN
24-12-2015 00:00,NaN,NaN,NaN,NaN,NaN
24-12-2015 01:00,NaN,NaN,NaN,NaN,NaN
24-12-2015 02:00,NaN,NaN,NaN,NaN,NaN
24-12-2015 03:00,NaN,NaN,NaN,NaN,NaN
24-12-2015 04:00,NaN,NaN,NaN,NaN,NaN
24-12-2015 05:00,NaN,NaN,NaN,NaN,NaN
24-12-2015 06:00,NaN,NaN,NaN,NaN,NaN
24-12-2015 07:00,NaN,NaN,NaN,NaN,NaN
24-12-2015 08:00,NaN,NaN,NaN,NaN,NaN
24-12-2015 09:00,NaN,NaN,NaN,NaN,NaN
24-12-2015 10:00,NaN,NaN,NaN,NaN,NaN
24-12-2015 11:00,NaN,NaN,NaN,NaN,NaN
24-12-2015 12:00,NaN,NaN,NaN,NaN,NaN
24-12-2015 13:00,NaN,NaN,NaN,NaN,NaN
24-12-2015 14:00,NaN,NaN,NaN,NaN,NaN
24-12-2015 15:00,NaN,NaN,NaN,NaN,NaN
24-12-2015 16:00,NaN,NaN,NaN,NaN,NaN
24-12-2015 17:00,NaN,NaN,NaN,NaN,NaN
24-12-2015 18:00,NaN,NaN,NaN,NaN,NaN
24-12-2015 19:00,NaN,NaN,NaN,NaN,NaN
24-12-2015 20:00,NaN,NaN,NaN,NaN,NaN
24-12-2015 21:00,NaN,NaN,NaN,NaN,NaN
24-12-2015 22:00,NaN,NaN,NaN,NaN,NaN
24-12-2015 23:00,NaN,NaN,NaN,NaN,NaN
25-12-2015 00:00,NaN,NaN,NaN,NaN,NaN
25-12-2015 01:00,NaN,NaN,NaN,NaN,NaN
25-12-2015 02:00,NaN,NaN,NaN,NaN,NaN
25-12-2015 03:00,NaN,NaN,NaN,NaN,NaN
25-12-2015 04:00,NaN,NaN,NaN,NaN,NaN
25-12-2015 05:00,NaN,NaN,NaN,NaN,NaN
25-12-2015 06:00,NaN,NaN,NaN,NaN,NaN
25-12-2015 07:00,NaN,NaN,NaN,NaN,NaN
25-12-2015 08:00,NaN,NaN,NaN,NaN,NaN
25-12-2015 09:00,NaN,NaN,NaN,NaN,NaN
25-12-2015 10:00,NaN,NaN,NaN,NaN,NaN
25-12-2015 11:00,NaN,NaN,NaN,NaN,NaN
25-12-2015 12:00,NaN,NaN,NaN,NaN,NaN
25-12-2015 13:00,NaN,NaN,NaN,NaN,NaN
25-12-2015 14:00,NaN,NaN,NaN,NaN,NaN
25-12-2015 15:00,NaN,NaN,NaN,NaN,NaN
25-12-2015 16:00,NaN,NaN,NaN,NaN,NaN
25-12-2015 17:00,NaN,NaN,NaN,NaN,NaN
25-12-2015 18:00,NaN,NaN,NaN,NaN,NaN
25-12-2015 19:00,NaN,NaN,NaN,NaN,NaN
25-12-2015 20:00,NaN,NaN,NaN,NaN,NaN
25-12-2015 21:00,NaN,NaN,NaN,NaN,NaN
25-12-2015 22:00,NaN,NaN,NaN,NaN,NaN
25-12-2015 23:00,NaN,NaN,NaN,NaN,NaN
26-12-2015 00:00,NaN,NaN,NaN,NaN,NaN
26-12-2015 01:00,NaN,NaN,NaN,NaN,NaN
26-12-2015 02:00,NaN,NaN,NaN,NaN,NaN
26-12-2015 03:00,NaN,NaN,NaN,NaN,NaN
26-12-2015 04:00,NaN,NaN,NaN,NaN,NaN
26-12-2015 05:00,NaN,NaN,NaN,NaN,NaN
26-12-2015 06:00,NaN,NaN,NaN,NaN,NaN
26-12-2015 07:00,NaN,NaN,NaN,NaN,NaN
26-12-2015 08:00,NaN,NaN,NaN,NaN,NaN
26-12-2015 09:00,NaN,NaN,NaN,NaN,NaN
26-12-2015 10:00,NaN,NaN,NaN,NaN,NaN
26-12-2015 11:00,NaN,NaN,NaN,NaN,NaN
26-12-2015 12:00,NaN,NaN,NaN,NaN,NaN
26-12-2015 13:00,NaN,NaN,NaN,NaN,NaN
26-12-2015 14:00,NaN,NaN,NaN,NaN,NaN
26-12-2015 15:00,NaN,NaN,NaN,NaN,NaN
26-12-2015 16:00,NaN,NaN,NaN,NaN,NaN
26-12-2015 17:00,NaN,NaN,NaN,NaN,NaN
26-12-2015 18:00,NaN,NaN,NaN,NaN,NaN
26-12-2015 19:00,NaN,NaN,NaN,NaN,NaN
26-12-2015 20:00,NaN,NaN,NaN,NaN,NaN
26-12-2015 21:00,NaN,NaN,NaN,NaN,NaN
26-12-2015 22:00,NaN,NaN,NaN,NaN,NaN
26-12-2015 23:00,NaN,NaN,NaN,NaN,NaN
27-12-2015 00:00,NaN,NaN,NaN,NaN,NaN
27-12-2015 01:00,NaN,NaN,NaN,NaN,NaN
27-12-2015 02:00,NaN,NaN,NaN,NaN,NaN
27-12-2015 03:00,NaN,NaN,NaN,NaN,NaN
27-12-2015 04:00,NaN,NaN,NaN,NaN,NaN
27-12-2015 05:00,NaN,NaN,NaN,NaN,NaN
27-12-2015 06:00,NaN,NaN,NaN,NaN,NaN
27-12-2015 07:00,NaN,NaN,NaN,NaN,NaN
27-12-2015 08:00,NaN,NaN,NaN,NaN,NaN
27-12-2015 09:00,NaN,NaN,NaN,NaN,NaN
27-12-2015 10:00,NaN,NaN,NaN,NaN,NaN
27-12-2015 11:00,NaN,NaN,NaN,NaN,NaN
27-12-2015 12:00,NaN,NaN,NaN,NaN,NaN
27-12-2015 13:00,NaN,NaN,NaN,NaN,NaN
27-12-2015 14:00,NaN,NaN,NaN,NaN,NaN
27-12-2015 15:00,NaN,NaN,NaN,NaN,NaN
27-12-2015 16:00,NaN,NaN,NaN,NaN,NaN
27-12-2015 17:00,NaN,NaN,NaN,NaN,NaN
27-12-2015 18:00,NaN,NaN,NaN,NaN,NaN
27-12-2015 19:00,NaN,NaN,NaN,NaN,NaN
27-12-2015 20:00,NaN,NaN,NaN,NaN,NaN
27-12-2015 21:00,NaN,NaN,NaN,NaN,NaN
27-12-2015 22:00,NaN,NaN,NaN,NaN,NaN
27-12-2015 23:00,NaN,NaN,NaN,NaN,NaN
28-12-2015 00:00,NaN,NaN,NaN,NaN,NaN
28-12-2015 01:00,NaN,NaN,NaN,NaN,NaN
28-12-2015 02:00,NaN,NaN,NaN,NaN,NaN
28-12-2015 03:00,NaN,NaN,NaN,NaN,NaN
28-12-2015 04:00,NaN,NaN,NaN,NaN,NaN
28-12-2015 05:00,NaN,NaN,NaN,NaN,NaN
28-12-2015 06:00,NaN,NaN,NaN,NaN,NaN
28-12-2015 07:00,NaN,NaN,NaN,NaN,NaN
28-12-2015 08:00,NaN,NaN,NaN,NaN,NaN
28-12-2015 09:00,NaN,NaN,NaN,NaN,NaN
28-12-2015 10:00,NaN,NaN,NaN,NaN,NaN
28-12-2015 11:00,NaN,NaN,NaN,NaN,NaN
28-12-2015 12:00,NaN,NaN,NaN,NaN,NaN
28-12-2015 13:00,NaN,NaN,NaN,NaN,NaN
28-12-2015 14:00,NaN,NaN,NaN,NaN,NaN
28-12-2015 15:00,NaN,NaN,NaN,NaN,NaN
28-12-2015 16:00,NaN,NaN,NaN,NaN,NaN
28-12-2015 17:00,NaN,NaN,NaN,NaN,NaN
28-12-2015 18:00,NaN,NaN,NaN,NaN,NaN
28-12-2015 19:00,NaN,NaN,NaN,NaN,NaN
28-12-2015 20:00,NaN,NaN,NaN,NaN,NaN
28-12-2015 21:00,NaN,NaN,NaN,NaN,NaN
28-12-2015 22:00,NaN,NaN,NaN,NaN,NaN
28-12-2015 23:00,NaN,NaN,NaN,NaN,NaN
29-12-2015 00:00,NaN,NaN,NaN,NaN,NaN
29-12-2015 01:00,NaN,NaN,NaN,NaN,NaN
29-12-2015 02:00,NaN,NaN,NaN,NaN,NaN
29-12-2015 03:00,NaN,NaN,NaN,NaN,NaN
29-12-2015 04:00,NaN,NaN,NaN,NaN,NaN
29-12-2015 05:00,NaN,NaN,NaN,NaN,NaN
29-12-2015 06:00,NaN,NaN,NaN,NaN,NaN
29-12-2015 07:00,NaN,NaN,NaN,NaN,NaN
29-12-2015 08:00,NaN,NaN,NaN,NaN,NaN
29-12-2015 09:00,NaN,NaN,NaN,NaN,NaN
29-12-2015 10:00,NaN,NaN,NaN,NaN,NaN
29-12-2015 11:00,NaN,NaN,NaN,NaN,NaN
29-12-2015 12:00,NaN,NaN,NaN,NaN,NaN
29-12-2015 13:00,NaN,NaN,NaN,NaN,NaN
29-12-2015 14:00,NaN,NaN,NaN,NaN,NaN
29-12-2015 15:00,NaN,NaN,NaN,NaN,NaN
29-12-2015 16:00,NaN,NaN,NaN,NaN,NaN
29-12-2015 17:00,NaN,NaN,NaN,NaN,NaN
29-12-2015 18:00,NaN,NaN,NaN,NaN,NaN
29-12-2015 19:00,NaN,NaN,NaN,NaN,NaN
29-12-2015 20:00,NaN,NaN,NaN,NaN,NaN
29-12-2015 21:00,NaN,NaN,NaN,NaN,NaN
29-12-2015 22:00,NaN,NaN,NaN,NaN,NaN
29-12-2015 23:00,NaN,NaN,NaN,NaN,NaN
30-12-2015 00:00,NaN,NaN,NaN,NaN,NaN
30-12-2015 01:00,NaN,NaN,NaN,NaN,NaN
30-12-2015 02:00,NaN,NaN,NaN,NaN,NaN
30-12-2015 03:00,NaN,NaN,NaN,NaN,NaN
30-12-2015 04:00,NaN,NaN,NaN,NaN,NaN
30-12-2015 05:00,NaN,NaN,NaN,NaN,NaN
30-12-2015 06:00,NaN,NaN,NaN,NaN,NaN
30-12-2015 07:00,NaN,NaN,NaN,NaN,NaN
30-12-2015 08:00,NaN,NaN,NaN,NaN,NaN
30-12-2015 09:00,NaN,NaN,NaN,NaN,NaN
30-12-2015 10:00,NaN,NaN,NaN,NaN,NaN
30-12-2015 11:00,NaN,NaN,NaN,NaN,NaN
30-12-2015 12:00,NaN,NaN,NaN,NaN,NaN
30-12-2015 13:00,NaN,NaN,NaN,NaN,NaN
30-12-2015 14:00,NaN,NaN,NaN,NaN,NaN
30-12-2015 15:00,NaN,NaN,NaN,NaN,NaN
30-12-2015 16:00,NaN,NaN,NaN,NaN,NaN
30-12-2015 17:00,NaN,NaN,NaN,NaN,NaN
30-12-2015 18:00,NaN,NaN,NaN,NaN,NaN
30-12-2015 19:00,NaN,NaN,NaN,NaN,NaN
30-12-2015 20:00,NaN,NaN,NaN,NaN,NaN
30-12-2015 21:00,NaN,NaN,NaN,NaN,NaN
30-12-2015 22:00,NaN,NaN,NaN,NaN,NaN
30-12-2015 23:00,NaN,NaN,NaN,NaN,NaN
31-12-2015 00:00,NaN,NaN,NaN,NaN,NaN
31-12-2015 01:00,NaN,NaN,NaN,NaN,NaN
31-12-2015 02:00,NaN,NaN,NaN,NaN,NaN
31-12-2015 03:00,NaN,NaN,NaN,NaN,NaN
31-12-2015 04:00,NaN,NaN,NaN,NaN,NaN
31-12-2015 05:00,NaN,NaN,NaN,NaN,NaN
31-12-2015 06:00,NaN,NaN,NaN,NaN,NaN
31-12-2015 07:00,NaN,NaN,NaN,NaN,NaN
31-12-2015 08:00,NaN,NaN,NaN,NaN,NaN
31-12-2015 09:00,NaN,NaN,NaN,NaN,NaN
31-12-2015 10:00,NaN,NaN,NaN,NaN,NaN
31-12-2015 11:00,NaN,NaN,NaN,NaN,NaN
31-12-2015 12:00,NaN,NaN,NaN,NaN,NaN
31-12-2015 13:00,NaN,NaN,NaN,NaN,NaN
31-12-2015 14:00,NaN,NaN,NaN,NaN,NaN
31-12-2015 15:00,NaN,NaN,NaN,NaN,NaN
31-12-2015 16:00,NaN,NaN,NaN,NaN,NaN
31-12-2015 17:00,NaN,NaN,NaN,NaN,NaN
31-12-2015 18:00,NaN,NaN,NaN,NaN,NaN
31-12-2015 19:00,NaN,NaN,NaN,NaN,NaN
31-12-2015 20:00,NaN,NaN,NaN,NaN,NaN
31-12-2015 21:00,NaN,NaN,NaN,NaN,NaN
31-12-2015 22:00,NaN,NaN,NaN,NaN,NaN
31-12-2015 23:00,NaN,NaN,NaN,NaN,NaN
01-01-2016 00:00,1.16,980.83,8.27,71.42,67.6
01-01-2016 01:00,1.35,980.95,10.91,59.02,65.3
01-01-2016 02:00,1.53,981.07,8.59,56,64.7
01-01-2016 03:00,1.43,981.37,8.18,36.28,66.1
01-01-2016 04:00,1.24,981.66,9.19,29.57,73.86
01-01-2016 05:00,1.57,981.96,10.45,29.98,68.28
01-01-2016 06:00,1.48,982.45,8.72,33.38,69.09
01-01-2016 07:00,1.51,982.82,9.14,33,69.54
01-01-2016 08:00,1.55,983.05,8.44,32,68.19
01-01-2016 09:00,1.45,983.14,7.42,33.96,67.67
01-01-2016 10:00,1.66,983.2,4.92,184.65,65.2
01-01-2016 11:00,1.62,983.01,3.49,338.52,66.59
01-01-2016 12:00,1.38,982.73,4.12,247.83,67.76
01-01-2016 13:00,1.05,982.2,9.09,226.82,74.73
01-01-2016 14:00,0.98,981.5,11.49,215.62,75.96
01-01-2016 15:00,1.52,981,6.08,183.05,66.15
01-01-2016 16:00,1.58,980.42,6.25,132.97,50.37
01-01-2016 17:00,1.31,980.22,8.4,105.67,44.5
01-01-2016 18:00,0.34,980.15,10.3,88.27,50.74
01-01-2016 19:00,-0.02,980.01,12.67,84.5,50.97
01-01-2016 20:00,-0.77,979.64,19.94,89.83,51.77
01-01-2016 21:00,-1.17,979.55,15.18,95.4,54.21
01-01-2016 22:00,-1.23,979.32,14.31,107.72,51.53
01-01-2016 23:00,-1.63,979.01,15.1,121.95,51.84
02-01-2016 00:00,-0.67,978.7,14.75,93.68,50.99
02-01-2016 01:00,0.66,978.22,15.6,85.67,47.51
02-01-2016 02:00,1.75,977.8,12.35,77.62,46.34
02-01-2016 03:00,2.44,977.18,11.97,74.52,46.47
02-01-2016 04:00,2.62,976.88,11.52,54.85,50.6
02-01-2016 05:00,2.76,976.45,5.35,212.78,52.03
02-01-2016 06:00,3.28,975.92,4.53,111.23,46.35
02-01-2016 07:00,3.54,975.32,3.12,329.17,41.73
02-01-2016 08:00,2.78,974.65,5.32,230.52,49.71
02-01-2016 09:00,1.97,974.06,6.28,214.2,55.5
02-01-2016 10:00,2.44,973.5,5.9,209.05,55.8
02-01-2016 11:00,3.2,972.96,4.88,218.65,53.51
02-01-2016 12:00,3.24,972.42,5.3,207.85,57.66
02-01-2016 13:00,3.16,971.99,5.28,209.07,60.87
02-01-2016 14:00,2.8,971.39,5.6,204.23,61.37
02-01-2016 15:00,1.92,970.9,4.91,202.85,65.65
02-01-2016 16:00,1.6,970.64,4.23,115.98,58.88
02-01-2016 17:00,1.19,970.42,6.99,94.32,53.35
02-01-2016 18:00,0.24,970.27,6.87,96.88,55.42
02-01-2016 19:00,0.1,970.02,4.7,97.8,54.77
02-01-2016 20:00,0.07,969.5,4.6,101.72,51.7
02-01-2016 21:00,0.24,968.9,2.71,131.4,51.38
02-01-2016 22:00,1.53,968.43,3.03,148.33,46.42
02-01-2016 23:00,2.19,967.89,3.11,116.53,45.87
03-01-2016 00:00,1.9,967.37,7.77,84.58,46.25
03-01-2016 01:00,1.92,967.12,10.66,70.13,46.52
03-01-2016 02:00,1.43,966.72,14.99,82.13,47.24
03-01-2016 03:00,1.88,966.37,15.28,79.12,44.94
03-01-2016 04:00,2.38,966.01,15.48,60.47,45.66
03-01-2016 05:00,2.44,965.92,12.96,50.2,50.3
03-01-2016 06:00,2.33,965.96,10.85,37.05,48.46
03-01-2016 07:00,2.41,966.02,9.54,37.12,49.24
03-01-2016 08:00,2.75,966.08,9.6,52.25,50.78
03-01-2016 09:00,2.37,966.24,11.2,45.22,57.41
03-01-2016 10:00,1.58,966.7,12.44,33.07,70.36
03-01-2016 11:00,1.86,967.08,13.14,48.98,69.78
03-01-2016 12:00,1.9,967.62,13.35,54.58,72.16
03-01-2016 13:00,1.5,968.36,12.89,54.2,74.83
03-01-2016 14:00,0.9,969.12,14.7,57.48,81.31
03-01-2016 15:00,0.54,969.82,13.73,57.72,81.44
03-01-2016 16:00,0.21,970.62,11.88,64.27,77.78
03-01-2016 17:00,0.54,971.59,14.82,59.78,82.94
03-01-2016 18:00,0.36,972.75,14.13,55.28,87.4
03-01-2016 19:00,-0.16,973.69,14.9,44.45,92.63
03-01-2016 20:00,-1.22,974.52,20.48,52.22,95.42
03-01-2016 21:00,-1.67,975.44,21.43,56.6,94.92
03-01-2016 22:00,-1.89,976.29,20.03,58.2,92.55
03-01-2016 23:00,-1.66,977.05,21,57.38,88.68
04-01-2016 00:00,-1.28,977.66,19.65,58.08,83.68
04-01-2016 01:00,-1.07,978.21,20.05,58.48,85.24
04-01-2016 02:00,-0.89,978.67,20.11,58.65,86.65
04-01-2016 03:00,-0.37,979.09,20.08,58.53,83.8
04-01-2016 04:00,-0.05,979.6,19.49,58.95,82.69
04-01-2016 05:00,0.55,980.33,17.71,56.2,82.99
04-01-2016 06:00,1.11,980.87,16.89,55.32,81.35
04-01-2016 07:00,1,981.44,15.15,43.57,83.11
04-01-2016 08:00,1,981.8,12.67,43.43,82.01
04-01-2016 09:00,1.19,982.08,12.55,50.23,80.69
04-01-2016 10:00,1.02,982.36,11.82,45.07,79.02
04-01-2016 11:00,1.04,982.37,10.67,54.62,74.66
04-01-2016 12:00,0.84,982.38,9.09,46.78,74
04-01-2016 13:00,0.44,982.58,8.99,35.55,75.05
04-01-2016 14:00,0.21,982.55,9.35,59.2,79.47
04-01-2016 15:00,-0.53,982.68,7.02,70.67,86.03
04-01-2016 16:00,-0.71,982.57,5.11,79.85,84.65
04-01-2016 17:00,-0.76,982.49,4.21,94.2,81.68
04-01-2016 18:00,-1.19,982.24,4.68,99.37,75.01
04-01-2016 19:00,-1.38,981.85,5.74,125.08,67.8
04-01-2016 20:00,-1.92,981.57,3.99,89.57,66.78
04-01-2016 21:00,-1.76,981.32,5.72,102.98,63.15
04-01-2016 22:00,-1.54,980.95,7.54,113.53,58.63
04-01-2016 23:00,-0.9,980.58,7.99,97.93,54.73
05-01-2016 00:00,-0.02,980.07,7.45,96.24,54.42
05-01-2016 01:00,-0.11,979.54,8.96,95.9,52.37
05-01-2016 02:00,0.31,979.02,8.36,94.68,54.47
05-01-2016 03:00,0.49,978.56,10.23,54.93,56.35
05-01-2016 04:00,1.31,977.9,10.51,56.3,56.69
05-01-2016 05:00,2.1,977.24,8.6,80.18,50.4
05-01-2016 06:00,2.59,976.45,7.79,73.4,45.54
05-01-2016 07:00,3.25,975.46,4.28,81.83,41.01
05-01-2016 08:00,3.69,974.37,4.5,105.57,41.76
05-01-2016 09:00,3.35,973.3,5.26,33.82,43.25
05-01-2016 10:00,4.03,972.22,2.94,98.45,39.41
05-01-2016 11:00,4.2,971.37,6.08,94.77,40.77
05-01-2016 12:00,3.93,970.36,7.75,90.58,47.24
05-01-2016 13:00,3.64,969.61,7.32,95.63,48.3
05-01-2016 14:00,3.33,968.88,8.92,91.77,49.4
05-01-2016 15:00,2.62,968.32,10.77,78.35,55.72
05-01-2016 16:00,1.93,967.98,10.37,90.63,58.72
05-01-2016 17:00,1.42,967.64,9.96,88.58,57.68
05-01-2016 18:00,1.25,967.28,8.75,94.98,59.26
05-01-2016 19:00,1.1,966.83,11.05,84.65,59.49
05-01-2016 20:00,0.99,966.5,13.62,79.68,61.7
05-01-2016 21:00,0.78,966.18,14.52,83.75,61.55
05-01-2016 22:00,1.04,965.94,13.57,70.98,60.37
05-01-2016 23:00,1.1,965.86,16.54,63.72,60.12
06-01-2016 00:00,1.21,966.02,16.72,64.02,61.84
06-01-2016 01:00,1.36,965.93,16.12,70.43,62.54
06-01-2016 02:00,1.65,965.72,18.05,67.07,61.17
06-01-2016 03:00,1.7,965.9,14.4,55.12,63.48
06-01-2016 04:00,1.64,966.09,10.93,46,66.19
06-01-2016 05:00,1.58,966.2,8.36,52.35,70.19
06-01-2016 06:00,1.84,966.16,9.64,65.68,68.31
06-01-2016 07:00,2.12,965.98,8.78,88.08,66.94
06-01-2016 08:00,2.69,965.88,11.01,64.27,60.75
06-01-2016 09:00,2.62,965.73,8.03,69.93,64.73
06-01-2016 10:00,3.27,965.47,7.5,94.75,61.07
06-01-2016 11:00,4.3,965.3,7.85,97.13,51.64
06-01-2016 12:00,4.61,965.38,7.76,83.63,48.4
06-01-2016 13:00,3.96,965.67,9.23,70.17,55.8
06-01-2016 14:00,3.32,966.3,11.76,50.38,60.98
06-01-2016 15:00,1.77,967.11,9.4,54.75,80.83
06-01-2016 16:00,1.46,967.33,3.36,65.08,83.76
06-01-2016 17:00,1.81,967.71,3.19,115.17,74.78
06-01-2016 18:00,1.82,968.21,7.01,82.13,69.78
06-01-2016 19:00,1.39,968.38,10.86,83.23,65.76
06-01-2016 20:00,0.74,968.68,11.1,72.17,68.5
06-01-2016 21:00,0.7,968.95,14.53,74.58,73.3
06-01-2016 22:00,0.52,969.33,14.87,70.33,77.11
06-01-2016 23:00,0.39,969.82,15.25,65.37,82.7
07-01-2016 00:00,0.13,970.2,15.33,68.07,93.02
07-01-2016 01:00,0.15,970.38,18.35,55.8,94.31
07-01-2016 02:00,0.01,971.03,18.21,52.73,96
07-01-2016 03:00,0.09,971.67,17.99,52.03,96.5
07-01-2016 04:00,-0.02,972.19,17.57,55.47,97.25
07-01-2016 05:00,0.13,972.82,15.89,49.28,97.67
07-01-2016 06:00,-0.02,973.39,17.19,44.37,97.81
07-01-2016 07:00,0.31,973.97,14.56,49.7,98.01
07-01-2016 08:00,0.5,974.42,12.27,53.38,98.21
07-01-2016 09:00,0.56,974.79,11.31,57.22,98.3
07-01-2016 10:00,0.22,975.16,9.28,34.92,98.09
07-01-2016 11:00,0.34,975.47,7.38,45.88,95.09
07-01-2016 12:00,0.43,975.93,7.41,48.48,90.08
07-01-2016 13:00,0.66,976.34,6.71,65.65,87.83
07-01-2016 14:00,0.78,976.61,4.32,79.63,85.88
07-01-2016 15:00,0.45,976.88,2.81,40.43,87.96
07-01-2016 16:00,0.3,977.09,1.86,91.42,88.39
07-01-2016 17:00,0.11,977.53,2.13,210.67,88.4
07-01-2016 18:00,0.24,977.86,2.02,198.85,86.57
07-01-2016 19:00,0.4,978.26,1.95,123.63,86.92
07-01-2016 20:00,-0.13,978.56,5.65,108.52,77.56
07-01-2016 21:00,-0.25,978.76,6.04,101.87,73.62
07-01-2016 22:00,-0.34,979.09,8.39,104.97,67.99
07-01-2016 23:00,0.05,979.44,7.43,103.02,63.02
08-01-2016 00:00,0.67,979.61,6.21,94.49,62.64
08-01-2016 01:00,1.01,979.71,6.88,74.17,65.97
08-01-2016 02:00,1.33,979.97,7.84,62.55,68.04
08-01-2016 03:00,1.51,980.19,4.75,53.85,68.8
08-01-2016 04:00,2.05,980.21,2.37,233.77,67.12
08-01-2016 05:00,3.29,980.32,2.91,94.05,59.48
08-01-2016 06:00,2.82,980.38,5.9,25.88,57.08
08-01-2016 07:00,3.03,980.55,5.37,36.83,57.48
08-01-2016 08:00,2.83,980.58,3.94,331.68,61.48
08-01-2016 09:00,2.71,980.59,3.53,313.93,62.33
08-01-2016 10:00,3.06,980.7,3.44,275.78,61.84
08-01-2016 11:00,2.55,980.86,4.43,221.12,67.26
08-01-2016 12:00,2.17,980.96,5.46,211.25,65.81
08-01-2016 13:00,2.25,981.05,3.81,206.8,62.5
08-01-2016 14:00,1.6,981.06,4.75,202.2,61.85
08-01-2016 15:00,0.92,981.18,5.61,210.12,70.11
08-01-2016 16:00,0.34,981.41,3.84,195.32,74.06
08-01-2016 17:00,-0.26,981.68,2.31,149.98,73.91
08-01-2016 18:00,-1,981.94,1.94,67.23,64.81
08-01-2016 19:00,-2.2,982.28,1.42,57.17,64.78
08-01-2016 20:00,-2.31,982.74,2.22,57.93,64.78
08-01-2016 21:00,-2.29,983.02,3.75,90.37,62.74
08-01-2016 22:00,-1.2,983.32,5.42,109.47,56.23
08-01-2016 23:00,-0.69,983.73,6.58,101.88,51.83
09-01-2016 00:00,-0.47,983.95,8.58,94.76,50.77
09-01-2016 01:00,-0.23,984.33,8.11,94.38,51.49
09-01-2016 02:00,0.34,984.62,7.46,90,51.23
09-01-2016 03:00,0.54,984.88,7.6,55.6,51.92
09-01-2016 04:00,0.82,985.07,8.75,48,50.86
09-01-2016 05:00,0.84,985.4,7.88,28.95,54.55
09-01-2016 06:00,1.12,985.7,7.64,31,55.7
09-01-2016 07:00,1.49,986.19,6.73,57.87,63.3
09-01-2016 08:00,1.22,986.55,5.77,232.97,71.51
09-01-2016 09:00,0.96,986.88,5.44,248.78,73.71
09-01-2016 10:00,0.1,987.1,7.49,31.1,81.46
09-01-2016 11:00,0.32,987.1,6.72,30.9,80.05
09-01-2016 12:00,0.26,987.2,6.78,32.08,81.13
09-01-2016 13:00,0.4,987.33,5.41,40.93,79.26
09-01-2016 14:00,0.41,987.37,4.86,74.93,78.19
09-01-2016 15:00,0.45,987.4,5.67,96.18,75.48
09-01-2016 16:00,0.14,987.48,5.13,94.62,71.42
09-01-2016 17:00,-1.3,987.57,4.52,71.53,66.48
09-01-2016 18:00,-1.85,987.67,5.64,94.82,61.55
09-01-2016 19:00,-2.3,987.92,6.8,99.07,59.13
09-01-2016 20:00,-2.46,987.99,8.64,93.52,58.08
09-01-2016 21:00,-2.38,988.24,6.82,80.63,56.38
09-01-2016 22:00,-2.04,988.48,4.55,77.78,56.22
09-01-2016 23:00,-2.02,988.42,7.1,80.62,55.01
10-01-2016 00:00,-1.01,988.31,9.21,89.95,50.06
10-01-2016 01:00,-0.29,988.26,11.4,66.18,46.36
10-01-2016 02:00,-0.2,988.43,11.85,54.5,47.39
10-01-2016 03:00,0.09,988.37,10.65,52,49.49
10-01-2016 04:00,0.61,988.32,9.23,47.33,51.86
10-01-2016 05:00,0.77,988.42,8.93,34.6,50.63
10-01-2016 06:00,0.7,988.64,8.79,32.42,48.34
10-01-2016 07:00,0.85,988.6,9.61,31.7,46.47
10-01-2016 08:00,1.04,988.45,6.99,32.92,49.43
10-01-2016 09:00,1,988.3,6.89,33.12,44.67
10-01-2016 10:00,1.14,988.27,5.88,33.93,45.62
10-01-2016 11:00,1.17,988.09,3.98,222.98,46.56
10-01-2016 12:00,0.85,987.85,2.66,331.25,47.79
10-01-2016 13:00,0.74,987.6,2.36,325.95,47.79
10-01-2016 14:00,0.36,987.29,2.18,331.38,50
10-01-2016 15:00,0.14,987.09,2.3,277.68,51.57
10-01-2016 16:00,-0.29,986.91,3.8,201.43,56.81
10-01-2016 17:00,-0.7,986.69,3.79,202.2,59.74
10-01-2016 18:00,-0.97,986.65,2.01,166.12,55.36
10-01-2016 19:00,-1.69,986.57,2.06,66.02,57.72
10-01-2016 20:00,-1.89,986.49,4.41,85.6,52.17
10-01-2016 21:00,-1.94,986.29,7.5,94.13,48.33
10-01-2016 22:00,-1.96,986.07,8.85,95.95,47.59
10-01-2016 23:00,-1.76,985.93,7.99,96.73,48.5
11-01-2016 00:00,-1.36,985.88,5.16,92.22,49.7
11-01-2016 01:00,-0.45,985.53,5.91,66.4,47.31
11-01-2016 02:00,-0.05,985.17,7.69,61.78,47.77
11-01-2016 03:00,0.06,984.95,8.51,43.05,48.95
11-01-2016 04:00,-0.02,984.93,7.48,33.4,54.55
11-01-2016 05:00,0.55,985.05,6.77,55.83,53.92
11-01-2016 06:00,0.81,984.94,6.09,75.17,53.29
11-01-2016 07:00,0.88,985.02,6.39,71.13,53.2
11-01-2016 08:00,0.66,985.08,7.75,29.17,49.84
11-01-2016 09:00,0.81,985.04,9.3,42.28,45.22
11-01-2016 10:00,1.24,985.11,9.22,53.19,43.54
11-01-2016 11:00,1.23,985.34,8.78,53.77,43.8
11-01-2016 12:00,0.52,985.39,6.44,31.57,47.53
11-01-2016 13:00,0.72,985.34,3.24,32.48,46.37
11-01-2016 14:00,0.41,985.45,2.61,24.32,48.74
11-01-2016 15:00,0.41,985.55,1.82,131.77,47.64
11-01-2016 16:00,-0.39,985.63,7.25,101.45,56.35
11-01-2016 17:00,-1.3,985.82,9.44,94.27,56.79
11-01-2016 18:00,-1.48,986.34,11.61,68.88,52.44
11-01-2016 19:00,-1.89,986.61,14.9,70.58,51.16
11-01-2016 20:00,-2.33,986.89,16.99,77.48,49.55
11-01-2016 21:00,-2.58,987.26,17.5,77.18,48.43
11-01-2016 22:00,-2.58,987.45,18.48,77.62,46.78
11-01-2016 23:00,-2.68,987.78,18.81,76.5,46.09
12-01-2016 00:00,-2.57,988.21,18.02,76.2,45.72
12-01-2016 01:00,-2.32,988.49,17.66,75.42,45.88
12-01-2016 02:00,-1.82,988.72,16.81,67.65,46.69
12-01-2016 03:00,-1.21,988.66,16.41,67.05,45.93
12-01-2016 04:00,-0.58,988.78,15.58,56.95,46.56
12-01-2016 05:00,0.13,988.8,13.26,60.15,45.42
12-01-2016 06:00,0.4,988.47,11.7,54.5,42.88
12-01-2016 07:00,0.65,988.19,9.26,46.83,42.16
12-01-2016 08:00,0.74,988.04,7.63,46.45,41.29
12-01-2016 09:00,0.89,988.14,5.53,108.72,42.04
12-01-2016 10:00,0.97,987.95,4.21,321.2,52.29
12-01-2016 11:00,0.47,987.98,4.42,296.02,51.3
12-01-2016 12:00,0.64,988.15,2.93,313.47,47.83
12-01-2016 13:00,0.36,988.39,3.72,168.8,46.94
12-01-2016 14:00,-0.15,988.62,4.17,51.6,48.72
12-01-2016 15:00,-0.45,988.83,6.31,109.4,54.3
12-01-2016 16:00,-1.29,989.06,7.41,94.63,56.25
12-01-2016 17:00,-2.27,989.33,10.53,88.85,57.75
12-01-2016 18:00,-3,989.45,17.36,89.98,52.86
12-01-2016 19:00,-3.83,989.5,18.89,89.42,50.2
12-01-2016 20:00,-4.25,989.48,16.83,90.4,50.6
12-01-2016 21:00,-4.68,989.26,18.53,91.58,50.11
12-01-2016 22:00,-4.78,989.16,18.79,91.13,48.67
12-01-2016 23:00,-4.02,988.81,16.84,87.87,45.87
13-01-2016 00:00,-3.05,988.55,16.01,79.51,43.2
13-01-2016 01:00,-2.49,988.34,14.78,80.22,42.81
13-01-2016 02:00,-1.96,987.87,15.42,79.68,41.71
13-01-2016 03:00,-1.14,987.4,15.39,68.28,40.27
13-01-2016 04:00,-0.6,986.82,15.75,58.88,40.14
13-01-2016 05:00,-0.34,986.01,16.99,56.33,40.82
13-01-2016 06:00,0.08,985.25,15.13,53.98,41.34
13-01-2016 07:00,0.36,984.58,15.55,56.65,41.76
13-01-2016 08:00,0.29,983.96,13.1,44.57,43.68
13-01-2016 09:00,-0.06,983.46,11.2,31.78,44.77
13-01-2016 10:00,0.12,982.77,8.4,29.72,48.21
13-01-2016 11:00,0.35,982.2,9.56,44.4,48.16
13-01-2016 12:00,0.1,981.74,7.8,40.88,44.08
13-01-2016 13:00,0,981.29,5.58,69.48,45.54
13-01-2016 14:00,-0.67,980.64,7.93,95.97,53.23
13-01-2016 15:00,-1.99,980.19,8.66,98.85,56.14
13-01-2016 16:00,-2.62,979.72,9.92,97.42,54.84
13-01-2016 17:00,-2.45,979.45,11.46,81.75,49.2
13-01-2016 18:00,-2.73,979.15,13.52,85.02,50.08
13-01-2016 19:00,-2.62,978.89,15.66,80.12,47.44
13-01-2016 20:00,-2.65,978.7,13.77,79.38,48.4
13-01-2016 21:00,-2.41,978.47,12.99,77.4,49.11
13-01-2016 22:00,-2.14,978.45,12.8,77.87,49.69
13-01-2016 23:00,-2.09,978.45,14.65,79,48.24
14-01-2016 00:00,-2.19,978.39,15.4,75.37,46.92
14-01-2016 01:00,-2.15,978.3,12.49,84.42,49.17
14-01-2016 02:00,-1.48,978.18,11.04,79.63,49.56
14-01-2016 03:00,-0.85,978.23,10.46,65.75,51.29
14-01-2016 04:00,-0.44,978.32,9.3,51.27,52.91
14-01-2016 05:00,-0.22,978.39,8.7,45.4,54.03
14-01-2016 06:00,0.04,978.59,8.69,50.15,53.05
14-01-2016 07:00,0.38,978.77,7.91,49,50.96
14-01-2016 08:00,0.56,978.91,6.14,25.57,47.7
14-01-2016 09:00,1.01,978.9,4.88,249.08,49.2
14-01-2016 10:00,0.99,978.99,4.3,342.93,50.92
14-01-2016 11:00,1.34,979.23,2.81,323.37,52.49
14-01-2016 12:00,1.11,979.34,2.35,323.3,49.74
14-01-2016 13:00,1.01,979.43,2.06,275.33,49.42
14-01-2016 14:00,0.44,979.46,3.87,208.5,55.29
14-01-2016 15:00,0.88,979.49,3.11,213.92,51.89
14-01-2016 16:00,0.18,979.57,2.38,118.97,57.45
14-01-2016 17:00,-0.28,979.72,2.08,123.58,58.24
14-01-2016 18:00,-0.56,979.87,1.86,130.75,59.13
14-01-2016 19:00,-1.01,980.04,1.26,200.15,63.46
14-01-2016 20:00,-1.19,980.21,0.98,136.58,63.64
14-01-2016 21:00,-1.3,980.43,0.81,178.83,64.94
14-01-2016 22:00,-1.15,980.73,0.7,263.1,63.01
14-01-2016 23:00,-0.92,980.94,1.08,177.93,63.54
15-01-2016 00:00,-1.19,981.11,1.28,269.75,68.88
15-01-2016 01:00,-0.89,981.17,1.8,259.03,68.22
15-01-2016 02:00,-0.28,981.15,1.81,110.37,64.17
15-01-2016 03:00,-0.2,981.2,2.39,261.87,65.71
15-01-2016 04:00,-0.98,981.37,5.1,257.37,75.49
15-01-2016 05:00,-1.07,981.47,6.04,212.8,76.53
15-01-2016 06:00,-0.85,981.67,4.99,226.97,75.54
15-01-2016 07:00,-1.16,981.98,7.03,234.77,68.17
15-01-2016 08:00,-1.4,982.25,5.69,227.62,62.46
15-01-2016 09:00,-1.21,982.39,5.41,225.72,67.36
15-01-2016 10:00,-1,982.45,4.14,217.92,70.66
15-01-2016 11:00,-0.04,982.61,3.48,225.08,66.86
15-01-2016 12:00,0.13,982.62,3.1,259.38,66.37
15-01-2016 13:00,-1.06,982.63,3.06,331.32,71.1
15-01-2016 14:00,-1.53,982.78,2.85,261.22,69.41
15-01-2016 15:00,-1.66,982.66,2.66,182.73,68.84
15-01-2016 16:00,-2.62,982.57,6.72,84.47,71.52
15-01-2016 17:00,-3.23,982.47,8.29,96.88,66.21
15-01-2016 18:00,-3.15,982.44,8.08,96.32,60.49
15-01-2016 19:00,-2.85,982.35,7.3,95.98,57.75
15-01-2016 20:00,-2.69,982.03,7.05,97.05,59.92
15-01-2016 21:00,-3.35,981.72,8.29,95.95,65.67
15-01-2016 22:00,-3.04,981.07,8.68,96.87,66.86
15-01-2016 23:00,-2.26,980.41,7.74,90.05,68.01
16-01-2016 00:00,-1.27,979.76,7.99,77.29,60.99
16-01-2016 01:00,-1.43,979.08,10.72,83.53,55.16
16-01-2016 02:00,-2.1,978.27,15.77,90.18,51.98
16-01-2016 03:00,-1.53,977.25,13.78,82.35,50.47
16-01-2016 04:00,-0.64,976.14,13.99,64.75,49.97
16-01-2016 05:00,-0.78,975.27,14.29,60.3,52.4
16-01-2016 06:00,-0.49,974.38,11.35,47.82,57.01
16-01-2016 07:00,-0.17,973.6,9.45,41.63,56.79
16-01-2016 08:00,0.02,972.9,7.88,30.38,55.87
16-01-2016 09:00,0.31,972.48,4.54,210.48,53.89
16-01-2016 10:00,0.71,972.06,3.04,318.7,50.75
16-01-2016 11:00,0.81,971.8,2.9,271.35,49.6
16-01-2016 12:00,0.29,971.71,4.49,200.55,53.59
16-01-2016 13:00,-0.02,971.65,3.33,170.08,59.91
16-01-2016 14:00,-0.21,971.31,3.92,101.05,65.57
16-01-2016 15:00,-0.04,970.94,3.9,146.15,67.27
16-01-2016 16:00,0.34,970.87,8.35,66.82,65.25
16-01-2016 17:00,-0.18,971.23,7.88,60.57,70.83
16-01-2016 18:00,-0.49,971.78,5.18,53.68,72.2
16-01-2016 19:00,-0.72,972.31,2.83,108.07,74.85
16-01-2016 20:00,-1.07,972.72,1.51,211.97,75.1
16-01-2016 21:00,-1.04,973.14,1.57,169.08,65.95
16-01-2016 22:00,-0.89,973.61,2.77,132.27,61.74
16-01-2016 23:00,-0.18,974.11,7.33,73.25,54.9
17-01-2016 00:00,-0.1,974.6,10.73,79.54,51.34
17-01-2016 01:00,0.48,974.95,11.99,73.85,50.12
17-01-2016 02:00,0.69,975.34,12.49,61.07,53.08
17-01-2016 03:00,1.14,975.86,11.14,58.95,55.17
17-01-2016 04:00,1.46,976.42,12.32,56.35,54.24
17-01-2016 05:00,1.47,977.17,10.15,52.42,53.3
17-01-2016 06:00,1.76,977.84,6.79,118.45,56.12
17-01-2016 07:00,1.96,978.47,5.11,188.37,59.02
17-01-2016 08:00,1.87,978.92,4.04,327.58,59.53
17-01-2016 09:00,1.95,979.42,3.77,154.28,56.04
17-01-2016 10:00,1.83,979.95,3.4,307.22,58.91
17-01-2016 11:00,1.67,980.52,3.35,275.63,58.98
17-01-2016 12:00,1.41,980.81,3.84,222,59.59
17-01-2016 13:00,1.59,981.05,2.56,219.95,58.83
17-01-2016 14:00,1.48,981.42,2.48,216.4,59.51
17-01-2016 15:00,1.04,981.71,2.51,242.97,63.91
17-01-2016 16:00,0.97,981.91,1.54,250.12,64.66
17-01-2016 17:00,0.64,982.33,2,90.13,66.47
17-01-2016 18:00,0.41,982.59,3.3,60.77,70.42
17-01-2016 19:00,0.12,982.95,3.37,117.72,73.85
17-01-2016 20:00,-1.01,983.41,3.17,269.42,83.66
17-01-2016 21:00,-1.44,983.89,2.73,283.63,86.39
17-01-2016 22:00,-2.03,984.08,2.44,266.58,83.16
17-01-2016 23:00,-1.73,984.31,4.91,81.05,85.7
18-01-2016 00:00,-1.49,984.36,8.07,90.46,86.62
18-01-2016 01:00,-0.88,984.2,9.45,92.33,80.2
18-01-2016 02:00,-0.25,984.04,10.61,63.47,77.44
18-01-2016 03:00,0.03,983.69,13.2,57.85,74.39
18-01-2016 04:00,0.08,983.64,14.7,55.23,76.84
18-01-2016 05:00,0.79,983.44,16.19,53.17,74.38
18-01-2016 06:00,-0.01,983.56,13.32,49,79.86
18-01-2016 07:00,0.5,983.29,13.84,43.15,73.28
18-01-2016 08:00,1.2,982.95,16.91,41.73,67.11
18-01-2016 09:00,0.74,982.48,17.36,45.42,69.55
18-01-2016 10:00,0.81,982.03,17.93,44.45,73
18-01-2016 11:00,0.5,981.59,17.02,46.17,75.14
18-01-2016 12:00,0.24,981.37,15.06,50.58,75.29
18-01-2016 13:00,-0.64,981.14,18.35,50.95,83.92
18-01-2016 14:00,-1.78,980.64,19.35,58.23,91.3
18-01-2016 15:00,-1.58,980.08,18.62,57.05,86.43
18-01-2016 16:00,-1.58,979.45,16.62,61.02,76.42
18-01-2016 17:00,-1.57,979.08,15.94,62.33,72.9
18-01-2016 18:00,-1.73,978.88,15.82,64.52,72.32
18-01-2016 19:00,-1.79,978.84,16.75,60.83,70.46
18-01-2016 20:00,-1.97,978.58,17.43,61.78,75.23
18-01-2016 21:00,-2.43,978.43,16.28,73.5,86.01
18-01-2016 22:00,-1.73,978.33,15.36,67.82,78.34
18-01-2016 23:00,-1.4,978.26,13.62,73.88,70.97
19-01-2016 00:00,-1.3,978.31,13.44,77.39,70.08
19-01-2016 01:00,-1.29,978.32,14.66,74.25,71.07
19-01-2016 02:00,-1.47,978.42,15.23,69.35,83.18
19-01-2016 03:00,-0.39,978.86,14.14,57.55,75.69
19-01-2016 04:00,-0.33,979.22,14.59,53.25,79.78
19-01-2016 05:00,-0.33,979.8,12.58,50.55,85.63
19-01-2016 06:00,0.02,980.38,12.44,52.72,86.34
19-01-2016 07:00,0.64,980.91,12.32,42.47,77.68
19-01-2016 08:00,0.58,981.37,12.99,40.68,77.57
19-01-2016 09:00,0.39,981.95,12.27,38.78,78.58
19-01-2016 10:00,0.74,982.44,11.88,47.1,76.34
19-01-2016 11:00,0.83,982.84,11.7,46.07,75.77
19-01-2016 12:00,0.47,983.41,12.29,39.03,77.31
19-01-2016 13:00,0.38,983.75,11.29,43.5,77.69
19-01-2016 14:00,0.34,983.94,9.96,41.52,79.04
19-01-2016 15:00,0.14,983.83,10.96,44.27,79.79
19-01-2016 16:00,-0.28,984.28,11.37,54.87,82.47
19-01-2016 17:00,-0.47,984.74,11.84,62.15,82.86
19-01-2016 18:00,-0.53,985.08,11.09,60.2,82.43
19-01-2016 19:00,-0.34,985.27,11.46,65.17,81.39
19-01-2016 20:00,-0.21,985.48,11.12,56.92,76.94
19-01-2016 21:00,-0.36,985.58,13.3,58.35,64.59
19-01-2016 22:00,-0.48,985.48,13.84,59.37,62.4
19-01-2016 23:00,-0.76,985.57,13.83,61.41,64.81
20-01-2016 00:00,-1.2,985.87,13.4,62.22,75.05
20-01-2016 01:00,-1.07,985.7,14.52,68.7,78.14
20-01-2016 02:00,-1.27,985.59,14.27,68.48,87.68
20-01-2016 03:00,-1.15,985.45,15.49,69.6,89.5
20-01-2016 04:00,-0.86,985.42,14.74,62.7,91.31
20-01-2016 05:00,-0.18,985.5,15.39,54.23,79.27
20-01-2016 06:00,0.06,985.66,15.04,54.75,78.23
20-01-2016 07:00,0.38,985.87,12.8,56.32,77.42
20-01-2016 08:00,0.49,985.85,11.81,37.27,74.67
20-01-2016 09:00,0.44,985.65,11.81,34.7,77.66
20-01-2016 10:00,0.21,985.65,9.52,30.03,80.58
20-01-2016 11:00,0.27,985.55,6.54,30.87,80.02
20-01-2016 12:00,0.5,985.12,5.55,34.7,75.43
20-01-2016 13:00,0.49,984.93,3.66,24.82,74.57
20-01-2016 14:00,0.26,984.69,2.58,76.75,76.29
20-01-2016 15:00,0.25,984.29,2.95,204.73,73.89
20-01-2016 16:00,-0.86,984.02,1.64,123.57,67.54
20-01-2016 17:00,-2.09,983.86,3.79,125.53,64.58
20-01-2016 18:00,-2.58,983.69,6.19,128.52,61.4
20-01-2016 19:00,-3.17,983.4,8.7,126.02,58.83
20-01-2016 20:00,-3.87,982.94,9.89,128.27,58.27
20-01-2016 21:00,-4.19,982.45,10.27,127.67,55.22
20-01-2016 22:00,-3.7,981.94,11.18,121.25,48.35
20-01-2016 23:00,-3,981.49,9.39,106.38,43.11
21-01-2016 00:00,-2.32,980.84,9.4,98.02,40.35
21-01-2016 01:00,-2.28,980.28,10.32,94.3,43.51
21-01-2016 02:00,-1.56,979.63,9.98,88.03,44.74
21-01-2016 03:00,-0.71,979.1,9.16,54.55,43.45
21-01-2016 04:00,-0.46,978.66,12.68,48.15,45.13
21-01-2016 05:00,-0.32,978.2,11.1,35.73,46.72
21-01-2016 06:00,-0.29,977.79,9.12,31.45,47.44
21-01-2016 07:00,-0.16,977.39,8.69,30.02,49.25
21-01-2016 08:00,0.04,976.8,9.94,30.62,50.52
21-01-2016 09:00,0.28,976.22,9.04,29.77,51.05
21-01-2016 10:00,0.45,975.84,8.62,29.93,48.74
21-01-2016 11:00,0.49,975.41,7.53,27.35,48.93
21-01-2016 12:00,0.73,975.1,5.21,54.58,49.19
21-01-2016 13:00,0.99,974.6,6.49,94.47,44
21-01-2016 14:00,0.9,974.12,4.59,107.1,40.67
21-01-2016 15:00,0.28,973.84,5.72,125.63,48
21-01-2016 16:00,-0.55,973.61,7.44,106.15,51.5
21-01-2016 17:00,-1.53,973.52,10.88,93.45,52.5
21-01-2016 18:00,-1.75,973.61,11.43,93.82,52.15
21-01-2016 19:00,-2.14,973.52,14.07,92.73,50.92
21-01-2016 20:00,-2.33,973.61,15.86,91.08,49.88
21-01-2016 21:00,-2.29,973.72,14.76,89.65,50.59
21-01-2016 22:00,-1.92,973.9,13.98,90.6,50.17
21-01-2016 23:00,-1.81,974.14,12.55,91.1,50.52
22-01-2016 00:00,-1.27,974.36,12.36,87.51,47.18
22-01-2016 01:00,-0.74,974.6,11.9,81.93,45.85
22-01-2016 02:00,-0.57,974.68,11.49,87.22,48.82
22-01-2016 03:00,0.18,974.78,10.98,75.65,47.66
22-01-2016 04:00,0.99,974.98,10.58,61.1,44.72
22-01-2016 05:00,1.34,975.16,8.78,59.92,43.86
22-01-2016 06:00,1.44,975.09,8.7,46.7,53.65
22-01-2016 07:00,1.67,975.03,10.05,49.27,56.34
22-01-2016 08:00,1.91,974.99,10.66,54.4,55.16
22-01-2016 09:00,1.8,975.06,8.25,39.45,59.51
22-01-2016 10:00,1.78,975.02,7.45,45.02,61.09
22-01-2016 11:00,2.16,975.02,8.63,60.65,61.71
22-01-2016 12:00,1.84,974.97,8.95,60.27,65.62
22-01-2016 13:00,1.75,974.84,7.26,54.18,67.35
22-01-2016 14:00,1.56,974.63,5.39,64.32,66.86
22-01-2016 15:00,1.6,974.52,5.81,79.87,64.94
22-01-2016 16:00,1.35,974.46,11.69,72.68,66.02
22-01-2016 17:00,1.15,974.26,17.27,66.43,66.33
22-01-2016 18:00,0.74,974.24,18.12,66.7,70
22-01-2016 19:00,0.12,974.28,19.58,69.15,77.06
22-01-2016 20:00,0.29,974.3,16.35,62.5,75.62
22-01-2016 21:00,0.16,974.47,15.11,60.07,76.91
22-01-2016 22:00,0,974.58,15.4,64.4,77.64
22-01-2016 23:00,0.09,974.71,15.45,61.98,72.19
23-01-2016 00:00,0.17,974.92,15.18,57.02,67.51
23-01-2016 01:00,0,975.14,15.41,62.8,67.8
23-01-2016 02:00,0.07,975.25,14.63,63.65,63.13
23-01-2016 03:00,0.32,975.3,14.15,59.77,61.92
23-01-2016 04:00,0.76,975.24,16,67.2,62.72
23-01-2016 05:00,1.29,975.11,15.22,61.83,61.08
23-01-2016 06:00,1.56,974.99,12.43,57.97,62.1
23-01-2016 07:00,1.6,974.94,8.08,42.5,61.92
23-01-2016 08:00,1.72,974.82,4.33,275.67,63.88
23-01-2016 09:00,2.08,974.73,3.2,294.82,64.55
23-01-2016 10:00,2.4,974.62,2.85,271.12,64.36
23-01-2016 11:00,2.78,974.65,2.79,308.5,59.16
23-01-2016 12:00,2.52,974.78,3.87,232.18,61.52
23-01-2016 13:00,1.89,974.87,4.37,209.18,66.74
23-01-2016 14:00,1.68,975.08,3.09,207.8,65.87
23-01-2016 15:00,0.68,975.15,3.09,261.02,73.73
23-01-2016 16:00,0.47,975.32,4.29,156.5,74.44
23-01-2016 17:00,0.22,975.64,6.43,53.52,75.26
23-01-2016 18:00,0.07,975.81,6.84,75.37,77.1
23-01-2016 19:00,0.14,976.04,4.12,94.87,71.66
23-01-2016 20:00,0.38,976.28,2.51,84.97,68.09
23-01-2016 21:00,0.42,976.39,4.86,75.28,67.66
23-01-2016 22:00,0.44,976.51,6.86,76.13,64.07
23-01-2016 23:00,0.52,976.67,11.54,73.97,55.2
24-01-2016 00:00,0.21,976.74,14.07,82.83,52.08
24-01-2016 01:00,0.34,976.81,14.11,74.73,49.27
24-01-2016 02:00,0.52,976.62,14.19,76.8,50.45
24-01-2016 03:00,1.43,976.74,11.27,67.18,48.26
24-01-2016 04:00,1.41,976.62,9.04,49.73,51.51
24-01-2016 05:00,1.78,976.7,5.37,64.65,53.73
24-01-2016 06:00,2.09,976.63,3.63,338.02,53.49
24-01-2016 07:00,2.27,976.63,3.46,336.47,54.17
24-01-2016 08:00,2.55,976.5,3.67,325.05,53.49
24-01-2016 09:00,2.5,976.4,3.85,322.47,54.56
24-01-2016 10:00,2.26,976.39,4.12,304.58,55.46
24-01-2016 11:00,1.99,976.43,6.42,229.35,54.17
24-01-2016 12:00,1.7,976.38,6.53,231.85,55.22
24-01-2016 13:00,1.71,976.36,4.9,220.1,57.18
24-01-2016 14:00,1.1,976.31,4.92,209.37,62.49
24-01-2016 15:00,0.79,976.09,5.79,215.73,62.84
24-01-2016 16:00,0.97,976.04,4.28,201.57,64.48
24-01-2016 17:00,1.48,976.11,3.57,71.78,63.71
24-01-2016 18:00,1.16,976.09,5.77,50.93,71.71
24-01-2016 19:00,0.5,976.17,7.66,56.25,71.93
24-01-2016 20:00,0.42,976.3,9.98,57.72,76.65
24-01-2016 21:00,-0.04,976.52,10.78,55.37,86.26
24-01-2016 22:00,-0.11,976.5,12.55,54.53,87.23
24-01-2016 23:00,0.12,976.67,11.83,53.53,86.3
25-01-2016 00:00,0.02,976.92,9.93,56.37,89.94
25-01-2016 01:00,0.09,977.04,9.75,54.32,93.2
25-01-2016 02:00,0.42,977.18,8.78,65.5,91.31
25-01-2016 03:00,0.35,977.24,9.31,58.7,89.06
25-01-2016 04:00,1.55,977.01,11.22,58.87,70.04
25-01-2016 05:00,1.85,977.02,12.38,56.93,61.71
25-01-2016 06:00,2.39,977.1,11.19,49.68,59.14
25-01-2016 07:00,2.11,977.07,9.86,31.18,62.46
25-01-2016 08:00,1.93,976.91,7.51,31.35,67.17
25-01-2016 09:00,2.29,976.73,4.81,57.03,67.59
25-01-2016 10:00,2.33,976.48,4.25,237.6,64.12
25-01-2016 11:00,1.99,976.25,3,331.25,62.65
25-01-2016 12:00,1.67,976.04,4.12,243.75,65.32
25-01-2016 13:00,1.23,975.73,7.11,207.32,71.87
25-01-2016 14:00,1.59,975.48,5.04,231.85,70.11
25-01-2016 15:00,1.04,975.26,4.88,236.85,73.08
25-01-2016 16:00,0.44,975.13,4.78,209.63,78.24
25-01-2016 17:00,0.22,975,4.62,204.47,79.92
25-01-2016 18:00,0.05,974.86,5.62,202.55,82.1
25-01-2016 19:00,0.42,974.91,6.53,122.55,72.17
25-01-2016 20:00,0.34,975.06,13.27,67.63,58.86
25-01-2016 21:00,-0.28,975.16,13.89,62.78,64.13
25-01-2016 22:00,-0.3,975.09,16.23,64.98,64.16
25-01-2016 23:00,-0.48,975.21,17.64,67.07,64.13
26-01-2016 00:00,-0.45,975.29,16.81,69.85,65.35
26-01-2016 01:00,-0.24,975.46,17.06,64.87,65.72
26-01-2016 02:00,-0.15,975.53,15.88,70.25,65.74
26-01-2016 03:00,0.6,975.37,17.14,66.37,61.54
26-01-2016 04:00,0.36,975.55,19.24,58.45,68.48
26-01-2016 05:00,0.26,975.66,18.92,58.43,73.62
26-01-2016 06:00,0.73,975.75,20.23,57.37,74.82
26-01-2016 07:00,0.84,975.87,20.44,56.05,76.7
26-01-2016 08:00,0.59,976.03,19.07,55.3,80.4
26-01-2016 09:00,0.61,976.21,16.99,53.15,81.01
26-01-2016 10:00,0.55,976.35,16.05,55.37,80.34
26-01-2016 11:00,0.91,976.3,16.77,52.98,74.42
26-01-2016 12:00,0.82,976.28,16.62,52.62,72.42
26-01-2016 13:00,0.5,976.39,13.29,53.12,74.24
26-01-2016 14:00,0.57,976.47,9.93,63.47,71.61
26-01-2016 15:00,0.86,976.3,9.27,59.85,66.93
26-01-2016 16:00,0.53,976.43,6.76,53.52,65.85
26-01-2016 17:00,0.03,976.54,6.72,88.87,64.38
26-01-2016 18:00,-0.7,976.55,9.7,97.37,62.44
26-01-2016 19:00,-0.76,976.51,8.2,91.03,58.76
26-01-2016 20:00,-0.56,976.49,8.97,88.25,55.11
26-01-2016 21:00,-0.64,976.41,13.34,85.9,52.3
26-01-2016 22:00,-0.75,976.6,15.79,79.85,48.65
26-01-2016 23:00,-1.44,976.93,16.16,82.45,48.54
27-01-2016 00:00,-1.46,977.24,15.46,83.55,47.78
27-01-2016 01:00,-1.45,977.6,16.11,86.78,47.38
27-01-2016 02:00,-1.6,977.58,15.47,86.35,47.63
27-01-2016 03:00,-1.44,977.44,15.38,90.2,49.66
27-01-2016 04:00,-0.69,977.35,16.02,88.62,49.38
27-01-2016 05:00,-0.16,977.05,15.62,89.03,48.35
27-01-2016 06:00,0.77,976.63,14.76,80.53,43.1
27-01-2016 07:00,1.2,976.2,15.11,71.63,40.79
27-01-2016 08:00,1.16,976.01,12.57,45.95,44.76
27-01-2016 09:00,1.05,975.96,7.33,32.35,45.73
27-01-2016 10:00,1.86,975.8,3.27,293.35,42.64
27-01-2016 11:00,1.71,975.62,4.57,228.53,45.53
27-01-2016 12:00,1.17,975.63,6.94,219.55,45.88
27-01-2016 13:00,1.05,975.61,5.13,211.6,49.58
27-01-2016 14:00,0.94,975.59,5.11,101.75,55.05
27-01-2016 15:00,0.61,975.65,5.7,95.65,53.75
27-01-2016 16:00,-0.59,975.64,10.53,94.9,55.92
27-01-2016 17:00,-0.99,976.01,14.43,90.87,53.07
27-01-2016 18:00,-1.68,976.43,16.41,89.52,53.4
27-01-2016 19:00,-2.14,976.87,16.74,87.4,53.71
27-01-2016 20:00,-2.53,977.23,16.06,91.17,54.45
27-01-2016 21:00,-2.93,977.59,16.41,92.33,54.12
27-01-2016 22:00,-2.76,978.01,14.62,93.05,53.71
27-01-2016 23:00,-2.46,978.49,13.8,94.53,52.43
28-01-2016 00:00,-2.23,978.66,17.21,89.65,48.11
28-01-2016 01:00,-1.68,978.96,15.74,89.55,47.34
28-01-2016 02:00,-1.11,979.09,14.41,89.65,47.6
28-01-2016 03:00,-0.1,979.06,12.12,83.88,45.29
28-01-2016 04:00,0.59,978.95,12.12,66.52,44.01
28-01-2016 05:00,0.96,978.98,11.68,56.77,44.66
28-01-2016 06:00,0.8,979.33,10.06,31.05,47.99
28-01-2016 07:00,1.32,979.55,8.47,44.6,47.49
28-01-2016 08:00,1.08,979.71,8.29,31.72,52.94
28-01-2016 09:00,1.14,979.92,7.96,32.37,52.56
28-01-2016 10:00,1.31,980.04,7.4,34.62,50.52
28-01-2016 11:00,1.2,980.34,6.44,33.93,52.58
28-01-2016 12:00,1.16,980.39,5.66,36.05,56.05
28-01-2016 13:00,1.19,980.39,4.1,54.62,53.69
28-01-2016 14:00,0.94,980.38,3.83,91.78,53.79
28-01-2016 15:00,0.31,980.53,5.28,95.12,53.27
28-01-2016 16:00,-0.52,980.5,5.39,121.28,53.38
28-01-2016 17:00,-1.3,980.79,3.49,129.73,54.49
28-01-2016 18:00,-1.84,981.17,2.13,140.27,55.32
28-01-2016 19:00,-2.5,981.59,2.71,140.18,55.69
28-01-2016 20:00,-3.11,982.1,2.67,109,57.45
28-01-2016 21:00,-3.5,982.55,4.3,141.55,56.54
28-01-2016 22:00,-3.62,982.97,7.03,133.67,55.18
28-01-2016 23:00,-3.21,983.48,7.32,128.1,52.77
29-01-2016 00:00,-2.95,984.17,6.58,129.37,53.36
29-01-2016 01:00,-2.23,984.72,7.67,106.48,49.03
29-01-2016 02:00,-1.2,985.1,7.09,92.62,45.23
29-01-2016 03:00,-0.83,985.58,7.72,95.98,45.22
29-01-2016 04:00,-0.2,985.97,6.05,75.4,45.65
29-01-2016 05:00,0.04,986.7,4.88,107.78,49.35
29-01-2016 06:00,0.55,987.29,4.34,241.37,48.52
29-01-2016 07:00,0.66,987.78,3.83,268.23,49.35
29-01-2016 08:00,0.96,987.75,4.55,87.97,47.81
29-01-2016 09:00,0.57,987.77,7.42,23.62,52.82
29-01-2016 10:00,0.64,987.97,5.77,57.6,57.1
29-01-2016 11:00,0.53,988.14,6.09,38.67,61.32
29-01-2016 12:00,0.46,987.91,7.06,51.28,61.9
29-01-2016 13:00,0.18,987.6,7,36.85,65.79
29-01-2016 14:00,0.17,987.21,7.41,47.7,67.63
29-01-2016 15:00,0.1,986.82,7.72,62.15,68.13
29-01-2016 16:00,0.12,986.47,8.95,53.23,66.77
29-01-2016 17:00,0.62,985.62,13.8,52.2,61.45
29-01-2016 18:00,1.07,984.9,18.78,57.27,51.25
29-01-2016 19:00,0.61,984.11,17.36,53.57,60.52
29-01-2016 20:00,0.4,983.68,20.33,39.02,63.8
29-01-2016 21:00,-1.37,982.99,21.6,39.85,91.99
29-01-2016 22:00,-1.45,981.88,24.01,51.83,95.82
29-01-2016 23:00,-1.36,980.62,26.15,55,96.41
30-01-2016 00:00,-0.88,979.78,24.91,49.2,96.89
30-01-2016 01:00,-0.91,978.62,30.1,52.73,97.12
30-01-2016 02:00,-0.78,977.95,28.65,52.4,97.29
30-01-2016 03:00,-0.48,977.5,25.62,48.13,97.52
30-01-2016 04:00,-0.54,976.97,28.49,52.72,97.69
30-01-2016 05:00,-0.44,977.08,27.83,42.93,97.74
30-01-2016 06:00,-0.43,977.31,25.2,39.98,97.82
30-01-2016 07:00,-0.54,977.27,33.69,38.93,97.83
30-01-2016 08:00,-0.6,977.73,30.66,39.95,97.81
30-01-2016 09:00,-0.82,977.96,29.65,40.07,97.73
30-01-2016 10:00,-0.78,978.21,26.69,41.83,97.67
30-01-2016 11:00,-0.75,978.48,23.53,45.66,97.7
30-01-2016 12:00,-0.85,978.76,25.39,45.83,97.64
30-01-2016 13:00,-0.85,978.99,25.51,46.05,97.61
30-01-2016 14:00,-0.76,979.24,24.93,45.5,97.68
30-01-2016 15:00,-0.76,979.58,24.03,45.98,97.7
30-01-2016 16:00,-0.86,979.96,24.36,46.12,97.71
30-01-2016 17:00,-0.87,980.38,24.2,43.6,97.7
30-01-2016 18:00,-0.88,980.73,23.61,43.85,97.7
30-01-2016 19:00,-0.88,981.16,23.98,43.33,97.7
30-01-2016 20:00,-0.87,981.65,21.18,42.67,97.7
30-01-2016 21:00,-0.79,982.2,15.96,40.27,97.76
30-01-2016 22:00,-0.8,982.36,15.09,40.3,97.8
30-01-2016 23:00,-0.86,982.6,13.89,40.72,97.79
31-01-2016 00:00,-0.83,982.73,15.69,56.1,97.8
31-01-2016 01:00,-0.95,982.9,16.59,54.67,97.77
31-01-2016 02:00,-1,982.88,15.31,52.63,97.7
31-01-2016 03:00,-0.91,982.8,13.68,51.63,97.7
31-01-2016 04:00,-0.82,982.84,10.57,40.35,97.76
31-01-2016 05:00,-0.48,982.9,7.77,34.03,97.87
31-01-2016 06:00,-0.25,982.9,6.63,36.1,98.02
31-01-2016 07:00,-0.34,982.77,6.88,42.82,98.08
31-01-2016 08:00,-0.07,982.55,3.98,149.55,98.19
31-01-2016 09:00,0.3,982.3,4.31,288.3,98.41
31-01-2016 10:00,0.37,982,3.57,251.67,98.51
31-01-2016 11:00,0.27,981.54,5.47,215.93,98.5
31-01-2016 12:00,-0.44,981.11,7.34,218.95,98.47
31-01-2016 13:00,-0.76,980.72,7,217.97,98.31
31-01-2016 14:00,-1.33,980.48,7.04,206.4,97.95
31-01-2016 15:00,-2.55,980.07,6.82,205.5,96.79
31-01-2016 16:00,-3.6,979.82,4.75,112.87,94.98
31-01-2016 17:00,-3.9,979.54,6.3,101.75,93.2
31-01-2016 18:00,-4.03,979.41,6.71,111.78,92.53
31-01-2016 19:00,-4.62,979.27,6.06,102.27,93.01
31-01-2016 20:00,-4.84,979,4.04,88,92.27
31-01-2016 21:00,-5.03,978.62,1.78,137.6,92.87
31-01-2016 22:00,-4.94,978.01,4.53,94.72,92.64
31-01-2016 23:00,-4.19,977.62,7.99,99.02,92.94
01-02-2016 00:00,-4.06,977.28,9.55,97.83,91.88
01-02-2016 01:00,-3.84,976.92,10.29,97.6,89.96
01-02-2016 02:00,-3.2,976.39,7.7,96.85,89.79
01-02-2016 03:00,-2.24,975.85,8.91,69.83,85.32
01-02-2016 04:00,-1.43,975.36,11.21,57.47,79.55
01-02-2016 05:00,-1.11,974.96,11.8,59.62,74.77
01-02-2016 06:00,-0.9,974.66,11.86,60.98,71.22
01-02-2016 07:00,-0.62,974.29,11.46,59.3,68.29
01-02-2016 08:00,-0.49,973.92,10.94,58.52,66.11
01-02-2016 09:00,-0.56,973.62,10.82,53.9,63.35
01-02-2016 10:00,-0.45,973.43,8.6,55.67,61.74
01-02-2016 11:00,-0.42,973.14,8.04,67.53,62.24
01-02-2016 12:00,-0.57,973.18,7.13,73.77,66.96
01-02-2016 13:00,-1.47,973.25,6.75,96.5,70.57
01-02-2016 14:00,-2.16,973.29,7.63,97.65,68.17
01-02-2016 15:00,-2.86,973.43,9.59,97.53,64.26
01-02-2016 16:00,-3.45,973.62,10.34,95.7,63.19
01-02-2016 17:00,-3.3,973.69,8.01,115.58,65.33
01-02-2016 18:00,-3.24,973.84,6.52,134.1,63.98
01-02-2016 19:00,-3.23,974.23,6.7,125.05,61.41
01-02-2016 20:00,-3.08,974.4,5.63,119.22,62.41
01-02-2016 21:00,-2.91,974.53,4.71,103.1,61.38
01-02-2016 22:00,-2.41,974.71,6.23,99.07,61.52
01-02-2016 23:00,-1.85,974.92,7.54,94.85,66.12
02-02-2016 00:00,-0.52,975.21,7.63,86.02,65.51
02-02-2016 01:00,0.11,975.52,9.38,71.35,63.58
02-02-2016 02:00,0.48,975.81,10,72.72,59.25
02-02-2016 03:00,0.68,976.09,11.35,64.9,60.37
02-02-2016 04:00,0.54,976.34,13.18,57.38,60.85
02-02-2016 05:00,0.7,976.79,10.97,52.57,62.08
02-02-2016 06:00,0.86,977.1,10.48,54.22,62.73
02-02-2016 07:00,1.16,977.47,10.89,55.95,61.88
02-02-2016 08:00,1.26,977.8,10.87,63.75,64.71
02-02-2016 09:00,0.84,978.17,13.37,58.55,70
02-02-2016 10:00,0.48,978.63,11.63,57.73,77.39
02-02-2016 11:00,0.71,978.85,11.16,60.22,76.78
02-02-2016 12:00,0.74,979.19,13.02,56.45,76.4
02-02-2016 13:00,0.82,979.44,11.59,58.43,75.48
02-02-2016 14:00,0.9,979.59,10.65,61.62,73.82
02-02-2016 15:00,1.04,979.77,10.47,62.6,69.71
02-02-2016 16:00,0.27,979.84,12.43,83.78,68.12
02-02-2016 17:00,-0.19,980.14,15.21,90.53,68.43
02-02-2016 18:00,-0.2,980.35,15.96,88.57,68.04
02-02-2016 19:00,-0.14,980.6,12.45,84.52,66.07
02-02-2016 20:00,-0.12,980.95,12.27,81.62,65.82
02-02-2016 21:00,-0.94,980.92,16.64,90.68,64.44
02-02-2016 22:00,-1.27,981.26,19.37,89.9,60.81
02-02-2016 23:00,-1.29,981.66,18.24,87.58,58.93
03-02-2016 00:00,-1.68,981.85,20.67,87.86,57.48
03-02-2016 01:00,-1.91,981.98,20.95,88.02,55.9
03-02-2016 02:00,-1.77,982.02,17.82,91.63,56.91
03-02-2016 03:00,-1.17,981.98,14.98,91.95,55.98
03-02-2016 04:00,-0.56,981.89,14.75,91.2,53.97
03-02-2016 05:00,0,981.78,11.64,91.88,54.67
03-02-2016 06:00,0.88,981.55,9.4,81.67,50.97
03-02-2016 07:00,1.35,981.35,6.45,45.08,46.96
03-02-2016 08:00,1.26,981.12,5.37,71.43,50.52
03-02-2016 09:00,1.67,980.78,2.82,319.53,50.68
03-02-2016 10:00,1.47,980.51,3.24,291.35,53.04
03-02-2016 11:00,0.74,980.05,4.83,210.53,54.86
03-02-2016 12:00,0.9,979.79,3.94,208.13,51.44
03-02-2016 13:00,0.16,979.48,5.97,93.27,56.06
03-02-2016 14:00,-0.93,979.27,7.28,96.17,57.06
03-02-2016 15:00,-2.04,978.97,8.58,96.62,54.9
03-02-2016 16:00,-3.08,978.76,9.71,97.73,54.56
03-02-2016 17:00,-4.36,978.62,11.46,99.55,56
03-02-2016 18:00,-5.55,978.32,11,102.78,60.01
03-02-2016 19:00,-5.82,978.29,11.61,100.3,60.52
03-02-2016 20:00,-6.07,978.3,12.33,99.52,60.09
03-02-2016 21:00,-4.91,978.15,16.79,91.02,57.96
03-02-2016 22:00,-4.58,978.1,18.08,88.75,59.07
03-02-2016 23:00,-4.67,978.11,19.57,89.22,59.05
04-02-2016 00:00,-4.55,978.06,18.22,88,59.41
04-02-2016 01:00,-4.35,977.99,17.25,89.62,60.54
04-02-2016 02:00,-3.54,978.05,14.15,91.22,61.5
04-02-2016 03:00,-2.68,978.04,11.95,79.82,58.57
04-02-2016 04:00,-2.08,977.94,12.54,71.4,54.86
04-02-2016 05:00,-1.68,977.97,12.37,66.52,56.54
04-02-2016 06:00,-1.32,978.11,11.55,60.87,57.16
04-02-2016 07:00,-1.12,978.15,10.2,62.05,60.11
04-02-2016 08:00,-1,978.29,8.91,61.2,60.68
04-02-2016 09:00,-0.93,978.4,8.97,59.37,59.56
04-02-2016 10:00,-0.88,978.35,9.04,59.57,58.17
04-02-2016 11:00,-0.76,978.33,8.69,58.3,58.18
04-02-2016 12:00,-0.89,978.51,7.58,57.78,60.2
04-02-2016 13:00,-0.99,978.59,7.78,51.42,60.95
04-02-2016 14:00,-1.1,978.63,7.63,56.92,62.32
04-02-2016 15:00,-1.54,978.64,7.4,81.19,63.72
04-02-2016 16:00,-2.23,978.73,8.04,93.77,64.73
04-02-2016 17:00,-3.2,978.98,9.16,98.71,64.76
04-02-2016 18:00,-3.45,979.14,10.41,98.1,64.42
04-02-2016 19:00,-3.35,979.41,11.82,92.53,62.13
04-02-2016 20:00,-2.89,979.62,11.8,86.12,59.88
04-02-2016 21:00,-2.92,979.78,10.56,90.22,61.91
04-02-2016 22:00,-2.58,979.98,10.77,68.33,61.32
04-02-2016 23:00,-2.68,980.18,11.12,65.22,63.22
05-02-2016 00:00,-2.49,980.41,11.37,66.53,63.06
05-02-2016 01:00,-2.24,980.68,11.34,63.63,64.77
05-02-2016 02:00,-2.02,980.93,10.29,63.77,65.26
05-02-2016 03:00,-1.78,980.91,11.34,67.22,66.98
05-02-2016 04:00,-1.39,981.04,12.58,67.7,67.13
05-02-2016 05:00,-1.02,981.21,15.14,57.47,65.44
05-02-2016 06:00,-0.76,981.59,15.54,55.68,64.86
05-02-2016 07:00,-0.63,981.93,14.12,52.3,66.32
05-02-2016 08:00,-0.78,982.29,12.42,44.08,69.84
05-02-2016 09:00,-1.25,982.72,11.4,42.93,78.3
05-02-2016 10:00,-1.27,982.95,10.54,45.12,82.34
05-02-2016 11:00,-1.28,983.19,8.99,42.78,83.86
05-02-2016 12:00,-1.45,983.43,7.24,36.57,87.89
05-02-2016 13:00,-1.63,983.57,5.97,35.17,91.82
05-02-2016 14:00,-1.58,983.62,6.21,34.75,93.18
05-02-2016 15:00,-1.71,983.87,3.31,199.93,93.28
05-02-2016 16:00,-1.76,983.92,0.75,196.35,89.51
05-02-2016 17:00,-2.05,984.01,2.32,93.68,91.26
05-02-2016 18:00,-2.44,984.1,2.35,126.3,88.42
05-02-2016 19:00,-2.66,984.12,2.14,148.75,87.41
05-02-2016 20:00,-2.71,984.13,1.82,151.25,84.06
05-02-2016 21:00,-2.89,984.07,2.96,87.07,85.71
05-02-2016 22:00,-2.76,984.08,3.64,89.63,81.6
05-02-2016 23:00,-2.83,983.96,3.65,97.27,80.14
06-02-2016 00:00,-2.58,983.88,5.21,97.78,81.02
06-02-2016 01:00,-2.81,983.63,7.82,95.3,80.54
06-02-2016 02:00,-2.4,983.32,7,95,78.76
06-02-2016 03:00,-1.78,982.97,7.68,69.57,80.87
06-02-2016 04:00,-1.6,982.57,10.36,57.7,84.33
06-02-2016 05:00,-1.11,982.2,11.38,58.02,82.34
06-02-2016 06:00,-0.92,981.87,11.7,59.07,82.79
06-02-2016 07:00,-1,981.61,12.07,59.65,87.02
06-02-2016 08:00,-0.86,981.47,11.87,58.73,87.87
06-02-2016 09:00,-0.64,981.29,10.7,57.97,86.86
06-02-2016 10:00,-0.8,981.07,10.03,58.1,86.95
06-02-2016 11:00,-0.92,980.78,8.66,59.72,87.08
06-02-2016 12:00,-0.98,980.48,8.33,46.32,84.48
06-02-2016 13:00,-1.12,980.16,6.96,56.23,83.41
06-02-2016 14:00,-1.58,979.99,6.33,79.17,84.67
06-02-2016 15:00,-2,979.7,6.92,96.15,83.55
06-02-2016 16:00,-2.69,979.63,6.9,106.35,74.5
06-02-2016 17:00,-2.92,979.53,9.03,114.73,70.81
06-02-2016 18:00,-3.35,979.49,9.83,122.33,68.97
06-02-2016 19:00,-4,979.52,9,128.23,66.72
06-02-2016 20:00,-4.34,979.52,10.29,117.52,62.57
06-02-2016 21:00,-5.25,979.37,12.29,117.85,59.06
06-02-2016 22:00,-5.75,979.42,12.91,115.95,57.21
06-02-2016 23:00,-5.82,979.37,12.36,113.73,55.92
07-02-2016 00:00,-5.5,979.34,10.81,103.54,53.59
07-02-2016 01:00,-5.39,979.21,11.64,97.32,54.19
07-02-2016 02:00,-4.88,979.02,10.15,94.12,58.55
07-02-2016 03:00,-3.98,978.84,9.4,90.28,59.14
07-02-2016 04:00,-3.02,978.62,8.32,88.2,58.66
07-02-2016 05:00,-2.23,978.4,10.59,58.77,56.41
07-02-2016 06:00,-2,978.48,8.9,53.28,56.95
07-02-2016 07:00,-1.66,978.49,6.58,39.27,57.72
07-02-2016 08:00,-1.66,978.52,5.67,34.2,57.97
07-02-2016 09:00,-1.33,978.45,4.64,41.52,56.59
07-02-2016 10:00,-1.34,978.34,5.44,63.55,57.41
07-02-2016 11:00,-1.55,978.27,5.82,83.72,60.3
07-02-2016 12:00,-1.79,978.17,6.21,96.28,59.88
07-02-2016 13:00,-2.04,978.15,6.1,96.37,60.22
07-02-2016 14:00,-2.57,978.1,6.85,98.48,59.31
07-02-2016 15:00,-2.99,978.05,7.42,101.55,59.13
07-02-2016 16:00,-3.77,977.99,9.23,107.02,58.98
07-02-2016 17:00,-4.45,977.9,10.9,96.33,61.06
07-02-2016 18:00,-4.53,977.86,11.33,95.95,62.14
07-02-2016 19:00,-4.85,977.81,12.22,95.73,64.72
07-02-2016 20:00,-4.7,977.77,15.59,90.65,63.54
07-02-2016 21:00,-4.34,977.88,11.96,91.1,65.06
07-02-2016 22:00,-3.81,977.87,9.53,78.95,65.11
07-02-2016 23:00,-3.24,977.91,10.14,61.18,65.39
08-02-2016 00:00,-3.08,977.87,10.07,71.14,61.17
08-02-2016 01:00,-3.04,977.85,11.16,67.42,64.54
08-02-2016 02:00,-2.6,977.84,12.95,64.32,64.87
08-02-2016 03:00,-2.46,977.94,12.54,69.52,63.98
08-02-2016 04:00,-2.33,977.97,12.91,68.77,64.51
08-02-2016 05:00,-1.89,978.13,12.18,65.27,66.34
08-02-2016 06:00,-1.72,978.24,12.92,62.15,66.36
08-02-2016 07:00,-1.62,978.3,12.68,60.6,66.92
08-02-2016 08:00,-1.54,978.25,13.66,56.67,66.34
08-02-2016 09:00,-1.52,978.27,13.44,58.19,66.96
08-02-2016 10:00,-1.52,978.29,12.73,58.73,66.52
08-02-2016 11:00,-1.52,978.28,11.2,55.27,66.51
08-02-2016 12:00,-1.67,978.29,10.26,56.7,64.97
08-02-2016 13:00,-1.77,978.25,9.41,58.5,64.79
08-02-2016 14:00,-2.13,978.11,8.67,63.75,68.71
08-02-2016 15:00,-2.46,977.97,9.01,68.33,64.31
08-02-2016 16:00,-3.03,977.84,9.22,90,60.49
08-02-2016 17:00,-3.54,977.67,8.73,92.02,59.37
08-02-2016 18:00,-3.93,977.54,10.9,87.93,56.61
08-02-2016 19:00,-4.21,977.6,10.64,91.25,57.16
08-02-2016 20:00,-4.87,977.49,12.14,94.12,59.49
08-02-2016 21:00,-6.17,977.49,12.3,98.88,60.83
08-02-2016 22:00,-6.43,977.41,13.63,95.08,58.23
08-02-2016 23:00,-6.61,977.42,13.53,95.65,59.27
09-02-2016 00:00,-6.25,977.39,13.12,98.58,57.56
09-02-2016 01:00,-5.93,977.34,11.35,99.57,58.73
09-02-2016 02:00,-5.54,977.25,14.14,93.23,58.55
09-02-2016 03:00,-4.63,977.3,13.5,90.97,58.66
09-02-2016 04:00,-3.46,977.37,11.01,93.68,58.69
09-02-2016 05:00,-2.51,977.39,7.88,85.19,59.15
09-02-2016 06:00,-1.75,977.31,7.8,51.27,63.67
09-02-2016 07:00,-1.71,977.25,7.85,50.23,63.9
09-02-2016 08:00,-1.59,977.21,7.74,36.32,63.08
09-02-2016 09:00,-1.48,977.23,5,81.15,64.01
09-02-2016 10:00,-1.32,977.21,3.64,32.05,60.11
09-02-2016 11:00,-1.29,977.13,3.93,62.5,58.33
09-02-2016 12:00,-1.43,977.03,5.07,99.53,59.3
09-02-2016 13:00,-2.65,976.95,9.07,101.17,52.97
09-02-2016 14:00,-4.01,976.78,11.38,111.77,50.06
09-02-2016 15:00,-5.43,976.6,12.77,122.13,51.75
09-02-2016 16:00,-5.9,976.59,11.21,120.32,52.03
09-02-2016 17:00,-6.26,976.62,9.04,123.35,51.73
09-02-2016 18:00,-6.62,976.73,10.73,122.15,52.38
09-02-2016 19:00,-6.88,976.87,13.26,120.1,53.36
09-02-2016 20:00,-7.29,976.93,13.81,119,55.74
09-02-2016 21:00,-7.75,977.21,12.45,110.45,58.19
09-02-2016 22:00,-7.26,977.34,12.66,112.15,59.19
09-02-2016 23:00,-6.62,977.46,11.11,102.53,58.24
10-02-2016 00:00,-6.36,977.74,12.12,99.27,57.87
10-02-2016 01:00,-6.37,977.82,13.78,95.82,57.67
10-02-2016 02:00,-6.07,978.12,14.6,91.23,54.25
10-02-2016 03:00,-5.93,978.4,15.63,91.05,53.01
10-02-2016 04:00,-5.2,978.65,14.23,90.68,51.15
10-02-2016 05:00,-4.24,978.79,11.49,88.65,47.87
10-02-2016 06:00,-3.55,979.1,9.84,66.65,45.32
10-02-2016 07:00,-3.2,979.49,7.59,53.53,44.23
10-02-2016 08:00,-2.95,979.75,6.45,56.65,45.5
10-02-2016 09:00,-2.68,979.94,4.76,50.25,47.1
10-02-2016 10:00,-2.17,980.1,3.18,96.8,42.07
10-02-2016 11:00,-2.8,980.26,5.31,92.92,46.53
10-02-2016 12:00,-3.21,980.5,8.18,96.45,52.05
10-02-2016 13:00,-4.59,980.78,9.88,98.38,53.03
10-02-2016 14:00,-5.96,980.99,11.25,97.57,54.35
10-02-2016 15:00,-6.53,981.21,11.04,95.12,53.57
10-02-2016 16:00,-8.06,981.51,11.88,100.12,56.61
10-02-2016 17:00,-8.19,981.77,14.04,97.07,54.68
10-02-2016 18:00,-9.16,982.08,13.84,96.13,57.97
10-02-2016 19:00,-9.52,982.34,13.63,96.8,60.19
10-02-2016 20:00,-9.29,982.46,15.66,93.57,59.09
10-02-2016 21:00,-9.16,982.5,18.59,91.68,56.98
10-02-2016 22:00,-9.47,982.77,18.39,92.45,55.51
10-02-2016 23:00,-10.01,983,14.41,98.42,56.2
11-02-2016 00:00,-9.25,982.8,15.12,99.93,51.75
11-02-2016 01:00,-8.25,982.59,15.85,99.02,49
11-02-2016 02:00,-8.26,982.49,14.33,94.05,53.49
11-02-2016 03:00,-6.98,982.06,15.77,90.55,51.78
11-02-2016 04:00,-6.18,981.71,13.39,91.07,51.39
11-02-2016 05:00,-4.98,981.43,11.03,89.52,50.03
11-02-2016 06:00,-3.92,981.2,8.9,76.03,47.38
11-02-2016 07:00,-3.26,980.82,7.38,79.55,46.85
11-02-2016 08:00,-3.12,980.61,6.27,53.07,48.19
11-02-2016 09:00,-3.08,980.27,5.15,59.93,48.29
11-02-2016 10:00,-2.92,979.87,5.06,62.13,46.83
11-02-2016 11:00,-2.91,979.49,5.88,56.53,48.23
11-02-2016 12:00,-3.24,979.23,6.5,71.07,53.15
11-02-2016 13:00,-4.03,978.94,8.13,97.33,57.2
11-02-2016 14:00,-5.17,978.67,9.06,98.52,54.07
11-02-2016 15:00,-6.7,978.42,11.35,96.62,55.43
11-02-2016 16:00,-7.17,978.18,16.37,90.17,51.39
11-02-2016 17:00,-8.14,977.81,21.57,90.92,51.28
11-02-2016 18:00,-8.83,977.73,18.68,92.63,53.6
11-02-2016 19:00,-9.77,977.72,14.4,96.25,57.64
11-02-2016 20:00,-10.12,977.78,14.94,99.25,56.86
11-02-2016 21:00,-10.2,977.79,15.99,98.77,54.37
11-02-2016 22:00,-10.52,977.77,16.8,97.35,54.22
11-02-2016 23:00,-10.31,977.91,17.02,97.05,52.73
12-02-2016 00:00,-10.69,978.01,15.78,97.27,56.45
12-02-2016 01:00,-10.09,978.06,15.75,96.5,55.94
12-02-2016 02:00,-8.8,978.13,15.45,93.42,53.3
12-02-2016 03:00,-8.42,978.24,18.08,90.1,52.28
12-02-2016 04:00,-7.27,978.4,16.47,89.75,50.58
12-02-2016 05:00,-6.1,978.69,14.06,81.38,47.62
12-02-2016 06:00,-5.48,978.87,14.22,72.48,47.16
12-02-2016 07:00,-4.91,978.9,12.18,69.08,52.95
12-02-2016 08:00,-4.49,978.95,11.85,67.65,53.68
12-02-2016 09:00,-4.45,979.23,10.28,65.07,52.75
12-02-2016 10:00,-4.29,979.47,8.55,65.52,51.13
12-02-2016 11:00,-4.47,979.57,7.84,90.03,51.13
12-02-2016 12:00,-4.57,979.47,8.67,73.63,52.27
12-02-2016 13:00,-5.28,979.4,9.42,87.62,57.43
12-02-2016 14:00,-5.52,979.65,11.57,91.32,59.49
12-02-2016 15:00,-5.66,979.84,13.72,89.72,59.27
12-02-2016 16:00,-6.98,979.97,14.14,104.85,55.57
12-02-2016 17:00,-7.12,980.25,13.2,95.52,59.92
12-02-2016 18:00,-7.92,980.56,15.77,107.27,57.84
12-02-2016 19:00,-8.1,980.81,14.93,92.72,60.39
12-02-2016 20:00,-8.06,980.8,18.7,89.55,58.45
12-02-2016 21:00,-8.64,981.03,16.73,92.7,58.82
12-02-2016 22:00,-8.79,981.11,19,91.33,56.36
12-02-2016 23:00,-8.73,981.19,19.09,91.28,55.76
13-02-2016 00:00,-8.5,981.3,18.11,91.76,54.86
13-02-2016 01:00,-7.91,981.51,16.77,90.8,54.08
13-02-2016 02:00,-7.21,981.53,15.79,91.13,52.63
13-02-2016 03:00,-6.22,981.38,13.59,89.42,51.23
13-02-2016 04:00,-5.31,981.23,11.94,87.23,50.58
13-02-2016 05:00,-3.97,981.44,11.2,65.87,46.84
13-02-2016 06:00,-3.59,981.6,10.03,63.98,46.89
13-02-2016 07:00,-3.06,981.52,10.06,67.65,49.04
13-02-2016 08:00,-2.73,981.54,9.23,61.57,50.94
13-02-2016 09:00,-2.51,981.51,7.96,63.62,47.89
13-02-2016 10:00,-2.38,981.57,7.68,64.95,48.78
13-02-2016 11:00,-2.41,981.48,7.56,65.45,49.48
13-02-2016 12:00,-2.92,981.37,9.28,80.23,49.71
13-02-2016 13:00,-4.33,981.31,10.65,94.8,52.97
13-02-2016 14:00,-5.16,981.32,12.38,93.52,54.76
13-02-2016 15:00,-6.02,981.39,15.96,90.92,54.44
13-02-2016 16:00,-6.45,981.57,17.39,90.35,51.95
13-02-2016 17:00,-6.61,981.67,18.68,89.53,50.04
13-02-2016 18:00,-6.89,981.88,19.09,90.37,52.02
13-02-2016 19:00,-7.51,981.97,19.68,90.4,52.92
13-02-2016 20:00,-8.25,981.94,22.64,89.15,55.34
13-02-2016 21:00,-8.44,982,23.95,88.97,54.47
13-02-2016 22:00,-9.21,982.19,23.78,88.72,56.16
13-02-2016 23:00,-9.59,982.36,18.02,94.6,58.8
14-02-2016 00:00,-9.63,982.27,17.21,97.76,57.25
14-02-2016 01:00,-9.22,982.05,16.48,104.7,57.43
14-02-2016 02:00,-8.94,981.87,15.58,103.13,57.51
14-02-2016 03:00,-8.16,981.54,15.75,104.08,54.22
14-02-2016 04:00,-7.58,981.38,15.83,93.87,53.94
14-02-2016 05:00,-7.01,980.99,17.98,89.1,51.46
14-02-2016 06:00,-6.43,980.45,18.04,87.45,51.01
14-02-2016 07:00,-5.5,979.95,15.72,89.32,47.15
14-02-2016 08:00,-5.02,979.24,13.68,80.12,46.75
14-02-2016 09:00,-4.7,978.55,13.11,73.53,46.24
14-02-2016 10:00,-4.46,977.79,12.22,69.8,45.23
14-02-2016 11:00,-4.6,977.09,11.25,83.28,46.03
14-02-2016 12:00,-5.34,976.24,12.11,92.73,50.14
14-02-2016 13:00,-5.9,975.63,13.1,93.52,52.69
14-02-2016 14:00,-6.44,974.97,14.63,93.18,56.24
14-02-2016 15:00,-6.64,974.65,13.36,91.47,56.18
14-02-2016 16:00,-7.17,974.24,11.97,92.28,55.66
14-02-2016 17:00,-6.99,973.72,10.09,91.95,56.48
14-02-2016 18:00,-6.23,973.34,10.12,88.87,57.61
14-02-2016 19:00,-6.16,972.99,13.18,87.83,56.75
14-02-2016 20:00,-6.42,972.57,14.91,87.57,58.27
14-02-2016 21:00,-6.92,972.21,16.85,89.4,59.82
14-02-2016 22:00,-6.99,971.9,16.67,91.17,59.46
14-02-2016 23:00,-6.86,971.8,15.74,91.82,59.63
15-02-2016 00:00,-6.99,971.66,17.13,90.36,60.43
15-02-2016 01:00,-6.87,971.51,16.02,91.55,61.1
15-02-2016 02:00,-6.79,971.46,17.14,90.18,59.3
15-02-2016 03:00,-6.65,971.28,17.79,86.43,56.85
15-02-2016 04:00,-6.34,971.25,15.33,88.32,55.94
15-02-2016 05:00,-5.72,971.17,12.51,87.65,55.17
15-02-2016 06:00,-4.71,971.13,9.81,89.77,54.79
15-02-2016 07:00,-3.85,971.25,7.24,67.93,56.79
15-02-2016 08:00,-3.41,971.2,3.62,69.23,55.15
15-02-2016 09:00,-2.9,971.14,2.35,138.48,48.33
15-02-2016 10:00,-3.5,971.36,4.53,211.17,52.37
15-02-2016 11:00,-4.1,971.48,4.83,208.12,58.26
15-02-2016 12:00,-4.34,971.64,5.89,212.15,62.42
15-02-2016 13:00,-4.68,971.75,5.21,210.52,66.43
15-02-2016 14:00,-5.46,971.8,6.37,206.9,64.13
15-02-2016 15:00,-5.71,971.89,6.31,197.82,63.07
15-02-2016 16:00,-5.19,972,4.39,109.93,57.34
15-02-2016 17:00,-5.41,972.23,5.06,102.37,53.47
15-02-2016 18:00,-6.08,972.4,4.03,137.02,52.93
15-02-2016 19:00,-7.41,972.62,2.03,200.9,53.2
15-02-2016 20:00,-8.17,972.75,7.92,137.45,49.47
15-02-2016 21:00,-8.24,973.02,7.67,123.98,48.34
15-02-2016 22:00,-8.65,973.02,7.94,134.6,46.45
15-02-2016 23:00,-8.66,973.27,6.18,143.37,44.77
16-02-2016 00:00,-7.73,973.31,5.68,124.36,42.53
16-02-2016 01:00,-6.92,973.15,7.05,105.32,41.11
16-02-2016 02:00,-6.28,972.93,6.06,94.35,40.09
16-02-2016 03:00,-5.46,972.68,4.36,82.75,40.82
16-02-2016 04:00,-6.56,972.36,5.14,190.58,53.72
16-02-2016 05:00,-8.09,972.1,8.21,207.38,69.7
16-02-2016 06:00,-7.7,971.97,7.7,208.75,68.01
16-02-2016 07:00,-7.42,971.91,8.26,209.95,68.69
16-02-2016 08:00,-6.92,971.88,7.99,214.3,63.13
16-02-2016 09:00,-6.67,971.72,9.01,218.87,62.29
16-02-2016 10:00,-6.92,971.5,8.72,219.27,66.17
16-02-2016 11:00,-6.98,971.36,8.64,216.17,68.5
16-02-2016 12:00,-7.14,971.24,7.88,215.15,70.01
16-02-2016 13:00,-7.03,971.22,7.74,204.88,65.92
16-02-2016 14:00,-7.21,970.89,6.7,201.93,64.18
16-02-2016 15:00,-7.45,970.76,3.35,207.1,61.21
16-02-2016 16:00,-7.93,970.5,3.72,107,58.28
16-02-2016 17:00,-7.95,970.17,4.86,84.23,53.34
16-02-2016 18:00,-8.39,969.96,5.91,83.08,51.7
16-02-2016 19:00,-8.44,969.88,8.3,99.92,51.38
16-02-2016 20:00,-8.34,969.65,8.95,97,53.03
16-02-2016 21:00,-7.04,969.4,8.86,75.62,52.43
16-02-2016 22:00,-6.01,969.21,12.55,64.38,54.3
16-02-2016 23:00,-6.02,968.82,13.71,78.53,50.25
17-02-2016 00:00,-5.04,968.59,16.97,70.19,49.34
17-02-2016 01:00,-4.61,968.28,16.83,71.22,49.62
17-02-2016 02:00,-3.66,967.88,19.26,61.15,49.64
17-02-2016 03:00,-2.97,967.8,17.14,59.77,51.21
17-02-2016 04:00,-2.18,967.63,14.54,62.53,52.41
17-02-2016 05:00,-1.47,967.31,14.07,57.15,51.8
17-02-2016 06:00,-0.97,967,11.85,54.27,51.49
17-02-2016 07:00,-0.28,966.94,10.21,56.62,53.1
17-02-2016 08:00,-0.01,966.83,7.94,51.9,55.87
17-02-2016 09:00,0.21,966.82,5.16,55.65,57.15
17-02-2016 10:00,0.76,966.7,6.6,94.33,57.02
17-02-2016 11:00,1.06,966.78,7.99,89.12,57.08
17-02-2016 12:00,1.26,966.82,12.86,73.45,55.79
17-02-2016 13:00,1.16,966.9,13.65,68.48,57.43
17-02-2016 14:00,0.38,967.01,11.95,86.43,59.1
17-02-2016 15:00,0.31,967.13,15.67,88.6,55.23
17-02-2016 16:00,0.89,967.34,14.92,81.87,54.63
17-02-2016 17:00,1.64,967.71,15.72,59.08,53.61
17-02-2016 18:00,1.57,967.64,16.34,55.73,56.1
17-02-2016 19:00,1.91,967.41,21.15,50.25,54.92
17-02-2016 20:00,2.57,967.09,29.18,67.58,48.73
17-02-2016 21:00,2.27,967.48,29.3,66.23,52.42
17-02-2016 22:00,1.71,967.5,26.59,63.73,57.32
17-02-2016 23:00,1.56,967.97,24.72,56.8,58.37
18-02-2016 00:00,1.7,968.25,28.86,54.24,59.28
18-02-2016 01:00,1.35,968.65,28.09,54.25,62.73
18-02-2016 02:00,1.77,969.31,29.69,53.27,60.01
18-02-2016 03:00,1.51,969.79,31.41,54.12,61.08
18-02-2016 04:00,1.38,970.51,28.45,54.17,61.7
18-02-2016 05:00,1.48,971.26,28.94,54.88,61.09
18-02-2016 06:00,1.67,972.4,25.95,55.32,59.73
18-02-2016 07:00,1.79,973.36,22.88,54.3,59.78
18-02-2016 08:00,1.76,974.09,21.2,54.07,60.22
18-02-2016 09:00,1.66,974.67,20.24,53.7,59.37
18-02-2016 10:00,1.82,975.29,18.85,53.03,58.87
18-02-2016 11:00,1.82,975.99,17.95,55.32,59.41
18-02-2016 12:00,1.73,976.7,15.6,55.83,59.29
18-02-2016 13:00,1.46,977.1,15.65,58.4,60.66
18-02-2016 14:00,1.08,977.49,15.46,61.55,62.84
18-02-2016 15:00,0.88,977.95,16.27,56.67,61.3
18-02-2016 16:00,0.78,978.53,14.32,59.67,59.89
18-02-2016 17:00,0.39,978.96,12.6,69.35,60.91
18-02-2016 18:00,-0.54,979.13,15.65,84.43,63.15
18-02-2016 19:00,-0.94,979.21,17.52,74.57,64.27
18-02-2016 20:00,-1.43,980.02,16.05,83.97,60.74
18-02-2016 21:00,-2.19,980.53,17.38,90.5,59.56
18-02-2016 22:00,-2.6,980.13,19.64,82.13,57.75
18-02-2016 23:00,-3.24,980.23,18.23,86.8,57.36
19-02-2016 00:00,-3.13,980.49,17.41,88.14,54.5
19-02-2016 01:00,-3.34,980.57,16.81,88.7,52.84
19-02-2016 02:00,-3.08,980.75,15.67,88.28,51.27
19-02-2016 03:00,-2.89,980.68,15.92,89.77,51.43
19-02-2016 04:00,-2.31,980.68,13.17,88.15,51.32
19-02-2016 05:00,-1.61,980.34,10.77,90.37,50.66
19-02-2016 06:00,-0.84,980.29,7.81,41.58,48.01
19-02-2016 07:00,-0.63,979.92,7.93,81.5,47.86
19-02-2016 08:00,-0.43,979.64,5.66,44.72,47.28
19-02-2016 09:00,-0.32,979.45,3.92,83.18,46.85
19-02-2016 10:00,-0.12,979.15,2.81,320.67,44.73
19-02-2016 11:00,0.12,978.85,2.21,248.15,44.13
19-02-2016 12:00,-0.45,978.5,3.62,168.75,46.93
19-02-2016 13:00,-2.02,978.19,8.28,97.1,54.76
19-02-2016 14:00,-2.84,977.95,9.52,87.9,55.8
19-02-2016 15:00,-3.68,977.77,11.71,85.92,51.41
19-02-2016 16:00,-4.39,977.56,12.83,88.62,48.63
19-02-2016 17:00,-5.04,977.36,13.68,91.77,49.71
19-02-2016 18:00,-5.68,977.24,15.8,92.02,49.79
19-02-2016 19:00,-6.08,977.16,17.47,91.83,50.25
19-02-2016 20:00,-6.34,977.11,18.71,90.8,50.7
19-02-2016 21:00,-6.6,976.98,18.96,90.55,49.43
19-02-2016 22:00,-7.44,977,14.05,97.17,49.91
19-02-2016 23:00,-7.87,976.97,13.46,100.98,48.31
20-02-2016 00:00,-7.3,976.74,14.29,97.8,44.64
20-02-2016 01:00,-6.9,976.37,13.25,101.52,44.79
20-02-2016 02:00,-6.3,975.83,13.32,96.7,46.4
20-02-2016 03:00,-5.96,975.54,11.08,98.97,47.39
20-02-2016 04:00,-5.04,975.31,10.59,89.98,46.72
20-02-2016 05:00,-4.42,975.05,8.58,88.2,46.86
20-02-2016 06:00,-3.67,974.82,6.31,57.6,46.78
20-02-2016 07:00,-3.21,974.56,6.22,78.82,46.43
20-02-2016 08:00,-3.05,974.34,4.99,79.57,44.13
20-02-2016 09:00,-3.05,974.02,4.71,92.33,43.68
20-02-2016 10:00,-2.96,973.85,3.4,131.85,45.91
20-02-2016 11:00,-3.07,973.67,4.08,130.57,48.41
20-02-2016 12:00,-3.5,973.48,4.15,123.55,49.63
20-02-2016 13:00,-3.88,973.51,3.95,105.97,49.88
20-02-2016 14:00,-4.62,973.5,6.08,116.78,54.72
20-02-2016 15:00,-5.75,973.55,7.79,130.95,57.38
20-02-2016 16:00,-6.36,973.83,9.46,131.48,59.18
20-02-2016 17:00,-7.08,973.96,13.46,124.12,55.69
20-02-2016 18:00,-7.76,974.18,15.33,122.52,55.49
20-02-2016 19:00,-7.71,974.62,13.66,117.2,58.51
20-02-2016 20:00,-7.9,975.3,13.03,111.6,58.29
20-02-2016 21:00,-7.86,975.88,14.21,109.35,56.26
20-02-2016 22:00,-7.89,976.37,15.31,104.6,53.01
20-02-2016 23:00,-8.44,976.87,16.02,106.2,55.46
21-02-2016 00:00,-8.2,977.63,13.42,103.58,58.71
21-02-2016 01:00,-7.58,978.03,14.39,97.47,59.78
21-02-2016 02:00,-7.56,978.83,16.58,93.77,60
21-02-2016 03:00,-7.34,979.77,17.2,92.58,57.47
21-02-2016 04:00,-6.69,980.4,18.15,91.7,54.99
21-02-2016 05:00,-6.17,980.88,16.04,89.8,54.44
21-02-2016 06:00,-5.56,981.61,14.23,78.5,51.38
21-02-2016 07:00,-5,982.48,14.68,70.25,49.15
21-02-2016 08:00,-4.61,983.42,14.76,62.85,49.82
21-02-2016 09:00,-4.46,984.36,14.34,60.87,51.31
21-02-2016 10:00,-4.33,985.24,13.89,56.47,53.62
21-02-2016 11:00,-4.08,986.07,12.29,64.25,54.98
21-02-2016 12:00,-4.44,986.95,10.98,92.55,49.95
21-02-2016 13:00,-4.64,987.82,11.26,89.83,54.8
21-02-2016 14:00,-5.12,988.49,13.71,87.07,55.44
21-02-2016 15:00,-5.97,989.12,16.41,86.07,52.4
21-02-2016 16:00,-6.88,989.71,17.38,85.62,49.84
21-02-2016 17:00,-7.4,990.36,18.1,86.92,49.62
21-02-2016 18:00,-7.86,990.9,18.7,86.3,48.94
21-02-2016 19:00,-7.68,991.29,17.77,89.87,48.78
21-02-2016 20:00,-7.17,991.65,15.81,84.48,47.05
21-02-2016 21:00,-6.15,991.32,19.03,70.52,42.11
21-02-2016 22:00,-5.34,991.41,20.1,62.43,44.93
21-02-2016 23:00,-4.81,990.58,20.66,58.87,44.73
22-02-2016 00:00,-4.47,989.99,18.45,55.15,46.25
22-02-2016 01:00,-4.04,989.52,16.81,55.63,50.12
22-02-2016 02:00,-3.5,989.15,15.81,46.3,52.04
22-02-2016 03:00,-3.63,988.82,17.17,52,59.42
22-02-2016 04:00,-4.46,988.09,23.39,54.43,88.4
22-02-2016 05:00,-4.16,986.91,30.16,56.3,93.27
22-02-2016 06:00,-3.83,986.14,29.54,56.37,93.88
22-02-2016 07:00,-3.29,985.53,28.02,56.32,94.54
22-02-2016 08:00,-3.05,985.77,28.55,53.4,94.91
22-02-2016 09:00,-2.68,986.66,23.59,50.67,95.29
22-02-2016 10:00,-2.77,987.31,24.26,37.72,95.44
22-02-2016 11:00,-3.07,987.81,26.56,38.4,95.14
22-02-2016 12:00,-3.23,988.44,25.02,43.7,94.96
22-02-2016 13:00,-3.25,989.08,22.5,44.35,94.97
22-02-2016 14:00,-3.3,989.43,21.71,50.22,94.87
22-02-2016 15:00,-3.2,989.92,23.2,56.22,95
22-02-2016 16:00,-3.29,990.54,23.16,56.93,94.91
22-02-2016 17:00,-3.3,991.18,24.18,56.18,94.87
22-02-2016 18:00,-3.29,992.15,22.62,56.93,94.81
22-02-2016 19:00,-3.27,993.36,18.83,62.38,94.81
22-02-2016 20:00,-3.37,994.36,19.79,59.43,94.66
22-02-2016 21:00,-3.3,995.67,17.32,61.23,94.41
22-02-2016 22:00,-3.67,997.14,13.5,78.17,93.86
22-02-2016 23:00,-3.77,998.46,11.93,79.2,93.8
23-02-2016 00:00,-5.13,999.72,15.49,86.27,92.33
23-02-2016 01:00,-5.83,1000.83,15.92,87.98,91.08
23-02-2016 02:00,-5.81,1001.7,12.4,106.37,90.44
23-02-2016 03:00,-6.31,1002.18,13.3,114.25,89.38
23-02-2016 04:00,-6.04,1003.06,11.01,109.82,87.56
23-02-2016 05:00,-5.37,1003.62,10.45,117.75,84.3
23-02-2016 06:00,-4.69,1004.36,9.29,109.27,78.29
23-02-2016 07:00,-4.08,1004.69,7.39,105.23,72.88
23-02-2016 08:00,-3.38,1004.7,5.08,95.75,70.84
23-02-2016 09:00,-3.1,1004.63,3.1,105.97,70.17
23-02-2016 10:00,-3,1004.4,5.19,77.2,66.17
23-02-2016 11:00,-3.03,1004.19,5.26,96.18,63.62
23-02-2016 12:00,-3.29,1003.66,6.83,87.33,59.42
23-02-2016 13:00,-3.33,1003.44,5.8,82.07,55.65
23-02-2016 14:00,-3.54,1003,6.41,85.52,50.72
23-02-2016 15:00,-4.54,1002.31,9.6,92.18,49.02
23-02-2016 16:00,-4.42,1001.9,11.95,89.25,46.19
23-02-2016 17:00,-4.88,1001.02,16.74,89.55,49.35
23-02-2016 18:00,-5.04,1000.38,19.39,87.67,51.63
23-02-2016 19:00,-5.36,999.63,21.93,86.87,55.1
23-02-2016 20:00,-6.09,998.91,25.76,86.82,59.63
23-02-2016 21:00,-6.33,997.99,27.98,85.2,61.22
23-02-2016 22:00,-6.04,997.43,26.95,85.38,58.33
23-02-2016 23:00,-6.13,996.5,27.1,84.47,59.7
24-02-2016 00:00,-6.11,994.98,29.16,83.2,62.37
24-02-2016 01:00,-5.53,993.86,28.98,83.15,61.81
24-02-2016 02:00,-4.88,993.18,27.17,84.57,60.14
24-02-2016 03:00,-3.3,993.15,24.39,57.08,54.27
24-02-2016 04:00,-2.57,993.08,25.91,58.58,50.7
24-02-2016 05:00,-2.25,992.9,21.39,72.05,48.94
24-02-2016 06:00,-1.79,992.93,18.83,70.43,49.06
24-02-2016 07:00,-1.09,993.09,16.93,59.9,48.84
24-02-2016 08:00,-0.97,993.38,15.04,54.65,50.31
24-02-2016 09:00,-0.87,993.48,12.87,56.55,52.39
24-02-2016 10:00,-1.01,993.56,10.24,48.68,53.81
24-02-2016 11:00,-1.21,993.49,8.58,50.78,57.22
24-02-2016 12:00,-1.73,993.77,12.58,33.08,59.86
24-02-2016 13:00,-2.82,994.37,11.58,23.62,79.65
24-02-2016 14:00,-3.36,994.78,9.1,28.88,89.67
24-02-2016 15:00,-3.52,995.25,6,77.15,90.29
24-02-2016 16:00,-3.51,995.62,9.01,76.93,82.92
24-02-2016 17:00,-3.47,995.97,15.91,70.12,70.94
24-02-2016 18:00,-3.16,996.32,16.88,66.97,63.26
24-02-2016 19:00,-3.81,996.5,17.68,80.23,56.31
24-02-2016 20:00,-4.41,996.84,19.2,84.28,54.17
24-02-2016 21:00,-5.35,996.99,20.35,87.65,56.55
24-02-2016 22:00,-5.84,997.16,20.55,87.65,56.23
24-02-2016 23:00,-6.03,997.44,19.33,86.93,56.14
25-02-2016 00:00,-6.46,997.26,20.06,86.07,55.23
25-02-2016 01:00,-6.58,996.9,21.27,84.68,52.96
25-02-2016 02:00,-6.38,996.74,18.73,87.77,51.18
25-02-2016 03:00,-6.39,996.41,18.65,88.12,51.69
25-02-2016 04:00,-4.36,996.21,12.36,72.83,45.31
25-02-2016 05:00,-3.75,995.92,11.54,72.77,44.03
25-02-2016 06:00,-3.55,995.63,7.88,61.4,41.41
25-02-2016 07:00,-3.31,995.34,5.45,38.57,42.19
25-02-2016 08:00,-2.73,995,2.93,186.62,40.58
25-02-2016 09:00,-2.42,994.51,1.89,251.08,39.5
25-02-2016 10:00,-3.06,993.87,2.78,174.53,39.2
25-02-2016 11:00,-3.36,993.18,3.77,216.5,38.64
25-02-2016 12:00,-3.64,992.34,3.58,205.12,40.58
25-02-2016 13:00,-4.85,991.37,4.34,192.67,50.55
25-02-2016 14:00,-5.39,990.64,4.96,126.53,48.6
25-02-2016 15:00,-6,990,7.42,104.85,50.59
25-02-2016 16:00,-6.36,989.38,11.12,92.55,51.73
25-02-2016 17:00,-6.59,988.94,11.56,90.85,51.87
25-02-2016 18:00,-6.84,988.45,14.96,85.67,50.45
25-02-2016 19:00,-7.05,987.95,16.85,88.93,50.53
25-02-2016 20:00,-7.57,987.47,19.09,88.52,50.43
25-02-2016 21:00,-7.65,987.1,18.61,90.42,50.45
25-02-2016 22:00,-7.8,986.77,19.21,90.1,49.62
25-02-2016 23:00,-8.32,986.36,20.72,88.57,50.66
26-02-2016 00:00,-8.21,985.75,21.16,88.88,49.86
26-02-2016 01:00,-7.92,985.23,20.04,87.17,47.77
26-02-2016 02:00,-7.11,984.91,16.61,89.27,45.26
26-02-2016 03:00,-6.12,984.48,14.6,83.68,42.81
26-02-2016 04:00,-5.97,983.97,15.62,78.58,43.76
26-02-2016 05:00,-5.04,983.6,12.83,65.98,42.16
26-02-2016 06:00,-4.85,983.01,13.16,72.33,41.67
26-02-2016 07:00,-4.54,982.42,10.25,53.95,39.94
26-02-2016 08:00,-4.34,981.62,9.44,53.7,41.15
26-02-2016 09:00,-4.38,980.86,11.47,56.62,44.91
26-02-2016 10:00,-4.33,980.3,12.48,56.67,46.92
26-02-2016 11:00,-4.72,980.03,11.96,70.82,46.28
26-02-2016 12:00,-5.58,979.72,14.96,82.58,47.7
26-02-2016 13:00,-7.49,979.26,21.28,88.73,50.48
26-02-2016 14:00,-8.33,979.01,22.58,89.68,51.79
26-02-2016 15:00,-9.37,978.92,25.34,88.08,53.01
26-02-2016 16:00,-10.02,978.92,26.16,88.6,53.31
26-02-2016 17:00,-10.55,979.08,26.44,89.92,54.14
26-02-2016 18:00,-10.87,979.44,25.75,90.13,53.35
26-02-2016 19:00,-11.21,979.55,26.8,89.87,52.69
26-02-2016 20:00,-11.81,979.75,27.13,88.28,54.02
26-02-2016 21:00,-11.98,979.88,24.75,88.4,59.9
26-02-2016 22:00,-11.27,980.11,24.71,88.32,62.81
26-02-2016 23:00,-11.32,980.54,25.77,85.1,62.08
27-02-2016 00:00,-11.5,980.95,25.12,84.98,60.62
27-02-2016 01:00,-11.36,981.43,25.05,84.7,59.38
27-02-2016 02:00,-10.96,981.75,23.82,86.1,56.81
27-02-2016 03:00,-10.64,982.17,22.27,88.83,53.36
27-02-2016 04:00,-9.72,982.39,20,88.52,48.69
27-02-2016 05:00,-8.95,982.76,17.09,82.5,48.05
27-02-2016 06:00,-8.26,983.14,16.11,79.82,46.2
27-02-2016 07:00,-7.57,983.69,13.73,79.12,45.34
27-02-2016 08:00,-7.16,984.06,12.94,66.9,43.32
27-02-2016 09:00,-7.03,984.24,9.02,65.07,43.6
27-02-2016 10:00,-6.86,984.53,8.05,71.75,44.74
27-02-2016 11:00,-6.78,984.74,9.1,92.75,45.86
27-02-2016 12:00,-7.14,985,11.8,87.78,49.46
27-02-2016 13:00,-7.79,985.38,12.88,88.83,50.67
27-02-2016 14:00,-8.4,985.94,12.86,88.2,49.73
27-02-2016 15:00,-9,986.39,15.03,88.07,49.41
27-02-2016 16:00,-9.32,986.83,15.07,89.07,50.34
27-02-2016 17:00,-9.47,987.3,16.09,88.57,49.82
27-02-2016 18:00,-9.19,987.82,15.52,90.27,49.36
27-02-2016 19:00,-8.68,988.29,15.86,84.98,47.5
27-02-2016 20:00,-8.42,988.8,16.15,81.37,47.06
27-02-2016 21:00,-8.56,989.32,16.83,83.5,47.42
27-02-2016 22:00,-8.71,989.73,17.52,83.25,47.83
27-02-2016 23:00,-8.79,990.11,17.54,84.37,47.15
28-02-2016 00:00,-8.77,990.02,20.06,84.38,46.84
28-02-2016 01:00,-8.7,990.09,20.87,86.12,47.62
28-02-2016 02:00,-7.8,990.14,19.62,80.18,45.84
28-02-2016 03:00,-7.42,990.3,19.31,83.7,45.44
28-02-2016 04:00,-6.5,990.17,17.11,78.37,45.49
28-02-2016 05:00,-5.69,990.18,16.43,69.35,43.78
28-02-2016 06:00,-5.25,990.12,15.26,67.62,44.23
28-02-2016 07:00,-5.05,990.09,12.12,64.1,46.86
28-02-2016 08:00,-4.67,990.09,9.18,73.27,44.48
28-02-2016 09:00,-4.45,989.79,6.43,92.62,43.16
28-02-2016 10:00,-4.35,989.51,5.28,104.7,40.17
28-02-2016 11:00,-4.11,989.27,5.63,100.7,39.86
28-02-2016 12:00,-4.37,989.2,7.82,89.37,49.04
28-02-2016 13:00,-4.54,989.15,10.98,69.67,50.24
28-02-2016 14:00,-4.89,989.35,14.25,73.28,46.2
28-02-2016 15:00,-6.01,989.58,16.57,86.43,46.1
28-02-2016 16:00,-6.85,989.72,18.62,88.9,47.2
28-02-2016 17:00,-7.53,990.03,20.46,88.73,48.96
28-02-2016 18:00,-7.83,990.18,21.94,88.17,48.8
28-02-2016 19:00,-8.12,990.49,21.45,87.63,49.5
28-02-2016 20:00,-8.41,990.93,20.76,89.2,48.81
28-02-2016 21:00,-8.67,991.22,20.35,88.05,48.12
28-02-2016 22:00,-8.94,991.5,20.02,88.4,48.72
28-02-2016 23:00,-9.44,992.01,15.72,95.42,50.05
29-02-2016 00:00,-9.6,992.26,16.49,100.33,46.01
29-02-2016 01:00,-8.99,992.14,16.5,93.1,45.93
29-02-2016 02:00,-7.88,991.86,12.62,89.77,46.1
29-02-2016 03:00,-7.36,991.58,15.3,92.98,44.53
29-02-2016 04:00,-6.66,991.46,15.11,74.52,44.15
29-02-2016 05:00,-5.84,991.54,11.93,69.65,40.27
29-02-2016 06:00,-5.33,991.35,9.7,53.05,39.73
29-02-2016 07:00,-5,991.18,7.69,54.53,39.88
29-02-2016 08:00,-4.68,990.81,5.75,88.67,41.43
29-02-2016 09:00,-3.6,990.4,1.65,160.15,39.16
29-02-2016 10:00,-4.08,989.97,2.9,117.78,39.6
29-02-2016 11:00,-4.61,989.32,4.88,87.47,45.89
29-02-2016 12:00,-4.73,988.84,6.7,63.08,46.6
29-02-2016 13:00,-5.03,988.25,10.99,57.35,48.5
29-02-2016 14:00,-5.96,987.92,11.69,82.77,44.22
29-02-2016 15:00,-6.91,987.46,14.79,90.72,46.62
29-02-2016 16:00,-7.68,987.13,18.91,88.88,47.4
29-02-2016 17:00,-7.83,986.74,19.41,88.47,46.49
29-02-2016 18:00,-8.39,986.45,21.17,89.28,48.39
29-02-2016 19:00,-8.79,986.04,22.77,88.27,47.99
29-02-2016 20:00,-8.72,985.51,21.07,89.67,48.08
29-02-2016 21:00,-8.75,985.13,19.75,89.3,47.93
29-02-2016 22:00,-8.76,984.87,18.89,85.93,46.02
29-02-2016 23:00,-8.83,984.73,17.08,89,45.81
01-03-2016 00:00,-8.6,984.48,15.9,90.14,45.06
01-03-2016 01:00,-8.12,984.01,15.81,84.17,43.77
01-03-2016 02:00,-7.74,983.61,15.41,88.93,41.8
01-03-2016 03:00,-7.05,983.28,14,88.15,39.68
01-03-2016 04:00,-6.13,982.54,13.37,77.82,38.18
01-03-2016 05:00,-5.57,981.9,14.05,60.3,38.37
01-03-2016 06:00,-5.1,981.26,10.27,46.93,37.68
01-03-2016 07:00,-4.78,980.58,7.83,43.38,36.09
01-03-2016 08:00,-4.6,979.74,7.1,51.73,36.84
01-03-2016 09:00,-4.4,978.81,5.41,40.72,37.84
01-03-2016 10:00,-4.01,977.99,3.18,38.65,38.97
01-03-2016 11:00,-3.85,977.23,4.64,77.88,42.87
01-03-2016 12:00,-4.38,976.35,9.46,65.52,44.7
01-03-2016 13:00,-4.96,975.79,11.47,65.32,47.68
01-03-2016 14:00,-5.95,975.11,14.26,79.73,44.92
01-03-2016 15:00,-6.7,974.34,15.33,85.4,44.92
01-03-2016 16:00,-7.61,973.5,18.97,88.4,45.78
01-03-2016 17:00,-7.83,972.78,20.46,88.42,45.64
01-03-2016 18:00,-8.2,972.13,22.35,86.23,46.39
01-03-2016 19:00,-8.62,971.54,21.88,87.43,47.65
01-03-2016 20:00,-8.68,971.2,22.93,85.85,47.26
01-03-2016 21:00,-9.54,970.8,24.85,85.55,51.16
01-03-2016 22:00,-9.87,970.04,24.52,88.47,52.57
01-03-2016 23:00,-9.91,969.64,23.35,87.13,51.53
02-03-2016 00:00,-9.97,968.95,24.91,87.61,51.67
02-03-2016 01:00,-9.88,968.62,22.62,89.52,50.82
02-03-2016 02:00,-9.52,967.92,21.85,87.28,50.64
02-03-2016 03:00,-9.06,967.24,22.9,86.98,48.73
02-03-2016 04:00,-8.25,966.69,20.18,84.17,46.63
02-03-2016 05:00,-7.43,966.22,17.59,80.07,46.58
02-03-2016 06:00,-6.99,965.81,17.83,81.62,45.81
02-03-2016 07:00,-6.46,965.3,16.32,68.37,44.75
02-03-2016 08:00,-5.74,964.94,15.4,66.63,44.47
02-03-2016 09:00,-5.72,964.4,15.11,60.83,46.1
02-03-2016 10:00,-5.63,964.11,13.5,63.73,45.35
02-03-2016 11:00,-5.72,963.7,13.17,68.05,48.09
02-03-2016 12:00,-6.61,963.37,13.63,83.62,50.08
02-03-2016 13:00,-7.73,962.98,15.44,89.08,51.53
02-03-2016 14:00,-8.41,962.4,17.78,88.95,52.27
02-03-2016 15:00,-8.82,962.29,18.17,89.33,52.48
02-03-2016 16:00,-9,962.1,18.68,89.37,51.31
02-03-2016 17:00,-9.13,961.77,18.36,89.23,52.55
02-03-2016 18:00,-9.48,961.44,20,88.23,53.82
02-03-2016 19:00,-9.6,961.2,19.54,88.5,55.21
02-03-2016 20:00,-9.24,961.02,17.86,88.92,55.47
02-03-2016 21:00,-9.31,960.82,15.97,86.65,54.6
02-03-2016 22:00,-9.66,960.73,12.68,96.35,56.73
02-03-2016 23:00,-10.4,960.61,12.21,118.23,54.56
03-03-2016 00:00,-9.48,960.46,12.83,99.86,56.18
03-03-2016 01:00,-8.86,960.47,10.91,109.62,56.8
03-03-2016 02:00,-8.56,960.15,9.9,115.1,53.61
03-03-2016 03:00,-6.61,960.05,6.6,89.07,53.64
03-03-2016 04:00,-5.13,960.2,2.22,201.78,52.5
03-03-2016 05:00,-5.15,960.38,2.81,159.43,54.56
03-03-2016 06:00,-5.17,960.35,5.01,205.75,55.37
03-03-2016 07:00,-5.42,960.06,9.38,208.95,54.8
03-03-2016 08:00,-5.09,959.98,7.85,205.4,55.72
03-03-2016 09:00,-4.65,959.97,7.13,205.75,57.05
03-03-2016 10:00,-4.24,960.06,7.11,207.1,59.14
03-03-2016 11:00,-3.26,960.14,5.84,194.7,57.81
03-03-2016 12:00,-2.81,960.32,3.65,160.72,55.89
03-03-2016 13:00,-3.18,960.71,6.32,110,55.97
03-03-2016 14:00,-2.92,961,9.7,98.7,55.01
03-03-2016 15:00,-2.47,961.25,10.13,98.57,53.9
03-03-2016 16:00,-2.45,961.42,13.43,85.68,52.66
03-03-2016 17:00,-2.05,961.94,11.83,83.75,52.78
03-03-2016 18:00,-1.45,962.57,14.09,67.52,53.98
03-03-2016 19:00,-1.55,963.38,11.7,56.7,59.69
03-03-2016 20:00,-1.88,964.11,7.81,67,62
03-03-2016 21:00,-2.36,964.6,8.54,87.12,58.77
03-03-2016 22:00,-2.24,965.01,12.08,88.22,56.19
03-03-2016 23:00,-2.08,965.56,11.49,83.82,54.46
04-03-2016 00:00,-2.03,966.17,11.65,84.51,54.3
04-03-2016 01:00,-2.23,966.65,14.02,84.12,51.95
04-03-2016 02:00,-2.08,967.15,14.06,78.07,50.66
04-03-2016 03:00,-1.7,967.67,12.87,65.02,53.15
04-03-2016 04:00,-1.47,968.36,11.57,59.93,54.98
04-03-2016 05:00,-1.29,969.03,10.27,58.25,55.03
04-03-2016 06:00,-0.97,969.61,10.97,59.57,53.96
04-03-2016 07:00,-0.84,970.12,9.12,71.7,53.69
04-03-2016 08:00,-0.58,970.47,8.93,80.82,52.34
04-03-2016 09:00,-0.58,970.84,8.4,81.5,51.93
04-03-2016 10:00,-0.43,971.07,9.28,67.73,52.82
04-03-2016 11:00,-0.44,971.35,9.9,58.82,54.42
04-03-2016 12:00,-0.57,971.73,9.69,59.7,55.76
04-03-2016 13:00,-0.65,972.11,10.91,57.6,57.85
04-03-2016 14:00,-0.68,972.45,12.99,57.73,57.61
04-03-2016 15:00,-0.94,972.67,13.26,57.38,62.11
04-03-2016 16:00,-1.3,972.9,10.48,75.58,61.99
04-03-2016 17:00,-1.63,972.98,11.45,80.45,52.93
04-03-2016 18:00,-1.69,973,15.17,73.93,47.74
04-03-2016 19:00,-2.31,973.33,16.22,77.2,46.03
04-03-2016 20:00,-3.15,973.53,17.12,85.65,46.65
04-03-2016 21:00,-4.12,973.41,18.88,87.25,47.75
04-03-2016 22:00,-5.04,973.35,21.13,88.82,50.46
04-03-2016 23:00,-5.72,973.43,22.55,87.48,50.44
05-03-2016 00:00,-5.97,973.4,21.27,87.92,49.59
05-03-2016 01:00,-6.02,973.55,19.08,88.38,49.74
05-03-2016 02:00,-5.81,973.52,17.33,88.82,47.37
05-03-2016 03:00,-5.23,973.43,14.18,83.77,44.03
05-03-2016 04:00,-4.94,973.27,14.49,82.38,42.99
05-03-2016 05:00,-4.48,973.1,16.32,73.28,41.91
05-03-2016 06:00,-4.18,973.11,15.54,68.15,46.58
05-03-2016 07:00,-3.92,973.09,15.93,58.27,46.37
05-03-2016 08:00,-3.9,973.08,13.33,55.62,45.27
05-03-2016 09:00,-4.2,973.18,7.09,173.38,67.67
05-03-2016 10:00,-5.56,973.18,5.42,235.02,83.56
05-03-2016 11:00,-5.75,973.06,5.05,202.4,85.66
05-03-2016 12:00,-6.78,973.03,9.48,243.55,85.43
05-03-2016 13:00,-7.7,973.01,10.81,215.7,81.72
05-03-2016 14:00,-8.29,973.12,11.57,221.67,62.7
05-03-2016 15:00,-8.47,973.09,8.78,205.73,54.24
05-03-2016 16:00,-7.68,973.09,4.49,175.18,58.78
05-03-2016 17:00,-6.99,973.4,2.46,143.68,63.57
05-03-2016 18:00,-6.53,973.74,4.54,72.7,65.91
05-03-2016 19:00,-6.57,973.98,7.42,72.93,69.5
05-03-2016 20:00,-6.4,974.08,9.87,86.58,70.75
05-03-2016 21:00,-6.04,974.22,10.83,67.13,71.49
05-03-2016 22:00,-5.57,974.08,15.67,67.02,71.38
05-03-2016 23:00,-5.28,974.02,18.49,66.9,72.67
06-03-2016 00:00,-5.16,974.25,19.82,57.71,74.75
06-03-2016 01:00,-4.96,974.42,20.84,52.88,75.98
06-03-2016 02:00,-5.28,974.68,23.57,54.85,76.79
06-03-2016 03:00,-5.32,974.65,24.41,54.83,81.46
06-03-2016 04:00,-5.61,974.84,23.71,53.97,90.71
06-03-2016 05:00,-5.99,974.86,24.48,64.02,91.63
06-03-2016 06:00,-5.5,975.12,26.43,51.48,92.2
06-03-2016 07:00,-5.42,975.33,28.29,50.87,92.39
06-03-2016 08:00,-4.94,975.69,27.42,45.85,92.88
06-03-2016 09:00,-4.58,976.25,26.16,42,93.33
06-03-2016 10:00,-4.28,976.55,23.46,38.98,93.71
06-03-2016 11:00,-4.17,976.58,25.5,39.77,93.84
06-03-2016 12:00,-3.84,976.76,24.87,41.98,94.15
06-03-2016 13:00,-3.46,977.08,23.65,41.55,94.55
06-03-2016 14:00,-3.22,977.1,23.23,32.07,94.85
06-03-2016 15:00,-3.27,976.98,28.71,30.62,94.87
06-03-2016 16:00,-3.31,977.08,27.45,38.12,94.81
06-03-2016 17:00,-3.24,977.1,28.46,39.42,94.89
06-03-2016 18:00,-3.21,977.63,28.13,33.63,94.98
06-03-2016 19:00,-3.23,978.3,28.66,32.18,94.98
06-03-2016 20:00,-3.1,978.68,25.99,34.05,95.06
06-03-2016 21:00,-2.96,978.67,27.32,39.7,95.18
06-03-2016 22:00,-2.83,978.95,28.11,42.57,95.37
06-03-2016 23:00,-2.83,978.96,24.3,48.68,95.38
07-03-2016 00:00,-2.86,978.58,23.82,45.37,95.36
07-03-2016 01:00,-2.92,977.83,22.38,53.93,95.26
07-03-2016 02:00,-3.17,977.02,25.16,52.77,94.78
07-03-2016 03:00,-3.66,976.23,26.46,59.12,93.81
07-03-2016 04:00,-3.54,975.66,24.91,53.47,93.11
07-03-2016 05:00,-3.36,974.46,29.44,56.85,90.38
07-03-2016 06:00,-3.41,973.14,26.63,75.52,90.01
07-03-2016 07:00,-3.77,971.73,26.58,82.23,90.35
07-03-2016 08:00,-2.82,971.02,19.67,48.33,87.1
07-03-2016 09:00,-2.5,969.73,19.93,60.75,82.31
07-03-2016 10:00,-2.09,968.6,22.21,66.73,74.65
07-03-2016 11:00,-1.84,967.67,27.45,55.35,68.44
07-03-2016 12:00,-1.55,967.36,24.57,61.38,65.84
07-03-2016 13:00,-1.85,967.22,24.34,66.95,68.87
07-03-2016 14:00,-2.11,966.76,26.29,69.13,67.71
07-03-2016 15:00,-1.72,966.8,22.5,63.37,64.77
07-03-2016 16:00,-1.72,966.68,21.85,54.57,65.37
07-03-2016 17:00,-3.1,965.71,32.2,84.07,81.22
07-03-2016 18:00,-3.21,966.02,33.03,83.55,83.86
07-03-2016 19:00,-3.35,966.65,30.55,82.9,84.63
07-03-2016 20:00,-3.58,966.92,29.4,82.87,86.37
07-03-2016 21:00,-3.81,967.41,27.82,83.17,87.63
07-03-2016 22:00,-4.1,967.98,26.2,83.78,88.27
07-03-2016 23:00,-4.06,968.28,27.16,83.8,85.72
08-03-2016 00:00,-3.8,968.19,25.75,82.14,79.17
08-03-2016 01:00,-3.56,968.4,22.73,85.9,73.14
08-03-2016 02:00,-2.99,968.67,17.54,81.73,68.28
08-03-2016 03:00,-2.69,968.94,13.43,72.83,66.67
08-03-2016 04:00,-2.65,968.89,12.84,78.93,65.25
08-03-2016 05:00,-2.58,968.87,11.73,69.53,63.94
08-03-2016 06:00,-2.42,968.72,10.4,63.07,61.5
08-03-2016 07:00,-2.42,968.54,8.09,59.32,64.49
08-03-2016 08:00,-2.18,968.38,4.75,92.53,62.23
08-03-2016 09:00,-2.04,968.08,5.81,89.5,61.17
08-03-2016 10:00,-1.83,967.69,4.65,93.7,59.5
08-03-2016 11:00,-2.14,967.82,4.38,203.82,63.61
08-03-2016 12:00,-2.75,967.72,4.17,196.38,65.59
08-03-2016 13:00,-3.79,967.85,6.88,117.25,57.98
08-03-2016 14:00,-4.19,968.02,8.18,103.27,59.81
08-03-2016 15:00,-3.77,967.95,8.66,85.92,58.61
08-03-2016 16:00,-3.99,967.82,12.2,85.93,56.56
08-03-2016 17:00,-4.38,967.8,12.16,85.2,57.78
08-03-2016 18:00,-4.04,968.04,11.45,74.58,55.08
08-03-2016 19:00,-4.47,967.83,14.4,80.4,54.13
08-03-2016 20:00,-4.92,967.64,16.91,84.05,54.62
08-03-2016 21:00,-4.84,967.69,17.11,79.38,54.23
08-03-2016 22:00,-5.08,967.86,16.89,80.4,57.3
08-03-2016 23:00,-5.46,967.89,17.89,81.08,59.46
09-03-2016 00:00,-5.26,968.02,20.45,69.19,60.16
09-03-2016 01:00,-5.58,967.89,23.03,68.28,64.62
09-03-2016 02:00,-5.53,967.88,22.66,67.62,63.74
09-03-2016 03:00,-5.46,967.97,22.53,65.32,60.55
09-03-2016 04:00,-5.39,968.09,22.83,66.3,61.79
09-03-2016 05:00,-5.38,968.31,21.76,62.23,65.59
09-03-2016 06:00,-5.36,968.66,17.78,66.42,67.7
09-03-2016 07:00,-6.67,969.17,5.73,247.97,85.31
09-03-2016 08:00,-6.61,969.22,4.27,331.3,83.81
09-03-2016 09:00,-6.21,968.92,2.65,225.62,82.11
09-03-2016 10:00,-5.88,968.62,2.67,267.08,78.69
09-03-2016 11:00,-5.53,968.52,3.06,295.27,78.64
09-03-2016 12:00,-4.87,968.34,11.95,58.38,64.82
09-03-2016 13:00,-4.71,968.25,16.83,57.75,57.89
09-03-2016 14:00,-4.92,968.49,17.23,62.93,55.83
09-03-2016 15:00,-5.34,968.54,18.9,67.52,51.81
09-03-2016 16:00,-5.73,968.86,19.84,69.85,49.02
09-03-2016 17:00,-6.46,969.37,18.86,79.08,50.06
09-03-2016 18:00,-7,969.61,19.09,79.47,49.1
09-03-2016 19:00,-7.49,969.88,19.93,85.4,50.52
09-03-2016 20:00,-8.57,970.15,23.02,88.67,52.35
09-03-2016 21:00,-8.85,970.75,21.3,88.78,52.12
09-03-2016 22:00,-9.13,971.34,19.41,90.23,54.29
09-03-2016 23:00,-9.13,971.92,18.59,88.12,53.99
10-03-2016 00:00,-9.63,972.42,20.53,88.64,57.4
10-03-2016 01:00,-10.04,972.86,22.43,87,58.17
10-03-2016 02:00,-9.71,973.43,20.28,88.12,56.27
10-03-2016 03:00,-9.34,973.92,19.95,85.88,55.49
10-03-2016 04:00,-8.83,974.28,18.51,87.33,52.99
10-03-2016 05:00,-8.14,974.47,15.41,85.6,53.25
10-03-2016 06:00,-7.45,974.6,14.53,83,52.29
10-03-2016 07:00,-6.53,974.97,14.41,65.83,51.8
10-03-2016 08:00,-6.55,975.15,13.98,78.12,49.89
10-03-2016 09:00,-6.8,975.2,14.11,81.57,51.73
10-03-2016 10:00,-6.83,975.33,12.87,90.58,53.42
10-03-2016 11:00,-7.19,975.62,13.55,89.8,53.46
10-03-2016 12:00,-7.8,975.75,12.55,90.47,54.72
10-03-2016 13:00,-8.51,975.9,12.8,93.72,55.49
10-03-2016 14:00,-9.23,975.82,15.61,92.32,55.56
10-03-2016 15:00,-9.49,975.65,16.16,91.5,55.51
10-03-2016 16:00,-9.72,975.56,15.43,93.27,54.92
10-03-2016 17:00,-9.82,975.53,16.38,92,56.35
10-03-2016 18:00,-9.99,975.28,15.79,93.82,54.95
10-03-2016 19:00,-11.06,975.26,12.41,107.33,53.46
10-03-2016 20:00,-10.9,975.03,11.88,105.2,52.64
10-03-2016 21:00,-10.89,974.71,12.34,108.2,51.49
10-03-2016 22:00,-10.36,974.41,8.52,104.2,49.47
10-03-2016 23:00,-10.29,974.18,9.22,102.15,48.78
11-03-2016 00:00,-10.5,974.06,8.37,110.76,52.67
11-03-2016 01:00,-9.85,973.9,7.3,107.77,49.98
11-03-2016 02:00,-8.99,973.54,6.58,112.98,50.41
11-03-2016 03:00,-7.29,973.25,4.64,77.15,50.51
11-03-2016 04:00,-6.34,973.04,4.64,49.55,48.78
11-03-2016 05:00,-5.81,972.75,5.89,54.98,46.81
11-03-2016 06:00,-5.3,972.45,11.35,52.58,46.94
11-03-2016 07:00,-4.92,972.14,13.7,63.77,45.7
11-03-2016 08:00,-5.62,972,16.43,83.92,51.3
11-03-2016 09:00,-6.97,972.29,18.23,86.7,52.46
11-03-2016 10:00,-7.19,972.12,16.17,98.83,51.36
11-03-2016 11:00,-8.34,972.14,15.89,117.25,51.02
11-03-2016 12:00,-9.14,972.23,15.62,110.77,51.25
11-03-2016 13:00,-11.13,972.25,20.67,117.35,55.9
11-03-2016 14:00,-11.83,972.37,20.3,112.95,55.84
11-03-2016 15:00,-12.15,972.4,20.19,103.88,57.02
11-03-2016 16:00,-11.54,972.64,18.14,102.48,53.79
11-03-2016 17:00,-12.55,972.79,19.99,102.28,54.83
11-03-2016 18:00,-12.89,972.81,19.8,100.47,56.42
11-03-2016 19:00,-12.74,972.86,19.71,96.6,58.38
11-03-2016 20:00,-12.68,972.77,19.77,94.83,58.09
11-03-2016 21:00,-12.72,972.74,20.34,94.67,58.17
11-03-2016 22:00,-13.1,972.66,20.55,94.78,59.95
11-03-2016 23:00,-13.49,972.85,19.64,95.93,60.7
12-03-2016 00:00,-13.75,973.16,19.32,97.76,59.5
12-03-2016 01:00,-13.97,973.26,19.65,98.72,59.73
12-03-2016 02:00,-13.65,973,19.1,97.02,58.63
12-03-2016 03:00,-13.12,972.21,18.82,101.13,56.88
12-03-2016 04:00,-11.94,972,15.69,98.42,54.2
12-03-2016 05:00,-10.38,972.41,9.92,107.02,46.84
12-03-2016 06:00,-9.82,972.26,9,110.35,46.04
12-03-2016 07:00,-10.28,971.87,14.39,97.82,53.69
12-03-2016 08:00,-9.75,971.08,16.09,93.08,53.01
12-03-2016 09:00,-8.47,970.69,14.53,75.77,46.5
12-03-2016 10:00,-7.92,970.46,16.83,57.07,45.52
12-03-2016 11:00,-7.88,970.61,16.93,59.15,45.98
12-03-2016 12:00,-8.33,970.88,13.42,80.22,49.02
12-03-2016 13:00,-9.61,971.17,15.6,87.22,50.67
12-03-2016 14:00,-10.36,971.76,15.95,88.12,51.66
12-03-2016 15:00,-10.99,971.98,18.54,89.18,50.41
12-03-2016 16:00,-11.36,972.17,18.06,89.23,52.48
12-03-2016 17:00,-11.63,972.42,17.1,88.78,53.03
12-03-2016 18:00,-11.78,972.38,18.27,89.57,52.8
12-03-2016 19:00,-11.84,972.39,16.88,89.1,53.47
12-03-2016 20:00,-11.49,972.6,13.64,87.48,53.56
12-03-2016 21:00,-11.13,972.86,14.35,85.7,54.81
12-03-2016 22:00,-11.23,972.81,16.18,87.37,54.41
12-03-2016 23:00,-11.36,972.76,16.59,89.42,53.7
13-03-2016 00:00,-11.21,972.89,14.58,87.88,52.93
13-03-2016 01:00,-11.25,973.06,12.17,103.52,52.18
13-03-2016 02:00,-10.76,973.12,11.58,106.17,50
13-03-2016 03:00,-10.62,973.21,9.47,112.35,52.49
13-03-2016 04:00,-9.77,973.28,8.99,98.05,55.05
13-03-2016 05:00,-8.98,973.31,8.25,96.78,54.36
13-03-2016 06:00,-8.39,973.11,7.75,91.63,53.69
13-03-2016 07:00,-7.77,972.84,9.3,87.8,51.27
13-03-2016 08:00,-7.32,972.64,10.09,75.3,49.94
13-03-2016 09:00,-7.03,972.49,10.35,75.07,49.62
13-03-2016 10:00,-7.25,972.39,8.65,92.33,50.43
13-03-2016 11:00,-7.78,971.99,8.59,99.45,49.29
13-03-2016 12:00,-9.07,971.81,10.03,102.18,58.17
13-03-2016 13:00,-8.94,971.63,10.08,90.55,61.67
13-03-2016 14:00,-7.92,971.37,10.59,86.08,59.49
13-03-2016 15:00,-7.68,970.97,10.59,85.52,56.94
13-03-2016 16:00,-7.73,970.73,6.03,97.52,58.64
13-03-2016 17:00,-7.92,970.36,4.38,117.88,62.1
13-03-2016 18:00,-7.38,970.22,4.37,104.53,62.75
13-03-2016 19:00,-7.72,970.05,4.47,121.23,63.99
13-03-2016 20:00,-7.59,969.89,3.53,130.77,66.96
13-03-2016 21:00,-7.6,969.62,3.09,172.6,72.45
13-03-2016 22:00,-7.74,969.45,5.04,206.07,82.11
13-03-2016 23:00,-7.33,969.29,4.08,168.58,81.82
14-03-2016 00:00,-6.26,969.01,15.51,62.27,68.82
14-03-2016 01:00,-6.66,968.83,18.34,72.8,66.55
14-03-2016 02:00,-6.64,968.84,17.97,68.53,69.12
14-03-2016 03:00,-6.34,968.84,17.41,62.15,69.93
14-03-2016 04:00,-6.12,968.74,17.66,63.97,69.75
14-03-2016 05:00,-6.45,968.64,18.84,63.83,77.28
14-03-2016 06:00,-6.24,968.37,19.77,68.58,77.81
14-03-2016 07:00,-6.33,968.3,18.94,67.48,82.38
14-03-2016 08:00,-6.85,968.83,10.99,171.9,89.05
14-03-2016 09:00,-8.01,969.38,6.64,263.18,88.25
14-03-2016 10:00,-8.26,969.56,5.5,228.67,87.48
14-03-2016 11:00,-8.43,969.38,6.65,222.78,88.18
14-03-2016 12:00,-8.7,969.08,7.02,203.3,88.22
14-03-2016 13:00,-8.82,968.98,6.01,200.97,87.97
14-03-2016 14:00,-7.74,968.86,7.87,154.58,89.08
14-03-2016 15:00,-7.57,969.26,15.48,85.3,89.31
14-03-2016 16:00,-7.62,969.29,20.6,51.05,89.44
14-03-2016 17:00,-7.92,969.74,15.93,31.1,89.16
14-03-2016 18:00,-7.41,969.98,17.66,64.88,87.63
14-03-2016 19:00,-7.49,970.18,19.36,80.12,88.71
14-03-2016 20:00,-7.96,970.28,20.92,51.17,89.26
14-03-2016 21:00,-8.46,970.65,19.84,63.85,89.15
14-03-2016 22:00,-8.31,970.85,18.77,65,89.27
14-03-2016 23:00,-8.12,971.01,19,55.28,89.45
15-03-2016 00:00,-7.22,971.24,21.2,29.32,90.38
15-03-2016 01:00,-6.95,971.81,18.41,23.98,90.67
15-03-2016 02:00,-7.65,972.47,8.09,173.85,90.03
15-03-2016 03:00,-8.7,972.96,5.21,319.17,88.91
15-03-2016 04:00,-9.63,973.27,4.91,304.1,87.86
15-03-2016 05:00,-9.79,973.66,4.65,291.78,87.59
15-03-2016 06:00,-9.96,974.29,4.4,310.6,87.44
15-03-2016 07:00,-10.34,975.02,5.04,316.88,86.97
15-03-2016 08:00,-10.63,975.54,5.33,285.15,86.5
15-03-2016 09:00,-10.72,976.05,7.96,267.58,86.26
15-03-2016 10:00,-10.49,976.38,10.9,67.95,86.33
15-03-2016 11:00,-10.17,976.58,14.61,27.08,86.11
15-03-2016 12:00,-9.93,976.96,15.91,30.58,86.06
15-03-2016 13:00,-10,977.7,16.93,14.52,85.51
15-03-2016 14:00,-11.45,978.59,11.12,340.55,85.5
15-03-2016 15:00,-11.44,979.31,10.18,341.38,85.82
15-03-2016 16:00,-10.83,979.48,12.25,213.47,86.39
15-03-2016 17:00,-10.67,979.68,12.43,196.6,86.53
15-03-2016 18:00,-10.44,980.25,14.06,28.08,86.64
15-03-2016 19:00,-10.71,980.83,15.01,37.98,86.14
15-03-2016 20:00,-10.87,980.98,14.5,28.48,85.92
15-03-2016 21:00,-10.45,980.83,15.28,27.43,86.48
15-03-2016 22:00,-10.09,980.68,13.9,25.18,86.97
15-03-2016 23:00,-9.77,980.45,15.52,58.28,87.17
16-03-2016 00:00,-10.28,980.24,15.4,80.46,86.36
16-03-2016 01:00,-11.18,979.64,12.77,89.68,84.92
16-03-2016 02:00,-11.71,979.07,12.89,90.02,84.66
16-03-2016 03:00,-10.78,978.85,8.69,84.62,81.75
16-03-2016 04:00,-9.89,978.63,5.41,88.75,80.94
16-03-2016 05:00,-9.15,978.39,5.62,119.08,79.44
16-03-2016 06:00,-8.41,978.38,4.67,144.73,80.41
16-03-2016 07:00,-7.53,978.38,3.86,167.45,81.52
16-03-2016 08:00,-7.22,978.58,7.73,218.77,83.74
16-03-2016 09:00,-7.18,979.02,10.04,220.63,86.43
16-03-2016 10:00,-7.06,979.56,7.89,208.02,84.15
16-03-2016 11:00,-6.98,980.18,10.93,219.3,82.02
16-03-2016 12:00,-6.86,980.56,9.67,214.88,83.54
16-03-2016 13:00,-6.61,980.96,7.33,211.97,84.22
16-03-2016 14:00,-6.4,981.66,7.26,215.93,85.3
16-03-2016 15:00,-6.35,982.22,6.34,206.65,85.55
16-03-2016 16:00,-6.57,982.73,3.72,124.37,83.1
16-03-2016 17:00,-6.81,983.15,4.29,108.83,85.27
16-03-2016 18:00,-6.74,983.59,5.55,103.97,83.64
16-03-2016 19:00,-6.73,984.05,6.2,99.15,83.7
16-03-2016 20:00,-6.95,984.52,6.44,99.52,84.2
16-03-2016 21:00,-7.11,984.95,7.03,102.57,81.61
16-03-2016 22:00,-7.26,985.18,6.04,100.77,76.27
16-03-2016 23:00,-7.18,985.17,5.37,109.97,73.57
17-03-2016 00:00,-6.97,985.04,4.14,102.31,71.06
17-03-2016 01:00,-7.12,985.29,4.02,109.78,69.47
17-03-2016 02:00,-6.93,985.59,4.72,109.73,67.26
17-03-2016 03:00,-7.46,985.8,4.75,108.77,66.28
17-03-2016 04:00,-7.8,985.86,6.53,107.3,67.63
17-03-2016 05:00,-6.67,985.92,7.43,100.47,64.32
17-03-2016 06:00,-5.83,986.17,6.01,90.12,66.04
17-03-2016 07:00,-5.27,985.98,4.28,81.5,64.81
17-03-2016 08:00,-4.87,985.86,4.36,76.77,64.25
17-03-2016 09:00,-4.87,985.71,3.48,84.45,64.27
17-03-2016 10:00,-5.15,985.53,3.46,114.2,68.72
17-03-2016 11:00,-6.57,985.39,5.13,113.43,66.95
17-03-2016 12:00,-7.45,985.3,5.79,118.15,65.34
17-03-2016 13:00,-6.88,985.24,7.33,102.52,62.99
17-03-2016 14:00,-6.7,985.02,8.12,102.15,62.06
17-03-2016 15:00,-6.58,984.69,7.9,93.62,63.3
17-03-2016 16:00,-6.26,984.32,7.84,89.15,58.61
17-03-2016 17:00,-6.18,983.96,5.83,86.13,60.78
17-03-2016 18:00,-6.82,983.7,5.38,93.92,62.9
17-03-2016 19:00,-7.45,983.46,5.87,104.52,63.27
17-03-2016 20:00,-7.96,982.99,6.21,103.17,61.93
17-03-2016 21:00,-8.41,982.67,6.02,108.47,55.7
17-03-2016 22:00,-8.51,982.46,7.05,104.45,53.58
17-03-2016 23:00,-8.52,982.04,6.9,102.53,57.26
18-03-2016 00:00,-7.66,981.53,8.5,67.27,54.44
18-03-2016 01:00,-7.6,980.96,11.54,71.7,53.27
18-03-2016 02:00,-7.33,980.64,13.94,72.88,51.11
18-03-2016 03:00,-7.31,980.41,11.36,74.78,51.7
18-03-2016 04:00,-6.99,980.21,12.35,73.5,49.9
18-03-2016 05:00,-6.76,979.81,13.37,64.73,48.79
18-03-2016 06:00,-6.8,979.42,13.16,61.53,50.65
18-03-2016 07:00,-6.9,979.02,10.87,65.57,50.56
18-03-2016 08:00,-6.78,978.66,9.38,68.02,52.7
18-03-2016 09:00,-7.03,978.27,7.62,84.07,51.87
18-03-2016 10:00,-7.44,977.94,6.17,88.1,52.12
18-03-2016 11:00,-7.9,977.74,7.63,88.68,53.23
18-03-2016 12:00,-8.96,977.45,8.21,97.07,54.48
18-03-2016 13:00,-9.29,977.26,8.57,99.28,52.01
18-03-2016 14:00,-9.43,977.13,8.97,95.82,50.48
18-03-2016 15:00,-9.74,976.81,10.54,90.9,49.64
18-03-2016 16:00,-10.27,976.57,11.41,95.68,50.76
18-03-2016 17:00,-10.18,976.32,10.84,95.87,51.74
18-03-2016 18:00,-9.85,976.17,11.26,93.03,50.06
18-03-2016 19:00,-9.84,975.87,10.68,96.3,48.16
18-03-2016 20:00,-10.38,975.79,11.17,97.3,51.23
18-03-2016 21:00,-10.3,975.84,9.46,96,49.47
18-03-2016 22:00,-10.63,975.79,9.37,96.97,49.3
18-03-2016 23:00,-9.92,975.83,9.5,88.32,47.49
19-03-2016 00:00,-9.69,975.84,9.08,88.36,49.38
19-03-2016 01:00,-9.56,975.81,10.1,86.1,49.04
19-03-2016 02:00,-9.5,975.68,11.03,85.78,48.56
19-03-2016 03:00,-9.62,975.69,10.59,85.4,50.63
19-03-2016 04:00,-9.24,975.7,11.01,90.55,51.86
19-03-2016 05:00,-9.15,975.8,10.18,87.6,48.81
19-03-2016 06:00,-8.39,975.82,9.6,66.95,49.34
19-03-2016 07:00,-8.48,975.77,9.87,89.17,48.87
19-03-2016 08:00,-8.18,975.93,9.41,69.87,48.17
19-03-2016 09:00,-8.43,976.01,9.36,86.23,49.43
19-03-2016 10:00,-8.48,976.03,9.21,86.03,46.94
19-03-2016 11:00,-8.37,976.1,10.16,73.5,49.37
19-03-2016 12:00,-8.87,976.12,10.15,86.77,50.45
19-03-2016 13:00,-9.08,976.16,10.03,86.45,51.54
19-03-2016 14:00,-9.56,976.12,11.08,85.5,48.77
19-03-2016 15:00,-10.05,976.3,10.76,87.62,48.36
19-03-2016 16:00,-10.94,976.5,13.68,88.43,50.33
19-03-2016 17:00,-11.12,976.46,15.2,87.53,50.51
19-03-2016 18:00,-11.12,976.58,16.35,89.77,52.31
19-03-2016 19:00,-10.25,976.91,12.97,82.07,51.12
19-03-2016 20:00,-10.68,977.17,14.96,88.98,48.01
19-03-2016 21:00,-11.18,977.17,16.22,88.55,50.89
19-03-2016 22:00,-11.77,977.27,17.49,89.08,51.85
19-03-2016 23:00,-12.19,977.48,16.95,87.1,49.54
20-03-2016 00:00,-12.68,977.66,17.28,87.42,48.83
20-03-2016 01:00,-12.71,977.78,16.91,86.13,47.5
20-03-2016 02:00,-12.8,978.02,15.59,88.67,47.96
20-03-2016 03:00,-12.97,978.11,16.76,87.48,48.04
20-03-2016 04:00,-12.7,977.99,17.27,86.42,47.62
20-03-2016 05:00,-12.37,978,15.92,88.28,48.12
20-03-2016 06:00,-11.56,978.01,13.41,87.07,45.43
20-03-2016 07:00,-10.8,978.33,10.9,79.27,41.8
20-03-2016 08:00,-10.71,978.35,8.71,79.15,42.77
20-03-2016 09:00,-11.05,978.57,6.32,107.97,47.49
20-03-2016 10:00,-11.4,978.66,5.84,110.77,46.29
20-03-2016 11:00,-12.17,978.94,7.33,104.77,42.84
20-03-2016 12:00,-13.14,979.18,8.07,116.7,43.81
20-03-2016 13:00,-13.86,979.43,9.95,116.8,46.41
20-03-2016 14:00,-13.88,979.53,10.88,107.45,46.87
20-03-2016 15:00,-14.13,979.74,11.17,101,48.32
20-03-2016 16:00,-14.8,980.1,12.38,101.22,45.72
20-03-2016 17:00,-15.46,980.25,14.61,100.4,44.33
20-03-2016 18:00,-15.79,980.49,13.82,103.72,47.07
20-03-2016 19:00,-15.64,980.49,12.16,100.48,48.19
20-03-2016 20:00,-16.56,980.65,16.14,108.18,49.95
20-03-2016 21:00,-16.16,980.98,14.27,102.87,50.85
20-03-2016 22:00,-16.61,981.35,14.85,109.38,54.48
20-03-2016 23:00,-17.79,981.46,18.2,119.52,58.81
21-03-2016 00:00,-18.13,981.41,18.63,120.22,54.6
21-03-2016 01:00,-18.57,981.66,19.43,120.15,53.69
21-03-2016 02:00,-17.96,982,16.08,107.12,50.98
21-03-2016 03:00,-18.27,982.28,16.08,115.47,51.08
21-03-2016 04:00,-17.09,982.98,12.98,110.37,45.94
21-03-2016 05:00,-16.2,982.93,11.69,100.95,45.25
21-03-2016 06:00,-15.26,982.9,11.11,96.68,44.35
21-03-2016 07:00,-14.52,982.8,12.27,63.83,40.76
21-03-2016 08:00,-14.38,982.85,12.27,57.95,43.77
21-03-2016 09:00,-14.17,982.79,10.22,63.37,45.03
21-03-2016 10:00,-14.05,982.38,15.95,54.12,44.47
21-03-2016 11:00,-14.05,982.47,15.99,50.1,46.01
21-03-2016 12:00,-14.35,982.81,17.67,52.82,47.05
21-03-2016 13:00,-14.72,983.05,16,73.13,47.45
21-03-2016 14:00,-15.76,982.32,18.09,86.33,48.24
21-03-2016 15:00,-15,981.39,17.23,64.47,46.75
21-03-2016 16:00,-14.5,981.89,18.71,47.32,46.74
21-03-2016 17:00,-14.7,981.99,20.4,55.67,47.89
21-03-2016 18:00,-15.29,982.08,16.52,73.87,47.27
21-03-2016 19:00,-15.95,981.78,17.58,82.9,47.91
21-03-2016 20:00,-16.71,981.42,17.16,88.5,49.42
21-03-2016 21:00,-15.82,981.17,13.75,74.45,45.97
21-03-2016 22:00,-15.55,980.97,14.76,63.95,44.44
21-03-2016 23:00,-15.49,980.97,11.34,76.5,44.49
22-03-2016 00:00,-15.72,980.82,12.28,88.2,46.26
22-03-2016 01:00,-15.4,980.88,11.16,77.25,45.48
22-03-2016 02:00,-15.19,980.74,10.35,72.18,47.45
22-03-2016 03:00,-15.08,980.79,9.46,85.45,44.85
22-03-2016 04:00,-14.55,980.56,9.49,86.47,44.16
22-03-2016 05:00,-14.46,979.94,8.5,73.63,43.66
22-03-2016 06:00,-13.56,979.41,7.8,61.73,41.55
22-03-2016 07:00,-13.02,979.09,8.08,46.53,39.08
22-03-2016 08:00,-12.87,978.71,7.41,43.42,42.96
22-03-2016 09:00,-12.73,978.39,6.67,56.83,43.92
22-03-2016 10:00,-12.79,978.01,4.72,77.33,45.74
22-03-2016 11:00,-13.4,977.73,6.84,73.73,50.97
22-03-2016 12:00,-14.75,977.23,8.4,97.87,46.59
22-03-2016 13:00,-15.98,976.88,9.93,105.13,46.31
22-03-2016 14:00,-16.43,976.65,7.84,112.87,48.94
22-03-2016 15:00,-17.1,976.28,6.48,127.45,50.49
22-03-2016 16:00,-17.26,975.92,7.36,118.18,48.7
22-03-2016 17:00,-17.28,975.38,10.17,111.08,45.31
22-03-2016 18:00,-17.5,975.07,10.48,109.43,45.67
22-03-2016 19:00,-17.36,974.7,10.8,105.42,44.84
22-03-2016 20:00,-17.58,974.23,13.18,95.07,48.66
22-03-2016 21:00,-17.23,973.74,15.08,89.15,47.31
22-03-2016 22:00,-17.58,973.38,16,90.65,47.49
22-03-2016 23:00,-17.74,972.98,17.32,88.47,47.97
23-03-2016 00:00,-18,972.73,17.32,89.36,49.91
23-03-2016 01:00,-17.86,972.57,17.11,89.07,48.38
23-03-2016 02:00,-17.74,972.49,17.59,89.52,47.42
23-03-2016 03:00,-17.35,972.42,17.22,89.4,48.2
23-03-2016 04:00,-16.85,972.39,16.59,91.77,47.69
23-03-2016 05:00,-15.95,972.41,14.07,91.27,45.39
23-03-2016 06:00,-15.25,972.33,12.39,83.93,45.31
23-03-2016 07:00,-14.8,972.27,11.67,72.73,43.19
23-03-2016 08:00,-14.65,972.25,10.22,77.75,45.44
23-03-2016 09:00,-14.59,972.13,9.57,75.87,46.77
23-03-2016 10:00,-15.12,971.98,10.33,87.88,49.16
23-03-2016 11:00,-15.75,971.83,10.38,89.8,47.11
23-03-2016 12:00,-17.07,971.6,10.54,105.48,49.38
23-03-2016 13:00,-17.56,971.36,12.23,100.03,50.65
23-03-2016 14:00,-17.15,971.19,11.56,97.85,50.71
23-03-2016 15:00,-17.6,970.88,15.55,93.02,49.74
23-03-2016 16:00,-17.77,970.73,16.38,88.98,49.51
23-03-2016 17:00,-18.18,970.45,19.12,89.6,49.7
23-03-2016 18:00,-18.3,970.28,17.76,91.55,50.4
23-03-2016 19:00,-18.26,970.21,16.27,91.5,49.1
23-03-2016 20:00,-18.45,969.93,17.38,89.53,48.51
23-03-2016 21:00,-18.55,969.82,16.59,89.15,49.04
23-03-2016 22:00,-18.66,969.69,16.64,90.32,47.37
23-03-2016 23:00,-18.72,969.66,15.94,91.13,48.1
24-03-2016 00:00,-18.79,969.68,15.27,89.44,47.18
24-03-2016 01:00,-18.87,969.7,15.85,89.6,45.94
24-03-2016 02:00,-18.64,969.69,16.56,88.93,46.7
24-03-2016 03:00,-18.3,969.68,17.08,89.37,46.68
24-03-2016 04:00,-17.78,969.94,16.15,90.27,45.45
24-03-2016 05:00,-17.08,970.05,14.39,89.82,43.78
24-03-2016 06:00,-16.7,970.28,13.85,90.6,43.73
24-03-2016 07:00,-16.34,970.41,11.54,89.5,44.53
24-03-2016 08:00,-16.31,970.58,10.85,83.7,43.46
24-03-2016 09:00,-16.66,970.88,10.91,88.67,46.28
24-03-2016 10:00,-16.91,971.08,12.05,88.67,46.3
24-03-2016 11:00,-17.09,971.3,12.66,89.13,46.86
24-03-2016 12:00,-17.47,971.41,13.35,88.93,46.58
24-03-2016 13:00,-17.42,971.39,15.56,88.93,47.37
24-03-2016 14:00,-17.52,971.49,16.57,90.52,45.94
24-03-2016 15:00,-17.46,971.69,15.62,86,46.13
24-03-2016 16:00,-17.66,971.88,16.3,79.72,43.91
24-03-2016 17:00,-18.2,971.93,16.71,83.82,45.34
24-03-2016 18:00,-18.64,972.05,17.78,86.33,45.85
24-03-2016 19:00,-18.73,972.27,16.75,83.22,46.17
24-03-2016 20:00,-18.8,972.22,18.43,87.95,46.61
24-03-2016 21:00,-19.17,972.06,19.83,94.37,53.71
24-03-2016 22:00,-18.91,971.95,17.66,94.45,58.29
24-03-2016 23:00,-18.1,972.16,15.67,83.72,56.5
25-03-2016 00:00,-18.09,972.17,16.93,80.98,56.02
25-03-2016 01:00,-18.81,972.29,18.66,91.67,56.77
25-03-2016 02:00,-19.08,972.59,16.32,93.52,53.79
25-03-2016 03:00,-19.2,972.71,14.43,92.03,51.83
25-03-2016 04:00,-19.95,972.83,13.46,100.87,48.97
25-03-2016 05:00,-18.89,973,13.43,96.9,47.11
25-03-2016 06:00,-18.32,973.29,11.48,98.48,47.74
25-03-2016 07:00,-17.48,973.49,11.34,87.97,49.37
25-03-2016 08:00,-17.57,973.72,9.63,94.68,53.23
25-03-2016 09:00,-18.02,974.06,9.66,99.15,52.57
25-03-2016 10:00,-17.84,974.37,8.62,102.13,50.16
25-03-2016 11:00,-18.37,974.61,9.4,97.93,46.89
25-03-2016 12:00,-19.7,974.66,12.2,106.92,46.74
25-03-2016 13:00,-20.28,974.69,14.63,120.9,46
25-03-2016 14:00,-21.21,974.63,12.48,128.22,45.82
25-03-2016 15:00,-20.26,974.4,9.2,138.82,45.23
25-03-2016 16:00,-19.08,974.32,7.28,125.27,45.13
25-03-2016 17:00,-18.5,974.26,8.54,127.22,50.75
25-03-2016 18:00,-17.27,974.01,5.38,139.37,54.27
25-03-2016 19:00,-16.79,973.9,5.98,122.32,63.61
25-03-2016 20:00,-15.8,973.63,6.69,90.5,68.48
25-03-2016 21:00,-15.21,973.52,11.21,85.5,67.81
25-03-2016 22:00,-14.87,973.43,11.43,89.43,66.25
25-03-2016 23:00,-14.38,973.3,8.27,76.48,67.78
26-03-2016 00:00,-14.02,973.14,6.32,65.28,70.69
26-03-2016 01:00,-13.61,973.03,6.37,59.07,72.11
26-03-2016 02:00,-13.17,973.04,8.07,60.88,70.94
26-03-2016 03:00,-13.07,973.1,6.49,87.28,72.13
26-03-2016 04:00,-12.67,973.19,6.1,81.4,71.63
26-03-2016 05:00,-12.49,973.28,4.42,182.85,74.55
26-03-2016 06:00,-13.54,973.32,7.44,226.42,81.05
26-03-2016 07:00,-14.46,973.65,9.8,226.55,81.15
26-03-2016 08:00,-15.34,973.84,10.65,218.67,80.67
26-03-2016 09:00,-15.84,974.06,11.36,227.62,79.99
26-03-2016 10:00,-16.1,974.25,12.49,227.73,79.67
26-03-2016 11:00,-16.24,974.45,11.62,220.32,79.68
26-03-2016 12:00,-16.35,974.74,9.43,228.12,79.24
26-03-2016 13:00,-16.37,974.94,6.58,233.85,78.86
26-03-2016 14:00,-16.32,975.19,4.22,245.6,78.84
26-03-2016 15:00,-16.17,975.45,1.38,238.88,79.73
26-03-2016 16:00,-16.19,975.65,2.01,268.97,80.01
26-03-2016 17:00,-17.08,975.85,3.88,293.67,79.67
26-03-2016 18:00,-17.62,976.04,3.64,280.83,78.61
26-03-2016 19:00,-18.25,976.2,4.91,267.73,78.21
26-03-2016 20:00,-19.09,976.39,8.28,269.61,77.14
26-03-2016 21:00,-19.52,976.31,9.77,277.93,76.56
26-03-2016 22:00,-20.08,976.18,2.78,272.35,75.8
26-03-2016 23:00,-20.36,976.19,2.92,264.75,75.36
27-03-2016 00:00,-20.49,976.11,1.21,248.7,74.95
27-03-2016 01:00,-20.42,975.94,1.25,266.97,74.94
27-03-2016 02:00,-20.67,975.79,1.16,267.52,74.86
27-03-2016 03:00,-20.53,975.81,0.24,249.18,74.94
27-03-2016 04:00,-20.27,975.67,0.1,246.94,75.22
27-03-2016 05:00,-20.48,975.55,2.48,261.09,75.37
27-03-2016 06:00,-20.79,975.48,4.16,240.12,75.08
27-03-2016 07:00,-20.96,975.29,4.73,238.78,74.84
27-03-2016 08:00,-21.26,975.13,4.84,233.82,74.44
27-03-2016 09:00,-21.5,975.05,4.53,238.22,74.05
27-03-2016 10:00,-21.9,975.05,4.6,238.28,73.61
27-03-2016 11:00,-21.71,974.98,4.3,240.98,73.67
27-03-2016 12:00,-22.33,975.07,3.15,242.17,72.99
27-03-2016 13:00,-22.62,974.94,3.23,238.72,72.85
27-03-2016 14:00,-22.59,974.77,2.91,252.62,72.72
27-03-2016 15:00,-22.83,974.8,1.87,248.07,72.37
27-03-2016 16:00,-22.85,974.58,1.2,244.12,72.33
27-03-2016 17:00,-23.09,974.57,3.1,253.02,71.94
27-03-2016 18:00,-23.52,974.49,3.31,250.78,71.51
27-03-2016 19:00,-23.83,974.32,2.1,249.45,71.26
27-03-2016 20:00,-23.83,974.32,1.69,259.3,71.19
27-03-2016 21:00,-24.36,974.15,2.15,256.95,70.56
27-03-2016 22:00,-24.66,974.07,1.87,259.9,70.25
27-03-2016 23:00,-24.77,974.19,1.27,247.53,70.15
28-03-2016 00:00,-24.74,974.03,0.36,234.52,70.07
28-03-2016 01:00,-24.36,973.79,0.3,266.7,70.42
28-03-2016 02:00,-24.47,973.41,0.32,257.5,70.23
28-03-2016 03:00,-23.94,973.01,0.24,227.43,70.84
28-03-2016 04:00,-24,972.57,2.21,244.85,70.76
28-03-2016 05:00,-23.71,972.02,1.52,230.35,71.17
28-03-2016 06:00,-22.86,971.19,2.1,232.2,71.94
28-03-2016 07:00,-22.42,970.49,2.82,223.19,72.43
28-03-2016 08:00,NaN,NaN,NaN,NaN,NaN
28-03-2016 09:00,-21.73,967.66,10.74,193,73.29
28-03-2016 10:00,-21.48,967.39,12.26,190.25,73.35
28-03-2016 11:00,-20.54,966.88,10.98,172.02,74.25
28-03-2016 12:00,-17.42,966.71,3.2,143.98,75.72
28-03-2016 13:00,-16.34,966.25,11.17,77.67,76.16
28-03-2016 14:00,-16.16,965.79,16.86,81.18,74.06
28-03-2016 15:00,-16.72,965.24,18.79,91.13,73.52
28-03-2016 16:00,-17.14,964.76,19.58,92.33,73.31
28-03-2016 17:00,-17.8,964.55,22.92,94.92,75.31
28-03-2016 18:00,-18.72,964.79,22.91,100.38,76.5
28-03-2016 19:00,-18.88,964.63,24.65,95.38,75.25
28-03-2016 20:00,-19.52,964.52,22.07,97.17,75.25
28-03-2016 21:00,-19.39,964.35,21.35,88.03,74.01
28-03-2016 22:00,-20.08,964.25,20.32,88.73,74.49
28-03-2016 23:00,-20.1,963.86,20.86,85.32,74.13
29-03-2016 00:00,-20.27,963.62,19.8,85.5,73.65
29-03-2016 01:00,-20.41,963.29,21.26,84.28,72.43
29-03-2016 02:00,-19.95,962.91,22.08,77.12,71.02
29-03-2016 03:00,-19.55,963.01,19.88,76.35,69.52
29-03-2016 04:00,-18.43,962.86,16.66,74.3,66.88
29-03-2016 05:00,-18.32,962.87,17.83,76.3,64.92
29-03-2016 06:00,-16.98,962.91,13.3,68.05,61.79
29-03-2016 07:00,-16.34,963.09,11.6,51.62,57.79
29-03-2016 08:00,-15.93,963.7,8.69,45.33,58.34
29-03-2016 09:00,-16,964.18,5.48,69.15,56.91
29-03-2016 10:00,-16.61,964.53,6.48,92.93,58.96
29-03-2016 11:00,-17.3,964.88,7.23,99.32,55.85
29-03-2016 12:00,-17.51,965.22,10.54,85.32,57.48
29-03-2016 13:00,-17.22,965.79,10.13,79.42,56.3
29-03-2016 14:00,-16.33,966.26,13.6,76.25,55.17
29-03-2016 15:00,-15.59,967.16,14.49,75.88,53.7
29-03-2016 16:00,-14.86,968.21,15.95,74.5,53.32
29-03-2016 17:00,-14.95,969.42,17.4,79.52,57.01
29-03-2016 18:00,-14.23,970.9,15.21,78.47,54.43
29-03-2016 19:00,-14.19,972.23,18.09,76.32,55.3
29-03-2016 20:00,-14.55,973.43,20.82,81.4,61.13
29-03-2016 21:00,-14.03,974.81,21.64,82.38,61.12
29-03-2016 22:00,-13.33,976.79,18.46,80.95,58.39
29-03-2016 23:00,-12.57,978.29,16.18,77.15,53.06
30-03-2016 00:00,-12.32,979.26,14.97,75.68,50.56
30-03-2016 01:00,-12.32,980.58,12.93,76.22,51.54
30-03-2016 02:00,-11.78,981.45,12.81,83.87,50.13
30-03-2016 03:00,-11.23,982.4,10.13,79.15,50.83
30-03-2016 04:00,-10.52,982.6,14.61,76.2,50.12
30-03-2016 05:00,-9.76,983.23,14.75,75.9,51.67
30-03-2016 06:00,-9.05,983.91,13.43,75.82,49.84
30-03-2016 07:00,-8.85,984.87,14.85,74.5,49.13
30-03-2016 08:00,-8.26,985.84,11.71,63.38,45.77
30-03-2016 09:00,-9.14,986.19,14.51,77.63,50.51
30-03-2016 10:00,-9.21,986.53,15.3,74.55,50.82
30-03-2016 11:00,-9.02,986.75,17.06,73.08,47.88
30-03-2016 12:00,-9.3,987.14,15.68,75.37,49.45
30-03-2016 13:00,-9.37,987.69,13.93,73.33,48.38
30-03-2016 14:00,-9.42,987.81,13.6,75.37,47.5
30-03-2016 15:00,-10.3,987.85,14.49,80.22,50.05
30-03-2016 16:00,-10.56,987.39,13.32,82.7,51.28
30-03-2016 17:00,-10.48,987.11,12.15,81.15,47.48
30-03-2016 18:00,-10.77,986.83,13.47,75.93,46.45
30-03-2016 19:00,-11.21,986.85,13.21,80.2,48.82
30-03-2016 20:00,-11.84,986.68,14.89,81.05,49.27
30-03-2016 21:00,-11.57,986.28,15.03,78.72,47.05
30-03-2016 22:00,-11.53,985.61,15.67,77.32,47.18
30-03-2016 23:00,-11.91,985.36,15.24,80.45,47.24
31-03-2016 00:00,-12.24,985.11,14.2,77.08,46.93
31-03-2016 01:00,-12.07,984.87,14.39,76.83,45.25
31-03-2016 02:00,-12.12,984.45,16.62,77.9,45.21
31-03-2016 03:00,-12.17,984.12,18.21,78.72,46.54
31-03-2016 04:00,-11.7,983.75,16.04,75.22,46.02
31-03-2016 05:00,-10.71,983.22,15.15,69.6,44.5
31-03-2016 06:00,-10.45,982.78,15.93,64.25,46.37
31-03-2016 07:00,-10.1,982.45,13.54,60.38,47.2
31-03-2016 08:00,-9.94,982.07,9.03,61.55,47.15
31-03-2016 09:00,-9.62,981.49,7.78,48.23,48.42
31-03-2016 10:00,-10.13,980.89,8.26,78.2,48.06
31-03-2016 11:00,-11.2,980.41,12.13,84.15,48.32
31-03-2016 12:00,-11.85,979.76,11.85,81.97,50.58
31-03-2016 13:00,-12.35,978.87,17.36,80.28,51.58
31-03-2016 14:00,-12.32,978.13,17.31,78.02,49.19
31-03-2016 15:00,-12.67,977.03,19.75,76.35,50.88
31-03-2016 16:00,-12.7,976.32,20.24,76.32,50.83
31-03-2016 17:00,-13.07,975.66,23.34,75.05,52.11
31-03-2016 18:00,-12.64,975,20.36,76.7,50.13
31-03-2016 19:00,-13.32,974.45,21.37,76.08,52.27
31-03-2016 20:00,-13.14,973.66,20.2,76.6,51.38
31-03-2016 21:00,-13.21,973.12,20.97,76.03,50.83
31-03-2016 22:00,-13.23,972.62,19.61,78.03,51.96
31-03-2016 23:00,-13.56,972.24,21.55,77.47,51.62
01-04-2016 00:00,-13.26,971.54,18.06,75.93,50.79
01-04-2016 01:00,-13.46,970.5,18.21,77.63,52.07
01-04-2016 02:00,-13.53,969.68,20.17,75.3,51.2
01-04-2016 03:00,-12.08,969.28,15,61.42,47.5
01-04-2016 04:00,-12.19,968.81,12.82,71.7,47.12
01-04-2016 05:00,-11.32,968.12,13.46,60.23,45.95
01-04-2016 06:00,-11.09,967.36,14.02,64.57,46.53
01-04-2016 07:00,-10.86,966.72,13.46,64,47.31
01-04-2016 08:00,-10.46,966.1,14.05,52.15,47.59
01-04-2016 09:00,-10.63,965.77,10.74,46.4,53
01-04-2016 10:00,-10.9,965.66,6.34,66.73,56.58
01-04-2016 11:00,-11.68,965.57,6.66,77.9,55.58
01-04-2016 12:00,-12.35,965.39,7.28,78.55,54.27
01-04-2016 13:00,-12.32,965.44,8.41,79.17,52.78
01-04-2016 14:00,-12.36,964.99,18.11,76.4,51
01-04-2016 15:00,-12.27,964.98,19.32,76.73,51.46
01-04-2016 16:00,-12.34,965.04,20.65,77.07,51.32
01-04-2016 17:00,-12.61,965.39,21,78.17,51.37
01-04-2016 18:00,-12.55,965.86,19.13,74.83,50.23
01-04-2016 19:00,-12.62,966.55,17.3,75,49.86
01-04-2016 20:00,-12.95,967.09,17.19,73.98,51.67
01-04-2016 21:00,-12.85,967.6,17.11,73.98,49.69
01-04-2016 22:00,-12.57,968.2,15.71,66.52,51.14
01-04-2016 23:00,-13,968.98,16.87,73.68,50.31
02-04-2016 00:00,-13.15,969.86,16.51,75.22,51.05
02-04-2016 01:00,-13.57,970.39,17.99,77.67,50.62
02-04-2016 02:00,-13.2,970.99,15.8,76.38,49.94
02-04-2016 03:00,-12.35,971.79,15.65,62.38,49.58
02-04-2016 04:00,-11.79,972.69,12.93,60.47,50.01
02-04-2016 05:00,-11.5,973.4,13.7,63.9,49.6
02-04-2016 06:00,-11.05,974.31,13.63,51.87,49.93
02-04-2016 07:00,-10.95,975.17,12.81,48.73,51.82
02-04-2016 08:00,-10.99,976.08,11.98,46.65,54.43
02-04-2016 09:00,-11.17,977.02,11.75,53.43,59.09
02-04-2016 10:00,-11.46,977.85,12,55.47,59.16
02-04-2016 11:00,-11.79,978.53,11.02,55.5,57.52
02-04-2016 12:00,-11.81,979.58,11.62,46.3,57.97
02-04-2016 13:00,-12.47,980.56,10.73,55.23,63.96
02-04-2016 14:00,-12.74,981.25,9.9,54.92,67.47
02-04-2016 15:00,-12.7,982,10.02,56.9,70.16
02-04-2016 16:00,-12.79,982.67,11.2,52.2,71.11
02-04-2016 17:00,-13.32,983.2,10.89,50.45,73.28
02-04-2016 18:00,-14.27,983.99,7.29,72.43,78.53
02-04-2016 19:00,-14.1,984.87,9.16,77.23,79.94
02-04-2016 20:00,-13.63,985.55,9.78,56.95,79.82
02-04-2016 21:00,-13.52,986.21,10,54,79.39
02-04-2016 22:00,-13.58,986.71,9.55,52.8,79.19
02-04-2016 23:00,-13.7,987.25,8.25,46.25,79.42
03-04-2016 00:00,-13.79,987.62,6.32,56.54,79.52
03-04-2016 01:00,-14.13,987.73,7.97,86.2,78.75
03-04-2016 02:00,-13.98,988.12,7.68,80.48,78.79
03-04-2016 03:00,-13.92,988.26,8.6,82.95,79.11
03-04-2016 04:00,-13.8,988.33,7.17,67.13,77
03-04-2016 05:00,-13.82,988.1,5.73,54.17,75.77
03-04-2016 06:00,-13.99,987.75,4.77,55.87,74.62
03-04-2016 07:00,-14.14,987.65,6.19,70.95,75.88
03-04-2016 08:00,-14.54,987.04,8.7,90.55,76
03-04-2016 09:00,-15.14,986.35,4.36,130.12,74.28
03-04-2016 10:00,-15.26,985.31,4.2,164.22,73.74
03-04-2016 11:00,-15,983.89,7.06,183.6,74.61
03-04-2016 12:00,-14.21,982.81,3.66,152.85,70.15
03-04-2016 13:00,-13.84,981.87,2.67,125.28,66.5
03-04-2016 14:00,-13.12,980.96,1.88,169.52,65.12
03-04-2016 15:00,-13.3,979.63,10.35,183.03,69.08
03-04-2016 16:00,-11.33,978.53,7.7,173.87,64.68
03-04-2016 17:00,-9.86,977.45,3.92,144.92,78.93
03-04-2016 18:00,-8.51,976.27,7.21,84,79.7
03-04-2016 19:00,-7.76,975.39,6.07,88.8,75.77
03-04-2016 20:00,-7.18,974.5,8.95,85.55,78.64
03-04-2016 21:00,-6.34,973.53,8.13,73.58,82.46
03-04-2016 22:00,-5.84,972.93,8.34,77.17,83.68
03-04-2016 23:00,-5.3,972.22,12.61,75.9,81.97
04-04-2016 00:00,-4.83,971.5,14.55,72.39,75.01
04-04-2016 01:00,-4.71,971.04,13.49,57.18,75.28
04-04-2016 02:00,-4.51,970.58,14.09,54.18,71.17
04-04-2016 03:00,-4.61,970.28,12.65,75.75,73.38
04-04-2016 04:00,-4.64,970.15,8.15,80.22,72.42
04-04-2016 05:00,-4.98,970.18,6.36,92.65,77.79
04-04-2016 06:00,-4.66,969.87,6.04,92.92,72.45
04-04-2016 07:00,-4.43,969.51,6.7,83,72.02
04-04-2016 08:00,-4.38,969.5,5.93,79.68,73.96
04-04-2016 09:00,-4.69,969.58,6.7,68.98,83.28
04-04-2016 10:00,-4.94,969.31,5.29,84.22,86.47
04-04-2016 11:00,-4.87,968.63,5.7,82.12,84.77
04-04-2016 12:00,-4.59,967.97,7.45,61.68,83.31
04-04-2016 13:00,-4.53,967.37,9.44,55.97,87.4
04-04-2016 14:00,-4.51,966.69,10.9,61.55,91.61
04-04-2016 15:00,-4.46,966.18,13.38,58.95,92.5
04-04-2016 16:00,-4.49,965.42,15.78,57.83,93.16
04-04-2016 17:00,-4.32,964.74,21,48.07,93.45
04-04-2016 18:00,-4.18,964.25,22.46,45.52,93.76
04-04-2016 19:00,-4.14,964.04,23.75,42.7,93.88
04-04-2016 20:00,-4.27,964.27,26.62,41.55,93.76
04-04-2016 21:00,-4.24,964.48,22.46,42.67,93.76
04-04-2016 22:00,-4.14,964.67,23.23,37.63,93.88
04-04-2016 23:00,-4.26,965.23,18.04,42.17,93.83
05-04-2016 00:00,-4.4,965.31,19.76,47.98,93.69
05-04-2016 01:00,-4.49,965.4,20.28,46.22,93.57
05-04-2016 02:00,-4.38,965.7,16.65,46.38,93.67
05-04-2016 03:00,-4.41,966.13,14.98,45.25,93.66
05-04-2016 04:00,-4.33,966.55,14.17,38.85,93.71
05-04-2016 05:00,-4.24,966.99,16.18,35.67,93.8
05-04-2016 06:00,-4.3,967.59,15.79,36.27,93.77
05-04-2016 07:00,-4.31,968.2,14.74,39.83,93.74
05-04-2016 08:00,-4.34,968.54,12.81,51.68,93.82
05-04-2016 09:00,-4.61,968.92,13.98,46.53,93.52
05-04-2016 10:00,-4.6,969.43,13.68,48.57,93.5
05-04-2016 11:00,-4.71,969.84,15.89,48.37,93.4
05-04-2016 12:00,-4.9,970.18,17.86,49.43,93.22
05-04-2016 13:00,-5.23,970.55,20.53,49.63,92.88
05-04-2016 14:00,-5.28,971.19,22.8,48.27,92.72
05-04-2016 15:00,-5.43,971.98,22.29,49.65,92.51
05-04-2016 16:00,-5.57,972.72,23.37,49.72,92.23
05-04-2016 17:00,-5.88,973.46,22.5,50.15,91.82
05-04-2016 18:00,-6.18,974.23,23.82,50.85,91.48
05-04-2016 19:00,-6.42,974.95,23.99,50.7,90.88
05-04-2016 20:00,-6.65,975.73,23.18,50.98,90.03
05-04-2016 21:00,-7,976.15,24.34,50.95,88.73
05-04-2016 22:00,-7.28,976.66,23.85,47.75,84.78
05-04-2016 23:00,-7.52,977.33,21.97,45.83,83.57
06-04-2016 00:00,-7.88,977.89,21.24,48.2,83.38
06-04-2016 01:00,-8.3,978.38,22.05,49.55,82.07
06-04-2016 02:00,-8.54,978.73,23.07,49.4,80.19
06-04-2016 03:00,-8.62,979.34,20.95,50.83,77.3
06-04-2016 04:00,-8.75,979.84,17.95,56,76.47
06-04-2016 05:00,-8.77,980.39,16.7,57.75,73.5
06-04-2016 06:00,-8.58,980.72,15.87,59.02,67.67
06-04-2016 07:00,-8.46,981.01,14.06,56.3,66.55
06-04-2016 08:00,-8.53,981.27,12.83,56.85,71.23
06-04-2016 09:00,-8.68,981.39,12.48,62.27,75.81
06-04-2016 10:00,-8.82,981.5,11.33,57.15,73.86
06-04-2016 11:00,-9.01,981.5,10.23,58.62,76.14
06-04-2016 12:00,-9.08,981.25,11.44,61.05,69.9
06-04-2016 13:00,-9.21,980.97,11.52,66.83,67.75
06-04-2016 14:00,-9.66,980.72,9.94,74.37,72.67
06-04-2016 15:00,-9.9,980.24,12.52,77.43,72.63
06-04-2016 16:00,-10.07,979.69,12.99,78.43,66.28
06-04-2016 17:00,-9.85,979.31,10.61,71.13,62.01
06-04-2016 18:00,-10.09,978.69,11.13,70.8,55.78
06-04-2016 19:00,-10.52,977.86,13.52,71.73,56.53
06-04-2016 20:00,-11.09,977.26,12.86,76.1,58.68
06-04-2016 21:00,-11.89,976.36,11.64,78.95,55.8
06-04-2016 22:00,-11.71,975.34,11.13,76.5,54.82
06-04-2016 23:00,-12.6,974.59,11.88,78.85,56.2
07-04-2016 00:00,-13.07,973.73,12.74,78.63,56.03
07-04-2016 01:00,-13.38,972.72,13.44,79.92,54.66
07-04-2016 02:00,-14.39,972,14.47,81.52,53.15
07-04-2016 03:00,-14.05,971.39,15.14,79.58,51.01
07-04-2016 04:00,-13.66,971.02,13.26,78.22,50.98
07-04-2016 05:00,-13.49,970.63,13.97,77.9,48.42
07-04-2016 06:00,-12.98,970.2,12.68,74.75,46.14
07-04-2016 07:00,-12.78,970.03,10.08,73.8,44.65
07-04-2016 08:00,-13.01,969.94,9.29,70.83,46.67
07-04-2016 09:00,-13.04,969.77,10.85,70.38,45.93
07-04-2016 10:00,-13.49,969.43,12.78,74.9,46.49
07-04-2016 11:00,-14.1,969.17,12.61,78.08,49.65
07-04-2016 12:00,-14.83,968.95,12.6,77.58,46.68
07-04-2016 13:00,-14.8,968.77,13.33,76.8,54.05
07-04-2016 14:00,-14.65,968.4,15.16,75.08,55.82
07-04-2016 15:00,-14.65,968.11,15.84,74.55,53.22
07-04-2016 16:00,-14.43,968,13.49,68.82,51.61
07-04-2016 17:00,-15.07,967.68,14.4,65.65,51.02
07-04-2016 18:00,-15.5,967.31,14.39,64.32,50
07-04-2016 19:00,-15.37,967.06,15.65,58.77,51.96
07-04-2016 20:00,-16.12,966.59,15.03,66.83,47.3
07-04-2016 21:00,-16.72,966.12,14.07,64.48,47.84
07-04-2016 22:00,-16.84,965.61,13.85,67.65,46.27
07-04-2016 23:00,-16.93,965.17,14.2,64.32,45.83
08-04-2016 00:00,-17.11,964.7,14.59,70.2,46.41
08-04-2016 01:00,-17.4,964.51,14.76,74.05,47.67
08-04-2016 02:00,-17.59,964.44,13.26,74.68,46.33
08-04-2016 03:00,-17.57,964.44,14.17,73.77,45.8
08-04-2016 04:00,-17.38,964.43,12.65,73.5,44.78
08-04-2016 05:00,-16.87,964.46,13.14,71.25,43.64
08-04-2016 06:00,-16.26,964.81,11.87,66.13,44.42
08-04-2016 07:00,-16.05,965,10.3,69.43,45.83
08-04-2016 08:00,-15.95,965.12,10.37,73.13,44.58
08-04-2016 09:00,-16.03,965.19,10.34,72.55,44.7
08-04-2016 10:00,-17.25,965.22,10.83,85.4,48.54
08-04-2016 11:00,-17.93,965.13,11.29,89.63,47.16
08-04-2016 12:00,-18.69,965.44,10.62,91.82,47.31
08-04-2016 13:00,-19.18,965.9,9.58,93.05,49.65
08-04-2016 14:00,-18.94,966.19,10.38,87.32,48.29
08-04-2016 15:00,-17.99,966.54,11.89,75.48,45.54
08-04-2016 16:00,-17.9,966.74,12.67,75.17,46.09
08-04-2016 17:00,-18.07,967.05,13.5,76.05,45.67
08-04-2016 18:00,-18.03,967.48,11.23,61.62,45.95
08-04-2016 19:00,-18.17,967.99,12.08,62.62,45.84
08-04-2016 20:00,-17.69,968.55,14.6,60.37,48.18
08-04-2016 21:00,-17.01,969.07,17.17,57.3,54.65
08-04-2016 22:00,-16.86,969.47,18.73,56.62,58.15
08-04-2016 23:00,-17.08,969.84,19.86,58.55,60.71
09-04-2016 00:00,-17.09,970.31,20.37,57.2,67.51
09-04-2016 01:00,-17.19,970.97,20.37,58.2,73.92
09-04-2016 02:00,-17.09,971.92,20.89,51.68,77.03
09-04-2016 03:00,-17.07,973.02,21.18,46.12,78.78
09-04-2016 04:00,-17.11,973.99,20.95,49.55,78.62
09-04-2016 05:00,-17.14,974.85,18.36,55.58,77.73
09-04-2016 06:00,-16.85,975.58,16,57.2,76.25
09-04-2016 07:00,-16.32,976.06,15.49,55.83,75.93
09-04-2016 08:00,-15.94,976.15,14.71,57.53,76.08
09-04-2016 09:00,-15.61,975.99,12.47,59.97,75.89
09-04-2016 10:00,-15.45,975.6,6.12,68.38,76.03
09-04-2016 11:00,-15.34,975.04,2.97,122,77
09-04-2016 12:00,-14.83,974.7,3.03,74.78,77.28
09-04-2016 13:00,-14.86,974.25,2.6,105.77,78.16
09-04-2016 14:00,-14.46,973.73,3.21,157.25,76.51
09-04-2016 15:00,-14.84,973.36,7.36,186.02,77.98
09-04-2016 16:00,-14.57,972.85,9.26,187.63,78.2
09-04-2016 17:00,-14.12,972.33,8.66,184.64,78.01
09-04-2016 18:00,-12.78,971.39,4.32,153.58,72.47
09-04-2016 19:00,-12.87,971.16,5.91,94.25,69.55
09-04-2016 20:00,-12.58,970,11.63,94.47,65.57
09-04-2016 21:00,-12.69,969.3,12.85,101.98,65.45
09-04-2016 22:00,-12.58,968.56,14.97,105.3,64.76
09-04-2016 23:00,-12.57,967.7,15.89,101.13,64.8
10-04-2016 00:00,-13.54,966.96,16.09,102.07,66.82
10-04-2016 01:00,-13.22,965.99,16.55,95.18,65.88
10-04-2016 02:00,-11.47,965.12,10.6,67.28,55.56
10-04-2016 03:00,-11.43,964.31,7.57,87.02,53.95
10-04-2016 04:00,-10.91,963.1,15.74,85.28,55.2
10-04-2016 05:00,-10.8,962.78,15.68,80.72,52.53
10-04-2016 06:00,-11.08,962.44,16.35,69.95,51.22
10-04-2016 07:00,-12.17,961.28,23.25,79.07,60
10-04-2016 08:00,-11.75,960.11,20.52,76.63,55.99
10-04-2016 09:00,-11.48,959.71,18.59,76.2,52.32
10-04-2016 10:00,-10.86,959.24,15.08,73.28,49.24
10-04-2016 11:00,-10.63,958.77,14.22,71.88,51.38
10-04-2016 12:00,-10.33,958.12,17.55,75.93,55.43
10-04-2016 13:00,-9.6,957.71,17.12,74.95,54.03
10-04-2016 14:00,-9.02,957.37,16.57,72.45,53.29
10-04-2016 15:00,-8.7,957.2,16.39,72.88,54.08
10-04-2016 16:00,-8.49,957.41,14.72,67.92,55.72
10-04-2016 17:00,-7.85,957.84,13.07,61.47,57.98
10-04-2016 18:00,-7.72,958,13.56,61.87,54.81
10-04-2016 19:00,-8.01,958.19,14.92,65.6,53.26
10-04-2016 20:00,-8.32,958.41,15.3,69.62,50.27
10-04-2016 21:00,-8.64,958.4,18.15,74.47,52.18
10-04-2016 22:00,-8.42,958.49,16.8,71.35,52.52
10-04-2016 23:00,-7.95,958.75,15.88,68.48,52.02
11-04-2016 00:00,-7.7,959.13,14.19,58.86,56.05
11-04-2016 01:00,-7.68,959.5,15.31,55.83,60.17
11-04-2016 02:00,-7.8,959.74,16.84,53.22,64.29
11-04-2016 03:00,-7.68,960.07,16.48,62.02,65.48
11-04-2016 04:00,-7.51,960.37,15.97,64.6,65.6
11-04-2016 05:00,-7.17,960.49,16.36,65.67,56.07
11-04-2016 06:00,-7.08,960.88,15.84,69.57,54.73
11-04-2016 07:00,-7.34,960.85,12.32,64.08,53.62
11-04-2016 08:00,-7.26,960.9,8.62,52.57,55.83
11-04-2016 09:00,-6.58,960.99,14.01,61.4,60.62
11-04-2016 10:00,-6.93,961.66,21.09,54.63,80.03
11-04-2016 11:00,-7.07,963.1,20.3,44.93,86.43
11-04-2016 12:00,-7.18,964.02,18.55,51.58,76.86
11-04-2016 13:00,-6.87,964.88,20.62,48.93,59.62
11-04-2016 14:00,-6.82,965.84,19.59,45.8,62.7
11-04-2016 15:00,-7,966.47,17.16,51.43,64.03
11-04-2016 16:00,-7.5,967.16,17.41,49.95,68.57
11-04-2016 17:00,-7.38,967.7,18.51,48.3,60.05
11-04-2016 18:00,-7.68,968.19,18.99,48.23,70.85
11-04-2016 19:00,-7.97,968.63,19.38,47.22,79.58
11-04-2016 20:00,-8.32,969.42,18.09,48.82,86.39
11-04-2016 21:00,-8.41,970.14,17.01,45.12,87.38
11-04-2016 22:00,-8.68,971,11.27,24.7,87.76
11-04-2016 23:00,-9.02,971.47,9.99,58.25,87.6
12-04-2016 00:00,-11.97,972.06,4.93,307.15,84.67
12-04-2016 01:00,-13.51,972.56,4.11,293.38,82.95
12-04-2016 02:00,-14.46,973.23,4.62,293.13,81.91
12-04-2016 03:00,-14.78,973.88,3.02,302.83,81.47
12-04-2016 04:00,-14.81,974.21,2.3,224.15,81.29
12-04-2016 05:00,-14.3,974.65,4.5,288.58,81.8
12-04-2016 06:00,-14.22,975,4.35,298.1,81.61
12-04-2016 07:00,-11.24,975,12.4,74.4,79.64
12-04-2016 08:00,-10.21,974.93,15.51,52.55,72.77
12-04-2016 09:00,-10,975.15,15.17,52.28,66.96
12-04-2016 10:00,-9.89,975.36,13.16,52.18,64.85
12-04-2016 11:00,-10.18,975.29,11.42,55.75,62.82
12-04-2016 12:00,-10.53,975.21,10.93,61.62,60.21
12-04-2016 13:00,-10.28,975.17,11.1,71.33,59.5
12-04-2016 14:00,-9.91,975.18,9.15,71.23,61.9
12-04-2016 15:00,-9.14,975,11.87,59.6,62.41
12-04-2016 16:00,-9.04,975.03,14.53,55.5,65.05
12-04-2016 17:00,-9.22,975.27,15.73,55.75,68.34
12-04-2016 18:00,-9.14,975.5,14.47,56.45,66.52
12-04-2016 19:00,-9.3,975.77,15.17,53.75,67.77
12-04-2016 20:00,-9.4,976,15.4,55.6,65.8
12-04-2016 21:00,-9.36,976.19,14.72,60.2,62.49
12-04-2016 22:00,-9.41,976.36,14.88,60,63.97
12-04-2016 23:00,-9.48,976.51,15.4,60.92,64.83
13-04-2016 00:00,-9.55,976.68,16.51,58.27,64.71
13-04-2016 01:00,-9.97,976.91,16.34,69.33,62.99
13-04-2016 02:00,-10.18,977.14,16.14,69.78,61.25
13-04-2016 03:00,-10.51,977.32,15.91,73.78,62.01
13-04-2016 04:00,-11.43,977.46,19.63,80.75,65.2
13-04-2016 05:00,-11.71,977.56,18.51,80.03,66.06
13-04-2016 06:00,-12.03,977.68,14.47,86.55,63.89
13-04-2016 07:00,-12.14,977.62,13.2,85.82,60.24
13-04-2016 08:00,-13.19,977.58,14.7,103.63,57.21
13-04-2016 09:00,-13.65,977.56,14.33,105.13,58.23
13-04-2016 10:00,-13.3,977.58,12.49,104.03,56.23
13-04-2016 11:00,-13.82,977.61,12.95,102.65,52.5
13-04-2016 12:00,-14.87,977.43,13.34,105.75,50.29
13-04-2016 13:00,-15.22,977.22,12.89,105.38,48.88
13-04-2016 14:00,-15.08,977.05,10.08,106.98,48.01
13-04-2016 15:00,-15.33,976.88,8.52,108.9,47.21
13-04-2016 16:00,-15.15,976.59,9.44,103.2,47.12
13-04-2016 17:00,-14.91,976.47,6.67,85.05,46.35
13-04-2016 18:00,-15.57,976.44,7.94,81.38,47.69
13-04-2016 19:00,-15.71,976.12,9.24,90.17,46.79
13-04-2016 20:00,-15.9,976.01,7.75,89.92,50.6
13-04-2016 21:00,-15.63,975.78,8.28,88,51.75
13-04-2016 22:00,-16.03,975.52,10.29,87.62,54.74
13-04-2016 23:00,-16.41,975.3,9.5,90.97,59.12
14-04-2016 00:00,-15.2,975,9.64,75.83,60.4
14-04-2016 01:00,-14.53,974.64,9.73,74.37,59.77
14-04-2016 02:00,-14.7,974.47,10.78,76.83,62.33
14-04-2016 03:00,-15.42,974.41,12.01,75.95,63.68
14-04-2016 04:00,-14.88,974.42,13.34,68.13,53.01
14-04-2016 05:00,-14.73,974.67,14.03,71,46.97
14-04-2016 06:00,-15.22,974.85,14.88,71.78,45.89
14-04-2016 07:00,-15.8,974.98,14.42,75.13,46.09
14-04-2016 08:00,-16.16,975.01,12.79,71.62,45.89
14-04-2016 09:00,-16.38,975.33,11.88,64.85,47.69
14-04-2016 10:00,-16.89,975.44,12.7,72.25,47.06
14-04-2016 11:00,-17.43,975.76,13.83,74.52,46.92
14-04-2016 12:00,-17.75,975.93,16.11,75.55,47.29
14-04-2016 13:00,-17.77,976,17.51,73.42,48
14-04-2016 14:00,-17.66,976.11,19.97,70.45,46.41
14-04-2016 15:00,-18.68,976.08,23.9,77.47,54.44
14-04-2016 16:00,-18.91,976.03,24.89,77.68,55.74
14-04-2016 17:00,-19.14,975.93,26.12,77.5,55.61
14-04-2016 18:00,-19.36,975.8,26.55,75.48,58.36
14-04-2016 19:00,-19.79,975.69,27.01,78.2,58.21
14-04-2016 20:00,-20.15,975.66,26.36,76.9,57.47
14-04-2016 21:00,-19.85,975.46,23.8,77.87,55.49
14-04-2016 22:00,-19.76,974.99,23.64,79.45,54.95
14-04-2016 23:00,-18.87,974.64,19.27,74.1,49.18
15-04-2016 00:00,-18.75,974.3,18.78,74.93,48.41
15-04-2016 01:00,-18.65,973.57,20.63,73.55,49.45
15-04-2016 02:00,-19.04,972.93,23.17,74.58,52.02
15-04-2016 03:00,-19.07,972.3,24.07,73.05,53.37
15-04-2016 04:00,-18.52,971.3,26.07,77.07,54.26
15-04-2016 05:00,-18.18,970.3,25.47,75.72,55.82
15-04-2016 06:00,-17.82,969.39,23.5,75.15,55.43
15-04-2016 07:00,-17.49,968.45,23.1,74.83,53.48
15-04-2016 08:00,-17.02,967.71,20.42,75.47,50.99
15-04-2016 09:00,-16.88,966.67,21.42,77.72,50.67
15-04-2016 10:00,-16.99,965.59,18.09,79.5,49.02
15-04-2016 11:00,-17.14,964.53,13.87,85.32,47.09
15-04-2016 12:00,-16.95,963.53,6.91,98.42,44.39
15-04-2016 13:00,-17.46,962.59,3.36,133.9,44.66
15-04-2016 14:00,-17.77,962.01,4.47,129.63,44.01
15-04-2016 15:00,-18.34,961.76,5.54,105.53,45.06
15-04-2016 16:00,-18.14,961.86,6.44,78.93,45.83
15-04-2016 17:00,-18.09,962.23,7.78,63.55,47.68
15-04-2016 18:00,-18.1,962.7,11.82,56.88,50.35
15-04-2016 19:00,-18,963.08,14.45,54.53,48.74
15-04-2016 20:00,-18.18,963.77,14.25,51.92,49.58
15-04-2016 21:00,-18.41,964.35,14.04,56.32,53.3
15-04-2016 22:00,-18.59,965.06,9.6,56.77,54.27
15-04-2016 23:00,-18.68,965.75,9.2,68.6,52.59
16-04-2016 00:00,-18.76,966.65,10.01,67.61,52.56
16-04-2016 01:00,-19,967.61,10.59,65.53,55.11
16-04-2016 02:00,-19.46,968.51,9.38,61.72,55.19
16-04-2016 03:00,-19.04,969.25,9.6,58.1,54.77
16-04-2016 04:00,-18.92,970.38,7.59,55.68,64.47
16-04-2016 05:00,-18.89,971.24,8.53,52.23,68.92
16-04-2016 06:00,-19.05,972.2,9.58,52.72,71
16-04-2016 07:00,-19.31,973.23,12.89,57.15,71.31
16-04-2016 08:00,-19.31,974.27,17.6,42.45,70.06
16-04-2016 09:00,-19.99,975.3,19.07,41.1,70.54
16-04-2016 10:00,-20.17,976.28,18.86,36.52,73.71
16-04-2016 11:00,-20.16,977.09,19.67,37.97,72.42
16-04-2016 12:00,-20.02,977.83,18.57,37.45,72.78
16-04-2016 13:00,-20.24,978.72,16.99,42.6,72.18
16-04-2016 14:00,-20.15,979.51,16.09,46.9,72.52
16-04-2016 15:00,-20.17,980.4,15.51,49.07,71.98
16-04-2016 16:00,-19.94,981.13,14.28,52.67,72.01
16-04-2016 17:00,-20.07,981.74,10.91,60.72,71.72
16-04-2016 18:00,-20.43,982.12,9.42,72.65,71.79
16-04-2016 19:00,-20.85,982.38,8.03,87.15,71.09
16-04-2016 20:00,-20.57,982.71,6.5,87.82,69.58
16-04-2016 21:00,-19.89,982.82,4.42,103.52,65
16-04-2016 22:00,-19.34,982.93,3.81,155.22,66.14
16-04-2016 23:00,-19.15,982.88,4.29,165.97,64.68
17-04-2016 00:00,-18.98,982.88,5.12,172.1,58.11
17-04-2016 01:00,-18.62,983.03,3.51,162.2,57.41
17-04-2016 02:00,-18.46,982.94,0.82,218.4,61.24
17-04-2016 03:00,-18.07,983.06,0.9,184.83,64.82
17-04-2016 04:00,-16.63,983.22,4.53,71.42,69.73
17-04-2016 05:00,-15.26,983.25,7.62,69.93,69.53
17-04-2016 06:00,-15.02,983.32,7.14,73.4,69.49
17-04-2016 07:00,-14.61,983.33,7.14,76.15,71.55
17-04-2016 08:00,-14.37,983.25,4.12,101.48,72.61
17-04-2016 09:00,-13.87,982.77,7.42,178.83,73.09
17-04-2016 10:00,-12.27,982.51,5.8,171.03,71.33
17-04-2016 11:00,-11.21,982.33,4.75,165.3,74.01
17-04-2016 12:00,-9.82,982.19,4.47,118.7,76.53
17-04-2016 13:00,-8.45,982.1,9.91,61.73,65.41
17-04-2016 14:00,-7.71,982.13,11.4,57.05,61.39
17-04-2016 15:00,-7.27,982.42,14.31,51.08,59.48
17-04-2016 16:00,-7.76,983,9.6,68.7,63.96
17-04-2016 17:00,-8.1,982.98,12.95,81.17,65.7
17-04-2016 18:00,-7.38,982.84,15.89,78.37,65.87
17-04-2016 19:00,-7.93,983.09,11.12,85.78,65.42
17-04-2016 20:00,-8.13,983.25,8.08,92.27,63.02
17-04-2016 21:00,-7.36,983.19,9.74,89.45,58.16
17-04-2016 22:00,-7.28,983.29,5.22,110.92,59.4
17-04-2016 23:00,-7.42,983.34,4.23,195.12,61.78
18-04-2016 00:00,-7.51,983.15,8.01,192.39,63.32
18-04-2016 01:00,-6.66,982.78,5.68,153.53,59.64
18-04-2016 02:00,-5.87,982.64,6.91,64.4,58.72
18-04-2016 03:00,-5.37,982.79,10,65.85,60.46
18-04-2016 04:00,-5.03,982.96,12.51,78.32,58.51
18-04-2016 05:00,-4.73,983.23,11.34,77.87,63.66
18-04-2016 06:00,-5.08,983.56,9.86,74.7,73.18
18-04-2016 07:00,-5.39,983.53,10.94,74.57,87.05
18-04-2016 08:00,-5.02,983.62,11.3,72,84.83
18-04-2016 09:00,-4.86,983.86,10.98,73.05,80
18-04-2016 10:00,-4.66,984.12,13.54,72.47,73.36
18-04-2016 11:00,-4.77,984.32,14.77,63.73,74.81
18-04-2016 12:00,-4.67,984.61,17.14,51.8,74.32
18-04-2016 13:00,-4.74,985.13,13.23,62.12,70.06
18-04-2016 14:00,-4.92,985.63,12.43,68.53,68.94
18-04-2016 15:00,-5.36,985.92,13.67,76.83,65.29
18-04-2016 16:00,-5.47,986.32,10.88,74.23,61.75
18-04-2016 17:00,-6,986.48,8.34,79,60.42
18-04-2016 18:00,-6.47,986.6,9.47,76.93,59.02
18-04-2016 19:00,-7.59,986.75,9.5,88.15,58.41
18-04-2016 20:00,-8.4,986.88,11.43,86.2,55.22
18-04-2016 21:00,-8.7,987,9.19,89.52,54.34
18-04-2016 22:00,-8.87,987.21,8.99,90.73,52.87
18-04-2016 23:00,-9.01,987.29,9.18,87.03,50.42
19-04-2016 00:00,-9.43,987.32,9.24,89.93,50.78
19-04-2016 01:00,-9.83,987.26,8.7,89.57,51.16
19-04-2016 02:00,-10.11,987.29,8.23,94,50.32
19-04-2016 03:00,-10.03,987.44,5.82,78.53,50.98
19-04-2016 04:00,-9.64,987.59,5.12,79.55,50.68
19-04-2016 05:00,-9.72,987.54,4.61,75.07,49.41
19-04-2016 06:00,-9.29,987.47,1.63,104.26,49.11
19-04-2016 07:00,-9.63,987.22,2.86,77.47,49.55
19-04-2016 08:00,-9.67,987.06,4.05,67.07,48.92
19-04-2016 09:00,-9.9,987,1.46,85.08,48.91
19-04-2016 10:00,-10.2,986.85,4.59,128.2,47.14
19-04-2016 11:00,-10.01,986.91,6.97,67.43,45.17
19-04-2016 12:00,-9.99,986.86,8.18,64.8,44.88
19-04-2016 13:00,-10.18,986.96,8.59,78.58,44.8
19-04-2016 14:00,-10.65,986.96,9.75,86.93,45.15
19-04-2016 15:00,-11,986.96,12.1,88.18,44.1
19-04-2016 16:00,-11.04,987.12,13.23,85.07,42.63
19-04-2016 17:00,-11.53,987.15,13.19,83.47,46.46
19-04-2016 18:00,-11.44,987.12,12.78,80.05,45.73
19-04-2016 19:00,-11.29,987.21,11.78,80.23,42.07
19-04-2016 20:00,-11.58,987.41,13.08,76.63,41.19
19-04-2016 21:00,-12.72,987.8,13.9,83.97,43.75
19-04-2016 22:00,-13.19,988.27,12.19,84.83,46.1
19-04-2016 23:00,-13.55,988.42,12.7,87.72,46.06
20-04-2016 00:00,-13.31,988.38,14.25,84.24,45.28
20-04-2016 01:00,-13.51,988.56,10.44,91.98,43.01
20-04-2016 02:00,-14.09,988.6,13.04,92.27,43.96
20-04-2016 03:00,-13.46,988.57,12.13,79.93,44.04
20-04-2016 04:00,-12.86,988.65,10.67,73.25,41.94
20-04-2016 05:00,-12.62,989.07,10.14,49.7,44.98
20-04-2016 06:00,-12.35,989.43,8.34,63.93,42.85
20-04-2016 07:00,-12.83,989.59,10.58,71.15,43.24
20-04-2016 08:00,-13.34,989.88,8.41,81.43,45.6
20-04-2016 09:00,-13.88,990.16,7.32,87.12,44.34
20-04-2016 10:00,-14.9,990.37,9.1,99.97,44.88
20-04-2016 11:00,-15.23,990.46,11.6,85.93,44.79
20-04-2016 12:00,-15.59,990.75,11.6,88,45.23
20-04-2016 13:00,-15.44,991.03,11.75,85.33,43.87
20-04-2016 14:00,-15.53,991.16,14.75,80.28,42.34
20-04-2016 15:00,-15.48,991.42,16.11,78.48,41.7
20-04-2016 16:00,-15.43,991.77,13.94,77.43,42.44
20-04-2016 17:00,-15.35,992.27,11.28,74.33,44.67
20-04-2016 18:00,-15.77,992.64,12.56,78.3,43.75
20-04-2016 19:00,-15.76,992.98,12.5,77.85,43.29
20-04-2016 20:00,-15.83,993.43,11.39,77.03,43.04
20-04-2016 21:00,-16.21,993.82,11.08,84.48,46.02
20-04-2016 22:00,-16.08,994.21,10.42,87,45.31
20-04-2016 23:00,-16.02,994.25,14.08,81.12,43.18
21-04-2016 00:00,-15.51,994.37,11.4,74.98,43.96
21-04-2016 01:00,-15.98,994.79,13.46,77.95,41.39
21-04-2016 02:00,-16.73,995.16,9.83,90.82,42.91
21-04-2016 03:00,-16.94,995.42,9.89,98.6,41.55
21-04-2016 04:00,-16.65,995.6,7.75,98.2,42.26
21-04-2016 05:00,-16.51,995.75,8.28,94.73,44.2
21-04-2016 06:00,-15.87,995.77,5.73,91.03,45.48
21-04-2016 07:00,-14.72,995.89,6.25,63.8,42.06
21-04-2016 08:00,-15.03,996.07,6.4,55.42,45.23
21-04-2016 09:00,-15.66,996.2,5.27,81.83,46.81
21-04-2016 10:00,-16.35,996.25,6.7,97.97,45.89
21-04-2016 11:00,-16.56,996.51,7.82,94.37,43.54
21-04-2016 12:00,-16.28,996.76,5.14,97.97,46.36
21-04-2016 13:00,-16,996.78,4.4,95.62,45.18
21-04-2016 14:00,-16.16,996.87,6.68,89.05,44.2
21-04-2016 15:00,-16.02,997.01,6.44,89.17,44.14
21-04-2016 16:00,-15.62,997.2,10.79,78.47,41.53
21-04-2016 17:00,-15.61,997.43,11.45,77.12,41.53
21-04-2016 18:00,-15.88,997.65,11.05,77.88,41.01
21-04-2016 19:00,-15.8,998.03,11,63.98,41.63
21-04-2016 20:00,-16.2,998.37,11.47,78.4,39.99
21-04-2016 21:00,-16.69,998.73,11.04,79.48,39.63
21-04-2016 22:00,-17.38,998.99,10.37,82.97,40.83
21-04-2016 23:00,-17.73,999.2,10.82,85.08,41.51
22-04-2016 00:00,-17.64,999.35,8.93,80.95,40.45
22-04-2016 01:00,-17.64,999.48,9.14,82.83,40.3
22-04-2016 02:00,-17.64,999.56,8.96,79.15,39.51
22-04-2016 03:00,-18.05,999.64,9.02,83.52,39.82
22-04-2016 04:00,-17.69,999.65,8.71,77.17,39.7
22-04-2016 05:00,-17.43,999.74,9.39,71.78,39.13
22-04-2016 06:00,-17.34,999.92,8.46,61.3,40.23
22-04-2016 07:00,-17.4,1000,8.4,76.38,38.24
22-04-2016 08:00,-17.37,1000.29,6.78,64.03,41.67
22-04-2016 09:00,-17.87,1000.43,6.43,70.63,40.3
22-04-2016 10:00,-18.47,1000.48,8.52,79.7,38.73
22-04-2016 11:00,-18.82,1000.67,7.9,79.67,39.82
22-04-2016 12:00,-18.61,1000.58,8.91,77.63,37.56
22-04-2016 13:00,-18.84,1000.56,9.06,75.37,37.41
22-04-2016 14:00,-19.33,1000.73,8.99,79.78,38.22
22-04-2016 15:00,-19.42,1000.88,8.49,73.63,37.53
22-04-2016 16:00,-19.41,1000.89,8.72,74.87,37.6
22-04-2016 17:00,-19.96,1001.11,9.15,81.37,39
22-04-2016 18:00,-19.84,1001.47,9.26,77,38.92
22-04-2016 19:00,-20.09,1001.63,9.22,78.58,38.92
22-04-2016 20:00,-19.89,1001.7,8.08,72.87,37.65
22-04-2016 21:00,-19.94,1001.96,8.88,75.05,37.17
22-04-2016 22:00,-20.22,1002.37,8.03,76.73,39.9
22-04-2016 23:00,-20.52,1002.5,9.22,80.28,39.59
23-04-2016 00:00,-20.29,1002.53,9.54,77.36,39.19
23-04-2016 01:00,-20.38,1002.39,12.37,74.35,40.14
23-04-2016 02:00,-19.99,1002.56,10.58,73.53,41.11
23-04-2016 03:00,-20.18,1002.83,10.53,79.78,40.51
23-04-2016 04:00,-19.83,1002.99,10.13,81.05,40.19
23-04-2016 05:00,-19.48,1002.75,11.43,77.88,40.51
23-04-2016 06:00,-18.96,1002.93,8.91,82,41.08
23-04-2016 07:00,-19.29,1002.98,8.57,83.15,42.34
23-04-2016 08:00,-19.7,1003.05,7.61,98.15,42.98
23-04-2016 09:00,-19.94,1003.22,6.96,106.13,42.71
23-04-2016 10:00,-19.73,1003.45,7.43,96.9,40.93
23-04-2016 11:00,-19.9,1003.39,8.55,96.53,43.02
23-04-2016 12:00,-19.54,1003.56,7.31,84.7,44.43
23-04-2016 13:00,-19.43,1003.67,7.37,79.62,44.82
23-04-2016 14:00,-19.11,1003.67,8.26,77.8,43.08
23-04-2016 15:00,-18.99,1003.69,9.06,80.8,43.6
23-04-2016 16:00,-19.05,1003.73,9.85,84.32,43.4
23-04-2016 17:00,-19.34,1003.93,9.13,93.13,43.53
23-04-2016 18:00,-19.68,1004.06,7.89,93.07,43.58
23-04-2016 19:00,-19.66,1004.24,7.42,77.5,41.48
23-04-2016 20:00,-19.94,1004.16,8.52,84.63,40.92
23-04-2016 21:00,-20.11,1004.21,7.9,89.73,40.26
23-04-2016 22:00,-20.18,1004.38,7.44,91.18,38.91
23-04-2016 23:00,-20.41,1004.43,7.22,88.15,38.58
24-04-2016 00:00,-20.69,1004.35,8.32,89.23,39.55
24-04-2016 01:00,-20.98,1004.18,9.39,89.88,40.32
24-04-2016 02:00,-21.13,1003.8,9.54,89.07,41.8
24-04-2016 03:00,-20.75,1003.54,9.05,85.57,40.48
24-04-2016 04:00,-20.78,1003.22,8.02,86.63,42.25
24-04-2016 05:00,-20.26,1003.15,4.86,89.23,42.49
24-04-2016 06:00,-19.59,1003.03,4.35,82.87,41.83
24-04-2016 07:00,-19.8,1002.73,5.17,93.82,41.27
24-04-2016 08:00,-19.96,1002.67,5.54,89.05,41.06
24-04-2016 09:00,-20.21,1002.61,5.42,97.12,41.81
24-04-2016 10:00,-20.7,1002.34,6.31,93.67,42.31
24-04-2016 11:00,-20.99,1002.09,5.73,93.67,43.29
24-04-2016 12:00,-21.08,1001.65,5.61,97.03,42.12
24-04-2016 13:00,-21.23,1001.61,4.58,101.5,40.85
24-04-2016 14:00,-21.24,1001.2,6.07,89.32,41.22
24-04-2016 15:00,-21.46,1000.5,5.12,86.33,42.1
24-04-2016 16:00,-21.3,1000.33,5.59,73.23,42.39
24-04-2016 17:00,-21.17,999.99,4.05,84.23,41.6
24-04-2016 18:00,-20.55,999.57,7.57,69.07,41.79
24-04-2016 19:00,-20.73,998.92,7.88,71.15,43.56
24-04-2016 20:00,-20.91,998.58,5.2,66.15,42.92
24-04-2016 21:00,-21.02,998.43,5.21,73.48,42.3
24-04-2016 22:00,-20.61,997.83,6.63,68.85,41.42
24-04-2016 23:00,-20.45,997.28,7.14,67.17,42.45
25-04-2016 00:00,-20.12,996.41,6.67,65.78,41.73
25-04-2016 01:00,-19.63,995.66,5.14,55.43,41.69
25-04-2016 02:00,-18.86,995.03,5.15,60.93,42.7
25-04-2016 03:00,-18.18,994.24,5.06,67.97,39.36
25-04-2016 04:00,-17.96,993.84,2.9,109.92,34.16
25-04-2016 05:00,-17.79,993.39,2.42,156.78,33.15
25-04-2016 06:00,-17.57,992.55,1.2,200.13,37.67
25-04-2016 07:00,-17.7,991.68,4.46,194.15,43.91
25-04-2016 08:00,-17.67,990.84,7.1,210.35,46.38
25-04-2016 09:00,-17.19,990.69,6.31,216.4,44.05
25-04-2016 10:00,-17.29,990.36,3.78,192.37,48.18
25-04-2016 11:00,-17.44,989.4,5.57,194.85,49.39
25-04-2016 12:00,-17.14,987.99,8.68,194.77,45.24
25-04-2016 13:00,-16.36,986.65,7.33,187.28,46.3
25-04-2016 14:00,-16.32,986.09,2.4,179.12,52.23
25-04-2016 15:00,-16.63,985.58,2.97,175.93,60.18
25-04-2016 16:00,-16.1,984.34,7.85,175.37,71.31
25-04-2016 17:00,-14.39,983.61,6.92,186.5,76.69
25-04-2016 18:00,-13.51,983.2,3.49,186.88,78.19
25-04-2016 19:00,-13.29,982.91,6.02,185.98,78.87
25-04-2016 20:00,-12.58,982.83,6.45,184.8,78.9
25-04-2016 21:00,-11.94,982.66,5.94,190.62,78.83
25-04-2016 22:00,-11.98,982.66,7.17,189.65,80.53
25-04-2016 23:00,-11.69,982.77,3.05,171.86,79.32
26-04-2016 00:00,-11.86,982.8,2.48,163.05,74.82
26-04-2016 01:00,-12.05,982.71,1.63,157.87,73.14
26-04-2016 02:00,-11.81,982.9,4.94,106.47,71.83
26-04-2016 03:00,-12.68,983.16,2.79,90.68,73.69
26-04-2016 04:00,-13.16,983.39,4.09,57.67,72.53
26-04-2016 05:00,-13.05,983.67,5.99,72.85,68.09
26-04-2016 06:00,-13.08,984,6.64,87.42,66.34
26-04-2016 07:00,-13.06,984.26,7.96,85.72,64.28
26-04-2016 08:00,-12.86,984.49,10.11,78.48,60.82
26-04-2016 09:00,-13.29,985.04,10.32,77.28,60.17
26-04-2016 10:00,-13.89,985.73,3.65,68.27,60.31
26-04-2016 11:00,-14.18,986.1,13.54,78.73,57.59
26-04-2016 12:00,-14.47,986.51,15.17,78.62,56.98
26-04-2016 13:00,-14.7,986.92,15.83,80.43,54.82
26-04-2016 14:00,-15.07,987.36,15.33,78.62,52.03
26-04-2016 15:00,-15.46,987.72,15.19,77.13,51.63
26-04-2016 16:00,-15.48,988.14,15.59,76.92,49.45
26-04-2016 17:00,-15.94,988.47,16.81,77.12,48.38
26-04-2016 18:00,-16.48,988.86,17.2,78.03,47.69
26-04-2016 19:00,-16.41,989.34,16.17,74.85,44.53
26-04-2016 20:00,-16.79,989.75,16.41,74.97,44.66
26-04-2016 21:00,-16.77,990.15,15.11,74.6,42.02
26-04-2016 22:00,-16.88,990.42,15.47,71.93,41.16
26-04-2016 23:00,-17.3,990.61,14.98,75.88,43.54
27-04-2016 00:00,-17.03,990.56,14.89,73.2,43.12
27-04-2016 01:00,-17.18,990.51,14.13,71.18,41.29
27-04-2016 02:00,-17.84,990.37,14.69,75.72,40.73
27-04-2016 03:00,-18.02,990.14,13.23,72.67,41.16
27-04-2016 04:00,-17.97,989.73,12.43,72.45,40.13
27-04-2016 05:00,-17.61,989.8,12.03,58.1,39.28
27-04-2016 06:00,-17.57,990.47,10.51,58.87,41.96
27-04-2016 07:00,-18.02,989.69,9.8,82.07,41.68
27-04-2016 08:00,-18.5,989.37,8.59,95.13,43.07
27-04-2016 09:00,-18.58,989.01,7.28,101.12,41.49
27-04-2016 10:00,-18.71,988.59,8.26,98.18,40.26
27-04-2016 11:00,-19.13,988.51,8.01,96.3,42.2
27-04-2016 12:00,-19.07,988.22,8.47,91.08,40.51
27-04-2016 13:00,-18.98,988.36,8,92.15,39.67
27-04-2016 14:00,-19.27,988.32,7.82,93.6,41.01
27-04-2016 15:00,-19.16,988.69,6.92,69.97,44.38
27-04-2016 16:00,-18.82,988.92,8.72,74.95,44.82
27-04-2016 17:00,-19.88,989.23,9.19,87.53,46.83
27-04-2016 18:00,-19.36,989.65,8.2,89.82,44.81
27-04-2016 19:00,-18.93,989.98,10.02,88.22,41.54
27-04-2016 20:00,-19.23,990.29,8.99,88,44.03
27-04-2016 21:00,-18.75,990.49,7.1,73.45,43.57
27-04-2016 22:00,-18.71,990.92,6.99,76.95,44.95
27-04-2016 23:00,-19.09,991.37,7.37,85.53,45.84
28-04-2016 00:00,-18.94,991.47,10,91.18,42.48
28-04-2016 01:00,-18.85,991.69,9.59,87.7,44.29
28-04-2016 02:00,-18.3,991.79,8.22,85.13,45.55
28-04-2016 03:00,-17.33,991.88,5.96,68.82,46.16
28-04-2016 04:00,-17.2,992.12,4.64,75.6,46.42
28-04-2016 05:00,-16.91,992.04,5.46,89.18,47.55
28-04-2016 06:00,-16.19,991.98,5.01,91.22,43.97
28-04-2016 07:00,-15.47,991.74,2.75,146.65,38.84
28-04-2016 08:00,-15.47,990.81,3.03,170.83,46.45
28-04-2016 09:00,-15.6,989.78,2.06,151.48,56.41
28-04-2016 10:00,-16.25,988.79,4.38,92.67,56.44
28-04-2016 11:00,-15.84,987.85,2.91,59.47,61.8
28-04-2016 12:00,-15.23,987.09,1.94,105.87,65.51
28-04-2016 13:00,-14.98,985.96,4.31,174.25,70.64
28-04-2016 14:00,-15.18,984.64,7.95,179.7,76.38
28-04-2016 15:00,-14.05,983.58,5,165.58,76.64
28-04-2016 16:00,-13.29,982.45,3.03,129.97,78.65
28-04-2016 17:00,-12.81,981.2,2.83,141.52,80.89
28-04-2016 18:00,-12.41,980.14,3.57,158.63,80.79
28-04-2016 19:00,-12.89,979.37,7.24,184.82,82.11
28-04-2016 20:00,-12.44,978.31,8.95,189.28,83.17
28-04-2016 21:00,-12.01,977.7,8.09,187.05,83.85
28-04-2016 22:00,-11.61,976.94,7.68,182.25,84.58
28-04-2016 23:00,-10.48,975.97,4.88,135.48,85.65
29-04-2016 00:00,-9.21,975,10.09,67.9,85.83
29-04-2016 01:00,-8.91,974.5,10.26,66.87,83.22
29-04-2016 02:00,-8.96,974.15,9.54,67.42,81.72
29-04-2016 03:00,-9.42,973.71,6.8,82.5,83.97
29-04-2016 04:00,-9.35,972.94,7.25,88.35,82.48
29-04-2016 05:00,-9.27,972.36,6.62,89.18,79.63
29-04-2016 06:00,-9.34,971.78,3.98,148.02,84.34
29-04-2016 07:00,-9.2,971.29,4.15,129.32,85.5
29-04-2016 08:00,-8.96,970.86,5.22,93.58,86.17
29-04-2016 09:00,-8.92,970.49,5.63,87.53,85.2
29-04-2016 10:00,-9.01,970.41,12.94,40.82,84.09
29-04-2016 11:00,-9.18,970.64,10.43,46.98,87
29-04-2016 12:00,-9.57,970.64,5.32,89.65,87.03
29-04-2016 13:00,-9.5,970.52,1.97,82.98,86.72
29-04-2016 14:00,-9.52,970.74,5.62,39.58,85.88
29-04-2016 15:00,-9.85,971.21,5.39,27.2,86.7
29-04-2016 16:00,-10.04,971.42,4.53,78.92,86.63
29-04-2016 17:00,-9.92,971.43,5.96,93.95,86.41
29-04-2016 18:00,-9.9,971.42,7.53,89.33,84.81
29-04-2016 19:00,-9.59,971.42,9.21,72.58,80.79
29-04-2016 20:00,-9.55,971.53,6.73,65.37,80.92
29-04-2016 21:00,-9.76,971.4,5.14,66.62,81.06
29-04-2016 22:00,-9.83,971,7.68,51.48,78.76
29-04-2016 23:00,-10.04,970.58,8.38,54.03,76.82
30-04-2016 00:00,-9.97,970.44,6.98,69.34,69.87
30-04-2016 01:00,-9.63,970.3,6.33,65.17,68.77
30-04-2016 02:00,-9.58,970.23,4.55,47.2,70.51
30-04-2016 03:00,-9.62,969.76,7.71,64.05,73.04
30-04-2016 04:00,-9.85,969.25,13.11,80.57,73.19
30-04-2016 05:00,-9.73,968.64,15.87,75.52,68.42
30-04-2016 06:00,-9.5,968.29,16.28,77.77,67.09
30-04-2016 07:00,-9.94,968.2,16.89,79.73,67.24
30-04-2016 08:00,-9.48,968.19,12.33,75.05,64.33
30-04-2016 09:00,-9.8,967.99,11.32,75.27,63.85
30-04-2016 10:00,-9.6,968.01,12.38,76.4,60.66
30-04-2016 11:00,-9.5,968.33,5.6,49.95,62.54
30-04-2016 12:00,-9.52,968.62,5.32,76.73,61.94
30-04-2016 13:00,-9.24,968.66,5.54,73.43,58.63
30-04-2016 14:00,-9.52,969.07,6.48,96.82,59.73
30-04-2016 15:00,-9.41,969.44,6.25,96.23,57.68
30-04-2016 16:00,-9.27,969.6,6.17,99.17,55.31
30-04-2016 17:00,-9.32,969.89,5.15,95.93,54.81
30-04-2016 18:00,-9.38,970.19,5.81,96.52,54.81
30-04-2016 19:00,-9.6,970.56,5.79,88.38,56.51
30-04-2016 20:00,-9.7,971.11,5.18,88.85,57.71
30-04-2016 21:00,-9.82,971.58,8.54,86.27,55.61
30-04-2016 22:00,-9.99,971.9,8.83,79.47,56.35
30-04-2016 23:00,-10.1,971.99,11.96,76.63,55.09
01-05-2016 00:00,-10.38,972.45,12.71,78.63,55.74
01-05-2016 01:00,-10.77,972.77,13.36,80.87,57.03
01-05-2016 02:00,-11.48,973.15,12.52,87.52,58.69
01-05-2016 03:00,-12.25,973.46,14.62,87.65,59.92
01-05-2016 04:00,-12.56,973.7,15.71,91.52,59.01
01-05-2016 05:00,-12.59,973.94,15.16,86.45,58.56
01-05-2016 06:00,-13.01,974.07,15.87,86.6,57.55
01-05-2016 07:00,-12.68,974.76,13.8,75.1,57.03
01-05-2016 08:00,-12.73,975.26,9.71,57.43,58.23
01-05-2016 09:00,-12.97,975.61,9.16,35.35,59.83
01-05-2016 10:00,-14.42,975.88,9.4,19.55,67.71
01-05-2016 11:00,-15.59,976.38,9.21,19.6,73.54
01-05-2016 12:00,-16.69,976.71,8.14,29,77.72
01-05-2016 13:00,-17.28,977.23,9.76,29.27,77.74
01-05-2016 14:00,-18.01,977.89,10.28,30.77,77.3
01-05-2016 15:00,-18.62,978.29,11.46,31.37,76.52
01-05-2016 16:00,-20.5,978.9,9.86,26.87,74.87
01-05-2016 17:00,-21.43,979.45,11.38,30.15,73.92
01-05-2016 18:00,-21.95,980.28,11.67,23.3,73.16
01-05-2016 19:00,-21.72,980.75,11.48,24.43,72.85
01-05-2016 20:00,-21.46,981.49,10.89,17.05,72.71
01-05-2016 21:00,-21.64,982.2,11.24,29.07,72.95
01-05-2016 22:00,-21.99,982.68,11.34,35.15,72.42
01-05-2016 23:00,-22.18,983.02,12.34,45.32,72.57
02-05-2016 00:00,-22.57,983.3,10.32,42.37,72.63
02-05-2016 01:00,-22.59,983.42,10.8,52.15,72.67
02-05-2016 02:00,-22.84,983.35,10.27,54.15,72.22
02-05-2016 03:00,-23.06,983.35,8.53,58.58,72.13
02-05-2016 04:00,-23.29,983.39,7.73,56.22,71.92
02-05-2016 05:00,-23.42,983.43,5.96,54.95,71.65
02-05-2016 06:00,-23.44,983.08,6.5,57.77,71.43
02-05-2016 07:00,-23.33,982.88,6.58,67.58,71.33
02-05-2016 08:00,-23.65,982.53,7.05,73.88,70.02
02-05-2016 09:00,-23.84,982.18,4.7,69.38,69.64
02-05-2016 10:00,-23.87,981.73,1.3,119.73,69.72
02-05-2016 11:00,-24.27,981.32,0.9,178.85,69.96
02-05-2016 12:00,-24.19,981.02,4.57,187.3,69.8
02-05-2016 13:00,-24.14,980.61,5.47,173.68,67.76
02-05-2016 14:00,-24.48,980.11,4.55,176.52,67.2
02-05-2016 15:00,-25.87,979.84,1.46,120.62,64.16
02-05-2016 16:00,-25.47,979.48,3.38,92.53,61.55
02-05-2016 17:00,-25.59,978.98,4.93,90.63,58.23
02-05-2016 18:00,-25.51,978.73,3.99,67.25,57.78
02-05-2016 19:00,-25.44,978.3,4.87,71.77,56.64
02-05-2016 20:00,-25.23,978.33,6.1,59.03,56.03
02-05-2016 21:00,-25.46,978.37,6.3,67.63,58.34
02-05-2016 22:00,-25,978.17,8.06,68.7,54.26
02-05-2016 23:00,-25.11,978.27,7.14,65.02,55.09
03-05-2016 00:00,-25.26,978.13,6.33,67.41,54.44
03-05-2016 01:00,-25.4,978.3,7,64.5,54.95
03-05-2016 02:00,-25.48,978.32,7.04,67.13,55.62
03-05-2016 03:00,-25.91,978.28,6.79,85.38,56.21
03-05-2016 04:00,-25.28,978.39,6.4,80.43,56.7
03-05-2016 05:00,-25.16,978.5,6.6,83.97,55.56
03-05-2016 06:00,-24.24,978.75,6.06,64.48,53.48
03-05-2016 07:00,-23.64,978.99,6.62,61.02,53.59
03-05-2016 08:00,-23.45,979.44,6.78,49.55,53.51
03-05-2016 09:00,-23.67,979.63,5.57,59.02,54.59
03-05-2016 10:00,-24.4,980.09,5.84,75.78,55.07
03-05-2016 11:00,-25.1,980.58,5.77,82.05,57.82
03-05-2016 12:00,-25.96,981.07,7.25,83.02,59.46
03-05-2016 13:00,-26.07,981.82,7.49,83.82,64.38
03-05-2016 14:00,-25.92,982.49,7.5,85.32,66.07
03-05-2016 15:00,-25.95,983.03,5.62,89.8,68.19
03-05-2016 16:00,-26.08,983.72,4.22,93.03,68.44
03-05-2016 17:00,-26.2,984.37,4.89,87.75,68.1
03-05-2016 18:00,-26.19,985.24,4.18,88.2,67.87
03-05-2016 19:00,-25.76,986.09,4.43,102.47,69.09
03-05-2016 20:00,-25.9,987.11,2.58,78.03,68.75
03-05-2016 21:00,-26.21,987.95,1.61,131.27,67.58
03-05-2016 22:00,-26.4,988.84,1.38,173.28,68.02
03-05-2016 23:00,-26.26,989.62,2.79,78.8,67.39
04-05-2016 00:00,-26.1,990.29,2.57,73.63,66.08
04-05-2016 01:00,-26.75,991.21,2.6,55.12,65.01
04-05-2016 02:00,-26.14,991.86,3.17,93.25,65.96
04-05-2016 03:00,-26.22,992.53,3.42,70.25,67.05
04-05-2016 04:00,-26.06,993.13,2.27,79.87,67.47
04-05-2016 05:00,-25,993.8,0.2,126.18,67.84
04-05-2016 06:00,-25.29,994.71,0.51,202.25,67.33
04-05-2016 07:00,-25.66,995.67,1.2,190.18,68.08
04-05-2016 08:00,-26.14,996.5,1.53,224.77,67.75
04-05-2016 09:00,-25.7,997.16,2.73,195.7,70.04
04-05-2016 10:00,-25.7,997.8,2.06,233.52,70.13
04-05-2016 11:00,-25.65,998.46,3.3,195.05,71.22
04-05-2016 12:00,-25.66,998.9,3.48,191.5,71.28
04-05-2016 13:00,-26.45,999.42,4.38,174.67,71.24
04-05-2016 14:00,-26.65,1000.1,1.65,176.6,70.73
04-05-2016 15:00,-26.62,1000.62,3.48,207.22,70.3
04-05-2016 16:00,-26.8,1000.82,3.65,229.33,70.2
04-05-2016 17:00,NaN,NaN,NaN,NaN,NaN
04-05-2016 18:00,NaN,NaN,NaN,NaN,NaN
04-05-2016 19:00,NaN,NaN,NaN,NaN,NaN
04-05-2016 20:00,NaN,NaN,NaN,NaN,NaN
04-05-2016 21:00,NaN,NaN,NaN,NaN,NaN
04-05-2016 22:00,-25.44,1002.54,3.81,311.2,67.53
04-05-2016 23:00,-24.95,1002.75,3.06,299.72,67.57
05-05-2016 00:00,-24.9,1002.93,2.49,298.39,67.69
05-05-2016 01:00,-23.52,1003.05,2.54,247.35,68.89
05-05-2016 02:00,-21.09,1003.27,4.33,208.47,69.75
05-05-2016 03:00,-18.48,1003.16,3.38,170.25,66.2
05-05-2016 04:00,-18.96,1003.22,7.48,168.28,60.1
05-05-2016 05:00,-17.23,1003.26,10.26,191.3,48.35
05-05-2016 06:00,-15.75,1003.26,8.69,192.98,44.66
05-05-2016 07:00,-14.98,1003.26,8.93,188.7,43.43
05-05-2016 08:00,-15.38,1003.05,8.63,184.33,57.2
05-05-2016 09:00,-14.69,1002.68,2.46,137.42,67.6
05-05-2016 10:00,-15.63,1002.41,1.09,112.07,73.44
05-05-2016 11:00,-15.31,1002.12,0.98,114.57,76.3
05-05-2016 12:00,-15.42,1001.95,0.84,144.28,77.25
05-05-2016 13:00,-14.89,1001.64,1.02,91.9,78.44
05-05-2016 14:00,-14.26,1001.38,0.51,167.05,80.13
05-05-2016 15:00,-11.99,1000.98,3.16,100.58,80.53
05-05-2016 16:00,-10.01,1000.4,3.54,98.58,71.23
05-05-2016 17:00,-10.27,999.39,3.1,212.85,69.61
05-05-2016 18:00,-10.44,998.41,10.28,188.48,69.79
05-05-2016 19:00,-10.14,997.28,11.79,186.07,71.09
05-05-2016 20:00,-9.04,996.15,9.33,187.83,62.81
05-05-2016 21:00,-8.16,995.13,3.89,165.18,53.24
05-05-2016 22:00,-9.7,994.22,1.59,193.32,55.65
05-05-2016 23:00,-10.12,993.32,4.25,100.17,56.01
06-05-2016 00:00,-11.24,992.58,5.32,78.53,55.12
06-05-2016 01:00,-11.68,991.95,5.52,97.72,52.93
06-05-2016 02:00,-12.04,991.05,6.29,89.28,51.96
06-05-2016 03:00,-12.18,990.12,6.16,77.43,51.8
06-05-2016 04:00,-12.69,989.55,5.47,66.98,52.98
06-05-2016 05:00,-12.05,989.07,6.52,66.18,50.41
06-05-2016 06:00,-11.75,988.1,8.13,75.23,49.5
06-05-2016 07:00,-11.64,987.51,8.85,73.92,47.74
06-05-2016 08:00,-11.57,986.54,10.11,74.25,48.51
06-05-2016 09:00,-11.19,985.68,9.38,70.97,48.71
06-05-2016 10:00,-11.43,984.63,7.09,78.47,49.63
06-05-2016 11:00,-11.16,983.4,5.84,89.15,49.84
06-05-2016 12:00,-11.07,982.23,5.45,100.43,48.86
06-05-2016 13:00,-11.22,981.26,5.24,116.62,48.17
06-05-2016 14:00,-12.15,980.48,7.3,86.67,51.42
06-05-2016 15:00,-12.46,979.42,6.41,89.63,52.4
06-05-2016 16:00,-12.56,978.52,7.25,94.97,51.87
06-05-2016 17:00,-11.72,977.1,8.59,88.12,52.27
06-05-2016 18:00,-10.93,975.93,6.76,100.75,54.6
06-05-2016 19:00,-9.92,974.89,6.12,78.4,59.31
06-05-2016 20:00,-8.8,973.88,7.39,70.15,68.82
06-05-2016 21:00,-9.41,973.1,4.56,71.67,73.74
06-05-2016 22:00,-9.39,972.31,4.01,109.32,73.92
06-05-2016 23:00,-8.87,971.16,4.26,127.47,66.62
07-05-2016 00:00,-8.61,970.09,4.45,100.46,70.96
07-05-2016 01:00,-8.45,969.53,4.49,88.32,77.72
07-05-2016 02:00,-8.16,969.09,5.79,71.23,75.22
07-05-2016 03:00,-7.65,968.53,5.74,58.47,70.94
07-05-2016 04:00,-7.02,968.32,10.51,48.3,78.77
07-05-2016 05:00,-7.28,968.19,6.51,63.68,81.55
07-05-2016 06:00,-6.89,968.02,7.92,57.5,79.56
07-05-2016 07:00,-6.94,968.07,6.79,58.98,85.2
07-05-2016 08:00,-6.39,967.9,7.36,63.1,83.41
07-05-2016 09:00,-5.39,967.6,13.43,59.57,74.48
07-05-2016 10:00,-5.06,967.63,16.32,69.5,75.13
07-05-2016 11:00,-5.02,967.82,17.73,60.58,83.31
07-05-2016 12:00,-5.35,967.75,21.65,67.47,87.87
07-05-2016 13:00,-5.45,967.77,21.43,72.83,85.23
07-05-2016 14:00,-5.42,967.86,21.3,73.17,81.28
07-05-2016 15:00,-5.39,967.61,22.29,72.8,80.36
07-05-2016 16:00,-5.05,967.77,17.77,54.15,76.03
07-05-2016 17:00,-4.76,967.76,19.32,63.4,72.58
07-05-2016 18:00,-4.92,968.05,17.55,65.95,71.13
07-05-2016 19:00,-4.78,968,17.89,67.47,68.36
07-05-2016 20:00,-4.94,968.3,17.62,64.62,68.7
07-05-2016 21:00,-5,968.47,20.81,68.32,69.31
07-05-2016 22:00,-5.16,968.61,20.58,69.85,68.68
07-05-2016 23:00,-5.28,968.57,21.46,68.28,66.11
08-05-2016 00:00,-5.69,968.53,23.04,72.71,68.44
08-05-2016 01:00,-5.76,968.8,21.4,74.9,68.26
08-05-2016 02:00,-5.55,968.82,20.63,75.63,69.07
08-05-2016 03:00,-5.55,968.69,21.79,76.12,68.78
08-05-2016 04:00,-5.41,968.57,19.63,74.68,66.64
08-05-2016 05:00,-5.07,968.61,18.39,70.27,63.9
08-05-2016 06:00,-5.33,968.61,19.39,75.65,63.19
08-05-2016 07:00,-5.49,968.58,19.38,75.97,62.59
08-05-2016 08:00,-5.56,968.87,17.35,75.05,61.14
08-05-2016 09:00,-6.03,968.81,20.11,77.17,59.9
08-05-2016 10:00,-5.99,969.28,19.73,72.8,63.74
08-05-2016 11:00,-6.03,969.47,20.28,76.18,64.69
08-05-2016 12:00,-5.64,970.13,16.16,70.6,65.47
08-05-2016 13:00,-5.62,970.76,12.74,76.27,64.26
08-05-2016 14:00,-5.75,971.16,12.51,77.3,65.32
08-05-2016 15:00,-5.86,971.91,14.2,78.02,69.91
08-05-2016 16:00,-6.01,972.05,19.96,75.87,66.72
08-05-2016 17:00,-6.72,972.37,22.95,77.22,67.83
08-05-2016 18:00,-7.15,972.95,22.29,74.95,66.72
08-05-2016 19:00,-7.35,973.36,24.91,74.27,64.76
08-05-2016 20:00,-7.37,974.06,21.45,77.07,63.25
08-05-2016 21:00,-7.65,974.47,19.31,77.98,63.1
08-05-2016 22:00,-7.87,974.98,19.79,77.43,62.31
08-05-2016 23:00,-8.39,975.52,20.32,80.52,62.87
09-05-2016 00:00,-8.11,975.95,20.47,79.38,61.53
09-05-2016 01:00,-7.9,976.3,21.27,77.58,61.59
09-05-2016 02:00,-8.13,976.68,22.25,77.37,61.2
09-05-2016 03:00,-7.94,977.15,19.28,73.12,59.83
09-05-2016 04:00,-7.66,977.79,15.94,69.05,57.27
09-05-2016 05:00,-7.94,978.02,17.16,72.75,57
09-05-2016 06:00,-8.39,978.25,17.82,76.73,55.04
09-05-2016 07:00,-9.05,978.05,20.31,76.82,53.84
09-05-2016 08:00,-9.7,977.86,19.82,78.62,55.65
09-05-2016 09:00,-9.59,977.94,16.22,76.88,53.77
09-05-2016 10:00,-10.23,977.87,16.28,79.48,53.18
09-05-2016 11:00,-9.89,978.01,14.4,78.25,51.93
09-05-2016 12:00,-10.57,977.82,19.49,80.28,51.61
09-05-2016 13:00,-10.88,977.75,19.31,81.63,54.36
09-05-2016 14:00,-11.22,977.38,22.82,79.32,55.25
09-05-2016 15:00,-11.17,977.46,23.75,76.93,55.17
09-05-2016 16:00,-11.62,977.19,23.07,79.22,57.15
09-05-2016 17:00,-12.18,976.99,25.18,76.6,52.44
09-05-2016 18:00,-12.56,976.89,23.26,79.27,53.41
09-05-2016 19:00,-12.48,977.13,19.3,78.32,52.61
09-05-2016 20:00,-12.05,977.34,17.41,77.78,52.06
09-05-2016 21:00,-11.61,977.33,18.2,75.48,48.88
09-05-2016 22:00,-12.74,976.87,22.17,78.63,49.53
09-05-2016 23:00,-12.74,977.22,16.11,73.25,48.54
10-05-2016 00:00,-13.14,977.52,16.41,76.55,49.21
10-05-2016 01:00,-13.97,977.44,22.44,77.9,49.64
10-05-2016 02:00,-13.92,977.51,19.71,79.75,49.9
10-05-2016 03:00,-14.06,977.7,20.36,78.77,49.08
10-05-2016 04:00,-14.1,978.12,20.75,76.1,48.63
10-05-2016 05:00,-14.13,978.59,17.92,76.87,48.47
10-05-2016 06:00,-14.21,978.77,20.86,76.95,49.14
10-05-2016 07:00,-13.56,979.24,16.87,77.47,48.06
10-05-2016 08:00,-13.4,979.62,15.57,77.4,48.95
10-05-2016 09:00,-13.38,980.13,12.07,78.4,50.98
10-05-2016 10:00,-13.45,980.67,13.97,76.58,51.44
10-05-2016 11:00,-13.85,980.93,18.67,78.75,56.16
10-05-2016 12:00,-13.74,981.62,13.4,77.83,58.47
10-05-2016 13:00,-13.77,982.19,14.37,76.42,58.67
10-05-2016 14:00,-14.55,982.65,18.2,78.93,56.76
10-05-2016 15:00,-13.66,983.16,12.11,73.77,54.16
10-05-2016 16:00,-13.55,983.6,13.06,79.22,59.09
10-05-2016 17:00,-13.2,984.15,12.48,76.88,61.53
10-05-2016 18:00,-13.05,984.77,11.75,80.1,63.85
10-05-2016 19:00,-13.5,985.11,10.68,84.73,59.1
10-05-2016 20:00,-13.54,985.47,8.09,82.62,63.88
10-05-2016 21:00,-12.96,985.79,10.32,87.12,62.76
10-05-2016 22:00,-12.11,986.06,8.03,84.02,64.1
10-05-2016 23:00,-11.71,986.37,7.99,83.81,62.48
11-05-2016 00:00,-11.78,986.84,4.72,101.25,69.11
11-05-2016 01:00,-11.82,987.05,4.42,107.62,73.24
11-05-2016 02:00,-11.89,987.27,5.68,101.83,71.95
11-05-2016 03:00,-11.67,987.67,6.56,94.43,67.98
11-05-2016 04:00,-11.07,987.96,7.32,81.62,64.28
11-05-2016 05:00,-11.5,988.39,9.24,86,61.66
11-05-2016 06:00,-11.26,988.48,11.16,79.53,59.08
11-05-2016 07:00,-11.32,988.43,10.33,88.33,60.83
11-05-2016 08:00,-11.82,988.75,8.02,102.42,62.25
11-05-2016 09:00,-10.81,988.71,9.76,92.48,58.08
11-05-2016 10:00,-10.21,988.66,9.9,83.92,60.85
11-05-2016 11:00,-9.41,988.92,7.43,83.02,62.77
11-05-2016 12:00,-9.24,989.1,6.62,76.7,61.41
11-05-2016 13:00,-9.22,989.26,6.94,69.88,60.13
11-05-2016 14:00,-9.31,989.09,11.6,77.25,60.03
11-05-2016 15:00,-9.38,988.92,12.21,81.25,64.38
11-05-2016 16:00,-8.91,988.95,10.22,82.38,65.68
11-05-2016 17:00,-8.65,988.88,9.46,79.7,65.35
11-05-2016 18:00,-8.13,988.59,10.09,74.4,64.59
11-05-2016 19:00,-8.47,988.3,9.93,76.85,62.2
11-05-2016 20:00,-8.82,987.96,12.13,79,61.73
11-05-2016 21:00,-8.97,987.59,13.28,81.57,62.06
11-05-2016 22:00,-8.76,987.16,11.26,81.73,61.27
11-05-2016 23:00,-8.24,986.8,9.71,74.61,59.63
12-05-2016 00:00,-7.92,986.29,8.22,65.88,61.88
12-05-2016 01:00,-8.16,985.72,9.26,71.02,61.83
12-05-2016 02:00,-8.14,985.21,9.31,71.7,60.54
12-05-2016 03:00,-8.11,984.43,11.42,73.45,61.01
12-05-2016 04:00,-8.09,983.94,8.89,64.78,61.77
12-05-2016 05:00,-8.36,983.53,5.89,68.92,65.17
12-05-2016 06:00,-8.33,983.01,7.61,55.37,64.72
12-05-2016 07:00,-8.73,982.58,6.07,46.72,67.59
12-05-2016 08:00,-8.88,982.23,5.03,61.48,68.8
12-05-2016 09:00,-9.12,981.52,4.1,119.3,65.26
12-05-2016 10:00,-9.4,981.01,3.46,93.38,68.11
12-05-2016 11:00,-9.27,980.49,3.47,94.18,70.67
12-05-2016 12:00,-9.03,979.78,5.63,61.73,62.16
12-05-2016 13:00,-9.09,979.04,10.27,53.77,61.83
12-05-2016 14:00,-9.24,978.51,11.57,64.62,57.37
12-05-2016 15:00,-9.43,977.94,11.63,69.23,57.2
12-05-2016 16:00,-9.84,977.4,15.14,75.63,53.61
12-05-2016 17:00,-10.09,976.74,14.36,73.93,52.42
12-05-2016 18:00,-10.28,976.39,12.91,69.38,52.01
12-05-2016 19:00,-10.79,975.93,14.93,76.6,50.2
12-05-2016 20:00,-11.73,975.37,18.21,80.08,47.9
12-05-2016 21:00,-12.29,974.9,18.55,77.62,44.6
12-05-2016 22:00,-12.56,974.4,16.72,78.13,44.61
12-05-2016 23:00,-13.01,973.84,18.45,77.69,43.21
13-05-2016 00:00,-13.48,973.4,19.6,78.53,43.15
13-05-2016 01:00,-13.52,973.06,17.67,77.32,43.95
13-05-2016 02:00,-13.81,972.97,18.36,77.25,42.91
13-05-2016 03:00,-14.2,972.88,17.62,76.85,42.79
13-05-2016 04:00,-14.6,972.94,19.15,76.65,42.53
13-05-2016 05:00,-15.07,973.09,22.19,79.57,44.77
13-05-2016 06:00,-15.6,973.48,20.64,79.4,45.48
13-05-2016 07:00,-16.16,973.78,23.37,76.08,44.43
13-05-2016 08:00,-15.78,974,17.8,77.42,45
13-05-2016 09:00,-16.46,974.12,20.85,78.15,45.04
13-05-2016 10:00,-16.26,974.81,17.51,78.92,44.94
13-05-2016 11:00,-16.42,975.22,18.79,78.65,43.91
13-05-2016 12:00,-16.52,975.69,17.08,79.52,43.36
13-05-2016 13:00,-16.75,976.2,17.09,81.28,43.67
13-05-2016 14:00,-17.09,976.58,15.62,86.83,45.94
13-05-2016 15:00,-17.4,977.05,15.05,87.33,46.22
13-05-2016 16:00,-17.66,977.59,15.52,81.6,45.46
13-05-2016 17:00,-18.94,978.2,15.54,86.07,48.9
13-05-2016 18:00,-18.17,978.56,16.08,85.82,46.96
13-05-2016 19:00,-17.56,978.99,15.79,91.8,43.9
13-05-2016 20:00,-17.82,979.53,12.27,107.62,48.71
13-05-2016 21:00,-17.79,980.09,11.62,115.82,49.64
13-05-2016 22:00,-16.97,980.55,10.01,113.2,49.61
13-05-2016 23:00,-15.89,981.03,6.17,90.12,52.01
14-05-2016 00:00,-15.69,981.41,6.26,86.65,53.88
14-05-2016 01:00,-15.63,981.84,6.32,82.17,54.81
14-05-2016 02:00,-15.52,982.07,4.11,86.93,57.63
14-05-2016 03:00,-15.46,982.52,4.93,71.52,56.3
14-05-2016 04:00,-15.24,982.63,6.82,71.23,54.49
14-05-2016 05:00,-15.27,983.04,4.86,70.7,54.86
14-05-2016 06:00,-15.42,983.38,2.78,95.93,57.95
14-05-2016 07:00,-15.37,983.74,2.9,117.45,56
14-05-2016 08:00,-15.39,984.04,3.86,97.65,55.48
14-05-2016 09:00,-15.38,984.09,7.44,81.95,52.98
14-05-2016 10:00,-15.15,984.33,5.98,70.53,52.58
14-05-2016 11:00,-15.28,984.57,9.15,77.6,50.42
14-05-2016 12:00,-15.29,984.72,8.8,77.03,49.28
14-05-2016 13:00,-15.28,984.8,8.12,75.05,49.59
14-05-2016 14:00,-15.23,984.84,9.66,63.27,47.09
14-05-2016 15:00,-15.53,984.87,8.96,76.58,48.74
14-05-2016 16:00,-15.69,984.67,8.02,83.25,49.07
14-05-2016 17:00,-15.54,984.65,6.53,79.5,48.31
14-05-2016 18:00,-15.7,984.46,5.43,88.95,50.4
14-05-2016 19:00,-15.44,984.34,3.62,81.68,49.3
14-05-2016 20:00,-15.44,984.4,4.1,80.47,50.76
14-05-2016 21:00,-15.52,984.21,10.16,79.47,49.07
14-05-2016 22:00,-15.59,984.04,11.1,81.43,49.53
14-05-2016 23:00,-15.58,983.86,9.84,80.54,52.25
15-05-2016 00:00,-16.11,983.66,11.14,83.38,57.84
15-05-2016 01:00,-16.15,983.49,9.58,84.73,54.34
15-05-2016 02:00,-16.36,983.15,10.71,88.7,52.49
15-05-2016 03:00,-15.96,982.72,11.46,82.6,52.04
15-05-2016 04:00,-15.78,982.28,12.56,80.1,52.24
15-05-2016 05:00,-15.64,982.02,12.34,79.23,51.23
15-05-2016 06:00,-15.67,981.74,11.55,78.95,50.93
15-05-2016 07:00,-15.07,981.62,8.19,71.07,52.77
15-05-2016 08:00,-15.1,981.46,8.7,74.62,56.22
15-05-2016 09:00,-15.21,981.16,10.34,77.13,54.3
15-05-2016 10:00,-15.32,980.96,9.11,77.53,54.68
15-05-2016 11:00,-15.82,980.73,8.95,84.58,54.65
15-05-2016 12:00,-15.8,980.47,10,91,52.46
15-05-2016 13:00,-15.37,980.18,8.64,84.65,54.86
15-05-2016 14:00,-14.87,979.77,10.05,81.57,53.45
15-05-2016 15:00,-14.26,979.16,14.24,79.32,58.12
15-05-2016 16:00,-14,978.86,13.32,78.5,54.5
15-05-2016 17:00,-13.76,978.65,13.65,78.32,54.11
15-05-2016 18:00,-13.46,978.41,11.72,76.7,55.25
15-05-2016 19:00,-13.02,978.34,11.32,70.5,60.85
15-05-2016 20:00,-12.78,978.02,12.24,66.68,65.23
15-05-2016 21:00,-12.66,977.87,13.43,72.9,59.66
15-05-2016 22:00,-12.71,977.6,15.63,72.35,55.3
15-05-2016 23:00,-12.59,977.43,15.27,66.76,57.46
16-05-2016 00:00,-12.91,977.65,11.1,68.78,61.31
16-05-2016 01:00,-12.48,977.4,13.84,69.58,56.55
16-05-2016 02:00,-12.08,977.3,13.96,66.22,58.52
16-05-2016 03:00,-11.74,977.14,15.81,57.58,66.42
16-05-2016 04:00,-11.8,977.1,16.75,54.42,66.5
16-05-2016 05:00,-11.05,976.76,19.91,55.73,61.49
16-05-2016 06:00,-10.91,977.15,19.13,55.75,64.9
16-05-2016 07:00,-10.87,977.56,18.77,54.17,67.72
16-05-2016 08:00,-10.88,977.93,16.91,55.1,66.06
16-05-2016 09:00,-11.1,978.45,15.04,52.02,61.26
16-05-2016 10:00,-11.39,978.96,15.86,46.93,67.24
16-05-2016 11:00,-11.89,979.52,12.12,56.65,81.87
16-05-2016 12:00,-11.96,980.06,12.17,52.05,81.47
16-05-2016 13:00,-11.77,980.5,13,58.5,77.37
16-05-2016 14:00,-12.13,980.88,11.58,72.42,64.15
16-05-2016 15:00,-11.91,981.17,12.32,71.75,61.51
16-05-2016 16:00,-11.76,981.32,15.02,56.95,63.29
16-05-2016 17:00,-12.05,981.72,15.76,62.1,66.3
16-05-2016 18:00,-12.12,982.09,15.59,62.42,62.66
16-05-2016 19:00,-12.69,982.34,18.36,73.22,63.65
16-05-2016 20:00,-12.62,982.56,18.89,69.47,61.45
16-05-2016 21:00,-12.88,982.69,19.33,72.92,60.14
16-05-2016 22:00,-12.31,982.94,16.95,64.58,57.09
16-05-2016 23:00,-12.24,982.75,18.4,67.24,56.16
17-05-2016 00:00,-11.83,982.61,19.02,56.32,57.52
17-05-2016 01:00,-11.81,982.8,20.76,62.63,55.94
17-05-2016 02:00,-11.98,983.24,16.87,56.17,60.52
17-05-2016 03:00,-11.66,983.49,14.82,60.67,55.95
17-05-2016 04:00,-11.92,983.95,13.06,68.17,57.15
17-05-2016 05:00,-11.85,984.31,14.96,61.98,58.66
17-05-2016 06:00,-11.96,984.51,17.55,62.12,62.66
17-05-2016 07:00,-12.02,984.85,17.31,61.63,67.72
17-05-2016 08:00,-11.87,985.25,18.29,60.13,63.01
17-05-2016 09:00,-11.72,985.35,19.72,58.62,62.09
17-05-2016 10:00,-11.79,985.61,21.04,60.65,68.46
17-05-2016 11:00,-12.24,985.8,21.33,66.6,76.1
17-05-2016 12:00,-12.46,986.08,20.56,71.15,77.26
17-05-2016 13:00,-11.98,986.25,20.35,62.57,66.7
17-05-2016 14:00,-11.97,986.48,21.1,59.25,64.58
17-05-2016 15:00,-12.36,986.91,18.11,57.43,71.05
17-05-2016 16:00,-12.17,987.38,14.85,54.82,68.56
17-05-2016 17:00,-12.41,987.72,16.23,55.13,78.47
17-05-2016 18:00,-12.24,987.99,16.84,57.83,68.67
17-05-2016 19:00,-12.5,988.51,15.21,55.57,75.85
17-05-2016 20:00,-12.71,988.78,8.74,50.25,72.62
17-05-2016 21:00,-12.63,988.6,14.95,56.17,67.74
17-05-2016 22:00,-12.26,988.6,17,60.45,67.67
17-05-2016 23:00,-12.22,988.57,13.83,61.85,65.74
18-05-2016 00:00,-12.54,988.57,11.62,55.07,74.06
18-05-2016 01:00,-12.95,988.59,8.63,52.98,81.49
18-05-2016 02:00,-13.04,988.81,7.51,50.82,81.98
18-05-2016 03:00,-13.88,988.99,6.03,34.15,81.01
18-05-2016 04:00,-14.73,989.32,4.27,20.45,80.66
18-05-2016 05:00,-15.18,989.5,3.67,43.02,79.8
18-05-2016 06:00,-15.28,989.71,2.67,67.1,79.41
18-05-2016 07:00,-15.4,989.92,3.76,58.17,79.05
18-05-2016 08:00,-15.51,990.08,2.94,27.93,79.29
18-05-2016 09:00,-15.65,990.15,2.23,186.83,79.85
18-05-2016 10:00,-15.94,990.12,2.15,305.08,79.5
18-05-2016 11:00,-16.1,990.04,2.39,252.38,79.52
18-05-2016 12:00,-16.47,990.02,3.55,239.62,79.02
18-05-2016 13:00,-17.14,989.92,5.17,252.23,78.97
18-05-2016 14:00,-17.15,989.83,7.26,210.95,78.96
18-05-2016 15:00,-17.25,989.52,7.67,206.13,78.64
18-05-2016 16:00,-17.21,989.15,8.7,201.05,78.59
18-05-2016 17:00,-17.12,989.21,8.85,210.08,78.63
18-05-2016 18:00,-17.01,989.27,7.23,197.47,78.72
18-05-2016 19:00,-17.1,989.13,8.11,190.65,78.62
18-05-2016 20:00,-17.12,989,7.54,184.73,78.41
18-05-2016 21:00,-17.09,988.85,7.26,184.45,78.19
18-05-2016 22:00,-17.32,988.71,7.81,183.58,78.3
18-05-2016 23:00,-17.3,988.71,5.69,167.71,77.77
19-05-2016 00:00,-17.09,988.5,2.79,195.2,77.31
19-05-2016 01:00,-17.07,988.37,4.38,206.92,77.4
19-05-2016 02:00,-16.05,988.3,3.43,197.83,73.72
19-05-2016 03:00,-14.53,988.22,3.06,158.03,66.5
19-05-2016 04:00,-14.4,988.37,3.92,91.38,67.21
19-05-2016 05:00,-15.37,988.36,1.97,186.87,72.75
19-05-2016 06:00,-13.55,988.56,3.09,154.97,63.51
19-05-2016 07:00,-12.85,988.77,3.82,102.87,60.66
19-05-2016 08:00,-12.8,989.15,3.52,93.98,61.88
19-05-2016 09:00,-12.71,989.42,4.35,88.98,61.42
19-05-2016 10:00,-12.55,989.71,4.5,81.83,59.65
19-05-2016 11:00,-13.52,989.78,7.1,81.65,58.15
19-05-2016 12:00,-14.85,989.82,8.32,86.48,60.32
19-05-2016 13:00,-14.27,989.84,7.66,74.88,57.48
19-05-2016 14:00,-14.47,989.73,8.44,77.47,57.88
19-05-2016 15:00,-14.7,989.96,7.43,77.03,58.52
19-05-2016 16:00,-14.55,989.87,8.28,78.6,57.94
19-05-2016 17:00,-14.58,989.72,10.47,76.63,58.09
19-05-2016 18:00,-14.88,989.45,10.93,76.73,59.68
19-05-2016 19:00,-14.64,989.12,12.61,72.98,59.64
19-05-2016 20:00,-14.52,989,12.57,79.7,57.59
19-05-2016 21:00,-14.76,988.61,14.01,80.88,56.07
19-05-2016 22:00,-14.86,988.04,10.4,77.47,55.71
19-05-2016 23:00,-15.22,987.22,12.32,83.02,55.56
20-05-2016 00:00,-15.2,986.54,11.23,81.78,54.95
20-05-2016 01:00,-15.25,986.19,6.88,67.78,53.77
20-05-2016 02:00,-14.96,985.1,7.51,75.55,50.31
20-05-2016 03:00,-15.08,984.3,8.26,78.75,49.26
20-05-2016 04:00,-15.34,983.6,6.5,75.73,48.76
20-05-2016 05:00,-15.6,982.92,5.05,65.8,49.02
20-05-2016 06:00,-15.71,982.17,5.25,71.9,49.36
20-05-2016 07:00,-15.66,981.17,8.27,73.5,49.19
20-05-2016 08:00,-15.75,980.15,13.44,71.1,51.81
20-05-2016 09:00,-15.65,979.02,14.74,77.7,51.98
20-05-2016 10:00,-15.8,978.38,15.11,78.57,51.65
20-05-2016 11:00,-15.59,977.87,10.56,65.77,47.79
20-05-2016 12:00,-15.89,977.41,10.33,78.12,46.87
20-05-2016 13:00,-16.35,976.73,15.56,77.83,49.53
20-05-2016 14:00,-16.39,976.47,9.13,60.87,48.92
20-05-2016 15:00,-16.71,976.06,8.73,76.85,47.96
20-05-2016 16:00,-16.9,975.97,6.49,75.02,48.05
20-05-2016 17:00,-17.25,975.77,7.77,78.63,47.53
20-05-2016 18:00,-17.48,975.85,8.03,85.53,47.03
20-05-2016 19:00,-17.71,975.74,8.29,97.73,47.7
20-05-2016 20:00,-17.53,976,7.64,82.62,46.89
20-05-2016 21:00,-17.47,976.18,7.04,77.38,46.49
20-05-2016 22:00,-17.29,976.44,7.39,82.73,46.63
20-05-2016 23:00,-17.41,977.13,5.37,61.03,47.09
21-05-2016 00:00,-17.32,977.91,5.81,72.2,49.25
21-05-2016 01:00,-17.29,978.64,7.06,72.87,47.71
21-05-2016 02:00,-17.52,979.41,6.09,70.97,47.04
21-05-2016 03:00,-17.55,980.08,10.57,79.92,46.08
21-05-2016 04:00,-17.54,980.75,11.44,79.68,46.4
21-05-2016 05:00,-17.45,981.39,10.64,75,45.36
21-05-2016 06:00,-17.86,981.74,10.97,84.8,45.31
21-05-2016 07:00,-17.67,982.18,11.76,89.03,46.31
21-05-2016 08:00,-17.33,982.5,8.84,85.2,46.43
21-05-2016 09:00,-17.15,982.96,8.07,86.85,46.3
21-05-2016 10:00,-17.26,983.1,5.84,76.75,48.17
21-05-2016 11:00,-17.36,983.49,5.46,84.03,48.86
21-05-2016 12:00,-17.57,983.76,5.66,92.65,50.62
21-05-2016 13:00,-17.2,984.06,3.17,74.43,49.66
21-05-2016 14:00,-17.46,984.22,6.63,89.33,53.23
21-05-2016 15:00,-17.33,984.27,8.56,94.18,51.93
21-05-2016 16:00,-17.12,984.12,6.58,94.85,52.59
21-05-2016 17:00,-16.41,983.74,7.71,90.67,52.61
21-05-2016 18:00,-16.92,983.38,7.37,99.65,54.32
21-05-2016 19:00,-16.85,982.9,2.57,111.83,53.79
21-05-2016 20:00,-18.57,982.64,3,199.13,57.24
21-05-2016 21:00,-18.55,982.17,3.98,190.33,57.27
21-05-2016 22:00,-18.4,981.61,2.12,205.87,57.88
21-05-2016 23:00,-18.82,980.89,0.91,218.22,57.88
22-05-2016 00:00,-18.83,980.26,1.17,170.85,58.75
22-05-2016 01:00,-18.71,979.66,2.27,163.1,58.92
22-05-2016 02:00,-17.46,978.65,5.5,79.7,55.73
22-05-2016 03:00,-17.45,977.9,4.27,81.12,55.7
22-05-2016 04:00,-17.08,976.65,8.57,86.1,53.48
22-05-2016 05:00,-16.89,975.28,14.81,77.15,55.09
22-05-2016 06:00,-16.58,974.4,11.33,91.42,50.58
22-05-2016 07:00,-16.61,973.04,10.33,96.7,48.03
22-05-2016 08:00,-16.66,972.1,7.27,97.2,45.42
22-05-2016 09:00,-16.82,970.96,8.13,97.4,44.75
22-05-2016 10:00,-17.16,970.02,7.58,93.7,44.84
22-05-2016 11:00,-17.54,968.72,6.46,96.48,44.78
22-05-2016 12:00,-17.63,967.77,9.59,82.22,45.31
22-05-2016 13:00,-18.04,966.89,4.78,72.9,47.08
22-05-2016 14:00,-18.55,966.18,5.59,70.17,48.97
22-05-2016 15:00,-18.82,965.73,5.99,55.75,50.35
22-05-2016 16:00,-17.96,965.43,9.87,63.6,50.48
22-05-2016 17:00,-17.74,965.44,11.66,57.77,52.22
22-05-2016 18:00,-16.24,965.33,18.12,49.83,49.82
22-05-2016 19:00,-16.27,965.48,16.74,54.32,49.3
22-05-2016 20:00,-16.51,965.34,14.06,60.85,48.22
22-05-2016 21:00,-16.8,965.02,12.76,61.6,49.85
22-05-2016 22:00,-16.72,964.95,11.24,73.57,46.68
22-05-2016 23:00,-16.57,964.91,10.26,68.18,47.76
23-05-2016 00:00,-16.82,965,10.49,68.73,48.76
23-05-2016 01:00,-16.77,965.12,11.33,71.7,48.32
23-05-2016 02:00,-16.64,965.51,11.23,64.72,51.13
23-05-2016 03:00,-16.93,966.16,10.25,53.33,55.41
23-05-2016 04:00,-16.73,966.71,10.41,63.12,55.37
23-05-2016 05:00,-16.73,967.26,10.8,58.78,56.27
23-05-2016 06:00,-16.64,967.69,12.07,63.95,57.08
23-05-2016 07:00,-16.7,968.51,10.83,57.55,59.26
23-05-2016 08:00,-16.7,969.23,11.24,52.08,60.18
23-05-2016 09:00,-17.17,970.15,10.13,60.23,62.99
23-05-2016 10:00,-16.61,970.65,12.02,63.4,61.73
23-05-2016 11:00,-16.74,971.41,10.91,57.5,63.3
23-05-2016 12:00,-16.98,972.19,11.36,64.35,64.71
23-05-2016 13:00,-16.73,972.8,9.06,63.18,64.13
23-05-2016 14:00,-16.41,973.49,9.55,75.17,62.59
23-05-2016 15:00,-15.41,974.44,11.48,60.8,59.74
23-05-2016 16:00,-15.31,975.55,13.39,56.4,59.26
23-05-2016 17:00,-15.24,976.57,14.65,54.83,57.62
23-05-2016 18:00,-14.72,977.33,14.53,45,57.52
23-05-2016 19:00,-14.88,977.88,7.2,54.7,61.97
23-05-2016 20:00,-14.12,978.32,9.58,54.05,71.27
23-05-2016 21:00,-13.96,978.34,5.92,61.92,79.04
23-05-2016 22:00,-13.62,978.59,4.48,84.4,79.34
23-05-2016 23:00,-12.45,978.45,9.62,69.38,74.24
24-05-2016 00:00,-12.68,978.14,6.08,82.97,73.49
24-05-2016 01:00,-13.19,978,1.99,179.08,73.38
24-05-2016 02:00,-13.72,978.09,5.24,200.38,73.04
24-05-2016 03:00,-13.28,978.09,5.73,197.32,71.14
24-05-2016 04:00,-13.43,978.22,4.54,211.97,70.84
24-05-2016 05:00,-13.69,978.42,3.66,215.37,72.19
24-05-2016 06:00,-13.55,978.52,6.41,193.95,69.95
24-05-2016 07:00,-12.94,978.45,4.21,119.78,63.82
24-05-2016 08:00,-12.09,978.59,6.68,66.47,58.6
24-05-2016 09:00,-11.58,978.65,14.03,51,57.87
24-05-2016 10:00,-11.31,978.92,14.05,53.02,57.8
24-05-2016 11:00,-10.66,979.27,15.23,51.9,55.65
24-05-2016 12:00,-10.41,979.74,13.34,50.95,56.98
24-05-2016 13:00,-10.62,980.06,13.56,50.68,57.91
24-05-2016 14:00,-10.52,980.23,14.76,44.32,54.41
24-05-2016 15:00,-9.69,980.56,13.79,56.25,53.15
24-05-2016 16:00,-9.49,980.95,15.5,54.13,51.08
24-05-2016 17:00,-10.15,981.35,18.32,68.75,48.41
24-05-2016 18:00,-10.69,981.85,19.48,69.2,55.05
24-05-2016 19:00,-11.51,982.29,21.51,74.88,60.17
24-05-2016 20:00,-12.18,982.63,21.89,79.42,58.29
24-05-2016 21:00,-12.9,982.86,22.8,78.3,56.78
24-05-2016 22:00,-13.15,982.89,21.93,77.87,53.91
24-05-2016 23:00,-13.39,982.65,23.39,74.02,51.48
25-05-2016 00:00,-13.82,982.43,20.17,80.42,49.62
25-05-2016 01:00,-14.13,982.41,13.47,93.33,49.7
25-05-2016 02:00,-14.23,982.27,9.98,92.23,48.77
25-05-2016 03:00,-13.9,981.8,10.94,87.85,47.88
25-05-2016 04:00,-13.93,981.19,7.73,97.85,51.24
25-05-2016 05:00,-13.36,980.79,5.24,75.65,49.58
25-05-2016 06:00,-12.97,980.3,6.28,72.55,50.44
25-05-2016 07:00,-12.68,979.95,7.98,81.33,53.33
25-05-2016 08:00,-11.61,979.64,7.93,73.83,51.78
25-05-2016 09:00,-10.38,979.2,13.22,55.48,50.23
25-05-2016 10:00,-10,978.69,16.16,62.37,48.54
25-05-2016 11:00,-10.51,977.94,24.49,75,50.81
25-05-2016 12:00,-11.1,977.28,25.36,76.1,51.63
25-05-2016 13:00,-11.4,976.7,23.76,76.6,51.38
25-05-2016 14:00,-11.57,975.89,22.58,76.98,50.81
25-05-2016 15:00,-12.35,974.89,25.02,77.2,50.92
25-05-2016 16:00,-13.22,973.82,22.58,82.13,52.47
25-05-2016 17:00,-13.97,972.68,18.36,88.03,51.69
25-05-2016 18:00,-14.74,970.95,17.32,102.2,52.03
25-05-2016 19:00,-14.53,969.19,19.63,95.12,51.93
25-05-2016 20:00,-13.66,967.1,13.67,89.15,50.09
25-05-2016 21:00,-12.89,965.33,8.81,72.02,46.82
25-05-2016 22:00,-12.65,963.34,2.89,137.97,45.28
25-05-2016 23:00,-12.82,961.01,3.24,156.25,46.02
26-05-2016 00:00,-13.28,959.34,4.42,65.65,47.55
26-05-2016 01:00,-13.74,957.93,11.11,71.83,48.2
26-05-2016 02:00,-14.15,956.97,10.19,65.62,49.47
26-05-2016 03:00,-14.33,956.37,9.4,49.03,51.12
26-05-2016 04:00,-15.66,956.04,11.17,44.13,57.75
26-05-2016 05:00,-15.89,956.24,14.53,42.72,58.81
26-05-2016 06:00,-16.81,956.78,15.46,43,66.28
26-05-2016 07:00,-17.62,957.57,15.33,40.87,71.14
26-05-2016 08:00,-17.61,958.32,17.93,42.3,70.8
26-05-2016 09:00,-17.8,959.39,16.91,37.03,73.41
26-05-2016 10:00,-17.32,960.18,22.09,41.88,70.51
26-05-2016 11:00,-17.44,961.18,21.46,39.6,68.28
26-05-2016 12:00,-17.91,962.35,19.64,44.42,68.79
26-05-2016 13:00,-18.19,963.36,21.33,43.98,69.44
26-05-2016 14:00,-18.27,964.53,21.52,44.75,70.35
26-05-2016 15:00,-18.12,965.79,22.98,42.2,69.73
26-05-2016 16:00,-18.18,967.23,21.22,46.92,70.31
26-05-2016 17:00,-18.3,968.72,18.75,48.95,71.25
26-05-2016 18:00,-18.28,970.35,17.03,48.73,70.98
26-05-2016 19:00,-18.56,972.21,13.69,59.58,71.57
26-05-2016 20:00,-17.69,973.51,11.67,53.82,70.81
26-05-2016 21:00,-16.95,974.81,8.64,58.22,68.36
26-05-2016 22:00,-15.06,976.09,15.38,48.25,63.58
26-05-2016 23:00,-14.4,977.75,16.07,45.42,65.57
27-05-2016 00:00,-15.8,979.44,10.81,66.47,62.44
27-05-2016 01:00,-16.36,981.05,7.78,70.48,55.48
27-05-2016 02:00,-15.98,982.1,10.41,70.9,55.74
27-05-2016 03:00,-15.45,983.36,9.42,69.02,58.2
27-05-2016 04:00,-15.53,984.45,8.25,76.17,59.57
27-05-2016 05:00,-15.73,985.14,4.56,118.6,56.38
27-05-2016 06:00,-15.47,985.66,3.27,192.83,54.71
27-05-2016 07:00,-15.25,985.89,6.87,183.82,54.47
27-05-2016 08:00,-14.35,985.92,9.11,174.77,53.14
27-05-2016 09:00,-11.46,985.61,13.25,68.2,51.26
27-05-2016 10:00,-9.39,985.79,18.75,48.37,44.71
27-05-2016 11:00,-9.79,986.47,14.67,51.72,41.84
27-05-2016 12:00,-9.12,986.6,16.88,65.48,42.9
27-05-2016 13:00,-8.52,986.82,16.79,49.35,48.71
27-05-2016 14:00,-7.94,987.36,16.88,38.65,52.29
27-05-2016 15:00,-7.54,987.78,20.73,46.03,50.84
27-05-2016 16:00,-8,988.17,13.19,58.95,48.55
27-05-2016 17:00,-7.17,988.41,17.9,62.07,41.26
27-05-2016 18:00,-7.54,988.76,16.33,63.88,41.37
27-05-2016 19:00,-8.26,988.77,18.98,69.25,45.35
27-05-2016 20:00,-8.4,988.55,25.35,72.73,48.1
27-05-2016 21:00,-8.17,988.27,27.13,72.77,47.05
27-05-2016 22:00,-8.41,988.02,29.7,74.17,48.62
27-05-2016 23:00,-8.68,988.32,29.25,76.17,51.13
28-05-2016 00:00,-8.84,988.24,31.73,79.12,53.2
28-05-2016 01:00,-8.58,988.39,31.68,75.57,50.78
28-05-2016 02:00,-8.38,989.06,25.88,72.57,45.82
28-05-2016 03:00,-8.72,988.1,31.76,79.17,49.19
28-05-2016 04:00,-8.88,987.73,29.96,79.53,50.01
28-05-2016 05:00,-8.64,987.53,25.31,77.6,46.91
28-05-2016 06:00,-8.49,987.12,22.44,79.48,46.2
28-05-2016 07:00,-8.96,986.54,21.2,81.17,46.71
28-05-2016 08:00,-9.08,985.87,23.45,80.05,47.59
28-05-2016 09:00,-9.09,985.44,22.79,81.68,49.56
28-05-2016 10:00,-10.23,984.97,21.27,86.6,50.65
28-05-2016 11:00,-10.95,984.27,18.95,92.35,49.3
28-05-2016 12:00,-12.04,983.35,19.18,98.77,52.12
28-05-2016 13:00,-13.73,982.31,25.73,102.3,58.32
28-05-2016 14:00,-15.88,981.33,29.06,104.07,67.61
28-05-2016 15:00,-17.1,980.11,32.42,104.9,75.79
28-05-2016 16:00,-17.09,978.86,30.52,102.38,74.81
28-05-2016 17:00,-16.44,977.98,25.59,99.43,68.14
28-05-2016 18:00,-17.46,977.04,25.94,101.77,66.72
28-05-2016 19:00,-17.24,975.92,22.77,93.27,61.54
28-05-2016 20:00,-16.75,975.02,20.92,88.25,55.52
28-05-2016 21:00,-15.24,974.3,20.34,77.72,49.37
28-05-2016 22:00,-14.55,973.76,18.32,74.43,45.17
28-05-2016 23:00,-13.93,973.46,14.85,70.57,51.13
29-05-2016 00:00,-14.11,973.29,12.56,56.7,52.09
29-05-2016 01:00,-13.8,972.82,19.09,73.8,45.23
29-05-2016 02:00,-14.17,972.81,18.73,73.42,42.27
29-05-2016 03:00,-14.4,972.9,19.16,73.88,42.46
29-05-2016 04:00,-14.83,972.88,18.63,77.37,43.68
29-05-2016 05:00,-15.26,972.56,17.15,80.07,46.06
29-05-2016 06:00,-15.36,972.19,16.48,81.47,48.08
29-05-2016 07:00,-15.27,971.91,16.08,80.4,48.37
29-05-2016 08:00,-14.99,971.55,14.72,81.28,49.65
29-05-2016 09:00,-15.21,971.26,14.69,84.03,49.92
29-05-2016 10:00,-14.99,970.88,15.99,81.27,49.27
29-05-2016 11:00,-15.41,970.68,12.21,87.38,50.5
29-05-2016 12:00,-15.46,970.37,12.5,87.27,50.83
29-05-2016 13:00,-15.61,969.71,13.23,87.23,49.44
29-05-2016 14:00,-15.71,968.99,14.58,83.9,49.15
29-05-2016 15:00,-15.82,968.52,12.82,86.15,50.09
29-05-2016 16:00,-15.72,967.84,11.01,86.25,49.97
29-05-2016 17:00,-15.98,967.35,10.72,87.72,46.49
29-05-2016 18:00,-16.3,966.88,10.12,87.6,46.18
29-05-2016 19:00,-16,966.23,6.87,78.43,45.48
29-05-2016 20:00,-16.3,965.59,6.79,70.45,44.09
29-05-2016 21:00,-16.59,964.8,2.98,60.65,44.85
29-05-2016 22:00,-16.34,964.4,5.48,65.15,45.95
29-05-2016 23:00,-16.61,964.04,5.61,72.57,44.26
30-05-2016 00:00,-16.4,963.4,8.14,52.86,42.97
30-05-2016 01:00,-16.65,963.09,9.29,48.9,44.34
30-05-2016 02:00,-16.48,962.84,10.07,51.85,43.87
30-05-2016 03:00,-16.13,962.76,12.35,61.4,40.58
30-05-2016 04:00,-16.17,962.86,13.06,64.83,43.71
30-05-2016 05:00,-16.52,962.93,13.03,71.27,41.08
30-05-2016 06:00,-16.29,962.87,13.5,69.33,39.76
30-05-2016 07:00,-16.38,962.63,13.96,70.73,40.53
30-05-2016 08:00,-17.54,962.56,14.69,78.62,42.35
30-05-2016 09:00,-17.72,962.74,12.14,75.68,41.93
30-05-2016 10:00,-17.99,962.77,14.47,77.52,42
30-05-2016 11:00,-18.07,962.91,11.7,75,42.36
30-05-2016 12:00,-18.22,963.28,10.64,75.25,43.12
30-05-2016 13:00,-18.86,963.7,9.64,85.27,45.52
30-05-2016 14:00,-18.8,963.99,10.17,78.88,46.17
30-05-2016 15:00,-19,964.33,10.49,83.92,46.37
30-05-2016 16:00,-18.8,964.5,8.72,79.97,48.46
30-05-2016 17:00,-19.19,964.79,7.94,90.82,52.1
30-05-2016 18:00,-19.14,965.03,6.29,99.12,51.33
30-05-2016 19:00,-18.72,965.42,4.66,87.83,49.99
30-05-2016 20:00,-19.28,965.87,5.73,100.28,53.58
30-05-2016 21:00,-19.11,966.38,7.97,79.72,54.63
30-05-2016 22:00,-18.98,967.05,7.92,72.05,54.4
30-05-2016 23:00,-18.87,967.64,8.49,71.73,54.68
31-05-2016 00:00,-18.94,967.94,7.97,71.61,55.53
31-05-2016 01:00,-19.16,968.34,6.81,76.45,57.53
31-05-2016 02:00,-19.34,968.82,7.23,76.47,61.55
31-05-2016 03:00,-19.62,969.01,7.04,83.83,59.19
31-05-2016 04:00,-19.07,969.23,6,77.13,57.54
31-05-2016 05:00,-18.72,969.44,5.65,78.48,58.66
31-05-2016 06:00,-18.68,969.61,3.49,86.45,61.89
31-05-2016 07:00,-19.07,969.75,0.71,129.13,64.1
31-05-2016 08:00,-19.46,969.66,0.57,187.52,66.91
31-05-2016 09:00,-20.14,969.83,1.09,100.52,67.9
31-05-2016 10:00,-19.31,969.75,4.47,76.62,66.18
31-05-2016 11:00,-18.84,969.73,3.2,66.6,66.14
31-05-2016 12:00,-18.45,969.93,4.76,71.72,67.77
31-05-2016 13:00,-18.37,970.13,2.52,137.1,68.3
31-05-2016 14:00,-18.32,970.28,3.85,83.2,72.12
31-05-2016 15:00,-18.11,970.23,3.42,55.97,74.89
31-05-2016 16:00,-18.14,970.36,3.54,69.32,75.37
31-05-2016 17:00,-18.1,970.68,5.49,67.67,75.42
31-05-2016 18:00,-17.98,971.12,7.37,62.87,75.98
31-05-2016 19:00,-18.09,971.88,6.58,41.8,76.26
31-05-2016 20:00,-18.32,972.59,6.57,39.93,76.25
31-05-2016 21:00,-19.51,973.39,10.53,44.23,74.99
31-05-2016 22:00,-20.86,974.42,11.72,40.68,73.48
31-05-2016 23:00,-21.39,975.28,9.96,30.62,72.26
01-06-2016 00:00,-21.2,975.8,8.99,37.08,71.25
01-06-2016 01:00,-20.82,976.36,10.14,45.43,68.56
01-06-2016 02:00,-20.31,976.83,13.69,47.43,65.69
01-06-2016 03:00,-20.46,977.37,16.17,55.4,62.11
01-06-2016 04:00,-20.46,977.56,14.52,54.3,66.63
01-06-2016 05:00,-20.65,977.62,16.5,31.7,69.06
01-06-2016 06:00,-19.73,977.82,18.72,38.72,68.92
01-06-2016 07:00,-19.65,978.12,12.97,45.4,64.58
01-06-2016 08:00,-21,978.35,9.03,67.17,57.82
01-06-2016 09:00,-22.12,978.33,7.57,79.32,52.54
01-06-2016 10:00,-22.82,978.3,6.33,90.98,53.07
01-06-2016 11:00,-23.02,978.01,5.81,98.87,50.59
01-06-2016 12:00,-23.04,977.99,5,103.45,49.73
01-06-2016 13:00,-22.64,977.78,3.63,107.35,48.34
01-06-2016 14:00,-22.76,977.65,3.69,117.42,47.23
01-06-2016 15:00,-22.8,977.64,1.79,150.5,46.86
01-06-2016 16:00,-22.71,977.73,3.05,205.65,47.32
01-06-2016 17:00,-22.22,977.98,9.11,185.17,46.71
01-06-2016 18:00,-21.48,978.03,10.28,181.58,49.47
01-06-2016 19:00,-19.78,978.1,8.67,181.9,46.02
01-06-2016 20:00,-19.05,978.34,8.43,181.55,47.12
01-06-2016 21:00,-19.76,978.32,10.32,180.8,59.91
01-06-2016 22:00,-18.96,978.21,10.84,184.37,69.15
01-06-2016 23:00,-17.81,978.16,11.63,181.75,70.08
02-06-2016 00:00,-17.38,978.09,12.04,177.12,73.22
02-06-2016 01:00,-17.07,978.03,11.82,180.78,75.65
02-06-2016 02:00,-16.76,977.98,11.68,182.8,75.82
02-06-2016 03:00,-15.44,977.84,10.34,188.7,76
02-06-2016 04:00,-15.42,977.48,9.55,184.48,75.44
02-06-2016 05:00,-14.95,977.65,3.14,184.35,68.49
02-06-2016 06:00,-14.32,977.17,2.41,185.27,66.22
02-06-2016 07:00,-13.53,977.08,3.74,85.33,64
02-06-2016 08:00,-13.28,976.82,5.7,66.73,62.87
02-06-2016 09:00,-13.51,976.43,2.72,79.63,62.45
02-06-2016 10:00,-13.77,976.06,0.85,196.3,63.26
02-06-2016 11:00,-13.36,975.73,1.72,151.87,62.84
02-06-2016 12:00,-13.27,975.22,2.86,133.15,62.87
02-06-2016 13:00,-13.29,974.7,5.9,82.22,63.55
02-06-2016 14:00,-13.29,973.97,8.58,75.28,61.75
02-06-2016 15:00,-13.25,973.37,7.27,64.03,58.71
02-06-2016 16:00,-13.32,972.83,7.84,66.82,55.4
02-06-2016 17:00,-13.85,972.31,7.77,63.92,52.33
02-06-2016 18:00,-14.67,972.03,4.28,52.62,52.75
02-06-2016 19:00,-15.11,971.68,5.07,62,50.75
02-06-2016 20:00,-15.43,971.3,3.54,54.48,51.07
02-06-2016 21:00,-15.26,970.99,4.15,45.58,50.93
02-06-2016 22:00,-15.25,970.64,6.4,55.48,51.23
02-06-2016 23:00,-15.43,970.37,8.19,67.6,49.89
03-06-2016 00:00,-15.36,970.2,10.12,67.24,48.59
03-06-2016 01:00,-15.8,969.83,10.71,64.5,50
03-06-2016 02:00,-15.97,969.82,8.37,53.97,48.5
03-06-2016 03:00,-15.79,970.02,9.89,62.17,47.81
03-06-2016 04:00,-15.32,970.12,12.41,56.57,44.97
03-06-2016 05:00,-15.63,970.41,13.33,58.35,44.62
03-06-2016 06:00,-16.07,970.87,10.91,56.78,46.29
03-06-2016 07:00,-16.16,971.23,12.87,57.8,45.16
03-06-2016 08:00,-16.39,971.78,11.47,56.43,48.79
03-06-2016 09:00,-16.45,972.36,12.69,60.33,48.8
03-06-2016 10:00,-16.58,973.04,12.71,50.92,49.98
03-06-2016 11:00,-16.09,973.64,11.48,53.93,59
03-06-2016 12:00,-16.27,974.44,12.5,65.65,56.37
03-06-2016 13:00,-16.23,975.03,12.98,60.15,62.26
03-06-2016 14:00,-16.19,975.42,13.85,59.63,59.31
03-06-2016 15:00,-16.07,975.68,13.2,65.83,59.37
03-06-2016 16:00,-15.58,975.94,11.11,65.7,64.36
03-06-2016 17:00,-15.15,976.13,12.02,68.22,69.01
03-06-2016 18:00,-14.87,976.19,12.83,60.43,68.77
03-06-2016 19:00,-14.75,976.35,13.58,60.47,70.17
03-06-2016 20:00,-14.65,976.41,13.94,62.38,74.12
03-06-2016 21:00,-14.39,976.88,13.83,52.05,78.01
03-06-2016 22:00,-14.13,977.29,13.17,46.85,79.33
03-06-2016 23:00,-14.04,977.53,11.36,50.08,78.44
04-06-2016 00:00,-13.98,977.75,11.92,52.1,74.4
04-06-2016 01:00,-14.12,978.1,13.28,58.18,73.86
04-06-2016 02:00,-14.35,978.42,13.14,66.47,72.7
04-06-2016 03:00,-14.03,979.01,9.29,62.13,71.29
04-06-2016 04:00,-13.99,979.25,8.95,59.82,74.94
04-06-2016 05:00,-13.9,979.32,9.48,59.48,72.53
04-06-2016 06:00,-13.9,979.68,9.4,54.88,73.28
04-06-2016 07:00,-14.04,979.91,10.07,55.48,73.46
04-06-2016 08:00,-14.02,980.25,10.84,62.17,69.83
04-06-2016 09:00,-14.27,980.41,12.48,72.45,67.3
04-06-2016 10:00,-13.96,980.39,12.96,54.25,67.01
04-06-2016 11:00,-14.09,980.57,12.75,57.37,65.09
04-06-2016 12:00,-14.24,980.69,12.15,64.65,61.19
04-06-2016 13:00,-14.06,980.7,10.16,58.48,61.76
04-06-2016 14:00,-14.05,980.58,9.66,64.37,62.55
04-06-2016 15:00,-14.27,980.43,11.7,67.1,61.32
04-06-2016 16:00,-14.66,980.29,12.12,70.43,60.31
04-06-2016 17:00,-15.51,980.3,16.68,79.2,64.76
04-06-2016 18:00,-15.71,980.25,18.13,77.33,67.21
04-06-2016 19:00,-16.5,980.28,15.25,87.18,67.94
04-06-2016 20:00,-17.45,980.28,14.47,96.1,68.54
04-06-2016 21:00,-18.41,980.21,17.53,103.67,66.93
04-06-2016 22:00,-18.88,980.31,15.56,110.97,64.43
04-06-2016 23:00,-19.31,980.21,14.63,108.07,65.37
05-06-2016 00:00,-20.65,980.21,15.13,107.49,63.28
05-06-2016 01:00,-21.2,979.96,16.01,106.47,60.95
05-06-2016 02:00,-21.64,979.91,15.27,100.08,59.82
05-06-2016 03:00,-22.02,979.82,16.56,98.83,57.75
05-06-2016 04:00,-21.98,979.76,14.97,98.43,55.98
05-06-2016 05:00,-22.28,979.5,15.47,95.3,58.9
05-06-2016 06:00,-22.77,979.38,15.21,93.97,58.16
05-06-2016 07:00,-23.04,979.24,13.55,91.93,58.95
05-06-2016 08:00,-23.22,979.21,14.22,95.18,58.4
05-06-2016 09:00,-23.31,979.25,13.54,90.73,56.76
05-06-2016 10:00,-23.54,979.09,13.32,90.75,57.97
05-06-2016 11:00,-23.9,979.05,14.57,92.92,61.74
05-06-2016 12:00,-23.64,978.79,12.78,81.98,61.25
05-06-2016 13:00,-23.71,978.16,13.55,95.27,61.39
05-06-2016 14:00,-23.7,977.63,15.66,100.03,61.44
05-06-2016 15:00,-23.18,977.56,12.93,91.9,56.94
05-06-2016 16:00,-23.7,977.32,12.07,90.67,55.94
05-06-2016 17:00,-23.86,976.65,12.01,95.67,55.8
05-06-2016 18:00,-23.69,975.84,12.27,99.3,54.07
05-06-2016 19:00,-23.68,975.25,11.86,91.45,54.02
05-06-2016 20:00,-23.77,974.84,11.82,85.37,53.35
05-06-2016 21:00,-23.77,974.17,13.84,87.82,53.21
05-06-2016 22:00,-23.81,974.01,6.89,80.97,52.21
05-06-2016 23:00,-23.96,973.5,4.42,91.48,50.22
06-06-2016 00:00,-23.72,972.94,9.85,77.8,49.67
06-06-2016 01:00,-23.76,972.64,8.05,74.38,51.21
06-06-2016 02:00,-23.72,972.59,2.06,145.68,49.6
06-06-2016 03:00,-23.9,972.45,2.62,89.87,48.19
06-06-2016 04:00,-23.39,972.21,4.99,53.32,45.97
06-06-2016 05:00,-23.19,971.89,6.76,64.18,44.77
06-06-2016 06:00,-22.73,971.77,6.85,63.93,43.73
06-06-2016 07:00,-22.93,971.49,5.4,52.35,44.54
06-06-2016 08:00,-22.89,971.58,6.21,51.32,43.68
06-06-2016 09:00,-22.99,971.66,5.26,71.73,42.24
06-06-2016 10:00,-23.29,971.71,3.42,51.97,42.78
06-06-2016 11:00,-22.89,972.08,6.42,61.87,43.15
06-06-2016 12:00,-22.78,972.35,5.18,62.03,42.55
06-06-2016 13:00,-23.13,972.64,4.01,84.48,42.66
06-06-2016 14:00,-23.64,972.93,2.06,69.3,43.95
06-06-2016 15:00,-22.54,973.27,7.04,70.72,41.41
06-06-2016 16:00,-22.21,973.65,7.44,84.7,39.52
06-06-2016 17:00,-22.35,974.22,7.28,94.83,39.19
06-06-2016 18:00,-22.2,974.43,7.47,95.82,38.67
06-06-2016 19:00,-22.02,974.86,7.29,92.22,38.39
06-06-2016 20:00,-21.72,975.43,6.45,89.82,37.42
06-06-2016 21:00,-21.44,975.97,6.82,94.23,37.05
06-06-2016 22:00,-20.93,976.38,6.53,81.78,36.27
06-06-2016 23:00,-20.26,976.85,7.88,82.22,35.74
07-06-2016 00:00,-20.02,977.26,8.22,84.86,37.54
07-06-2016 01:00,-19.32,977.72,9.76,76.18,37.7
07-06-2016 02:00,-18.56,978.06,8.46,76.57,37.36
07-06-2016 03:00,-17.8,978.39,7.3,94.73,37.03
07-06-2016 04:00,-17.52,978.7,6.01,94.38,40.2
07-06-2016 05:00,-17.22,978.66,5.77,92.78,42.95
07-06-2016 06:00,-16.63,978.63,6.36,93.47,42.27
07-06-2016 07:00,-16.11,978.54,6.4,93.03,42.56
07-06-2016 08:00,-15.32,978.29,7,83.5,42.71
07-06-2016 09:00,-14.74,978.26,6.03,90.72,46.41
07-06-2016 10:00,-14.31,978.08,3.41,88.53,46.27
07-06-2016 11:00,-14.24,978.08,3.62,101.57,52.05
07-06-2016 12:00,-13.85,977.95,4.26,89.18,58.73
07-06-2016 13:00,-13.93,977.73,2.82,77.1,66.49
07-06-2016 14:00,-13.48,977.71,4.02,71.73,71.22
07-06-2016 15:00,-13.06,977.83,4.79,73.02,77.24
07-06-2016 16:00,-12.53,977.88,5.7,70.25,78.98
07-06-2016 17:00,-12.23,977.95,4.62,60.68,78.44
07-06-2016 18:00,-12.61,978.27,2.3,53.42,79.7
07-06-2016 19:00,-12.62,978.62,4.22,74.07,82.25
07-06-2016 20:00,-12.24,979.11,7.08,69.02,82.14
07-06-2016 21:00,-11.73,979.44,8.12,55.3,75.53
07-06-2016 22:00,-11.62,979.69,7.85,62.55,71.75
07-06-2016 23:00,-11.5,980.1,10.45,52.98,74.75
08-06-2016 00:00,-11.41,980.52,10.38,50.32,79.6
08-06-2016 01:00,-11.13,980.8,11.91,51.23,77.64
08-06-2016 02:00,-10.84,980.93,14.29,56.23,74.69
08-06-2016 03:00,-10.55,981.19,14.81,55.17,71.43
08-06-2016 04:00,-10.1,981.65,14.94,54.95,70.22
08-06-2016 05:00,-10.04,982.26,13.15,53.48,70.27
08-06-2016 06:00,-10.08,982.62,13.64,66.98,68.33
08-06-2016 07:00,-9.94,982.96,10.58,61.8,68.38
08-06-2016 08:00,-9.83,983.07,11.97,47.87,70.86
08-06-2016 09:00,-9.81,983.65,12.97,46.98,72.57
08-06-2016 10:00,-9.95,984.25,10.49,54.5,75.55
08-06-2016 11:00,-10.04,984.59,10.88,63.77,70.8
08-06-2016 12:00,-10.27,985.09,10.96,66.08,68.17
08-06-2016 13:00,-10.44,985.41,10.36,66.52,66.47
08-06-2016 14:00,-10.55,985.49,8.15,62.9,66.42
08-06-2016 15:00,-10.53,985.89,8.21,63.95,65.58
08-06-2016 16:00,-10.83,986.08,8.5,62.22,67.29
08-06-2016 17:00,-10.77,986.08,10.65,60.77,67.08
08-06-2016 18:00,-10.88,986.26,11.29,63.6,73.64
08-06-2016 19:00,-10.88,986.39,11.17,58.57,79.17
08-06-2016 20:00,-10.92,986.36,13.84,58.98,78.47
08-06-2016 21:00,-11.16,986.44,14.86,61.3,74.53
08-06-2016 22:00,-11.36,986.29,16.86,66.43,66.63
08-06-2016 23:00,-11.31,986.48,15.43,65.53,69.88
09-06-2016 00:00,-11.21,986.4,14.01,67.95,67.56
09-06-2016 01:00,-11.91,986.4,15.82,80.22,69.66
09-06-2016 02:00,-12,986.43,17.78,76.33,76.12
09-06-2016 03:00,-11.47,986.26,18.16,72.28,77.69
09-06-2016 04:00,-11.19,986.18,16.12,73.42,78.34
09-06-2016 05:00,-10.8,985.87,12.81,74.88,76.12
09-06-2016 06:00,-10.16,985.55,11.29,65.92,70.51
09-06-2016 07:00,-10.23,985.17,12.21,70.97,72.48
09-06-2016 08:00,-10.2,984.69,12.18,76.37,73.41
09-06-2016 09:00,-10.3,984.23,12.03,77.13,75.41
09-06-2016 10:00,-10,983.7,9.71,70.82,76.28
09-06-2016 11:00,-9.72,982.94,8.25,73.55,76.06
09-06-2016 12:00,-9.77,982.05,8.61,85.5,76.61
09-06-2016 13:00,-9.45,980.91,9.16,79.25,74.95
09-06-2016 14:00,-9.16,979.87,9.96,81.93,75.03
09-06-2016 15:00,-8.92,978.92,6.41,70.4,80.45
09-06-2016 16:00,-8.88,978.04,6.21,65.95,80.76
09-06-2016 17:00,-9.06,976.98,6.43,84.73,81.45
09-06-2016 18:00,-8.43,975.61,7.68,76.05,79.65
09-06-2016 19:00,-7.56,974.42,11,62.72,76.32
09-06-2016 20:00,-7.93,973.28,18.09,68.12,78.77
09-06-2016 21:00,-7.97,972.54,18.51,73.07,71.27
09-06-2016 22:00,-7.95,971.79,17.18,69.4,64.77
09-06-2016 23:00,-8.17,970.69,16.57,73.92,60.47
10-06-2016 00:00,-8.64,969.86,13.58,69.39,57.18
10-06-2016 01:00,-9.29,969.19,8.71,55.13,62.95
10-06-2016 02:00,-8.85,968.62,7.74,71.8,69.02
10-06-2016 03:00,-9.29,968.43,5.62,87.88,76.29
10-06-2016 04:00,-9.03,968.37,5.99,90.4,80.2
10-06-2016 05:00,-8.65,968.01,8.19,85.6,76.03
10-06-2016 06:00,-8.63,967.67,12.83,72.62,67.11
10-06-2016 07:00,-8.89,967.05,15.4,71.1,66.8
10-06-2016 08:00,-8.74,966.62,19.03,73.95,64.69
10-06-2016 09:00,-9.1,966.42,21.76,74.22,62.08
10-06-2016 10:00,-9.84,966.17,22.1,75.68,64.55
10-06-2016 11:00,-9.52,966.34,19.69,73.78,57.88
10-06-2016 12:00,-9.99,966.37,21.26,75.9,59.65
10-06-2016 13:00,-10.98,966.43,21.18,78.9,61.11
10-06-2016 14:00,-10.88,966.3,25.84,73.57,59.82
10-06-2016 15:00,-11.61,966.26,26.77,76.92,61.71
10-06-2016 16:00,-12.63,965.9,27.84,80.82,66.55
10-06-2016 17:00,-12.79,965.75,30.45,75.2,61.83
10-06-2016 18:00,-13.06,965.52,29.25,76.77,62.95
10-06-2016 19:00,-12.45,965.29,28.68,75.13,59.87
10-06-2016 20:00,-11.38,964.98,29.37,75.42,59.31
10-06-2016 21:00,-10.55,964.98,27.05,75.38,58.24
10-06-2016 22:00,-10.04,965.2,23.83,76.1,57.05
10-06-2016 23:00,-10.02,965.14,22.5,76,58.2
11-06-2016 00:00,-10.08,965.06,21.46,75.49,59.35
11-06-2016 01:00,-10.08,965.34,19.43,77.88,57.81
11-06-2016 02:00,-10.44,965.5,18.04,81.32,55.5
11-06-2016 03:00,-11.47,965.68,16.81,85.83,57.06
11-06-2016 04:00,-12.23,965.73,22.23,81.58,55.98
11-06-2016 05:00,-13.3,965.59,22.24,79.8,54.8
11-06-2016 06:00,-14.35,965.65,17.49,85.08,54.88
11-06-2016 07:00,-14.31,965.5,20.05,80.2,52.64
11-06-2016 08:00,-14.61,965.72,17.62,83.28,53.18
11-06-2016 09:00,-14.59,965.82,17.95,80.78,52.34
11-06-2016 10:00,-14.74,965.8,21.52,77.12,50.96
11-06-2016 11:00,-15.02,965.94,21.24,77.08,52.84
11-06-2016 12:00,-15,966.2,18.93,78.43,52.63
11-06-2016 13:00,-15.4,966.13,21.76,78,53.24
11-06-2016 14:00,-15.22,966.33,18.94,76.65,52.61
11-06-2016 15:00,-15.3,966.42,16.12,80.65,52.6
11-06-2016 16:00,-15.46,966.39,17.4,78.48,52.29
11-06-2016 17:00,-15.54,966.41,16.36,81.92,53.94
11-06-2016 18:00,-15.25,966.39,16.08,80.52,53.19
11-06-2016 19:00,-14.86,966.51,14.76,79,52.43
11-06-2016 20:00,-13.93,966.56,13.45,76.5,52.12
11-06-2016 21:00,-13.71,966.61,15.69,80.28,53.62
11-06-2016 22:00,-13.5,966.79,14.37,81.88,52.81
11-06-2016 23:00,-13.46,966.78,15.94,80.27,50.63
12-06-2016 00:00,-21.09,985.17,9.76,105.68,52.63
12-06-2016 01:00,-22.86,986.78,6.08,184.3,59.22
12-06-2016 02:00,-23.13,987.75,3.09,217.83,63.16
12-06-2016 03:00,-24.55,988.45,4.91,247.53,67.02
12-06-2016 04:00,-25.8,989.93,6.3,231.93,67.65
12-06-2016 05:00,-25.95,990.84,5.8,208.75,68.14
12-06-2016 06:00,-26.84,991.66,5.68,238.15,67.6
12-06-2016 07:00,-26.92,992.7,2.88,260.88,67.42
12-06-2016 08:00,-27.04,993.45,2.3,246.45,67.08
12-06-2016 09:00,-26.71,994.1,2.02,256.62,67.38
12-06-2016 10:00,-26.31,994.58,2.04,285.32,67.47
12-06-2016 11:00,-26.14,994.76,1.84,250.23,67.4
12-06-2016 12:00,-25.77,994.97,2.18,196.25,67.71
12-06-2016 13:00,-24.82,994.84,2.37,65.97,67.67
12-06-2016 14:00,-23.99,994.82,1.04,164.97,65.71
12-06-2016 15:00,-23.43,994.43,2.22,213.57,59.61
12-06-2016 16:00,-23.11,993.63,1.26,209.2,53.57
12-06-2016 17:00,-22.68,993.37,3.26,184.55,50.21
12-06-2016 18:00,-22.74,993.19,0.79,193.67,51.44
12-06-2016 19:00,-23.15,992.52,0.6,183.82,52.51
12-06-2016 20:00,-21.9,991.71,4.25,72.3,50.11
12-06-2016 21:00,-20.84,991.28,5.91,64.82,49.22
12-06-2016 22:00,-20.44,990.67,4.99,61.75,49.99
12-06-2016 23:00,-20.06,990.03,2.59,65.5,51.34
13-06-2016 00:00,-19.87,989.1,3.04,87.27,49.75
13-06-2016 01:00,-19.77,988.07,3.26,182.85,50.03
13-06-2016 02:00,-19.67,987.4,5.51,199,49.74
13-06-2016 03:00,-19.32,987.08,5.64,200.42,44.95
13-06-2016 04:00,-19.45,986.42,6.76,195.92,58.71
13-06-2016 05:00,-19.62,985.55,8.43,209.7,70.9
13-06-2016 06:00,-19.43,984.85,8.57,212.07,73.93
13-06-2016 07:00,-19.31,984.3,8.01,211.28,75.21
13-06-2016 08:00,-19.53,984.11,5.22,186.35,75.17
13-06-2016 09:00,-19.32,983.85,8.12,192.7,75.22
13-06-2016 10:00,-18.71,983.7,9.85,200.12,75.06
13-06-2016 11:00,-18.21,983.69,10.52,203.82,74.42
13-06-2016 12:00,-18.13,983.43,8.32,206.93,73.78
13-06-2016 13:00,-18.73,983.32,9.82,205.9,74.39
13-06-2016 14:00,-19.27,983.09,6.86,183.33,72.59
13-06-2016 15:00,-19.36,982.75,5.13,171.45,68.64
13-06-2016 16:00,-19.88,982.45,4.76,181.62,68.39
13-06-2016 17:00,-20.37,982.07,4.04,160.37,68.03
13-06-2016 18:00,-21.04,981.81,4.09,185.65,65.48
13-06-2016 19:00,-24.12,982.19,9.87,188.45,69.15
13-06-2016 20:00,-23.3,981.85,3.11,123.92,68.84
13-06-2016 21:00,-22.93,981.51,5.25,136.12,68.83
13-06-2016 22:00,-24.4,981.91,3.25,282.88,70.28
13-06-2016 23:00,-24.39,981.52,5.76,139.12,70.52
14-06-2016 00:00,-26.09,981.32,6.01,220.41,68.38
14-06-2016 01:00,-26.99,981,5.3,242.75,67.6
14-06-2016 02:00,-28.41,980.86,3.52,251.3,65.94
14-06-2016 03:00,-28.57,980.8,4.98,258.98,65.57
14-06-2016 04:00,-28.91,980.78,7.08,311.55,65.17
14-06-2016 05:00,-29.07,980.58,8.36,221.95,64.96
14-06-2016 06:00,-30.04,980.23,12.26,323.4,63.64
14-06-2016 07:00,-31.54,980.17,7.77,325.27,61.95
14-06-2016 08:00,-31.37,980.52,7.8,325.23,61.97
14-06-2016 09:00,-31.2,980.03,7.77,325.27,61.89
14-06-2016 10:00,-30.86,979.3,7.8,325.23,62.13
14-06-2016 11:00,-30.14,978.46,9.04,145.97,62.91
14-06-2016 12:00,-30.28,977.75,8.07,232.93,63.5
14-06-2016 13:00,-30.83,977.11,7.77,325.27,63.26
14-06-2016 14:00,-30.52,976.66,7.8,325.23,63.22
14-06-2016 15:00,-30.26,976.34,7.77,325.27,63.51
14-06-2016 16:00,-30.48,976.49,7.8,325.23,63.13
14-06-2016 17:00,-30.36,975.97,7.77,325.27,63.28
14-06-2016 18:00,-30.45,975.81,7.8,325.23,63.15
14-06-2016 19:00,-30.67,975.69,7.77,325.27,62.63
14-06-2016 20:00,-30.81,975.59,7.8,325.23,62.26
14-06-2016 21:00,-30.77,975.93,7.77,325.27,62.49
14-06-2016 22:00,-31.14,975.93,7.8,325.23,61.96
14-06-2016 23:00,-31.38,976.15,7.73,324.77,61.04
15-06-2016 00:00,-31.77,976.61,5.76,302.42,60.27
15-06-2016 01:00,-31.67,976.97,6.16,307.95,60.55
15-06-2016 02:00,-31.5,977.41,5.77,303.5,60.81
15-06-2016 03:00,-31.91,977.78,6.14,306.15,60.51
15-06-2016 04:00,-32.12,978.47,5.83,305.4,59.94
15-06-2016 05:00,-31.4,979.19,6.26,308.65,60.25
15-06-2016 06:00,-31.38,980.14,6.38,309.48,58.68
15-06-2016 07:00,-31.35,980.93,6.33,310.1,58.12
15-06-2016 08:00,-31.75,981.8,6.35,313.1,57.52
15-06-2016 09:00,-31.29,982.72,6.2,151.12,57.69
15-06-2016 10:00,-30.58,983.64,5.74,214.29,58.11
15-06-2016 11:00,-29.68,984.39,8.87,80.9,57.8
15-06-2016 12:00,-28.87,985.13,8.75,50.23,58.01
15-06-2016 13:00,-27.68,985.33,16.34,61.45,60.77
15-06-2016 14:00,-26.88,985.64,20.05,62.68,61.03
15-06-2016 15:00,-26.57,985.8,20.66,63.07,58.92
15-06-2016 16:00,-26.55,986.39,19.04,57.72,58.16
15-06-2016 17:00,-26.58,986.86,15.88,53.27,55.71
15-06-2016 18:00,-26.66,986.83,16.15,52.87,54.74
15-06-2016 19:00,-26.82,986.47,13.77,52.15,52.94
15-06-2016 20:00,-26.45,986.02,14.21,51.48,52.5
15-06-2016 21:00,-26.53,986,11.66,40.22,54.08
15-06-2016 22:00,-26.62,985.92,11.12,33.4,54.68
15-06-2016 23:00,-27,985.65,7.82,68.6,53.84
16-06-2016 00:00,-13.58,966.75,15.42,76.03,49.4
16-06-2016 01:00,-13.95,966.69,14.87,77.85,50.22
16-06-2016 02:00,-13.96,966.83,13.09,77.47,49.27
16-06-2016 03:00,-14.16,967.02,12.83,78.15,49.02
16-06-2016 04:00,-14.49,967.24,13.35,79.85,49.33
16-06-2016 05:00,-14.71,967.14,12.84,78.32,48.02
16-06-2016 06:00,-14.78,967.27,12.7,76.65,47.16
16-06-2016 07:00,-15.01,967.49,13.07,77.32,46.27
16-06-2016 08:00,-15.09,967.79,12.07,75.85,46.26
16-06-2016 09:00,-15.26,968.08,11.01,76.95,47.23
16-06-2016 10:00,-15.31,968.4,11.98,78.68,47.25
16-06-2016 11:00,-15.46,968.51,10.8,76.45,47.39
16-06-2016 12:00,-15.62,968.56,11.29,77.42,48.22
16-06-2016 13:00,-15.72,968.51,10.8,78.02,48.42
16-06-2016 14:00,-15.85,968.72,10.77,76.22,48.15
16-06-2016 15:00,-15.72,968.98,10.4,72.52,45.33
16-06-2016 16:00,-15.89,969.03,11.29,71,45.38
16-06-2016 17:00,-15.77,969.23,11.79,64.45,45.54
16-06-2016 18:00,-15.71,969.14,14.07,51.75,48.73
16-06-2016 19:00,-15.78,969.23,14.52,49.63,49.37
16-06-2016 20:00,-15.85,969.23,14.35,48.68,49.1
16-06-2016 21:00,-15.97,969.45,14.44,51.17,48.87
16-06-2016 22:00,-16.1,969.84,14.54,49.95,51.9
16-06-2016 23:00,-16.21,969.67,15.93,48.62,54.95
17-06-2016 00:00,-16.3,969.56,16.81,47.02,59.85
17-06-2016 01:00,-16.47,969.87,14.46,39.32,66.99
17-06-2016 02:00,-18.02,970.1,9.87,184.9,73.61
17-06-2016 03:00,-19.04,970.36,5.83,300.75,75.98
17-06-2016 04:00,-18.58,970.8,9.78,133.62,76.59
17-06-2016 05:00,-21.62,971.39,6.62,306.87,73.53
17-06-2016 06:00,-22.84,971.8,2.28,271.02,72.17
17-06-2016 07:00,-22.08,972.13,1.25,129.42,72.77
17-06-2016 08:00,-21.14,972.29,1.93,74.72,73.78
17-06-2016 09:00,-20.24,972.45,4.54,55.03,74.79
17-06-2016 10:00,-19.26,972.59,6.19,30.73,75.88
17-06-2016 11:00,-18.08,973.16,11.55,44.72,76.1
17-06-2016 12:00,-17.92,973.74,11.32,53.88,74.22
17-06-2016 13:00,-18.16,974.4,8.75,54.43,71.03
17-06-2016 14:00,-18.25,975.24,6.68,64.37,68.87
17-06-2016 15:00,-19.16,976.04,6.49,90.73,68.65
17-06-2016 16:00,-19.72,976.78,6.16,95.68,66.3
17-06-2016 17:00,-19.68,977.39,6.24,107.1,56.6
17-06-2016 18:00,-20.6,978.49,4.22,121.83,55.18
17-06-2016 19:00,-20.65,979.63,4.62,129.77,53.24
17-06-2016 20:00,-20.65,980.99,6.16,132.53,51.17
17-06-2016 21:00,-21.1,982.15,3.75,184.33,52.63
17-06-2016 22:00,-21.31,983.07,4.41,152.95,54.98
17-06-2016 23:00,-20.92,984.18,6.45,112.33,53.38
18-06-2016 00:00,NaN,NaN,NaN,NaN,NaN
18-06-2016 01:00,NaN,NaN,NaN,NaN,NaN
18-06-2016 02:00,NaN,NaN,NaN,NaN,NaN
18-06-2016 03:00,NaN,NaN,NaN,NaN,NaN
18-06-2016 04:00,NaN,NaN,NaN,NaN,NaN
18-06-2016 05:00,NaN,NaN,NaN,NaN,NaN
18-06-2016 06:00,NaN,NaN,NaN,NaN,NaN
18-06-2016 07:00,NaN,NaN,NaN,NaN,NaN
18-06-2016 08:00,NaN,NaN,NaN,NaN,NaN
18-06-2016 09:00,NaN,NaN,NaN,NaN,NaN
18-06-2016 10:00,NaN,NaN,NaN,NaN,NaN
18-06-2016 11:00,NaN,NaN,NaN,NaN,NaN
18-06-2016 12:00,NaN,NaN,NaN,NaN,NaN
18-06-2016 13:00,NaN,NaN,NaN,NaN,NaN
18-06-2016 14:00,NaN,NaN,NaN,NaN,NaN
18-06-2016 15:00,NaN,NaN,NaN,NaN,NaN
18-06-2016 16:00,NaN,NaN,NaN,NaN,NaN
18-06-2016 17:00,NaN,NaN,NaN,NaN,NaN
18-06-2016 18:00,NaN,NaN,NaN,NaN,NaN
18-06-2016 19:00,NaN,NaN,NaN,NaN,NaN
18-06-2016 20:00,NaN,NaN,NaN,NaN,NaN
18-06-2016 21:00,NaN,NaN,NaN,NaN,NaN
18-06-2016 22:00,NaN,NaN,NaN,NaN,NaN
18-06-2016 23:00,NaN,NaN,NaN,NaN,NaN
19-06-2016 00:00,NaN,NaN,NaN,NaN,NaN
19-06-2016 01:00,NaN,NaN,NaN,NaN,NaN
19-06-2016 02:00,NaN,NaN,NaN,NaN,NaN
19-06-2016 03:00,NaN,NaN,NaN,NaN,NaN
19-06-2016 04:00,NaN,NaN,NaN,NaN,NaN
19-06-2016 05:00,NaN,NaN,NaN,NaN,NaN
19-06-2016 06:00,NaN,NaN,NaN,NaN,NaN
19-06-2016 07:00,NaN,NaN,NaN,NaN,NaN
19-06-2016 08:00,NaN,NaN,NaN,NaN,NaN
19-06-2016 09:00,NaN,NaN,NaN,NaN,NaN
19-06-2016 10:00,NaN,NaN,NaN,NaN,NaN
19-06-2016 11:00,NaN,NaN,NaN,NaN,NaN
19-06-2016 12:00,NaN,NaN,NaN,NaN,NaN
19-06-2016 13:00,NaN,NaN,NaN,NaN,NaN
19-06-2016 14:00,NaN,NaN,NaN,NaN,NaN
19-06-2016 15:00,NaN,NaN,NaN,NaN,NaN
19-06-2016 16:00,NaN,NaN,NaN,NaN,NaN
19-06-2016 17:00,NaN,NaN,NaN,NaN,NaN
19-06-2016 18:00,NaN,NaN,NaN,NaN,NaN
19-06-2016 19:00,NaN,NaN,NaN,NaN,NaN
19-06-2016 20:00,NaN,NaN,NaN,NaN,NaN
19-06-2016 21:00,NaN,NaN,NaN,NaN,NaN
19-06-2016 22:00,NaN,NaN,NaN,NaN,NaN
19-06-2016 23:00,NaN,NaN,NaN,NaN,NaN
20-06-2016 00:00,NaN,NaN,NaN,NaN,NaN
20-06-2016 01:00,NaN,NaN,NaN,NaN,NaN
20-06-2016 02:00,NaN,NaN,NaN,NaN,NaN
20-06-2016 03:00,NaN,NaN,NaN,NaN,NaN
20-06-2016 04:00,NaN,NaN,NaN,NaN,NaN
20-06-2016 05:00,NaN,NaN,NaN,NaN,NaN
20-06-2016 06:00,NaN,NaN,NaN,NaN,NaN
20-06-2016 07:00,NaN,NaN,NaN,NaN,NaN
20-06-2016 08:00,NaN,NaN,NaN,NaN,NaN
20-06-2016 09:00,NaN,NaN,NaN,NaN,NaN
20-06-2016 10:00,NaN,NaN,NaN,NaN,NaN
20-06-2016 11:00,NaN,NaN,NaN,NaN,NaN
20-06-2016 12:00,NaN,NaN,NaN,NaN,NaN
20-06-2016 13:00,NaN,NaN,NaN,NaN,NaN
20-06-2016 14:00,NaN,NaN,NaN,NaN,NaN
20-06-2016 15:00,NaN,NaN,NaN,NaN,NaN
20-06-2016 16:00,NaN,NaN,NaN,NaN,NaN
20-06-2016 17:00,NaN,NaN,NaN,NaN,NaN
20-06-2016 18:00,NaN,NaN,NaN,NaN,NaN
20-06-2016 19:00,NaN,NaN,NaN,NaN,NaN
20-06-2016 20:00,NaN,NaN,NaN,NaN,NaN
20-06-2016 21:00,NaN,NaN,NaN,NaN,NaN
20-06-2016 22:00,NaN,NaN,NaN,NaN,NaN
20-06-2016 23:00,NaN,NaN,NaN,NaN,NaN
21-06-2016 00:00,NaN,NaN,NaN,NaN,NaN
21-06-2016 01:00,NaN,NaN,NaN,NaN,NaN
21-06-2016 02:00,NaN,NaN,NaN,NaN,NaN
21-06-2016 03:00,NaN,NaN,NaN,NaN,NaN
21-06-2016 04:00,NaN,NaN,NaN,NaN,NaN
21-06-2016 05:00,NaN,NaN,NaN,NaN,NaN
21-06-2016 06:00,NaN,NaN,NaN,NaN,NaN
21-06-2016 07:00,NaN,NaN,NaN,NaN,NaN
21-06-2016 08:00,NaN,NaN,NaN,NaN,NaN
21-06-2016 09:00,NaN,NaN,NaN,NaN,NaN
21-06-2016 10:00,NaN,NaN,NaN,NaN,NaN
21-06-2016 11:00,NaN,NaN,NaN,NaN,NaN
21-06-2016 12:00,NaN,NaN,NaN,NaN,NaN
21-06-2016 13:00,NaN,NaN,NaN,NaN,NaN
21-06-2016 14:00,NaN,NaN,NaN,NaN,NaN
21-06-2016 15:00,NaN,NaN,NaN,NaN,NaN
21-06-2016 16:00,NaN,NaN,NaN,NaN,NaN
21-06-2016 17:00,NaN,NaN,NaN,NaN,NaN
21-06-2016 18:00,NaN,NaN,NaN,NaN,NaN
21-06-2016 19:00,NaN,NaN,NaN,NaN,NaN
21-06-2016 20:00,NaN,NaN,NaN,NaN,NaN
21-06-2016 21:00,NaN,NaN,NaN,NaN,NaN
21-06-2016 22:00,NaN,NaN,NaN,NaN,NaN
21-06-2016 23:00,NaN,NaN,NaN,NaN,NaN
22-06-2016 00:00,NaN,NaN,NaN,NaN,NaN
22-06-2016 01:00,NaN,NaN,NaN,NaN,NaN
22-06-2016 02:00,NaN,NaN,NaN,NaN,NaN
22-06-2016 03:00,NaN,NaN,NaN,NaN,NaN
22-06-2016 04:00,NaN,NaN,NaN,NaN,NaN
22-06-2016 05:00,NaN,NaN,NaN,NaN,NaN
22-06-2016 06:00,NaN,NaN,NaN,NaN,NaN
22-06-2016 07:00,NaN,NaN,NaN,NaN,NaN
22-06-2016 08:00,NaN,NaN,NaN,NaN,NaN
22-06-2016 09:00,NaN,NaN,NaN,NaN,NaN
22-06-2016 10:00,NaN,NaN,NaN,NaN,NaN
22-06-2016 11:00,NaN,NaN,NaN,NaN,NaN
22-06-2016 12:00,NaN,NaN,NaN,NaN,NaN
22-06-2016 13:00,NaN,NaN,NaN,NaN,NaN
22-06-2016 14:00,NaN,NaN,NaN,NaN,NaN
22-06-2016 15:00,NaN,NaN,NaN,NaN,NaN
22-06-2016 16:00,NaN,NaN,NaN,NaN,NaN
22-06-2016 17:00,NaN,NaN,NaN,NaN,NaN
22-06-2016 18:00,NaN,NaN,NaN,NaN,NaN
22-06-2016 19:00,NaN,NaN,NaN,NaN,NaN
22-06-2016 20:00,NaN,NaN,NaN,NaN,NaN
22-06-2016 21:00,NaN,NaN,NaN,NaN,NaN
22-06-2016 22:00,NaN,NaN,NaN,NaN,NaN
22-06-2016 23:00,NaN,NaN,NaN,NaN,NaN
23-06-2016 00:00,-23.16,982.74,1.88,181.08,71.12
23-06-2016 01:00,-23.34,983.13,2.63,200.08,70.88
23-06-2016 02:00,-23.08,983.07,5.49,199.52,71.16
23-06-2016 03:00,-22.99,983.25,7.33,205.57,71.37
23-06-2016 04:00,-22.47,983.44,3.98,224.58,71.98
23-06-2016 05:00,-23.23,983.76,4.98,213.48,71.25
23-06-2016 06:00,-23.03,983.83,7.16,193.37,71.31
23-06-2016 07:00,-21.87,983.56,5.96,202.07,72.45
23-06-2016 08:00,-22.01,983.53,6.04,196.33,72.45
23-06-2016 09:00,-23.05,983.52,5.14,169.45,71.58
23-06-2016 10:00,-23.29,983.8,4.16,212.38,71.25
23-06-2016 11:00,-24.51,983.85,3.32,210.85,70.03
23-06-2016 12:00,-23.94,983.94,2.48,238.05,70.51
23-06-2016 13:00,-23.89,983.74,2.5,246.13,70.62
23-06-2016 14:00,-23.64,983.25,2.18,244.13,70.92
23-06-2016 15:00,-23.18,982.64,1.2,241.83,71.44
23-06-2016 16:00,-22.75,982.22,2.33,167,71.9
23-06-2016 17:00,-22.63,981.63,1.88,245.25,72.09
23-06-2016 18:00,-22.3,980.94,1.84,164.03,72.45
23-06-2016 19:00,-21.89,980.46,2.26,138.3,72.9
23-06-2016 20:00,-21.76,979.68,2.39,143.48,73.1
23-06-2016 21:00,-22,978.92,2.55,138.13,72.83
23-06-2016 22:00,-21.31,978.01,1.87,113,73.64
23-06-2016 23:00,-21.4,977.02,2.11,130.93,73.57
24-06-2016 00:00,-21.1,975.92,2.21,133.22,73.91
24-06-2016 01:00,-20.84,975.13,1.81,156.3,74.2
24-06-2016 02:00,-20.71,974.24,1.61,190.58,74.38
24-06-2016 03:00,-21.07,973.31,1.94,198.28,73.98
24-06-2016 04:00,-21.04,972.39,2.34,177.9,74.03
24-06-2016 05:00,-20.92,971.61,2.1,161.48,74.17
24-06-2016 06:00,-20.7,970.67,2.12,127.32,74.41
24-06-2016 07:00,-21.11,969.94,1.82,203.37,73.96
24-06-2016 08:00,-21.88,969.45,3.08,221.27,73.14
24-06-2016 09:00,-22.11,969.09,3.6,237.1,72.96
24-06-2016 10:00,-22.61,968.84,4.65,206.08,72.66
24-06-2016 11:00,-22.62,968.35,2.42,281.25,72.47
24-06-2016 12:00,-23.15,968.14,1.85,195.33,71.78
24-06-2016 13:00,-23.23,968.08,2.95,206.4,71.68
24-06-2016 14:00,-23.93,968.25,3.73,230.33,70.96
24-06-2016 15:00,-25.33,968.53,4.52,235.17,69.56
24-06-2016 16:00,-25.33,968.7,1.98,227.75,69.44
24-06-2016 17:00,-25.75,969.45,5.86,329.8,69.69
24-06-2016 18:00,-27.32,970.39,6.38,333.05,67.98
24-06-2016 19:00,-28.67,971.42,5.1,244.33,65.91
24-06-2016 20:00,-29.7,972.52,3.42,92.22,64.72
24-06-2016 21:00,-30.65,973.88,4.25,286.47,63.52
24-06-2016 22:00,-30.86,975.05,4.77,260.87,63.21
24-06-2016 23:00,-30.96,975.92,5.27,276.22,63.07
25-06-2016 00:00,-30.64,976.44,5.13,242.8,63.31
25-06-2016 01:00,-29.07,976.89,3.14,186.38,64.97
25-06-2016 02:00,-28.32,977.53,3.5,253.17,65.83
25-06-2016 03:00,-27.47,977.93,2.83,203.92,66.73
25-06-2016 04:00,-26.75,978.13,2.62,209.4,67.51
25-06-2016 05:00,-25.62,978.04,3.35,192.77,68.76
25-06-2016 06:00,-20.84,978.15,8.83,52,73.95
25-06-2016 07:00,-17.92,978.47,10.71,61.15,76.76
25-06-2016 08:00,-17.53,978.59,11.05,61.73,76.65
25-06-2016 09:00,-17.39,978.85,10.16,65.67,77.15
25-06-2016 10:00,-17.46,978.59,6.38,75.43,76.65
25-06-2016 11:00,-17.57,978.61,3.25,143.73,75.7
25-06-2016 12:00,-17.48,978.54,8.75,197.02,74.39
25-06-2016 13:00,-16.53,978.46,6.25,188.32,71.42
25-06-2016 14:00,-15.87,978.25,3.75,170.87,71.34
25-06-2016 15:00,-15.26,977.71,4.51,174,71.27
25-06-2016 16:00,-14.77,977.23,3.43,216.25,73.36
25-06-2016 17:00,-15.21,976.88,7.75,211.1,76.6
25-06-2016 18:00,-15.24,976.59,10.48,209.8,79.3
25-06-2016 19:00,-14.63,976.45,10.76,201.2,80.23
25-06-2016 20:00,-14.28,976.13,8.98,189.87,80.77
25-06-2016 21:00,-12.67,976.25,4.76,124.52,80.55
25-06-2016 22:00,-13.14,976.14,2.53,88.78,80.54
25-06-2016 23:00,-13.78,976.3,0.98,174.2,81.11
26-06-2016 00:00,-13.34,976.21,2.78,157.22,78.38
26-06-2016 01:00,-13.58,976.04,8.39,191.08,75.19
26-06-2016 02:00,-13.17,976.24,8.62,198.67,73.48
26-06-2016 03:00,-12.05,976.16,4.63,156.53,73.84
26-06-2016 04:00,-12.03,976.08,5.03,110.15,77.4
26-06-2016 05:00,-11.48,975.88,3.83,111.43,79.95
26-06-2016 06:00,-11.09,975.58,3.94,132,81.55
26-06-2016 07:00,-10.14,975.33,6.49,81.08,82.51
26-06-2016 08:00,-9.65,975.35,7.85,76.15,84.58
26-06-2016 09:00,-9.68,975.48,6.05,84.48,85.15
26-06-2016 10:00,-9.12,975.45,10.24,73.35,86.3
26-06-2016 11:00,-8.65,975.38,13.42,69.27,86.43
26-06-2016 12:00,-8.65,975.66,8.92,67.95,86.96
26-06-2016 13:00,-8.58,975.54,8.98,72.77,85.89
26-06-2016 14:00,-8.32,975.75,12.16,69.23,83.47
26-06-2016 15:00,-8.4,975.79,11.36,75.67,83.19
26-06-2016 16:00,-8.52,975.71,9.82,79.57,85.75
26-06-2016 17:00,-8.44,975.54,11.62,79.92,86.56
26-06-2016 18:00,-8.44,975.68,10.74,78.05,87.35
26-06-2016 19:00,-8.52,975.9,12.36,75.97,87.39
26-06-2016 20:00,-8.58,976.13,12.58,74.58,86.86
26-06-2016 21:00,-8.65,976.15,12.6,71.57,84.97
26-06-2016 22:00,-8.82,976.27,11.37,65.17,83.25
26-06-2016 23:00,-8.98,976.22,10.35,72.8,80.35
27-06-2016 00:00,-9.07,975.89,14.29,81.6,73.21
27-06-2016 01:00,-8.88,976.08,14.87,80.33,75.15
27-06-2016 02:00,-8.81,976.12,9.96,83.48,73.37
27-06-2016 03:00,-8.46,975.86,12.62,82.02,69.19
27-06-2016 04:00,-8.6,975.58,12.98,83.97,66.06
27-06-2016 05:00,-8.81,975.19,11.09,88.58,65.27
27-06-2016 06:00,-9.73,974.84,11.44,112.55,64.24
27-06-2016 07:00,-10.23,974.47,11.86,114.88,65.56
27-06-2016 08:00,-10.7,974.38,9.04,90.63,67.76
27-06-2016 09:00,-10.85,974.52,9.6,86.77,66.46
27-06-2016 10:00,-10.37,974.68,12.1,84.77,64.83
27-06-2016 11:00,-10.23,974.63,16.17,86.27,65.49
27-06-2016 12:00,-9.77,974.97,12.37,82.27,66.4
27-06-2016 13:00,-10.09,975.23,10.76,86.8,63.45
27-06-2016 14:00,-10.63,975.39,10.07,92.2,63.21
27-06-2016 15:00,-11.34,975.48,10.68,101.42,61.4
27-06-2016 16:00,-10.78,975.28,11.53,102.67,63.38
27-06-2016 17:00,-11.63,975.13,13.86,111.18,62.78
27-06-2016 18:00,-13.04,975.22,14,110.17,63.33
27-06-2016 19:00,-13.21,975.27,15.09,110.2,62.58
27-06-2016 20:00,-13.48,975.52,13.66,102.72,61.1
27-06-2016 21:00,-13.26,975.66,13.24,99.43,59.68
27-06-2016 22:00,-13.4,975.88,13.61,91.6,58.48
27-06-2016 23:00,-13.6,976.05,13.96,90.18,55.89
28-06-2016 00:00,-14.61,976.12,13.98,88.72,57.82
28-06-2016 01:00,-15.12,976.42,13.9,91.62,58.46
28-06-2016 02:00,-15.32,976.28,13.86,93.47,57.14
28-06-2016 03:00,-15.43,976.22,13.94,94.52,55.22
28-06-2016 04:00,-15.46,976.3,16.94,87.72,59.67
28-06-2016 05:00,-16.02,976.45,14.66,91.38,59.63
28-06-2016 06:00,-15.57,976.39,18.18,84.88,57.92
28-06-2016 07:00,-15.67,976.62,17.09,85.72,58.13
28-06-2016 08:00,-15.94,976.77,15.27,90.13,59.84
28-06-2016 09:00,-16.29,976.7,14.62,93.95,58.36
28-06-2016 10:00,-16.77,976.37,15.77,92.38,56.44
28-06-2016 11:00,-16.47,976.32,17.27,86.27,55.8
28-06-2016 12:00,-17.01,976.4,14.65,90.73,54.81
28-06-2016 13:00,-16.9,976.17,14.16,89.38,53.36
28-06-2016 14:00,-16.96,976.24,15.46,88.35,52.02
28-06-2016 15:00,-17.23,976.04,15.76,87.68,53.06
28-06-2016 16:00,-17.08,976.04,14.19,83.87,51.02
28-06-2016 17:00,-17.25,975.86,14.24,84.42,51.67
28-06-2016 18:00,-17.3,975.69,15.21,83.95,51.48
28-06-2016 19:00,-17.1,975.59,12.82,81.05,50.01
28-06-2016 20:00,-17.35,975.54,13.91,86.35,50.19
28-06-2016 21:00,-16.95,975.62,12.44,80.05,48.42
28-06-2016 22:00,-17.42,975.62,14.61,83.62,50.53
28-06-2016 23:00,-17.64,975.79,12.95,83.58,50.69
29-06-2016 00:00,-17.81,975.93,13.9,83.64,51.23
29-06-2016 01:00,-17.73,976.01,15.76,84.43,50.08
29-06-2016 02:00,-17.66,976.22,14.52,83.62,50.13
29-06-2016 03:00,-17.77,976.45,12.36,86.65,50.63
29-06-2016 04:00,-17.95,976.61,12.05,91.5,52.59
29-06-2016 05:00,-17.69,976.75,12.11,87.27,52.82
29-06-2016 06:00,-17.07,977.02,13.55,82.28,52.2
29-06-2016 07:00,-16.6,977.27,13.31,85.22,52.79
29-06-2016 08:00,-16.43,977.43,14.88,86.13,53.14
29-06-2016 09:00,-16.6,977.74,15.66,83.58,53.18
29-06-2016 10:00,-17.01,978.16,15.99,85.67,53.83
29-06-2016 11:00,-17.14,978.51,16.46,83.9,53.79
29-06-2016 12:00,-17.14,978.68,14.72,84.83,54.14
29-06-2016 13:00,-17.41,978.95,14.54,83.2,52.84
29-06-2016 14:00,-17.54,979.27,14.13,86.5,52.85
29-06-2016 15:00,-17.87,979.54,13.69,89.15,53.61
29-06-2016 16:00,-18.45,979.75,12.92,92.3,53.52
29-06-2016 17:00,-19.07,979.91,11.25,99.25,53.66
29-06-2016 18:00,-19.37,980.02,9.78,99.72,53.63
29-06-2016 19:00,-19.66,980.21,11.28,94.27,52.4
29-06-2016 20:00,-19.49,980.45,10.85,89.47,50.96
29-06-2016 21:00,-19.29,980.47,13.08,85.83,49.34
29-06-2016 22:00,-19.61,980.65,13.39,85.6,49.63
29-06-2016 23:00,-19.6,980.62,10.19,80.97,48.8
30-06-2016 00:00,-20.02,980.61,9.83,83.54,49.72
30-06-2016 01:00,-20.09,980.46,9.3,83.33,48.92
30-06-2016 02:00,-20.09,980.37,10.5,84.77,48.65
30-06-2016 03:00,-20.45,980.26,11.39,90.7,49.64
30-06-2016 04:00,-20.23,980.14,9.99,87.85,49.07
30-06-2016 05:00,-20.13,980.17,9.21,85.17,48.14
30-06-2016 06:00,-20.49,979.97,8.58,87.35,48.94
30-06-2016 07:00,-20.71,979.65,8.04,89.37,48.72
30-06-2016 08:00,-21.04,979.72,7.2,97.95,49.37
30-06-2016 09:00,-21.42,979.62,8.5,104.48,49.69
30-06-2016 10:00,-21.34,979.41,9.55,95.57,48.23
30-06-2016 11:00,-21.88,979.21,8.83,95.6,50.17
30-06-2016 12:00,-21.68,978.82,9.04,95.72,48.18
30-06-2016 13:00,-21.93,978.38,8.75,97.58,48.55
30-06-2016 14:00,-22.09,978.02,9.08,94.95,47.99
30-06-2016 15:00,-22.25,977.65,8.59,99.63,48.39
30-06-2016 16:00,-22.28,977.55,5.46,95.7,47.79
30-06-2016 17:00,-22.46,977.21,6.12,96,46.91
30-06-2016 18:00,-22.96,976.74,7.29,100.15,46.91
30-06-2016 19:00,-23.14,976.41,6.19,100.82,46.15
30-06-2016 20:00,-23.41,976.17,6.03,97.9,46.8
30-06-2016 21:00,-22.75,976.16,4.76,98.28,46.94
30-06-2016 22:00,-23.01,975.96,5.37,84.65,46.14
30-06-2016 23:00,-23.39,975.51,5.47,78.8,48.63
01-07-2016 00:00,-23.84,975.44,2.71,117.71,50.31
01-07-2016 01:00,-23.71,975.2,4.48,70.87,50.81
01-07-2016 02:00,-23.34,975.09,5.58,68.67,50.12
01-07-2016 03:00,-23.75,974.9,3.84,58.02,50.33
01-07-2016 04:00,-23.7,974.61,7.59,78.8,48.78
01-07-2016 05:00,-24.05,974.54,7.92,79.8,45.6
01-07-2016 06:00,-23.74,974.37,10,62.87,46.38
01-07-2016 07:00,-24.74,974,9.14,74.23,48.36
01-07-2016 08:00,-25.11,973.71,8.42,64.02,46.23
01-07-2016 09:00,-24.81,973.4,9.77,62.1,45.12
01-07-2016 10:00,-25.03,972.76,10.23,72.58,43.04
01-07-2016 11:00,-25.43,972.21,10.24,79.35,42.91
01-07-2016 12:00,-25.19,971.69,10.66,63.12,41.71
01-07-2016 13:00,-25.42,971.14,9.64,62.87,42.02
01-07-2016 14:00,-25.69,970.76,7.48,60.53,42.14
01-07-2016 15:00,-25.8,970.58,6.82,70.27,42.52
01-07-2016 16:00,-26.41,970.39,6.04,110.9,44.17
01-07-2016 17:00,-26.02,969.88,9.24,106.85,44.63
01-07-2016 18:00,-25.79,969.64,8.67,100.53,42.55
01-07-2016 19:00,-25.61,969.64,7.74,102.8,40.24
01-07-2016 20:00,-25.27,969.56,9.78,100.53,41.08
01-07-2016 21:00,-25.36,969.74,10.34,92.13,42.13
01-07-2016 22:00,-25.5,970.37,9.27,91.78,41.97
01-07-2016 23:00,-25.17,970.9,9.64,89.07,39.99
02-07-2016 00:00,-25.56,971.53,10.67,82.73,40.07
02-07-2016 01:00,-25.09,972.02,10.43,90.58,39.43
02-07-2016 02:00,-24.86,971.93,10.76,98.4,39.76
02-07-2016 03:00,-25.01,971.88,13.76,109.6,41.18
02-07-2016 04:00,-24.96,971.96,14.73,107.32,45.02
02-07-2016 05:00,-24.89,972.02,13.44,96.92,46.86
02-07-2016 06:00,-24.42,971.91,11.88,92.23,45.55
02-07-2016 07:00,-24.38,971.59,12.35,87.72,49.18
02-07-2016 08:00,-24.32,971.43,13.72,88.7,51
02-07-2016 09:00,-24.48,971.31,13.09,89.73,52.65
02-07-2016 10:00,-24.35,970.88,14.78,86.05,53.6
02-07-2016 11:00,-24.02,970.26,13.6,86.45,52.59
02-07-2016 12:00,-24.17,968.99,15.92,95.6,55.03
02-07-2016 13:00,-24.42,967.84,17.33,104.6,58.14
02-07-2016 14:00,-23.7,967.18,15.19,97.7,55.46
02-07-2016 15:00,-23.77,966.78,14.41,92.67,53.48
02-07-2016 16:00,-24.11,965.95,11.61,92.7,54.22
02-07-2016 17:00,-23.85,964.98,11.65,92.9,53.02
02-07-2016 18:00,-23.51,964.03,11.15,93.08,52.24
02-07-2016 19:00,-23.2,962.87,11.29,89.95,53.3
02-07-2016 20:00,-23.51,962.03,8.01,94.28,53.81
02-07-2016 21:00,-23.26,961.32,4.99,94.72,54.72
02-07-2016 22:00,-23.59,960.45,4.4,93.27,55.54
02-07-2016 23:00,-23.5,959.7,3.38,105.23,54.12
03-07-2016 00:00,-23.73,959.32,2.14,159.76,56.25
03-07-2016 01:00,-23.92,959.21,2.38,149.22,56.43
03-07-2016 02:00,-23.44,959.04,2.75,131.62,57.28
03-07-2016 03:00,-22.89,958.94,5.31,81.9,56.23
03-07-2016 04:00,-22.71,958.97,5.98,66.65,56.4
03-07-2016 05:00,-22.76,959.36,4.61,66.65,55.59
03-07-2016 06:00,-23.5,959.71,3.98,56.42,57.3
03-07-2016 07:00,-23.56,959.94,6.13,71.5,57.44
03-07-2016 08:00,-23.6,960.42,7.04,73.75,56.57
03-07-2016 09:00,-23.57,960.98,7.43,73.92,59.79
03-07-2016 10:00,-23.75,961.4,8.09,67.05,62.98
03-07-2016 11:00,-25.03,961.98,5.52,38.92,68.05
03-07-2016 12:00,-25.38,962.58,4.75,31.45,71.08
03-07-2016 13:00,-26.15,963.07,6.01,29.08,70.04
03-07-2016 14:00,-25.69,963.68,7.93,46.53,71.81
03-07-2016 15:00,-25.36,964.11,8.17,49.07,71.13
03-07-2016 16:00,-24.07,964.79,8.79,54.8,71.28
03-07-2016 17:00,-23.91,965.21,9.17,54.53,71.14
03-07-2016 18:00,-24.19,965.52,8.46,53.75,70.68
03-07-2016 19:00,-24.2,966.24,8.37,59.85,70.49
03-07-2016 20:00,-24.93,967.21,8.85,51.5,69.88
03-07-2016 21:00,-24.8,967.91,8.2,55.65,70.01
03-07-2016 22:00,-24.54,968.41,7.98,53.57,69.84
03-07-2016 23:00,-24.79,968.73,7.72,30.95,69.72
04-07-2016 00:00,-24.89,969.5,10.13,45.03,69.64
04-07-2016 01:00,-24.36,970.12,7.2,58.72,70.29
04-07-2016 02:00,-24.14,970.88,8.02,53.13,70.5
04-07-2016 03:00,-24.06,971.72,6.95,37.58,70.49
04-07-2016 04:00,-24.13,972.23,6.54,26.6,70.32
04-07-2016 05:00,-24.52,972.79,8.34,23.32,69.97
04-07-2016 06:00,-24.51,973.58,9.89,32.87,69.98
04-07-2016 07:00,-24.91,974.36,9.3,24.3,69.52
04-07-2016 08:00,-25.53,974.85,11.94,41.82,68.86
04-07-2016 09:00,-25.99,975.76,11.65,102.5,68.33
04-07-2016 10:00,-26.81,976.33,9.07,126.82,67.62
04-07-2016 11:00,-27.27,976.88,9.44,74.97,67.16
04-07-2016 12:00,-27.63,977.67,6.74,273.58,66.82
04-07-2016 13:00,-27.68,978.2,8.62,250.95,66.54
04-07-2016 14:00,-28.01,978.65,9.42,326.9,66.17
04-07-2016 15:00,-28.11,979.26,9.11,265.28,66.05
04-07-2016 16:00,-28.05,979.79,7.77,117.33,66.12
04-07-2016 17:00,-28.56,980.42,10.45,256.62,65.52
04-07-2016 18:00,NaN,NaN,NaN,NaN,NaN
04-07-2016 19:00,NaN,NaN,NaN,NaN,NaN
04-07-2016 20:00,NaN,NaN,NaN,NaN,NaN
04-07-2016 21:00,NaN,NaN,NaN,NaN,NaN
04-07-2016 22:00,NaN,NaN,NaN,NaN,NaN
04-07-2016 23:00,NaN,NaN,NaN,NaN,NaN
05-07-2016 00:00,NaN,NaN,NaN,NaN,NaN
05-07-2016 01:00,NaN,NaN,NaN,NaN,NaN
05-07-2016 02:00,NaN,NaN,NaN,NaN,NaN
05-07-2016 03:00,NaN,NaN,NaN,NaN,NaN
05-07-2016 04:00,NaN,NaN,NaN,NaN,NaN
05-07-2016 05:00,NaN,NaN,NaN,NaN,NaN
05-07-2016 06:00,-30.46,981.45,7.93,189.83,62.07
05-07-2016 07:00,-30.45,981.44,8.77,186.32,61.25
05-07-2016 08:00,-30.42,981.13,6.24,209.72,62.07
05-07-2016 09:00,-31.07,981.35,9.15,207.28,61.05
05-07-2016 10:00,-30.21,981.44,5.89,184.33,61.08
05-07-2016 11:00,-30.4,981.38,5.18,175.27,61.85
05-07-2016 12:00,-30.09,981.24,8.57,182.33,61.11
05-07-2016 13:00,-29.54,981.15,4.87,207.65,60.68
05-07-2016 14:00,-30.04,981.27,4.3,156.2,59.88
05-07-2016 15:00,NaN,NaN,NaN,NaN,NaN
05-07-2016 16:00,NaN,NaN,NaN,NaN,NaN
05-07-2016 17:00,NaN,NaN,NaN,NaN,NaN
05-07-2016 18:00,NaN,NaN,NaN,NaN,NaN
05-07-2016 19:00,NaN,NaN,NaN,NaN,NaN
05-07-2016 20:00,NaN,NaN,NaN,NaN,NaN
05-07-2016 21:00,NaN,NaN,NaN,NaN,NaN
05-07-2016 22:00,NaN,NaN,NaN,NaN,NaN
05-07-2016 23:00,NaN,NaN,NaN,NaN,NaN
06-07-2016 00:00,NaN,NaN,NaN,NaN,NaN
06-07-2016 01:00,NaN,NaN,NaN,NaN,NaN
06-07-2016 02:00,NaN,NaN,NaN,NaN,NaN
06-07-2016 03:00,NaN,NaN,NaN,NaN,NaN
06-07-2016 04:00,NaN,NaN,NaN,NaN,NaN
06-07-2016 05:00,NaN,NaN,NaN,NaN,NaN
06-07-2016 06:00,NaN,NaN,NaN,NaN,NaN
06-07-2016 07:00,NaN,NaN,NaN,NaN,NaN
06-07-2016 08:00,NaN,NaN,NaN,NaN,NaN
06-07-2016 09:00,NaN,NaN,NaN,NaN,NaN
06-07-2016 10:00,NaN,NaN,NaN,NaN,NaN
06-07-2016 11:00,NaN,NaN,NaN,NaN,NaN
06-07-2016 12:00,NaN,NaN,NaN,NaN,NaN
06-07-2016 13:00,NaN,NaN,NaN,NaN,NaN
06-07-2016 14:00,NaN,NaN,NaN,NaN,NaN
06-07-2016 15:00,NaN,NaN,NaN,NaN,NaN
06-07-2016 16:00,NaN,NaN,NaN,NaN,NaN
06-07-2016 17:00,NaN,NaN,NaN,NaN,NaN
06-07-2016 18:00,NaN,NaN,NaN,NaN,NaN
06-07-2016 19:00,NaN,NaN,NaN,NaN,NaN
06-07-2016 20:00,NaN,NaN,NaN,NaN,NaN
06-07-2016 21:00,NaN,NaN,NaN,NaN,NaN
06-07-2016 22:00,NaN,NaN,NaN,NaN,NaN
06-07-2016 23:00,NaN,NaN,NaN,NaN,NaN
07-07-2016 00:00,-30.16,993.25,5.21,100.77,62.1
07-07-2016 01:00,-29.44,992.33,8.19,184.15,62.44
07-07-2016 02:00,-28.73,991.48,8.12,165.38,62.18
07-07-2016 03:00,-28.51,990.11,4.43,237.72,61.88
07-07-2016 04:00,-28.32,989.01,2.87,240.82,59.73
07-07-2016 05:00,-28.12,987.13,4.93,201.42,59.52
07-07-2016 06:00,-26.37,984.36,4.24,199.07,58.02
07-07-2016 07:00,-24.74,982.23,5.2,176.75,56.52
07-07-2016 08:00,-24.58,980.06,10.56,201.7,54.16
07-07-2016 09:00,-23.22,977.82,11.36,202.72,63.8
07-07-2016 10:00,-21.57,975.88,10.7,197.42,70.37
07-07-2016 11:00,-19.4,974.58,7.36,200.05,72.42
07-07-2016 12:00,-17.97,973.42,5.42,172.77,72.98
07-07-2016 13:00,-16.42,972.52,3.03,135.67,75.59
07-07-2016 14:00,-16.17,972.02,1.77,132.97,77.15
07-07-2016 15:00,-15.65,971.12,5.34,111.77,77.19
07-07-2016 16:00,-14.25,970.13,18.04,79.62,74.08
07-07-2016 17:00,-13.7,969.84,19.19,81.28,72.84
07-07-2016 18:00,-13.4,969.53,18.5,78.48,67.89
07-07-2016 19:00,-13.35,969.12,20.54,74.58,62.36
07-07-2016 20:00,-14.58,969.28,10.45,180.23,67.56
07-07-2016 21:00,-16.53,969.87,2.19,232.1,75.62
07-07-2016 22:00,-17.25,969.94,4.29,219.8,77.33
07-07-2016 23:00,-17.84,970.26,7.44,198.98,77.65
08-07-2016 00:00,-17.99,970.52,9.05,205.93,77.45
08-07-2016 01:00,-17.6,970.72,10.53,208.38,76.28
08-07-2016 02:00,-17.21,970.86,12.58,212.9,75.01
08-07-2016 03:00,-16.88,971.09,13.22,208.02,75.17
08-07-2016 04:00,-16.59,971.82,14.03,210.1,74.25
08-07-2016 05:00,-16.73,972.34,14.56,209.2,77.08
08-07-2016 06:00,-16.76,972.98,12.01,202.03,78.55
08-07-2016 07:00,-16.89,973.96,11.57,201.7,78.42
08-07-2016 08:00,-16.91,974.69,10.64,194.3,78.4
08-07-2016 09:00,-16.84,975.37,8.38,198.02,78.15
08-07-2016 10:00,-17.41,976.19,9.04,198.15,77.67
08-07-2016 11:00,-16.05,976.97,5.36,170.4,78.57
08-07-2016 12:00,-16.23,978.09,0.93,187.58,78.82
08-07-2016 13:00,-17.01,978.95,0.77,203.7,78.33
08-07-2016 14:00,-17.24,979.88,0.39,219.18,78.25
08-07-2016 15:00,-16.41,980.89,1.82,131.15,79.27
08-07-2016 16:00,-15.7,981.73,3.02,76.35,79.6
08-07-2016 17:00,-15.76,982.55,1.74,87.87,79.66
08-07-2016 18:00,-15.67,983.18,2.79,77.05,79.29
08-07-2016 19:00,-15.23,983.55,2.98,112.62,77.81
08-07-2016 20:00,-15.13,983.99,5.41,145.93,74.94
08-07-2016 21:00,-15.03,984.92,5.23,153.42,75.46
08-07-2016 22:00,-15.1,985.75,3.97,151.27,77.83
08-07-2016 23:00,-14.82,986.47,3.5,125.82,78.63
09-07-2016 00:00,-15.04,987.14,6,107.81,76.24
09-07-2016 01:00,-15.16,987.72,2.7,89.83,76.31
09-07-2016 02:00,-15.47,988.45,5,68.42,74.01
09-07-2016 03:00,-15.82,989.23,5.96,88.05,71.74
09-07-2016 04:00,-16.16,989.97,4.61,72.73,71.64
09-07-2016 05:00,-16.21,990.64,4.72,79.45,73.21
09-07-2016 06:00,-16.41,991.35,4.46,91.83,68.92
09-07-2016 07:00,-16.48,992.16,5.49,63.8,67.39
09-07-2016 08:00,-17.49,992.91,3.04,70.5,70.11
09-07-2016 09:00,-20.11,993.59,2.35,170.75,71.62
09-07-2016 10:00,-22.41,994.3,3.79,274.28,71.75
09-07-2016 11:00,-22.99,994.89,3.59,163.65,71.55
09-07-2016 12:00,-22.37,995.68,3.89,126.22,72.88
09-07-2016 13:00,-22.3,995.85,7.6,50.22,73.3
09-07-2016 14:00,-24.07,997.07,8.36,52.47,71.08
09-07-2016 15:00,-25.02,997.88,9.28,50.68,69.88
09-07-2016 16:00,-25.68,998.53,11.72,37.6,68.74
09-07-2016 17:00,-26.85,998.86,8.7,27.98,67.51
09-07-2016 18:00,-27.93,998.94,7.7,27.48,66.81
09-07-2016 19:00,-28.07,999.39,6.3,34.83,66.62
09-07-2016 20:00,-27.3,999.43,8.16,55.58,67.36
09-07-2016 21:00,-27.54,999.4,6.55,26.7,66.88
09-07-2016 22:00,-26.95,999.37,9.72,32.37,67.71
09-07-2016 23:00,-26.62,998.96,8.81,39.78,67.86
10-07-2016 00:00,-26.36,998.39,6.31,25.61,67.95
10-07-2016 01:00,-25.97,998.1,2.47,67.87,67.99
10-07-2016 02:00,-25.49,997.64,2.75,54.2,68.36
10-07-2016 03:00,-25.38,997.11,2.5,39.67,68.19
10-07-2016 04:00,-25.07,996.22,1.52,135.27,68.35
10-07-2016 05:00,-24.24,995.8,2.43,100.92,69.13
10-07-2016 06:00,-21.75,994.97,5.68,67.77,67.64
10-07-2016 07:00,-19.6,993.65,3.84,63.9,62.77
10-07-2016 08:00,-18.57,992.37,1.54,149.7,68.79
10-07-2016 09:00,-16.55,990.97,5.07,162.75,76.39
10-07-2016 10:00,-13.77,989.59,5.51,76.87,81.34
10-07-2016 11:00,-11.88,987.9,9.36,61.33,84.1
10-07-2016 12:00,-9.87,986.42,20.12,53.92,86.58
10-07-2016 13:00,-9.83,985.86,15.19,43.65,87.06
10-07-2016 14:00,-10.48,985.41,4.82,170.65,86.49
10-07-2016 15:00,-10.62,984.98,2,145.05,86.28
10-07-2016 16:00,-9.57,984.37,11.66,34.4,87.47
10-07-2016 17:00,-8.96,983.62,17.18,38.62,88.16
10-07-2016 18:00,-8.73,983.27,16.34,36.58,88.61
10-07-2016 19:00,-8.97,983.03,16.48,29.73,88.46
10-07-2016 20:00,-8.75,982.94,12.55,29.75,88.68
10-07-2016 21:00,-8.55,982.7,11.52,28.7,88.92
10-07-2016 22:00,-8.76,982.73,11.05,21.5,88.69
10-07-2016 23:00,-8.6,982.38,12.03,28.62,88.87
11-07-2016 00:00,-8.48,981.86,18.28,30.36,89.02
11-07-2016 01:00,-8.66,981.68,15.97,26.88,88.84
11-07-2016 02:00,-8.99,981.72,10.99,23.17,88.47
11-07-2016 03:00,-9.49,981.85,3.37,259.25,87.88
11-07-2016 04:00,-9.77,981.46,5.74,187.88,87.49
11-07-2016 05:00,-9.52,980.94,6.79,204.77,87.73
11-07-2016 06:00,-9.56,980.93,7.67,195.47,87.73
11-07-2016 07:00,-9.57,980.92,7.01,194.55,87.75
11-07-2016 08:00,-9.41,980.63,4.84,183.35,87.88
11-07-2016 09:00,-8.97,980.28,4.63,158.78,88.36
11-07-2016 10:00,-8.62,980,8.14,71.5,88.79
11-07-2016 11:00,-9.12,980.3,6.36,184.7,88.34
11-07-2016 12:00,-10.01,980.82,2.64,239.63,87.25
11-07-2016 13:00,-10.55,981.08,6.41,193.87,86.62
11-07-2016 14:00,-10.66,981.24,8.81,204.02,86.53
11-07-2016 15:00,-10.62,981.44,6.8,221.08,86.54
11-07-2016 16:00,-10.69,982.19,6.18,202.62,86.44
11-07-2016 17:00,-10.94,982.7,6.53,200.75,86.19
11-07-2016 18:00,-11.25,983.14,7.74,199.82,85.87
11-07-2016 19:00,-11.92,983.12,12.9,213.57,85.17
11-07-2016 20:00,-11.72,983.05,17.67,214.2,85.5
11-07-2016 21:00,-11.6,983.11,16.51,210.53,85.63
11-07-2016 22:00,-10.95,983.29,17.32,214,86.36
11-07-2016 23:00,-10.74,983.37,15.6,216.05,86.6
12-07-2016 00:00,-10.65,983.49,12.27,209.42,86.68
12-07-2016 01:00,-9.32,983.28,6.78,120.88,87.95
12-07-2016 02:00,-8.13,983.3,9.38,65.3,88.99
12-07-2016 03:00,-7.88,983.04,13.57,73.37,87.93
12-07-2016 04:00,-8.13,983.61,12.34,65.85,86.46
12-07-2016 05:00,-8.42,984.33,14.36,40.67,87.37
12-07-2016 06:00,-9.34,985.48,6.89,251.07,86.85
12-07-2016 07:00,-10.41,985.9,3.58,241.8,86.43
12-07-2016 08:00,-10.73,986.21,7.34,199.15,86.47
12-07-2016 09:00,-10.93,986.19,11.7,208.35,86.07
12-07-2016 10:00,-10.42,986.16,13.57,215.25,84.36
12-07-2016 11:00,-10.34,986.4,17.3,216.55,83.92
12-07-2016 12:00,-10.35,986.37,8.67,202.73,84.58
12-07-2016 13:00,-10.15,986.51,8.47,188.95,83.94
12-07-2016 14:00,-9.39,986.67,2.27,148.9,85.86
12-07-2016 15:00,-9.92,986.46,2.34,108.15,85.4
12-07-2016 16:00,-9.8,986.33,2.13,200.62,85.2
12-07-2016 17:00,-9.19,986.07,2.49,146.63,84.88
12-07-2016 18:00,-9.33,986.1,2.7,91.58,83.16
12-07-2016 19:00,-9.37,986.3,1.61,113.48,84.45
12-07-2016 20:00,-9.52,986.05,4.11,129.27,82.92
12-07-2016 21:00,-9.56,985.01,8.92,81.37,82.18
12-07-2016 22:00,-9.16,984.28,13.52,62.57,82.69
12-07-2016 23:00,-10.02,984.62,6.34,42.7,81.44
13-07-2016 00:00,-10.51,984.67,2.77,132.56,82.31
13-07-2016 01:00,-9.95,984.37,3.66,172.37,78.1
13-07-2016 02:00,-9.43,984.2,3.48,126.08,80.52
13-07-2016 03:00,-9.04,984.28,8.19,62.47,83.21
13-07-2016 04:00,-8.97,984.24,10.56,62.1,84.33
13-07-2016 05:00,-8.78,983.87,12.72,62.3,83.5
13-07-2016 06:00,-8.46,983.71,15.99,53.53,80.21
13-07-2016 07:00,-8.44,983.69,14.03,57.77,78.94
13-07-2016 08:00,-8.22,983.49,17.24,54.73,78.38
13-07-2016 09:00,-8.15,983.32,16.92,55.15,77.19
13-07-2016 10:00,-8.16,983.23,15.95,54.78,76.11
13-07-2016 11:00,-7.99,983.03,16.3,53.28,75.11
13-07-2016 12:00,-7.8,982.95,15.63,58,74.5
13-07-2016 13:00,-7.52,983.09,17.88,55.48,73.35
13-07-2016 14:00,-7.49,983.36,17.54,53.08,72.32
13-07-2016 15:00,-7.45,983.44,18.38,52.97,72.2
13-07-2016 16:00,-7.53,983.56,16.56,52.2,71.86
13-07-2016 17:00,-7.38,983.39,19.35,51.5,72.73
13-07-2016 18:00,-7.33,983.48,18.48,47.88,72.37
13-07-2016 19:00,-7.36,983.8,19.25,47.48,75.84
13-07-2016 20:00,-7.26,984,18,43.87,76.07
13-07-2016 21:00,-7.3,984.12,17.52,47.18,78.09
13-07-2016 22:00,-7.2,984.39,17.79,54.32,72.27
13-07-2016 23:00,-7.02,984.88,18.64,50.65,68.81
14-07-2016 00:00,-7.13,985.2,17.21,52.31,68.47
14-07-2016 01:00,-7.51,985.16,19.94,55.03,73.01
14-07-2016 02:00,-7.55,985.42,22.07,53.22,72.34
14-07-2016 03:00,-7.53,985.75,18.42,49.62,68.14
14-07-2016 04:00,-7.77,986.19,15.05,47.92,66.08
14-07-2016 05:00,-8.31,986.64,10.88,54.42,67.86
14-07-2016 06:00,-8.3,987.02,14.33,55.13,65.28
14-07-2016 07:00,-8.4,987.24,13.98,58.23,66.78
14-07-2016 08:00,-8.5,987.43,13.61,54.17,72.37
14-07-2016 09:00,-8.66,987.61,12.9,60.32,74.41
14-07-2016 10:00,-8.79,987.72,17.11,58.17,72.94
14-07-2016 11:00,-9.22,988.3,13.93,61.37,72.66
14-07-2016 12:00,-9.31,988.55,12.04,59,69.14
14-07-2016 13:00,-9.24,988.8,10.04,68.25,65.96
14-07-2016 14:00,-9.53,989.13,10.33,70.45,69.06
14-07-2016 15:00,-9.55,989.4,10.05,66.03,72
14-07-2016 16:00,-9.48,989.44,9.96,72.2,75.89
14-07-2016 17:00,-9.54,989.69,9.75,72.18,70.69
14-07-2016 18:00,-9.55,989.8,10.77,72.68,65.93
14-07-2016 19:00,-9.63,989.86,11.1,62.27,63.06
14-07-2016 20:00,-9.41,990.06,14.58,59.27,58.08
14-07-2016 21:00,-9.83,990.47,12.06,56.8,60.23
14-07-2016 22:00,-9.7,990.56,10.79,70.97,59.72
14-07-2016 23:00,-9.62,990.57,13.26,77.3,57.54
15-07-2016 00:00,-9.92,990.74,12.51,79.14,60.03
15-07-2016 01:00,-10.18,990.33,13.33,82.8,59.65
15-07-2016 02:00,-10.31,990.07,14.69,80.45,56.95
15-07-2016 03:00,-10.28,989.7,11.63,72.45,57.25
15-07-2016 04:00,-10.43,989.26,10.38,66.57,60.23
15-07-2016 05:00,-10.45,989.33,8.91,68.57,61.69
15-07-2016 06:00,-10.48,989.5,7.46,83.15,63.72
15-07-2016 07:00,-10.59,989.28,9.5,83.77,61.51
15-07-2016 08:00,-10.79,989.11,8.89,81.2,61.02
15-07-2016 09:00,-10.92,988.97,9.99,80.75,58.09
15-07-2016 10:00,-11.4,988.65,7.84,79.42,62.24
15-07-2016 11:00,-11.7,988.37,8.08,78.92,61.8
15-07-2016 12:00,-12.2,988.44,8.81,80.07,65.12
15-07-2016 13:00,-12.53,987.78,11.33,81.55,61.82
15-07-2016 14:00,-13.12,987.15,12.37,80.25,57.65
15-07-2016 15:00,-13.83,987.13,11.1,84.58,58.99
15-07-2016 16:00,-13.72,986.87,12.07,80.28,59.69
15-07-2016 17:00,-13.3,986.53,12.26,81.63,58.5
15-07-2016 18:00,-13.49,986.2,11.67,88.25,58.79
15-07-2016 19:00,-12.95,985.75,10.8,85.03,57.62
15-07-2016 20:00,-12.86,985.39,8.93,84.77,58.47
15-07-2016 21:00,-12.76,985.19,8.49,80.6,55.65
15-07-2016 22:00,-13.38,984.7,6.64,101.67,56.86
15-07-2016 23:00,-13.78,984.15,5.58,104.45,57.14
16-07-2016 00:00,-14.31,983.52,5.37,91.36,58.72
16-07-2016 01:00,-13.97,982.86,6.89,101.55,58.92
16-07-2016 02:00,-13.67,982.22,6.87,101.75,58.49
16-07-2016 03:00,-12.8,981.52,5.91,80.43,57.11
16-07-2016 04:00,-12.86,980.66,4.72,88.28,57.64
16-07-2016 05:00,-12.69,979.82,6.59,82.25,57.04
16-07-2016 06:00,-12.04,979.12,7.08,75.82,55.66
16-07-2016 07:00,-11.93,978.61,4.78,78.95,55.38
16-07-2016 08:00,-12.02,978.24,5.39,72.98,57.32
16-07-2016 09:00,-12.18,978.03,5.88,70.97,58.05
16-07-2016 10:00,-12.63,977.41,4.76,94.95,58.77
16-07-2016 11:00,-12.34,977.11,4.48,127.72,54.42
16-07-2016 12:00,-11.74,976.81,3.47,159.27,49.98
16-07-2016 13:00,-12.33,976.45,4.25,114.48,52.19
16-07-2016 14:00,-12.56,976.18,3.29,96.53,54.75
16-07-2016 15:00,-12.21,975.94,5.85,62.23,52.01
16-07-2016 16:00,-12.55,975.7,8.02,62.93,56.73
16-07-2016 17:00,-12.73,975.63,10.68,60,58.79
16-07-2016 18:00,-13.15,975.86,7.26,71.48,60.06
16-07-2016 19:00,-13.42,975.47,5.7,101.95,58.43
16-07-2016 20:00,-13.33,975.31,6.5,75.1,56.3
16-07-2016 21:00,-13.66,975.06,6.13,64.68,56.05
16-07-2016 22:00,-14.08,975.04,5.69,77.8,58.55
16-07-2016 23:00,-14.28,975.02,4.68,102.52,59.25
17-07-2016 00:00,-14.24,974.79,4.49,106.8,57.3
17-07-2016 01:00,-14.46,974.47,5.01,85.03,57.89
17-07-2016 02:00,-14.71,973.97,5.57,88.57,58.15
17-07-2016 03:00,-14.98,973.51,7.71,91.72,55.07
17-07-2016 04:00,-14.91,973.23,6.84,84.5,51.58
17-07-2016 05:00,-15.24,972.78,7.17,85.25,52.21
17-07-2016 06:00,-15.09,972.41,7.99,80.67,50.7
17-07-2016 07:00,-15.34,971.9,7.7,82.77,51.12
17-07-2016 08:00,-15.52,971.41,8.13,74.73,53.77
17-07-2016 09:00,-15.71,970.96,6.89,77.73,54.1
17-07-2016 10:00,-15.72,970.61,7.29,76.8,52.71
17-07-2016 11:00,-15.85,970.27,6.66,81.55,51.85
17-07-2016 12:00,-16.15,969.94,4.97,79.52,53
17-07-2016 13:00,-16.58,969.51,3.92,99.1,52.52
17-07-2016 14:00,-16.41,969.12,5.1,81.92,51.92
17-07-2016 15:00,-16.69,968.84,4.64,85.47,53.51
17-07-2016 16:00,-17.1,968.7,4.32,94.25,55.07
17-07-2016 17:00,-17.1,968.43,4.98,86.1,52.2
17-07-2016 18:00,-17.75,968.3,5.21,95.82,52.99
17-07-2016 19:00,-18.3,968.24,5.49,100.42,52.87
17-07-2016 20:00,-18.62,968.14,7.42,93.77,53.28
17-07-2016 21:00,-19.06,968.37,7.89,93.2,52.99
17-07-2016 22:00,-18.96,968.57,7.61,94.83,53.6
17-07-2016 23:00,-18.84,968.77,8.24,92.03,52.5
18-07-2016 00:00,-18.9,969.01,5.68,93.22,51.15
18-07-2016 01:00,-19.26,969.12,7.26,96.08,51.25
18-07-2016 02:00,-19.63,969.17,9.78,90.92,51.25
18-07-2016 03:00,-20.31,969.51,6.95,96.92,51.27
18-07-2016 04:00,-20.27,969.65,3.62,91.83,50.49
18-07-2016 05:00,-20.8,969.83,4.48,101.8,50.38
18-07-2016 06:00,-21.19,970.15,4.94,89.25,49.66
18-07-2016 07:00,-20.82,970.53,5.54,100.03,49.19
18-07-2016 08:00,-20.98,970.66,6.14,104.42,49.25
18-07-2016 09:00,-21.17,971.25,5.99,99.55,49.01
18-07-2016 10:00,-21.53,971.91,4.43,96.87,50.49
18-07-2016 11:00,-21.8,972.13,6.73,104.67,50.78
18-07-2016 12:00,-21.92,972.37,7.45,98.7,50.15
18-07-2016 13:00,-21.73,972.57,5.21,91.92,50.23
18-07-2016 14:00,-22.09,972.62,5.83,97.03,49.98
18-07-2016 15:00,-21.93,972.91,4.46,94.97,48.08
18-07-2016 16:00,-22.23,973.14,4.62,89.77,49.42
18-07-2016 17:00,-23.52,973.79,3.29,85.82,50.78
18-07-2016 18:00,-23.08,974.2,3.63,94.45,50.3
18-07-2016 19:00,-22.67,974.46,5.16,100,48.41
18-07-2016 20:00,-22.29,974.8,6.28,97.65,47.9
18-07-2016 21:00,-22.2,975.02,6.38,96.85,48.53
18-07-2016 22:00,-21.76,975.25,5.72,95.53,47.72
18-07-2016 23:00,-22.43,975.6,5.4,101.57,48.16
19-07-2016 00:00,-22,975.93,4.71,94.22,48.78
19-07-2016 01:00,-22.48,975.98,5.69,104.1,49.19
19-07-2016 02:00,-22.5,975.97,4.8,93,49.67
19-07-2016 03:00,-22.9,975.99,5.5,88.33,51.48
19-07-2016 04:00,-22.84,976,5.63,91.37,52.5
19-07-2016 05:00,-22.63,976.22,5.29,86.63,52.82
19-07-2016 06:00,-23.24,975.95,5.53,82.83,54.46
19-07-2016 07:00,-23.26,975.13,5.6,69.67,55.93
19-07-2016 08:00,-23.62,975,4.23,61.05,57.46
19-07-2016 09:00,-21.96,974.6,7.51,71.08,55.56
19-07-2016 10:00,-21.09,974.93,6.09,71.33,52.24
19-07-2016 11:00,-21.11,975.05,4.19,88.63,53.15
19-07-2016 12:00,-19.69,975.33,4.92,113.72,49.38
19-07-2016 13:00,-19.14,975.43,5.5,121.1,49.79
19-07-2016 14:00,-18.77,975.7,6.24,108.55,51.34
19-07-2016 15:00,-18.48,976.38,7.89,107.67,52.81
19-07-2016 16:00,-17.94,977.3,9.67,100.45,54.39
19-07-2016 17:00,-17.98,978.32,8.32,94.03,55.71
19-07-2016 18:00,-17.96,979.58,4.31,97.43,54.23
19-07-2016 19:00,-17.68,980.82,4.35,85.42,53.69
19-07-2016 20:00,-16.9,982.18,5.62,65.57,53.26
19-07-2016 21:00,-16.3,983.12,8.53,82.3,52.33
19-07-2016 22:00,-15.62,983.36,12.05,82.63,52.57
19-07-2016 23:00,-14.95,983.4,13.45,77,50.55
20-07-2016 00:00,-14.82,983.62,13.79,65.49,52.71
20-07-2016 01:00,-14.37,983.78,15.42,72.73,53.73
20-07-2016 02:00,-13.65,983.34,18.43,71.9,55.28
20-07-2016 03:00,-13.03,981.32,23.8,78.52,59.31
20-07-2016 04:00,-12.28,979.98,24.77,75.5,60.97
20-07-2016 05:00,-11.49,979.92,21.47,69.78,59.37
20-07-2016 06:00,-10.82,978.65,20.55,52.83,59.18
20-07-2016 07:00,-10.42,977.24,21.74,52.55,60.26
20-07-2016 08:00,-9.79,975.5,22.21,53.38,65.41
20-07-2016 09:00,-8.97,972.73,30.95,69.35,85.22
20-07-2016 10:00,-8.47,970.38,33.38,62.38,88.41
20-07-2016 11:00,-7.74,968.73,31.82,55.25,89.66
20-07-2016 12:00,-7.21,966.83,37.34,52.48,90.34
20-07-2016 13:00,-7.29,966.71,29.49,45.03,90.36
20-07-2016 14:00,-7.46,966.53,26.49,41.07,90.18
20-07-2016 15:00,-7.6,966.02,33.82,42.98,90.08
20-07-2016 16:00,-7.5,966.12,28.61,47.7,90.19
20-07-2016 17:00,-7.32,966.47,20.65,45.63,90.39
20-07-2016 18:00,-7.32,966.5,19.72,37.65,90.4
20-07-2016 19:00,-7.56,966.71,19.42,37.38,90.21
20-07-2016 20:00,-7.79,966.68,18.89,41.03,89.92
20-07-2016 21:00,-8.11,966.59,23.24,41.83,89.62
20-07-2016 22:00,-8.19,966.41,23.43,44.32,89.52
20-07-2016 23:00,-8.34,966.78,17.85,47.37,89.39
21-07-2016 00:00,-8.57,966.84,14.67,50.24,89.15
21-07-2016 01:00,-8.42,966.63,14.69,53.47,89.26
21-07-2016 02:00,-8.56,966.66,16.75,42.42,89.13
21-07-2016 03:00,-8.92,966.77,13.05,35.17,88.77
21-07-2016 04:00,-9.03,967.13,11.93,42.68,88.62
21-07-2016 05:00,-9.21,967.38,12.47,45.68,88.42
21-07-2016 06:00,-9.51,967.6,10.22,48.95,88.09
21-07-2016 07:00,-9.82,967.83,7.64,57.83,87.77
21-07-2016 08:00,-9.98,968.1,2.64,61.82,87.54
21-07-2016 09:00,-10.7,968.39,1.01,191.08,86.72
21-07-2016 10:00,-11.48,968.74,0.76,197.38,85.86
21-07-2016 11:00,-12.46,968.98,3.58,152.68,84.8
21-07-2016 12:00,-13.48,969.19,7,107.12,83.62
21-07-2016 13:00,-13.53,969.57,7.93,101.08,83.5
21-07-2016 14:00,-13.55,969.76,7.86,110.93,83.42
21-07-2016 15:00,-13.66,970.18,7.97,114.33,83.25
21-07-2016 16:00,-14.29,970.74,7.91,101,82.52
21-07-2016 17:00,-14.21,971.07,10.32,122.85,82.53
21-07-2016 18:00,-14.53,971.48,9.22,127.9,82.06
21-07-2016 19:00,-14.05,972.1,6.74,104.13,82.53
21-07-2016 20:00,-13.98,972.61,9.93,98.32,82.47
21-07-2016 21:00,-13.97,973.13,9.21,105.32,82.27
21-07-2016 22:00,-13.87,973.65,9.29,91.6,82.58
21-07-2016 23:00,-14.42,973.91,9.71,92.4,82.22
22-07-2016 00:00,-14.71,974.11,11.13,94.32,81.9
22-07-2016 01:00,-13.96,974.44,11.21,91.2,82.28
22-07-2016 02:00,-13.29,974.82,11.07,78.38,83
22-07-2016 03:00,-13.56,975,12.68,50.88,83
22-07-2016 04:00,-13.89,975.37,12.54,44.67,83
22-07-2016 05:00,-14.63,975.48,13.49,48.98,82.08
22-07-2016 06:00,-14.93,975.51,14.81,48.16,82
22-07-2016 07:00,-15.21,975.65,15,45.05,82
22-07-2016 08:00,-15.16,975.73,15.19,46.4,82
22-07-2016 09:00,-14.95,975.58,12.98,43.08,82
22-07-2016 10:00,-14.89,975.36,10.4,43.28,82
22-07-2016 11:00,-15.2,975.11,7.44,66.63,81.08
22-07-2016 12:00,-15.45,974.88,2.48,62.68,81
22-07-2016 13:00,-15.01,974.49,5.24,165.27,81.55
22-07-2016 14:00,-15.11,974.25,4.99,182.78,81.4
22-07-2016 15:00,-16.12,974.55,5.16,108.5,80.1
22-07-2016 16:00,-17.17,974.71,6.75,81.92,78.4
22-07-2016 17:00,-16.81,974.17,19.69,85.77,79.02
22-07-2016 18:00,-17.66,973.88,19.99,93.97,78.28
22-07-2016 19:00,-17.66,974.43,13.07,93.95,78
22-07-2016 20:00,-18.29,974.76,10.54,96.23,77.15
22-07-2016 21:00,-18.4,974.75,9.31,97.22,76.87
22-07-2016 22:00,-18.49,974.87,8.45,91.12,76.58
22-07-2016 23:00,-18.55,975.1,2.64,116.46,76.84
23-07-2016 00:00,-19.6,975.22,1.16,106.83,75.79
23-07-2016 01:00,-18.31,975.16,7.88,78.48,76.52
23-07-2016 02:00,-18.08,974.92,9.26,88.92,76.49
23-07-2016 03:00,-17.39,974.57,11.31,91.68,76.76
23-07-2016 04:00,-17.75,974.51,10.76,88.47,76.42
23-07-2016 05:00,-17.42,974.5,10.4,93.37,76.35
23-07-2016 06:00,-17.81,974.25,11.13,103.8,75.28
23-07-2016 07:00,-17.35,974.06,10.43,97.1,75.3
23-07-2016 08:00,-16.91,973.65,10.97,98.97,74.56
23-07-2016 09:00,-16.67,973.28,10.96,96.55,73.58
23-07-2016 10:00,-16.45,972.99,9.47,102.42,72.29
23-07-2016 11:00,-15.83,972.48,6.49,107.1,72.99
23-07-2016 12:00,-15.63,972.13,3.51,134.28,74.87
23-07-2016 13:00,-15.8,971.86,1.67,225.32,77.1
23-07-2016 14:00,-16,971.67,2.02,221.68,78.22
23-07-2016 15:00,-14.97,971.37,4.19,181.02,78.65
23-07-2016 16:00,-14.91,971.22,2.12,199.12,78.39
23-07-2016 17:00,-15.06,971.29,2.06,232.35,79.2
23-07-2016 18:00,-15.08,971.36,1.97,214.65,79.84
23-07-2016 19:00,-16.64,971.49,0.78,186.38,78.62
23-07-2016 20:00,-17.23,971.78,0.65,194.23,78.23
23-07-2016 21:00,-17.61,972.07,1.59,199.23,77.89
23-07-2016 22:00,-17.04,972.22,5.14,197.35,79.06
23-07-2016 23:00,-15.26,972.13,7.39,205.17,80.28
24-07-2016 00:00,-16.11,972.21,7.89,203.07,79.81
24-07-2016 01:00,-16.04,972.27,10.28,205.02,80.09
24-07-2016 02:00,-15,972.51,4.55,109.58,79.19
24-07-2016 03:00,-14.46,972.69,7.69,60.22,76.98
24-07-2016 04:00,-14.9,973.24,7.09,51.3,74.97
24-07-2016 05:00,-15.08,973.77,8.02,47.12,74.92
24-07-2016 06:00,-14.18,974.33,8.81,56.83,74.19
24-07-2016 07:00,-14.97,974.94,3.48,53.98,75.86
24-07-2016 08:00,-15.44,975.42,8.17,49.08,75.83
24-07-2016 09:00,-15.18,975.91,9.5,50.53,75.52
24-07-2016 10:00,-16.61,976.72,5.02,38.1,77.56
24-07-2016 11:00,-18.49,977.44,7.75,38.57,76.88
24-07-2016 12:00,-19.45,978.09,6.45,38.52,76.04
24-07-2016 13:00,-19.82,978.81,5.35,27.8,75.59
24-07-2016 14:00,-20.16,979.29,4.68,27.55,75.12
24-07-2016 15:00,-19.89,980.04,3.32,53.53,73.69
24-07-2016 16:00,-18.5,980.48,14.01,84.17,68.62
24-07-2016 17:00,-18.48,981.38,7.28,112.33,68.8
24-07-2016 18:00,-18.71,981.89,12.29,80.77,66.76
24-07-2016 19:00,-19.42,982.18,17.16,81.65,65.44
24-07-2016 20:00,-20.04,982.48,18.68,85.33,64.67
24-07-2016 21:00,-20.45,982.71,17.45,88.32,64.5
24-07-2016 22:00,-20.5,983.14,15.1,92.47,62.81
24-07-2016 23:00,-21.32,983.19,17.73,87.8,62.78
25-07-2016 00:00,NaN,NaN,NaN,NaN,NaN
25-07-2016 01:00,NaN,NaN,NaN,NaN,NaN
25-07-2016 02:00,NaN,NaN,NaN,NaN,NaN
25-07-2016 03:00,NaN,NaN,NaN,NaN,NaN
25-07-2016 04:00,NaN,NaN,NaN,NaN,NaN
25-07-2016 05:00,NaN,NaN,NaN,NaN,NaN
25-07-2016 06:00,NaN,NaN,NaN,NaN,NaN
25-07-2016 07:00,NaN,NaN,NaN,NaN,NaN
25-07-2016 08:00,NaN,NaN,NaN,NaN,NaN
25-07-2016 09:00,NaN,NaN,NaN,NaN,NaN
25-07-2016 10:00,NaN,NaN,NaN,NaN,NaN
25-07-2016 11:00,NaN,NaN,NaN,NaN,NaN
25-07-2016 12:00,NaN,NaN,NaN,NaN,NaN
25-07-2016 13:00,NaN,NaN,NaN,NaN,NaN
25-07-2016 14:00,NaN,NaN,NaN,NaN,NaN
25-07-2016 15:00,NaN,NaN,NaN,NaN,NaN
25-07-2016 16:00,NaN,NaN,NaN,NaN,NaN
25-07-2016 17:00,NaN,NaN,NaN,NaN,NaN
25-07-2016 18:00,NaN,NaN,NaN,NaN,NaN
25-07-2016 19:00,NaN,NaN,NaN,NaN,NaN
25-07-2016 20:00,NaN,NaN,NaN,NaN,NaN
25-07-2016 21:00,NaN,NaN,NaN,NaN,NaN
25-07-2016 22:00,NaN,NaN,NaN,NaN,NaN
25-07-2016 23:00,NaN,NaN,NaN,NaN,NaN
26-07-2016 00:00,-21.61,978.24,10.56,85.25,51.7
26-07-2016 01:00,-21.59,978.25,16.4,86.25,50.87
26-07-2016 02:00,-21.46,978.34,15.8,86.52,52.95
26-07-2016 03:00,-21.34,978.51,17.3,87.68,52.06
26-07-2016 04:00,-21.74,978.71,17.55,86.57,52.33
26-07-2016 05:00,-21.98,978.91,19.57,86.25,53.34
26-07-2016 06:00,-21.92,979.18,18.72,86.47,53.26
26-07-2016 07:00,-21.91,979.52,18.05,83.23,54.12
26-07-2016 08:00,-21.7,979.57,18.08,84.97,55.92
26-07-2016 09:00,-21.52,979.86,16.67,86.62,54.69
26-07-2016 10:00,-21.6,980.16,17.39,85.55,54.07
26-07-2016 11:00,-21.27,980.58,16.52,85.83,52.47
26-07-2016 12:00,-21.77,980.88,19.43,85.25,53.72
26-07-2016 13:00,-21.2,981.37,17.85,86,56.19
26-07-2016 14:00,-20.71,981.52,17.43,84.58,58.27
26-07-2016 15:00,-20.44,981.72,18.91,84.38,58.26
26-07-2016 16:00,-19.45,982.03,16.7,85.48,61.6
26-07-2016 17:00,-19.03,982.25,17.36,84.35,61.16
26-07-2016 18:00,-18.72,982.29,17.3,86.2,58.34
26-07-2016 19:00,-18.74,982.49,18.84,86.52,57.48
26-07-2016 20:00,-18.91,982.81,18.45,86.92,56.66
26-07-2016 21:00,-19.26,983.14,19.75,85.95,56.79
26-07-2016 22:00,-19.07,983.45,18.36,83.13,54.98
26-07-2016 23:00,-18.83,983.72,17.68,86.67,55.42
27-07-2016 00:00,-19.09,984.17,16.51,85.22,55.95
27-07-2016 01:00,-19.32,984.36,17.57,85.13,55.65
27-07-2016 02:00,-19.56,984.54,17.26,85.18,54.7
27-07-2016 03:00,-19.86,984.65,14.48,86.22,54.94
27-07-2016 04:00,-19.77,985,12.97,86.88,52.98
27-07-2016 05:00,-19.83,984.89,14.77,85.75,52.92
27-07-2016 06:00,-19.41,984.6,11.44,83.18,51.31
27-07-2016 07:00,-18.89,984.53,9.05,82.97,53.71
27-07-2016 08:00,-18.51,984.48,8.61,83.77,52.21
27-07-2016 09:00,-19,984.42,7.54,91.53,51.17
27-07-2016 10:00,-18.61,984.46,7.52,74.13,50.28
27-07-2016 11:00,-18.95,984.44,1.87,148.58,53.01
27-07-2016 12:00,-18.98,984.5,5.75,71.33,50.86
27-07-2016 13:00,-18.89,984.37,7.14,72.53,49.35
27-07-2016 14:00,-18.97,984.31,9.95,72.62,48.35
27-07-2016 15:00,-19.7,984.29,9.38,83.28,48.65
27-07-2016 16:00,-20.27,984.22,10.55,87.32,49.92
27-07-2016 17:00,-20.5,984.37,12.62,85.45,48.17
27-07-2016 18:00,-21.24,984.49,10.26,95.2,49.38
27-07-2016 19:00,-21.52,984.52,10,102,51.51
27-07-2016 20:00,-20.82,984.45,11.83,89.9,49.75
27-07-2016 21:00,-20.26,984.2,10.72,87.33,48.14
27-07-2016 22:00,-19.03,984.07,9.92,80.2,47.07
27-07-2016 23:00,-19.01,984.07,9.38,81.98,49.52
28-07-2016 00:00,-18.64,984.29,8.07,80.27,51.41
28-07-2016 01:00,-18.23,984.17,9.25,80.05,51.47
28-07-2016 02:00,-18.52,984.26,8.37,88.18,54.92
28-07-2016 03:00,-18.09,984.38,9.36,78.47,59.18
28-07-2016 04:00,-17.9,984.36,9.46,91.53,58.23
28-07-2016 05:00,-16.76,984.08,9.87,82.3,57.83
28-07-2016 06:00,-15.7,983.71,11.11,79.03,59.79
28-07-2016 07:00,-15.23,983.48,9.89,68.63,67.07
28-07-2016 08:00,-14.65,983.4,10.37,65.33,65.84
28-07-2016 09:00,-14.28,983.51,9.03,74.33,60.79
28-07-2016 10:00,-15.08,983.63,7.6,89.67,57.66
28-07-2016 11:00,-16.05,983.85,7.64,105.7,56.94
28-07-2016 12:00,-15.96,983.81,7.66,105.88,56.28
28-07-2016 13:00,-14.81,983.28,10.96,91.2,59.63
28-07-2016 14:00,-13.18,983.07,10.4,78.35,63.42
28-07-2016 15:00,-12.04,982.63,16.29,69.45,58.92
28-07-2016 16:00,-11.85,982.54,15.94,65.9,59.81
28-07-2016 17:00,-11.86,982.32,16.5,62.97,57.55
28-07-2016 18:00,-11.56,982.02,19.91,78.08,58.9
28-07-2016 19:00,-11.69,981.65,23.63,84.65,59.72
28-07-2016 20:00,-11.63,981.62,22.62,81.73,58.71
28-07-2016 21:00,-10.7,981.84,18.89,77.28,59.32
28-07-2016 22:00,-9.91,981.68,18.81,77.63,56.87
28-07-2016 23:00,-9.68,981.61,17.75,79.42,54.85
29-07-2016 00:00,-9.43,981.61,17.34,57.54,56.51
29-07-2016 01:00,-9.17,981.78,18.73,53.9,56.86
29-07-2016 02:00,-9.11,981.94,19.37,51.3,57.62
29-07-2016 03:00,-9.21,982.26,16.48,50.82,58.51
29-07-2016 04:00,-9.75,982.3,8.65,64.23,60.14
29-07-2016 05:00,-9.95,982.17,10.05,58.93,60.92
29-07-2016 06:00,-10.02,982.03,21.29,41.73,63.01
29-07-2016 07:00,-10.61,982.4,20.86,48.78,69.88
29-07-2016 08:00,-10.74,982.69,19.59,52.77,69.69
29-07-2016 09:00,-10.85,982.91,23.19,50.4,69.76
29-07-2016 10:00,-11.48,983.01,28.46,45.53,77.11
29-07-2016 11:00,-11.8,983.23,27.1,46.23,82.23
29-07-2016 12:00,-11.99,983.44,22.02,50.63,82.86
29-07-2016 13:00,-12.11,983.41,25.22,49.2,82.49
29-07-2016 14:00,-12.2,983.56,28.34,44.9,81.13
29-07-2016 15:00,-12.31,983.93,27.57,45.98,81.3
29-07-2016 16:00,-12.37,984.05,27.91,44.58,81.73
29-07-2016 17:00,-12.5,984.47,26.76,40.45,83.48
29-07-2016 18:00,-12.61,984.89,22.94,42.62,83.89
29-07-2016 19:00,-12.63,985.15,21.91,43.58,83.75
29-07-2016 20:00,-12.69,985.26,18.62,47.93,83.7
29-07-2016 21:00,-12.79,985.37,17.21,49.95,82.12
29-07-2016 22:00,-12.92,985.4,15.67,51.75,79
29-07-2016 23:00,-13.25,985.38,11.88,57.77,76.29
30-07-2016 00:00,-13.98,985.11,11.11,65.02,72.89
30-07-2016 01:00,-14.84,984.68,9.96,84.58,68.12
30-07-2016 02:00,-15.24,983.85,10.69,77.62,66.22
30-07-2016 03:00,-15.44,983.36,9.16,88.72,64.89
30-07-2016 04:00,-14.54,982.73,11.28,76.05,61.6
30-07-2016 05:00,-14.65,982.21,9.97,73.65,60.64
30-07-2016 06:00,-14.62,981.41,13.65,74.48,58.25
30-07-2016 07:00,-14.85,980.91,14.88,77.12,55.92
30-07-2016 08:00,-15.11,980.4,16.03,76.65,54.79
30-07-2016 09:00,-15.15,979.78,16.07,72.82,52.03
30-07-2016 10:00,-15.37,979.12,15.87,73.93,51.33
30-07-2016 11:00,-15.64,978.54,15.36,71.13,51.73
30-07-2016 12:00,-15.98,978.06,14.8,70.52,52.05
30-07-2016 13:00,-16.32,977.31,13.97,69.22,52.08
30-07-2016 14:00,-16.73,976.27,12.82,67.57,52.92
30-07-2016 15:00,-16.48,974.99,16.18,61.32,53.91
30-07-2016 16:00,-16.43,973.92,13.53,72.17,50.27
30-07-2016 17:00,-16.58,972.98,14.48,72.33,50.16
30-07-2016 18:00,-16.74,971.69,17.73,73.85,50.91
30-07-2016 19:00,-16.93,970.56,16.46,68.75,50.49
30-07-2016 20:00,-17.2,969.53,12.86,80.25,48.55
30-07-2016 21:00,-17.48,968.49,10.47,84.4,47.05
30-07-2016 22:00,-17.72,967.67,8.15,84.52,47.2
30-07-2016 23:00,-18.26,966.38,6.34,98.68,48.6
31-07-2016 00:00,-17.98,964.53,4.61,111.17,49.95
31-07-2016 01:00,-17.34,962.93,2.4,149.18,50.01
31-07-2016 02:00,-16.44,961.72,4.25,130.08,50.24
31-07-2016 03:00,-15.55,960.4,4.28,130.47,49.9
31-07-2016 04:00,-15.38,959.19,2.49,154.4,51.37
31-07-2016 05:00,-13.51,958.24,4.8,171.63,49.53
31-07-2016 06:00,-12.77,957.62,1.62,188.3,54.14
31-07-2016 07:00,-12.22,957.51,1.3,145.17,56.71
31-07-2016 08:00,-10.46,957.27,3.24,109.73,60.04
31-07-2016 09:00,-8.07,957.19,7.23,96.42,63.2
31-07-2016 10:00,-5.82,957.39,13.5,68.08,59.62
31-07-2016 11:00,-4.3,957.65,21.44,51.27,58.36
31-07-2016 12:00,-3.31,958.03,21.14,47.4,59.9
31-07-2016 13:00,-2.33,957.85,27.49,76.38,55.74
31-07-2016 14:00,-2.15,958.02,24.06,77.17,55.2
31-07-2016 15:00,-2.6,957.89,27.43,76.78,62.15
31-07-2016 16:00,-2.56,958.16,31.26,75.52,62.97
31-07-2016 17:00,-3.08,959.04,28.69,74.27,62.39
31-07-2016 18:00,-3.25,959.78,26.11,68.38,61.02
31-07-2016 19:00,-4.02,959.5,34.04,72.9,67.96
31-07-2016 20:00,-5.2,960.88,35.09,63.98,77.62
31-07-2016 21:00,-6.45,962.52,33.58,52.35,88.58
31-07-2016 22:00,-7.13,964.7,39.34,49.88,89.21
31-07-2016 23:00,-8.1,967.5,40.9,48.55,88.37
01-08-2016 00:00,-8.7,969.53,39.12,51.08,87.18
01-08-2016 01:00,-9.06,971.88,35.04,45.55,87.07
01-08-2016 02:00,-9.4,974.29,35.32,43.37,86.91
01-08-2016 03:00,-9.99,976.1,38.55,42.02,86.84
01-08-2016 04:00,-11.15,978.7,39.36,39.82,85.88
01-08-2016 05:00,-12.45,982.12,33.96,35.97,84.34
01-08-2016 06:00,-13.2,985.2,22.27,32.92,82.89
01-08-2016 07:00,-14.02,987.77,19.62,42.15,81.81
01-08-2016 08:00,-14.8,989.61,15.61,60.8,80.68
01-08-2016 09:00,-14.74,991.22,13.21,72.85,80.31
01-08-2016 10:00,-14.34,992.17,12.09,74.42,80.36
01-08-2016 11:00,-13.94,992.72,8.48,73.6,80.19
01-08-2016 12:00,-13.92,993.13,6.04,102.55,80.11
01-08-2016 13:00,-13.77,993.14,5.76,179.97,80.34
01-08-2016 14:00,-13.85,992.72,9.49,206.37,79.03
01-08-2016 15:00,-12.61,992.37,5.21,113.13,79.18
01-08-2016 16:00,-11.3,991.99,9.68,60.38,78.6
01-08-2016 17:00,-11.13,991.85,9.17,71.72,76.45
01-08-2016 18:00,-11.02,991.3,16.46,88,73.91
01-08-2016 19:00,-11.33,990.52,18,88.92,70.82
01-08-2016 20:00,-11.13,989.55,22.85,83.03,67.66
01-08-2016 21:00,-11.63,989.22,22.67,86.28,68.05
01-08-2016 22:00,-11.91,988.68,21.55,86.22,66.68
01-08-2016 23:00,-12.1,988.11,19.68,87.82,64.83
02-08-2016 00:00,-12.02,987.48,15.71,87.31,63.05
02-08-2016 01:00,-12.02,986.62,14.31,86.35,62.44
02-08-2016 02:00,-11.97,985.73,15.39,87.25,62.48
02-08-2016 03:00,-11.24,984.66,10.17,80.22,60.15
02-08-2016 04:00,-12.05,983.85,2.58,89.25,64.59
02-08-2016 05:00,-11.56,982.84,7.05,71.33,61.53
02-08-2016 06:00,-11.12,982.05,5.67,78.62,60.65
02-08-2016 07:00,-11.32,981.06,8.03,74.92,61.77
02-08-2016 08:00,-11.29,980.2,6.83,72.25,62.53
02-08-2016 09:00,-9.87,979.23,14.18,77.95,58.06
02-08-2016 10:00,-9.62,978.75,13.36,77.4,57.6
02-08-2016 11:00,-9.61,978.21,12.64,78.35,58.68
02-08-2016 12:00,-9.22,977.16,16.01,78.28,57.4
02-08-2016 13:00,-9.4,976.09,18.83,85,55.41
02-08-2016 14:00,-9.56,974.86,20.83,85.52,54.41
02-08-2016 15:00,-9.69,973.99,20.1,84.68,53.08
02-08-2016 16:00,-9.61,972.93,17.94,86.65,51.13
02-08-2016 17:00,-9.66,971.74,18.34,85.53,50.49
02-08-2016 18:00,-9.76,970.48,18.32,85.35,50.19
02-08-2016 19:00,-10.01,969.43,17.57,86.43,51.66
02-08-2016 20:00,-9.54,968.53,18.03,83.28,50.89
02-08-2016 21:00,-9.23,967.52,17.18,77.6,51.34
02-08-2016 22:00,-8.06,966.43,19.11,77.03,49.81
02-08-2016 23:00,-7.3,966.08,17.13,65.15,52.25
03-08-2016 00:00,-6,965.21,23.11,63.68,50.48
03-08-2016 01:00,-5.53,964.29,23.02,66.13,51.18
03-08-2016 02:00,-5.86,963.5,23.87,61.17,58.88
03-08-2016 03:00,-4.96,963.63,26.92,57.62,54.94
03-08-2016 04:00,-5.49,963.79,26.63,73.9,57.33
03-08-2016 05:00,-5.83,963.85,30.89,81.43,57.65
03-08-2016 06:00,-6.18,964.22,33.64,81.7,57.36
03-08-2016 07:00,-6.35,964.2,35.06,82.03,58.12
03-08-2016 08:00,-6.54,964.59,33.83,78.35,59.8
03-08-2016 09:00,-6.67,964.95,33.01,78.63,61.18
03-08-2016 10:00,-6.27,965.59,33.8,81.45,58.98
03-08-2016 11:00,-5.85,966.77,30.7,82.3,56.41
03-08-2016 12:00,-5.66,967.42,32.04,84.05,53.98
03-08-2016 13:00,-5.07,968.02,30.32,82.97,51.74
03-08-2016 14:00,-4.66,968.57,29.34,81.13,50.06
03-08-2016 15:00,-4.52,968.99,27.47,80.73,51.81
03-08-2016 16:00,-4.12,970.1,20.04,55.8,53.37
03-08-2016 17:00,-4.27,969.83,28.04,69.77,55.9
03-08-2016 18:00,-4.38,970.92,30.8,67.28,58.63
03-08-2016 19:00,-5.22,972.38,30.98,55.35,66.84
03-08-2016 20:00,-5.49,974.21,24.5,46.97,65.56
03-08-2016 21:00,-6.28,975.73,18.49,41.88,69.46
03-08-2016 22:00,-6.26,977.14,15.15,42.62,71.93
03-08-2016 23:00,-8.03,978.36,12.11,20.32,75.28
04-08-2016 00:00,-9.79,980.16,13.83,28.68,78.6
04-08-2016 01:00,-10.54,981.3,13.5,43.63,76.4
04-08-2016 02:00,-11.27,982.36,12.74,49.5,84.17
04-08-2016 03:00,-11.59,983.18,10.47,56.97,85.14
04-08-2016 04:00,-12.03,984.04,10.32,63.68,84.65
04-08-2016 05:00,-12.54,984.5,10.3,65.13,83.34
04-08-2016 06:00,-12.84,984.58,9.46,71.38,82.18
04-08-2016 07:00,-12.98,984.42,6.39,75.7,81.11
04-08-2016 08:00,-13.22,984.09,3.73,122.75,80.98
04-08-2016 09:00,-12.84,983.48,5.07,187.98,81.14
04-08-2016 10:00,-10.88,982.58,4.42,89.9,78.22
04-08-2016 11:00,-9.94,981.61,20.23,75.73,77.94
04-08-2016 12:00,-11.18,980.31,25.64,92.95,81.15
04-08-2016 13:00,-11.34,979,25.04,90.47,70.45
04-08-2016 14:00,-10.73,977.46,22.86,84.7,57.4
04-08-2016 15:00,-10.42,975.85,21.23,86.42,52.11
04-08-2016 16:00,-10.13,974.21,23,85.13,51.66
04-08-2016 17:00,-9.76,973.8,19.18,79.68,48.43
04-08-2016 18:00,-10.02,973.36,17.52,84.67,48.19
04-08-2016 19:00,-10.37,973.09,11.12,73.5,49.6
04-08-2016 20:00,-10.71,972.4,10.26,72.78,49.02
04-08-2016 21:00,-10.47,972.26,15.77,81.58,48.25
04-08-2016 22:00,-10.54,972.76,14.79,82.48,47.32
04-08-2016 23:00,-10.13,973.8,15.08,74.3,47.85
05-08-2016 00:00,-11.05,975.6,13.17,42.27,55.49
05-08-2016 01:00,-12.16,977.73,15.89,42.1,60.95
05-08-2016 02:00,-13.49,980.43,20.78,47.73,67.47
05-08-2016 03:00,-13.53,983.39,27.95,49.28,81.37
05-08-2016 04:00,-12.96,986.43,30.97,52.08,83.24
05-08-2016 05:00,-13.48,989.58,35.95,47.47,83.07
05-08-2016 06:00,-14.13,992.85,35.24,46.37,82.46
05-08-2016 07:00,-14.51,995.71,31.38,53.53,82.04
05-08-2016 08:00,-14.52,997.76,28.25,56.38,82.09
05-08-2016 09:00,-14.67,999.54,24.18,50.63,81.84
05-08-2016 10:00,-14.8,1001.05,18.91,54.68,81.76
05-08-2016 11:00,-15.03,1002.16,15.69,55.18,81.5
05-08-2016 12:00,-15.77,1002.96,10.96,61.5,80.6
05-08-2016 13:00,-16.79,1003.65,8.01,88.7,79.5
05-08-2016 14:00,-16.64,1003.94,6.62,79.07,79.56
05-08-2016 15:00,-17.01,1004.33,7.78,104.47,79.14
05-08-2016 16:00,-16.58,1004.53,6.66,109.45,79.55
05-08-2016 17:00,-16.2,1004.47,7.17,107.67,79.95
05-08-2016 18:00,-15.87,1004.37,5.83,110.28,80.3
05-08-2016 19:00,-15.37,1003.93,8.01,99.07,80.64
05-08-2016 20:00,-15.09,1003.71,11.66,98.73,80.48
05-08-2016 21:00,-15.45,1003.44,16.23,93.13,79.92
05-08-2016 22:00,-15.75,1003.17,16.38,94.77,79.53
05-08-2016 23:00,-15.65,1002.8,15.03,94.23,79.05
06-08-2016 00:00,-15.47,1002.1,15.65,92.1,78.65
06-08-2016 01:00,-15.53,1001.63,15.84,91.45,78.31
06-08-2016 02:00,-15.39,1001.22,15.74,91.68,77.9
06-08-2016 03:00,-14.87,1000.85,18.36,86.45,77.78
06-08-2016 04:00,-15.21,1000.4,15.7,92.3,77.11
06-08-2016 05:00,-15.39,999.83,14.75,97.52,76.68
06-08-2016 06:00,-15.15,999.36,12.57,95.13,76.15
06-08-2016 07:00,-15.14,998.83,11.92,93.12,75.5
06-08-2016 08:00,-15.17,998.18,12.81,93.43,74.51
06-08-2016 09:00,-15.03,997.39,12.07,107.78,72.86
06-08-2016 10:00,-15.44,997,12.14,117.52,70.58
06-08-2016 11:00,-15.57,996.39,13.88,117.25,67.69
06-08-2016 12:00,-15.79,995.48,14.36,114.63,66.26
06-08-2016 13:00,-16.06,994.46,16.17,118.48,65.26
06-08-2016 14:00,-15.84,993.48,14.98,115.07,62.41
06-08-2016 15:00,-15.78,992.44,13.57,106.38,60.77
06-08-2016 16:00,-15.56,991.39,11.13,96.83,61.15
06-08-2016 17:00,-15.34,990.46,12.72,96.4,60.22
06-08-2016 18:00,-15.32,989.95,8.8,96.65,60.38
06-08-2016 19:00,-15.25,989.4,5.76,100.4,60.88
06-08-2016 20:00,-15.2,988.91,7.24,101.07,59.43
06-08-2016 21:00,-15.35,988.67,8.45,109.03,59.2
06-08-2016 22:00,-15,988.34,8.62,109.13,57.8
06-08-2016 23:00,-15.15,988.33,7.52,105.18,57.13
07-08-2016 00:00,-15.31,988.5,9.61,93.86,57.68
07-08-2016 01:00,-15.9,988.63,9.05,100.95,58.69
07-08-2016 02:00,-15.64,989.04,11.3,109.18,60.22
07-08-2016 03:00,-16.55,989.37,11.36,100.77,60.45
07-08-2016 04:00,-16.17,989.57,14.12,100.72,62.09
07-08-2016 05:00,-16.17,990.12,9.39,99.05,60.1
07-08-2016 06:00,-15.75,990.87,11.22,89.68,56.48
07-08-2016 07:00,-15.72,991.21,16.41,90.48,56.98
07-08-2016 08:00,-15.27,991.46,20.14,87.1,54.95
07-08-2016 09:00,-14.58,992.05,17.14,85.02,49.96
07-08-2016 10:00,-14.22,992.63,16.59,82.52,49.99
07-08-2016 11:00,-13.68,993.26,15.24,78.62,47.27
07-08-2016 12:00,-13.61,994.14,13.71,78.9,47.56
07-08-2016 13:00,-13.63,994.99,12.2,77.75,49.76
07-08-2016 14:00,-12.93,995.6,11.91,77.13,50.04
07-08-2016 15:00,-12.74,996.28,10.82,78.65,51.61
07-08-2016 16:00,-12.55,997.08,9.97,79.42,51.79
07-08-2016 17:00,-11.94,997.97,11.38,80.92,50.22
07-08-2016 18:00,-11.73,998.78,13.44,84.35,51.16
07-08-2016 19:00,-11.72,999.68,13.89,85.43,53.25
07-08-2016 20:00,-11.21,1000.41,15.49,85.93,54.6
07-08-2016 21:00,-10.49,1001.34,13.61,81.78,55.47
07-08-2016 22:00,-9.62,1002.21,12.36,78.97,55.94
07-08-2016 23:00,-9.11,1003.02,10.85,79.27,56.12
08-08-2016 00:00,-8.51,1003.71,10.21,78.03,57.66
08-08-2016 01:00,-7.63,1004.37,10.95,70.55,58.96
08-08-2016 02:00,-7.37,1005.34,11.6,63.07,60.91
08-08-2016 03:00,-7.02,1006.43,11.82,60.1,61.29
08-08-2016 04:00,-6.96,1007.3,10.54,69.12,60.23
08-08-2016 05:00,-6.74,1008.04,10.69,65.88,60.29
08-08-2016 06:00,-6.32,1008.56,13.19,62.32,60.63
08-08-2016 07:00,-6,1008.97,13.48,62.93,63.17
08-08-2016 08:00,-5.4,1009.42,16.13,60.48,60.55
08-08-2016 09:00,-5.51,1010.02,16.92,75.37,56.99
08-08-2016 10:00,-5.86,1010.54,19.02,68.45,56.09
08-08-2016 11:00,-5.73,1011.11,15.19,66.08,57.76
08-08-2016 12:00,-5.65,1011.57,14.11,63.12,59.95
08-08-2016 13:00,-5.17,1011.71,13.84,64.63,57.88
08-08-2016 14:00,-5.18,1011.96,12.69,66.97,55.27
08-08-2016 15:00,-5.53,1012.13,13.53,76.13,51.9
08-08-2016 16:00,-5.72,1012.3,17.69,82.08,48.7
08-08-2016 17:00,-5.67,1012.38,18.05,82.17,47.77
08-08-2016 18:00,-5.36,1012.67,15.48,79.27,46.69
08-08-2016 19:00,-5.51,1012.71,16.23,82.3,47.1
08-08-2016 20:00,-5.45,1012.63,16.59,84.03,45.61
08-08-2016 21:00,-5.28,1012.6,14.25,77.7,44.75
08-08-2016 22:00,-5.42,1012.64,9.48,76.23,44.91
08-08-2016 23:00,-6.11,1012.74,5.12,143.92,48.22
09-08-2016 00:00,-5.22,1012.57,12.06,75.95,40.62
09-08-2016 01:00,-5.46,1012.51,12.85,74.6,41.34
09-08-2016 02:00,-5.63,1012.38,15.8,76.68,39.92
09-08-2016 03:00,-5.89,1012.38,14.02,76.12,39.84
09-08-2016 04:00,-6.64,1012.54,9.65,68.7,42.9
09-08-2016 05:00,-6.27,1012.1,13.96,77.63,39.77
09-08-2016 06:00,-6.32,1011.79,12.86,77,38.98
09-08-2016 07:00,-6.78,1011.4,12.41,82.13,40.21
09-08-2016 08:00,-7.18,1010.94,13.46,86.03,40.94
09-08-2016 09:00,-6.8,1010.35,13.27,79.2,38.05
09-08-2016 10:00,-7.16,1009.64,13.73,84.98,38.99
09-08-2016 11:00,-7.58,1008.64,15.63,82.47,39.74
09-08-2016 12:00,-7.76,1007.36,19.15,83.67,40.74
09-08-2016 13:00,-7.83,1006.14,22.44,83.08,40.47
09-08-2016 14:00,-7.86,1005.34,22.92,85.23,41.16
09-08-2016 15:00,-7.93,1004.79,22.43,83.93,39.36
09-08-2016 16:00,-7.75,1003.8,22.02,83.12,38.82
09-08-2016 17:00,-7.62,1003.26,18.32,81.55,38.08
09-08-2016 18:00,-7.72,1002.43,19.36,83.6,38.15
09-08-2016 19:00,-7.68,1001.83,17.37,83.07,37.13
09-08-2016 20:00,-7.73,1001.21,13.97,84.7,36.14
09-08-2016 21:00,-7.84,1000.34,17.94,84.07,36.16
09-08-2016 22:00,-7.96,999.43,22.26,83.22,37.45
09-08-2016 23:00,-7.86,998.91,19.66,83.53,37.9
10-08-2016 00:00,-7.7,998.5,17.32,83.02,37.98
10-08-2016 01:00,-7.96,997.9,18.83,85.07,39.37
10-08-2016 02:00,-7.68,997.38,17.83,84.23,38.6
10-08-2016 03:00,-7.86,996.72,19.38,85.27,40.94
10-08-2016 04:00,-7.87,995.83,23.83,84.03,41.62
10-08-2016 05:00,-8.06,995.1,26.23,84.28,43.65
10-08-2016 06:00,-7.97,994.6,25.73,84.77,44.62
10-08-2016 07:00,-7.85,993.92,26.58,82.93,43.87
10-08-2016 08:00,-8.15,993,28.14,82.75,44.73
10-08-2016 09:00,-8.21,992.65,27.59,84.05,43.16
10-08-2016 10:00,-8.51,992.51,26.69,84.35,42.88
10-08-2016 11:00,-9.02,992.21,25.42,86.22,45.05
10-08-2016 12:00,-9.03,991.97,25.38,86.87,42.9
10-08-2016 13:00,-9.61,991.58,24.68,89.08,45.58
10-08-2016 14:00,-9.77,991.12,23.9,89.25,45.97
10-08-2016 15:00,-9.85,990.69,23.05,88.6,45.52
10-08-2016 16:00,-9.93,990.06,23.2,89.62,44.5
10-08-2016 17:00,-9.7,989.12,24.81,88.85,43.86
10-08-2016 18:00,-10.02,988.41,27.88,86.28,46.01
10-08-2016 19:00,-9.85,987.27,30.31,82.23,45.82
10-08-2016 20:00,-9.76,986.32,30.05,84.23,44.74
10-08-2016 21:00,-10.24,985.61,30.26,82.6,48.72
10-08-2016 22:00,-10.5,985,32.84,83.22,47.76
10-08-2016 23:00,-10.34,984.58,31.6,85.1,45.22
11-08-2016 00:00,-11.32,984.57,26.74,94.56,48.58
11-08-2016 01:00,-11.15,984.74,28.62,84.62,48.05
11-08-2016 02:00,-10.8,985.11,27.98,83.63,45.69
11-08-2016 03:00,-10.81,984.87,26.5,81.78,43.99
11-08-2016 04:00,-10.97,984.51,26.41,83.45,46.07
11-08-2016 05:00,-10.83,984.48,24.78,82.85,46.24
11-08-2016 06:00,-10.83,984.14,26.02,84.03,46.88
11-08-2016 07:00,-10.75,983.76,24.43,85.15,46.76
11-08-2016 08:00,-11.05,983.27,25.44,87.23,47.94
11-08-2016 09:00,-10.61,983.04,23.91,86.37,45.66
11-08-2016 10:00,-10.44,982.54,27.66,86.45,45.04
11-08-2016 11:00,-10.11,982.12,25.03,83.95,44.18
11-08-2016 12:00,-9.89,982.12,19.33,84.62,42.67
11-08-2016 13:00,-9.62,981.76,20.57,80.48,40.96
11-08-2016 14:00,-9.74,981.15,25.9,82.4,41.83
11-08-2016 15:00,-9.78,980.62,27.94,82.12,42.9
11-08-2016 16:00,-10.14,980.03,29.08,80.83,45.1
11-08-2016 17:00,-10.12,979.62,27.28,81.62,43.92
11-08-2016 18:00,-10.33,979.22,27.26,83.32,43.92
11-08-2016 19:00,-10,979.2,21.9,82.67,42.7
11-08-2016 20:00,-10.14,978.99,19.35,82.8,43.29
11-08-2016 21:00,-10.1,978.7,17.6,81.25,43.14
11-08-2016 22:00,-9.69,978.39,16.17,77.77,42.75
11-08-2016 23:00,-9.78,978.12,15.53,80.03,43.39
12-08-2016 00:00,-9.82,977.99,15.66,83.64,44.8
12-08-2016 01:00,-9.96,977.57,19.33,84.27,43.44
12-08-2016 02:00,-9.97,977.44,18.45,82.13,43.18
12-08-2016 03:00,-9.94,977.59,17.3,80.03,43
12-08-2016 04:00,-9.9,977.63,15.69,76.98,41.9
12-08-2016 05:00,-9.97,977.69,13.83,72.07,43.51
12-08-2016 06:00,-9.81,977.75,13.5,76.6,42.67
12-08-2016 07:00,-9.81,977.73,14.82,72.18,41.68
12-08-2016 08:00,-10.19,977.84,13.39,70.93,41.83
12-08-2016 09:00,-10.36,977.87,15.33,67.57,40.43
12-08-2016 10:00,-10.98,978.07,14.56,69.37,42.02
12-08-2016 11:00,-11.29,978.63,14.9,77.28,40.36
12-08-2016 12:00,-11.7,978.91,16.88,80.03,40.27
12-08-2016 13:00,-11.84,979.47,14.47,78.17,40.89
12-08-2016 14:00,-11.97,979.9,13.7,79.75,40.74
12-08-2016 15:00,-12.19,980.17,15.34,80,41.58
12-08-2016 16:00,-12.48,980.56,15.46,81.75,41.27
12-08-2016 17:00,-12.93,981.05,17.41,84.75,42.1
12-08-2016 18:00,-13.04,981.46,18.7,82.8,41.42
12-08-2016 19:00,-13.29,981.85,20.85,86.25,41.95
12-08-2016 20:00,-13.36,982.25,20.27,84.85,42.36
12-08-2016 21:00,-13.49,982.53,21.86,84.93,42.29
12-08-2016 22:00,-13.2,983.14,18.07,82.27,44.05
12-08-2016 23:00,-13.69,983.53,19.39,88.18,45.86
13-08-2016 00:00,-13.61,983.81,18.59,87.14,46.71
13-08-2016 01:00,-13.45,984.37,14.53,87.3,48.97
13-08-2016 02:00,-13.28,984.87,14.2,85.6,47.33
13-08-2016 03:00,-13.18,985.56,10.01,86.63,50.79
13-08-2016 04:00,-12.23,986.33,8.76,89.5,52.29
13-08-2016 05:00,-11.88,986.74,9.36,89.02,50.79
13-08-2016 06:00,-11.49,987.48,7.18,88.72,51.04
13-08-2016 07:00,-11.07,988.25,7.88,88.63,51.86
13-08-2016 08:00,-10.77,988.83,10.22,82.68,47.79
13-08-2016 09:00,-10.84,989.43,11.33,81.77,46.37
13-08-2016 10:00,-10.98,990.22,11.61,81.98,46.7
13-08-2016 11:00,-11.57,990.8,14.67,86.95,46.89
13-08-2016 12:00,-12.4,991.4,17.35,87.17,46.13
13-08-2016 13:00,-12.63,991.86,17.66,87.92,45.23
13-08-2016 14:00,-12.15,992.76,13.9,84.53,44.04
13-08-2016 15:00,-12.27,993.22,16.66,83.48,43.52
13-08-2016 16:00,-12.52,993.61,18.13,80.97,42.91
13-08-2016 17:00,-12.51,994.37,17.15,79.25,41.89
13-08-2016 18:00,-12.91,994.65,17.85,79.3,40.84
13-08-2016 19:00,-13.63,995.11,18.82,82.8,41.73
13-08-2016 20:00,-14.6,995.81,21.09,88.68,43.01
13-08-2016 21:00,-14.77,996.41,21.95,85.1,41.17
13-08-2016 22:00,-14.85,996.77,20.19,85.73,41.47
13-08-2016 23:00,-14.63,996.99,21.48,85.2,39.66
14-08-2016 00:00,-14.62,997.05,22.11,84.88,38.34
14-08-2016 01:00,-14.52,997.5,16.34,74.93,39.78
14-08-2016 02:00,-15.27,997.64,19.05,82.35,37.52
14-08-2016 03:00,-15.67,997.89,15.98,82.28,38.6
14-08-2016 04:00,-15.92,997.84,18.45,76.68,39.14
14-08-2016 05:00,-15.85,997.64,16.94,80.28,38.18
14-08-2016 06:00,-15.46,997.6,14.16,76.33,36.95
14-08-2016 07:00,-15.41,997.38,14.18,77.77,36.13
14-08-2016 08:00,-15.62,997.01,14.04,79.75,36.78
14-08-2016 09:00,-15.74,996.96,13.99,81.52,36.28
14-08-2016 10:00,-16.21,996.41,14.38,86.12,37.19
14-08-2016 11:00,-16.3,995.98,11.84,79.6,36.43
14-08-2016 12:00,-16.66,995.34,16.63,85.47,35.82
14-08-2016 13:00,-17.08,995.07,7.95,71.32,37.63
14-08-2016 14:00,-17.43,994.64,8.48,65.3,37.4
14-08-2016 15:00,-18.05,994.74,7.33,71.02,39.75
14-08-2016 16:00,-17.87,994.6,12.06,70.73,37.3
14-08-2016 17:00,-18.53,994.64,8.83,71.73,39.42
14-08-2016 18:00,-18.36,994.4,13.51,86.78,35.64
14-08-2016 19:00,-18.37,994.62,11.58,82.02,35.38
14-08-2016 20:00,-18.89,995.06,13.5,87.1,35.64
14-08-2016 21:00,-19.26,995.46,14.36,86.67,35.86
14-08-2016 22:00,-19.72,996.13,13.7,84.08,36.56
14-08-2016 23:00,-20.48,996.79,14.62,87.92,37.88
15-08-2016 00:00,-21.18,997.42,16.7,89.27,38.09
15-08-2016 01:00,-21.54,998.08,14.68,92.87,38.05
15-08-2016 02:00,-22.32,998.9,17.23,89.47,37.89
15-08-2016 03:00,-22.56,999.8,15.74,89.18,38.24
15-08-2016 04:00,-23.16,1000.49,12.61,96.58,38.96
15-08-2016 05:00,-22.99,1001.05,18.76,81.4,36.1
15-08-2016 06:00,-22.6,1001.68,15.86,88.1,35.52
15-08-2016 07:00,-22.5,1002.41,12.87,87.28,36.05
15-08-2016 08:00,-22.75,1003.23,14.04,86.38,35.73
15-08-2016 09:00,-23.17,1003.98,13.16,87.1,35.46
15-08-2016 10:00,-23.61,1004.64,13.87,87.48,35.28
15-08-2016 11:00,-23.73,1005.36,9.88,87.92,36.44
15-08-2016 12:00,-24.26,1005.56,13.31,86.27,35.58
15-08-2016 13:00,-24.22,1006,11.39,86.53,35.25
15-08-2016 14:00,-24.51,1006.39,11.13,86.63,36.14
15-08-2016 15:00,-24.41,1006.35,9.39,86.73,36.03
15-08-2016 16:00,-24.9,1006.22,9.07,94.35,38.54
15-08-2016 17:00,-24.96,1005.98,7.01,93.27,39.41
15-08-2016 18:00,-25.11,1005.69,6,83.72,40.1
15-08-2016 19:00,-24.64,1005.04,7.14,77.1,39.73
15-08-2016 20:00,-24.75,1004.63,5.96,57.15,40.14
15-08-2016 21:00,-25.31,1004.18,4.46,37.23,41.88
15-08-2016 22:00,-24.98,1003.71,5.91,65.23,42.32
15-08-2016 23:00,-24.73,1003.1,4.93,75.03,41.15
16-08-2016 00:00,-24.98,1002.34,3.85,69.8,42.35
16-08-2016 01:00,-25.04,1001.6,3.04,50.57,43.4
16-08-2016 02:00,-23.5,1000.99,10.35,68.13,41.89
16-08-2016 03:00,-22.93,1000.5,12.67,66.8,41.57
16-08-2016 04:00,-23,999.64,15.18,53.8,42.72
16-08-2016 05:00,-21.86,998.91,15.74,72.75,40.82
16-08-2016 06:00,-21.3,998.36,17,73.5,40.34
16-08-2016 07:00,-21.03,998.19,17.11,58.52,40.88
16-08-2016 08:00,-21.32,998.2,15.53,59.67,42.87
16-08-2016 09:00,-21.52,998.05,12.37,76.12,43.41
16-08-2016 10:00,-21.6,997.68,10.6,79.72,42.97
16-08-2016 11:00,-21.51,997.58,10.7,82.52,41.58
16-08-2016 12:00,-21.32,997.11,10.75,76.32,41.18
16-08-2016 13:00,-21.16,996.73,11.87,65.47,42.24
16-08-2016 14:00,-21.24,996.53,10.75,73.97,42.36
16-08-2016 15:00,-21.12,996.27,11.14,77.27,40.69
16-08-2016 16:00,-21.55,996.25,8.88,81.15,41.57
16-08-2016 17:00,-21.57,995.84,10.22,85.72,41.17
16-08-2016 18:00,-21.16,995.47,12.53,66.57,40.08
16-08-2016 19:00,-21.16,995.16,14.4,56.82,41.02
16-08-2016 20:00,-21.04,994.89,13.83,49.58,41.15
16-08-2016 21:00,-21.04,994.67,13.18,50.6,42.19
16-08-2016 22:00,-21.04,994.6,11.55,54.4,43.88
16-08-2016 23:00,-21.36,994.61,8.13,73.53,45.57
17-08-2016 00:00,-22.17,994.55,8.46,98.68,47.22
17-08-2016 01:00,-22.18,994.33,7.4,94.55,46.71
17-08-2016 02:00,-22.15,993.89,6.62,106.28,47.6
17-08-2016 03:00,-21.61,993.76,4.25,113.4,46.67
17-08-2016 04:00,-20.87,993.68,4.97,104.57,44.71
17-08-2016 05:00,-20.67,993.58,5.58,112.88,45.12
17-08-2016 06:00,-19.81,993.18,4.39,61.72,42.76
17-08-2016 07:00,-19.73,993.14,0.52,100.48,43.28
17-08-2016 08:00,-19.7,989.9,9.3,52,46.5
17-08-2016 09:00,-20.34,992.1,8.1,66.02,46.85
17-08-2016 10:00,-20.42,992.33,7.09,78.73,45.85
17-08-2016 11:00,-20.8,992.23,5.94,86.3,44.9
17-08-2016 12:00,-20.87,991.96,7.91,90.3,44.06
17-08-2016 13:00,-20.57,991.48,9.08,90.57,43.28
17-08-2016 14:00,-20.43,991.01,7.5,90.67,43.32
17-08-2016 15:00,-20.2,990.56,6.14,83.87,42.25
17-08-2016 16:00,-20.62,990.33,4.84,84.58,43.43
17-08-2016 17:00,-20.76,990.06,6.16,95.88,42.78
17-08-2016 18:00,-20.68,989.7,8.69,98.55,42.28
17-08-2016 19:00,-20.85,989.26,8.18,102.12,42.25
17-08-2016 20:00,-20.28,988.69,8.23,87.13,40.51
17-08-2016 21:00,-19.88,988.03,8.34,86.03,39.05
17-08-2016 22:00,-19.74,987.29,8.19,83.88,38.38
17-08-2016 23:00,-20.25,986.98,5.34,81.23,39.11
18-08-2016 00:00,-20.67,986.39,6.21,100.03,40.11
18-08-2016 01:00,-21.15,985.93,5.62,97.03,41.67
18-08-2016 02:00,-20.93,985.33,6.38,92.23,41.48
18-08-2016 03:00,-20.1,984.98,4.6,75.25,38.73
18-08-2016 04:00,-19.22,984.75,3.46,88.28,37.41
18-08-2016 05:00,-18.79,984.57,6.54,76.42,38.26
18-08-2016 06:00,-17.82,984.14,12.73,83.4,37.15
18-08-2016 07:00,-17.66,983.52,13.31,80.6,37.91
18-08-2016 08:00,-17.36,983.08,11.33,74.92,36.87
18-08-2016 09:00,-17.86,982.65,10.63,76.38,38.4
18-08-2016 10:00,-18.33,982.3,10.6,87.12,38.63
18-08-2016 11:00,-18.6,982.16,10.4,91.53,38.04
18-08-2016 12:00,-19.32,981.88,11.34,98.07,39.43
18-08-2016 13:00,-19.34,981.6,11.98,96.3,38.76
18-08-2016 14:00,-19.59,981.22,13.9,95.25,38.89
18-08-2016 15:00,-19.35,980.69,14.61,91.43,38.34
18-08-2016 16:00,-19.55,980.39,13.79,94.57,38.38
18-08-2016 17:00,-19.36,980.01,14.54,91.1,37.46
18-08-2016 18:00,-19.11,979.98,9.94,79.77,36.19
18-08-2016 19:00,-19.22,979.89,12.54,86.78,36.42
18-08-2016 20:00,-19.2,979.72,14.11,84.28,35.84
18-08-2016 21:00,-19.17,979.53,15.5,85.42,35.68
18-08-2016 22:00,-19.08,979.35,16.22,83.58,36.32
18-08-2016 23:00,-18.97,978.98,18.06,82.58,35.39
19-08-2016 00:00,-19.31,978.6,19.85,85.37,37.11
19-08-2016 01:00,-19.22,978.58,17.09,85.48,36.88
19-08-2016 02:00,-19.48,978.52,17.66,87.38,36.62
19-08-2016 03:00,-19.57,978.75,15.39,86.98,37.67
19-08-2016 04:00,-19.66,978.79,21.16,86.52,37.79
19-08-2016 05:00,-19.36,979.04,19.97,89.27,40.92
19-08-2016 06:00,-18.8,979,20.62,85.9,40.98
19-08-2016 07:00,-18.25,979.11,16.9,86.28,42.44
19-08-2016 08:00,-18.05,979,13.53,77.45,47.43
19-08-2016 09:00,-18.16,979.13,7.5,77,52.66
19-08-2016 10:00,-17.58,979.1,3.19,71.52,52.43
19-08-2016 11:00,-16.72,978.99,2.05,151.73,53.63
19-08-2016 12:00,-16.46,978.94,4.15,191.62,56.82
19-08-2016 13:00,-15.63,978.81,4.33,161.67,55.67
19-08-2016 14:00,-14.84,978.56,3.54,92.98,52.56
19-08-2016 15:00,-14.76,978.37,3.93,76,51.69
19-08-2016 16:00,-14.66,978.16,5.15,95.93,51.78
19-08-2016 17:00,-15.16,977.95,10.41,92.4,49.47
19-08-2016 18:00,-15.55,977.93,9.21,98.97,49.97
19-08-2016 19:00,-15.73,977.84,10.03,99.63,48.98
19-08-2016 20:00,-15.39,977.66,8.94,111.25,52.08
19-08-2016 21:00,-14.38,977.54,7.09,107.28,59.38
19-08-2016 22:00,-13.36,977.16,9.65,87.3,64.94
19-08-2016 23:00,-11.93,977.08,7.41,71.95,70.98
20-08-2016 00:00,-10.85,976.6,8.57,71.54,68.96
20-08-2016 01:00,-9.89,976.19,11.02,77.8,64.84
20-08-2016 02:00,-9.1,975.81,15.37,76.88,62.05
20-08-2016 03:00,-8.42,975.71,18.07,67.05,65.88
20-08-2016 04:00,-8.01,975.82,17.46,62.37,69.99
20-08-2016 05:00,-8.01,975.9,15.65,62.68,79.41
20-08-2016 06:00,-7.63,976.15,15.45,64.08,84.44
20-08-2016 07:00,-7.41,976.55,12.67,68.73,85.41
20-08-2016 08:00,-7.3,976.62,15.56,78.53,79.19
20-08-2016 09:00,-7.61,976.47,19.38,83.28,66.25
20-08-2016 10:00,-8.49,976.46,18.36,84.4,60.18
20-08-2016 11:00,-9.32,976.71,24.41,84.62,57.33
20-08-2016 12:00,-10.47,976.72,28.61,82,62.59
20-08-2016 13:00,-10.2,976.62,28.38,83.38,57
20-08-2016 14:00,-10.13,976.25,31.05,82.82,53.61
20-08-2016 15:00,-9.54,976.43,27.45,84.8,51.69
20-08-2016 16:00,-8.96,976.22,27.77,84.27,51.92
20-08-2016 17:00,-8,976.3,27.88,82.58,51.81
20-08-2016 18:00,-8.04,976.2,28.7,81.77,54.16
20-08-2016 19:00,-8.62,976.25,28.67,81.48,54.74
20-08-2016 20:00,-9.24,975.88,29.89,88.82,52.81
20-08-2016 21:00,-10.04,975.55,31.88,86.57,51.14
20-08-2016 22:00,-10.22,975.32,30.24,87.15,47.46
20-08-2016 23:00,-10.45,975.04,30.23,84.07,48.26
21-08-2016 00:00,NaN,NaN,NaN,NaN,NaN
21-08-2016 01:00,NaN,NaN,NaN,NaN,NaN
21-08-2016 02:00,NaN,NaN,NaN,NaN,NaN
21-08-2016 03:00,NaN,NaN,NaN,NaN,NaN
21-08-2016 04:00,NaN,NaN,NaN,NaN,NaN
21-08-2016 05:00,NaN,NaN,NaN,NaN,NaN
21-08-2016 06:00,NaN,NaN,NaN,NaN,NaN
21-08-2016 07:00,NaN,NaN,NaN,NaN,NaN
21-08-2016 08:00,NaN,NaN,NaN,NaN,NaN
21-08-2016 09:00,NaN,NaN,NaN,NaN,NaN
21-08-2016 10:00,NaN,NaN,NaN,NaN,NaN
21-08-2016 11:00,NaN,NaN,NaN,NaN,NaN
21-08-2016 12:00,NaN,NaN,NaN,NaN,NaN
21-08-2016 13:00,NaN,NaN,NaN,NaN,NaN
21-08-2016 14:00,NaN,NaN,NaN,NaN,NaN
21-08-2016 15:00,NaN,NaN,NaN,NaN,NaN
21-08-2016 16:00,NaN,NaN,NaN,NaN,NaN
21-08-2016 17:00,NaN,NaN,NaN,NaN,NaN
21-08-2016 18:00,NaN,NaN,NaN,NaN,NaN
21-08-2016 19:00,NaN,NaN,NaN,NaN,NaN
21-08-2016 20:00,NaN,NaN,NaN,NaN,NaN
21-08-2016 21:00,NaN,NaN,NaN,NaN,NaN
21-08-2016 22:00,NaN,NaN,NaN,NaN,NaN
21-08-2016 23:00,NaN,NaN,NaN,NaN,NaN
22-08-2016 00:00,NaN,NaN,NaN,NaN,NaN
22-08-2016 01:00,NaN,NaN,NaN,NaN,NaN
22-08-2016 02:00,NaN,NaN,NaN,NaN,NaN
22-08-2016 03:00,NaN,NaN,NaN,NaN,NaN
22-08-2016 04:00,NaN,NaN,NaN,NaN,NaN
22-08-2016 05:00,NaN,NaN,NaN,NaN,NaN
22-08-2016 06:00,NaN,NaN,NaN,NaN,NaN
22-08-2016 07:00,NaN,NaN,NaN,NaN,NaN
22-08-2016 08:00,NaN,NaN,NaN,NaN,NaN
22-08-2016 09:00,NaN,NaN,NaN,NaN,NaN
22-08-2016 10:00,NaN,NaN,NaN,NaN,NaN
22-08-2016 11:00,NaN,NaN,NaN,NaN,NaN
22-08-2016 12:00,NaN,NaN,NaN,NaN,NaN
22-08-2016 13:00,NaN,NaN,NaN,NaN,NaN
22-08-2016 14:00,NaN,NaN,NaN,NaN,NaN
22-08-2016 15:00,NaN,NaN,NaN,NaN,NaN
22-08-2016 16:00,NaN,NaN,NaN,NaN,NaN
22-08-2016 17:00,NaN,NaN,NaN,NaN,NaN
22-08-2016 18:00,NaN,NaN,NaN,NaN,NaN
22-08-2016 19:00,NaN,NaN,NaN,NaN,NaN
22-08-2016 20:00,NaN,NaN,NaN,NaN,NaN
22-08-2016 21:00,NaN,NaN,NaN,NaN,NaN
22-08-2016 22:00,NaN,NaN,NaN,NaN,NaN
22-08-2016 23:00,NaN,NaN,NaN,NaN,NaN
23-08-2016 00:00,NaN,NaN,NaN,NaN,NaN
23-08-2016 01:00,NaN,NaN,NaN,NaN,NaN
23-08-2016 02:00,NaN,NaN,NaN,NaN,NaN
23-08-2016 03:00,NaN,NaN,NaN,NaN,NaN
23-08-2016 04:00,NaN,NaN,NaN,NaN,NaN
23-08-2016 05:00,NaN,NaN,NaN,NaN,NaN
23-08-2016 06:00,NaN,NaN,NaN,NaN,NaN
23-08-2016 07:00,NaN,NaN,NaN,NaN,NaN
23-08-2016 08:00,NaN,NaN,NaN,NaN,NaN
23-08-2016 09:00,NaN,NaN,NaN,NaN,NaN
23-08-2016 10:00,NaN,NaN,NaN,NaN,NaN
23-08-2016 11:00,NaN,NaN,NaN,NaN,NaN
23-08-2016 12:00,NaN,NaN,NaN,NaN,NaN
23-08-2016 13:00,NaN,NaN,NaN,NaN,NaN
23-08-2016 14:00,NaN,NaN,NaN,NaN,NaN
23-08-2016 15:00,NaN,NaN,NaN,NaN,NaN
23-08-2016 16:00,NaN,NaN,NaN,NaN,NaN
23-08-2016 17:00,NaN,NaN,NaN,NaN,NaN
23-08-2016 18:00,NaN,NaN,NaN,NaN,NaN
23-08-2016 19:00,NaN,NaN,NaN,NaN,NaN
23-08-2016 20:00,NaN,NaN,NaN,NaN,NaN
23-08-2016 21:00,NaN,NaN,NaN,NaN,NaN
23-08-2016 22:00,NaN,NaN,NaN,NaN,NaN
23-08-2016 23:00,NaN,NaN,NaN,NaN,NaN
24-08-2016 00:00,NaN,NaN,NaN,NaN,NaN
24-08-2016 01:00,NaN,NaN,NaN,NaN,NaN
24-08-2016 02:00,NaN,NaN,NaN,NaN,NaN
24-08-2016 03:00,NaN,NaN,NaN,NaN,NaN
24-08-2016 04:00,NaN,NaN,NaN,NaN,NaN
24-08-2016 05:00,NaN,NaN,NaN,NaN,NaN
24-08-2016 06:00,NaN,NaN,NaN,NaN,NaN
24-08-2016 07:00,NaN,NaN,NaN,NaN,NaN
24-08-2016 08:00,NaN,NaN,NaN,NaN,NaN
24-08-2016 09:00,NaN,NaN,NaN,NaN,NaN
24-08-2016 10:00,NaN,NaN,NaN,NaN,NaN
24-08-2016 11:00,NaN,NaN,NaN,NaN,NaN
24-08-2016 12:00,NaN,NaN,NaN,NaN,NaN
24-08-2016 13:00,NaN,NaN,NaN,NaN,NaN
24-08-2016 14:00,NaN,NaN,NaN,NaN,NaN
24-08-2016 15:00,NaN,NaN,NaN,NaN,NaN
24-08-2016 16:00,NaN,NaN,NaN,NaN,NaN
24-08-2016 17:00,NaN,NaN,NaN,NaN,NaN
24-08-2016 18:00,NaN,NaN,NaN,NaN,NaN
24-08-2016 19:00,NaN,NaN,NaN,NaN,NaN
24-08-2016 20:00,NaN,NaN,NaN,NaN,NaN
24-08-2016 21:00,NaN,NaN,NaN,NaN,NaN
24-08-2016 22:00,NaN,NaN,NaN,NaN,NaN
24-08-2016 23:00,NaN,NaN,NaN,NaN,NaN
25-08-2016 00:00,NaN,NaN,NaN,NaN,NaN
25-08-2016 01:00,NaN,NaN,NaN,NaN,NaN
25-08-2016 02:00,NaN,NaN,NaN,NaN,NaN
25-08-2016 03:00,NaN,NaN,NaN,NaN,NaN
25-08-2016 04:00,NaN,NaN,NaN,NaN,NaN
25-08-2016 05:00,NaN,NaN,NaN,NaN,NaN
25-08-2016 06:00,NaN,NaN,NaN,NaN,NaN
25-08-2016 07:00,NaN,NaN,NaN,NaN,NaN
25-08-2016 08:00,NaN,NaN,NaN,NaN,NaN
25-08-2016 09:00,NaN,NaN,NaN,NaN,NaN
25-08-2016 10:00,NaN,NaN,NaN,NaN,NaN
25-08-2016 11:00,NaN,NaN,NaN,NaN,NaN
25-08-2016 12:00,NaN,NaN,NaN,NaN,NaN
25-08-2016 13:00,NaN,NaN,NaN,NaN,NaN
25-08-2016 14:00,NaN,NaN,NaN,NaN,NaN
25-08-2016 15:00,NaN,NaN,NaN,NaN,NaN
25-08-2016 16:00,NaN,NaN,NaN,NaN,NaN
25-08-2016 17:00,NaN,NaN,NaN,NaN,NaN
25-08-2016 18:00,NaN,NaN,NaN,NaN,NaN
25-08-2016 19:00,NaN,NaN,NaN,NaN,NaN
25-08-2016 20:00,NaN,NaN,NaN,NaN,NaN
25-08-2016 21:00,NaN,NaN,NaN,NaN,NaN
25-08-2016 22:00,NaN,NaN,NaN,NaN,NaN
25-08-2016 23:00,NaN,NaN,NaN,NaN,NaN
26-08-2016 00:00,NaN,NaN,NaN,NaN,NaN
26-08-2016 01:00,NaN,NaN,NaN,NaN,NaN
26-08-2016 02:00,NaN,NaN,NaN,NaN,NaN
26-08-2016 03:00,NaN,NaN,NaN,NaN,NaN
26-08-2016 04:00,NaN,NaN,NaN,NaN,NaN
26-08-2016 05:00,NaN,NaN,NaN,NaN,NaN
26-08-2016 06:00,NaN,NaN,NaN,NaN,NaN
26-08-2016 07:00,NaN,NaN,NaN,NaN,NaN
26-08-2016 08:00,NaN,NaN,NaN,NaN,NaN
26-08-2016 09:00,NaN,NaN,NaN,NaN,NaN
26-08-2016 10:00,NaN,NaN,NaN,NaN,NaN
26-08-2016 11:00,NaN,NaN,NaN,NaN,NaN
26-08-2016 12:00,NaN,NaN,NaN,NaN,NaN
26-08-2016 13:00,NaN,NaN,NaN,NaN,NaN
26-08-2016 14:00,NaN,NaN,NaN,NaN,NaN
26-08-2016 15:00,NaN,NaN,NaN,NaN,NaN
26-08-2016 16:00,NaN,NaN,NaN,NaN,NaN
26-08-2016 17:00,NaN,NaN,NaN,NaN,NaN
26-08-2016 18:00,NaN,NaN,NaN,NaN,NaN
26-08-2016 19:00,NaN,NaN,NaN,NaN,NaN
26-08-2016 20:00,NaN,NaN,NaN,NaN,NaN
26-08-2016 21:00,NaN,NaN,NaN,NaN,NaN
26-08-2016 22:00,NaN,NaN,NaN,NaN,NaN
26-08-2016 23:00,NaN,NaN,NaN,NaN,NaN
27-08-2016 00:00,NaN,NaN,NaN,NaN,NaN
27-08-2016 01:00,NaN,NaN,NaN,NaN,NaN
27-08-2016 02:00,NaN,NaN,NaN,NaN,NaN
27-08-2016 03:00,NaN,NaN,NaN,NaN,NaN
27-08-2016 04:00,NaN,NaN,NaN,NaN,NaN
27-08-2016 05:00,NaN,NaN,NaN,NaN,NaN
27-08-2016 06:00,NaN,NaN,NaN,NaN,NaN
27-08-2016 07:00,NaN,NaN,NaN,NaN,NaN
27-08-2016 08:00,NaN,NaN,NaN,NaN,NaN
27-08-2016 09:00,NaN,NaN,NaN,NaN,NaN
27-08-2016 10:00,NaN,NaN,NaN,NaN,NaN
27-08-2016 11:00,NaN,NaN,NaN,NaN,NaN
27-08-2016 12:00,NaN,NaN,NaN,NaN,NaN
27-08-2016 13:00,NaN,NaN,NaN,NaN,NaN
27-08-2016 14:00,NaN,NaN,NaN,NaN,NaN
27-08-2016 15:00,NaN,NaN,NaN,NaN,NaN
27-08-2016 16:00,NaN,NaN,NaN,NaN,NaN
27-08-2016 17:00,NaN,NaN,NaN,NaN,NaN
27-08-2016 18:00,NaN,NaN,NaN,NaN,NaN
27-08-2016 19:00,NaN,NaN,NaN,NaN,NaN
27-08-2016 20:00,NaN,NaN,NaN,NaN,NaN
27-08-2016 21:00,NaN,NaN,NaN,NaN,NaN
27-08-2016 22:00,NaN,NaN,NaN,NaN,NaN
27-08-2016 23:00,NaN,NaN,NaN,NaN,NaN
28-08-2016 00:00,-18.61,974.96,15.13,90.25,68.57
28-08-2016 01:00,-18.65,974.43,14.82,89.22,67.29
28-08-2016 02:00,-18.96,973.99,13.09,93.52,67.06
28-08-2016 03:00,-19.02,973.65,13.72,90.7,66.83
28-08-2016 04:00,-18.7,973.21,14.3,89.1,65.57
28-08-2016 05:00,-18.08,972.65,11.58,83.93,62.43
28-08-2016 06:00,-18.11,971.92,12.22,88.13,62.5
28-08-2016 07:00,-17.68,971.36,12.75,74.77,58.16
28-08-2016 08:00,-17.87,970.95,14.4,65.22,56.68
28-08-2016 09:00,-18.09,970.79,13.3,76.68,55.17
28-08-2016 10:00,-18.34,970.9,12.57,78.6,52.91
28-08-2016 11:00,-18.8,970.94,12.49,81.2,51.55
28-08-2016 12:00,-19.25,971.05,13.36,83.5,50.91
28-08-2016 13:00,-19.64,971.25,13.72,84.93,49.39
28-08-2016 14:00,-19.77,971.37,13.38,79.52,47.4
28-08-2016 15:00,-20.48,971.38,15.01,82.5,48.13
28-08-2016 16:00,-20.89,971.41,16.08,81.08,47.76
28-08-2016 17:00,-21.39,971.51,15.35,83.92,48.3
28-08-2016 18:00,-21.48,971.87,12.01,85.17,44.74
28-08-2016 19:00,-22.23,972,13.67,91.3,45.44
28-08-2016 20:00,-22.35,972.32,10.63,93.88,43.27
28-08-2016 21:00,-23.22,972.5,11.65,96.35,44.38
28-08-2016 22:00,-23.23,972.66,11.1,83.42,43.26
28-08-2016 23:00,-23.75,972.78,12.23,87.02,44.86
29-08-2016 00:00,-23.72,973.04,10.86,87.54,42.7
29-08-2016 01:00,-24.54,973.18,10.96,91.47,43.63
29-08-2016 02:00,-24.72,973.21,10.55,90.47,43.68
29-08-2016 03:00,-24.73,973.35,10.31,94.87,43.55
29-08-2016 04:00,-24.38,973.54,10.91,92.03,41.78
29-08-2016 05:00,-23.83,973.33,9.18,81.77,39.87
29-08-2016 06:00,-23.21,973.42,6.99,63.12,36.01
29-08-2016 07:00,-23.23,973.51,9.05,64.68,36.42
29-08-2016 08:00,-23.37,973.8,8.08,79.08,38.12
29-08-2016 09:00,-23.81,973.99,7.49,77.13,38.28
29-08-2016 10:00,-24.43,973.81,9.38,86.18,39.18
29-08-2016 11:00,-25.46,973.88,9.16,91.38,40.5
29-08-2016 12:00,-26.18,973.92,11.96,99.18,39.81
29-08-2016 13:00,-26.78,974.05,10.67,103.8,42.59
29-08-2016 14:00,-26.95,974.26,12.43,96.3,43.47
29-08-2016 15:00,-27.05,974.27,13.6,92.23,43.07
29-08-2016 16:00,-26.76,974.2,15.32,80.55,41.38
29-08-2016 17:00,-27.13,974.41,12.75,94.07,42.17
29-08-2016 18:00,-27,974.68,9.44,106.6,39.19
29-08-2016 19:00,-27.21,974.87,10.89,101.33,37.81
29-08-2016 20:00,-27.61,975.22,11.77,102.2,38.65
29-08-2016 21:00,-27.74,975.32,12.9,82.1,42.83
29-08-2016 22:00,-28.24,975.63,11.21,86.43,44.12
29-08-2016 23:00,-27.96,975.88,13.22,92.35,40.64
30-08-2016 00:00,-27.75,975.97,14.46,93.39,40.43
30-08-2016 01:00,-27.68,976.01,13.95,91.17,42.47
30-08-2016 02:00,-27.04,976.26,12.49,92.77,41.65
30-08-2016 03:00,-27.31,976.43,12.51,87.23,39.89
30-08-2016 04:00,-27.15,976.64,12.99,92.38,38.47
30-08-2016 05:00,-26.98,976.88,11.37,92.12,40.37
30-08-2016 06:00,-26.37,977.07,11.34,89.37,40.43
30-08-2016 07:00,-25.27,977.24,9.81,78.58,35.44
30-08-2016 08:00,-25.2,977.42,8.62,80.78,36.59
30-08-2016 09:00,-25.27,977.56,9.22,75.93,35.9
30-08-2016 10:00,-26.43,977.7,11.23,82.15,39.29
30-08-2016 11:00,-27.3,977.9,13.19,98.03,41.57
30-08-2016 12:00,-27.13,978.07,13.76,92.42,39.18
30-08-2016 13:00,-26.16,978.3,12.37,93.45,36.46
30-08-2016 14:00,-26.33,978.56,7.55,87.4,38.18
30-08-2016 15:00,-24.77,978.72,7.59,73.37,39.91
30-08-2016 16:00,-23.67,978.7,7.57,75.6,39.55
30-08-2016 17:00,-23.14,978.92,6.06,79.03,38.48
30-08-2016 18:00,-23.15,979.11,6.75,76.42,42.83
30-08-2016 19:00,-23.11,979.6,8.59,50.52,52.74
30-08-2016 20:00,-23.61,979.95,5.03,63.98,60.23
30-08-2016 21:00,-23.42,980.36,2.46,80.48,61.45
30-08-2016 22:00,-23.54,980.78,4.16,74.15,65.06
30-08-2016 23:00,-23.95,981.19,5.41,88.15,63.66
31-08-2016 00:00,-24.64,981.5,5.97,93.2,60.16
31-08-2016 01:00,-24.63,981.89,5.93,94.62,60.53
31-08-2016 02:00,-24.61,982.42,4.35,89.73,61.38
31-08-2016 03:00,-24.31,982.68,6.6,97.4,59.5
31-08-2016 04:00,-24.07,982.99,4.69,109.05,58.8
31-08-2016 05:00,-23.38,983.11,3.86,115.23,56.35
31-08-2016 06:00,-23.03,983.51,3.32,127.68,56.04
31-08-2016 07:00,-22.93,983.68,2.99,185.9,54.96
31-08-2016 08:00,-23.47,983.71,5.98,201.33,57.89
31-08-2016 09:00,-23.52,983.48,6.84,199.55,58.26
31-08-2016 10:00,-24.05,983.5,6.68,214.75,58.19
31-08-2016 11:00,-24.42,983.5,2.73,178.42,58.54
31-08-2016 12:00,-25.73,983.39,5.47,171.95,60.68
31-08-2016 13:00,-25.58,982.98,4.67,197.52,60.59
31-08-2016 14:00,-26.09,982.34,4.01,138.32,60.8
31-08-2016 15:00,-27.09,981.61,3.81,157.72,61.54
31-08-2016 16:00,-26.31,980.78,3.13,261.43,62.62
31-08-2016 17:00,-26.23,979.86,2.48,149.95,58.45
31-08-2016 18:00,-26.66,978.89,2.52,104.38,59.7
31-08-2016 19:00,-24.6,977.5,4.26,103.53,52.85
31-08-2016 20:00,-27.22,976.68,4.16,34.62,52.48
31-08-2016 21:00,-25.53,975.49,2.91,94.7,53.03
31-08-2016 22:00,-25.03,974.29,2.25,140.75,48.88
31-08-2016 23:00,-25.28,973.18,1.92,208.53,50.18
01-09-2016 00:00,-25.06,971.88,1.91,225.97,49.86
01-09-2016 01:00,-23.4,970.82,3.77,116.38,49.8
01-09-2016 02:00,-22.41,969.65,2.67,192.62,52.84
01-09-2016 03:00,-21.48,968.38,6.04,202.98,60.45
01-09-2016 04:00,-21.27,967.12,10.06,199.15,66.17
01-09-2016 05:00,-19.19,966.07,5.59,171.92,73.96
01-09-2016 06:00,-17.52,965.05,3.08,113.03,77.21
01-09-2016 07:00,-17.2,964.15,3.86,85.47,77.63
01-09-2016 08:00,-17.52,963.29,1.72,61.33,77.31
01-09-2016 09:00,-18.65,962.48,0.89,103.95,76.27
01-09-2016 10:00,-18.67,961.59,1.8,203.03,76.01
01-09-2016 11:00,-19.41,960.54,1.39,188.62,75.28
01-09-2016 12:00,-19.88,959.64,1.37,151.77,75.02
01-09-2016 13:00,-20.31,958.49,0.52,174.32,74.45
01-09-2016 14:00,-20.59,957.36,1.31,155.07,74.2
01-09-2016 15:00,-20.46,956.39,0.94,163.02,74.31
01-09-2016 16:00,-20.8,955.81,0.86,71.62,73.83
01-09-2016 17:00,-20.89,955.17,0.78,214.02,73.71
01-09-2016 18:00,-21.39,954.52,1.18,213.42,73.18
01-09-2016 19:00,-21.15,953.81,2.12,220.85,73.79
01-09-2016 20:00,-20.84,953.42,3.07,195.37,74.1
01-09-2016 21:00,-20.5,952.93,0.72,163.5,74.5
01-09-2016 22:00,-19.03,952.51,1.79,67.38,76.07
01-09-2016 23:00,-19.81,951.97,1.03,71.97,75.12
02-09-2016 00:00,NaN,NaN,NaN,NaN,NaN
02-09-2016 01:00,NaN,NaN,NaN,NaN,NaN
02-09-2016 02:00,NaN,NaN,NaN,NaN,NaN
02-09-2016 03:00,NaN,NaN,NaN,NaN,NaN
02-09-2016 04:00,NaN,NaN,NaN,NaN,NaN
02-09-2016 05:00,NaN,NaN,NaN,NaN,NaN
02-09-2016 06:00,NaN,NaN,NaN,NaN,NaN
02-09-2016 07:00,NaN,NaN,NaN,NaN,NaN
02-09-2016 08:00,NaN,NaN,NaN,NaN,NaN
02-09-2016 09:00,NaN,NaN,NaN,NaN,NaN
02-09-2016 10:00,NaN,NaN,NaN,NaN,NaN
02-09-2016 11:00,NaN,NaN,NaN,NaN,NaN
02-09-2016 12:00,NaN,NaN,NaN,NaN,NaN
02-09-2016 13:00,NaN,NaN,NaN,NaN,NaN
02-09-2016 14:00,NaN,NaN,NaN,NaN,NaN
02-09-2016 15:00,NaN,NaN,NaN,NaN,NaN
02-09-2016 16:00,NaN,NaN,NaN,NaN,NaN
02-09-2016 17:00,NaN,NaN,NaN,NaN,NaN
02-09-2016 18:00,NaN,NaN,NaN,NaN,NaN
02-09-2016 19:00,NaN,NaN,NaN,NaN,NaN
02-09-2016 20:00,NaN,NaN,NaN,NaN,NaN
02-09-2016 21:00,NaN,NaN,NaN,NaN,NaN
02-09-2016 22:00,NaN,NaN,NaN,NaN,NaN
02-09-2016 23:00,NaN,NaN,NaN,NaN,NaN
03-09-2016 00:00,NaN,NaN,NaN,NaN,NaN
03-09-2016 01:00,NaN,NaN,NaN,NaN,NaN
03-09-2016 02:00,NaN,NaN,NaN,NaN,NaN
03-09-2016 03:00,NaN,NaN,NaN,NaN,NaN
03-09-2016 04:00,NaN,NaN,NaN,NaN,NaN
03-09-2016 05:00,NaN,NaN,NaN,NaN,NaN
03-09-2016 06:00,NaN,NaN,NaN,NaN,NaN
03-09-2016 07:00,NaN,NaN,NaN,NaN,NaN
03-09-2016 08:00,NaN,NaN,NaN,NaN,NaN
03-09-2016 09:00,NaN,NaN,NaN,NaN,NaN
03-09-2016 10:00,NaN,NaN,NaN,NaN,NaN
03-09-2016 11:00,NaN,NaN,NaN,NaN,NaN
03-09-2016 12:00,NaN,NaN,NaN,NaN,NaN
03-09-2016 13:00,NaN,NaN,NaN,NaN,NaN
03-09-2016 14:00,NaN,NaN,NaN,NaN,NaN
03-09-2016 15:00,NaN,NaN,NaN,NaN,NaN
03-09-2016 16:00,NaN,NaN,NaN,NaN,NaN
03-09-2016 17:00,NaN,NaN,NaN,NaN,NaN
03-09-2016 18:00,NaN,NaN,NaN,NaN,NaN
03-09-2016 19:00,NaN,NaN,NaN,NaN,NaN
03-09-2016 20:00,NaN,NaN,NaN,NaN,NaN
03-09-2016 21:00,NaN,NaN,NaN,NaN,NaN
03-09-2016 22:00,NaN,NaN,NaN,NaN,NaN
03-09-2016 23:00,NaN,NaN,NaN,NaN,NaN
04-09-2016 00:00,NaN,NaN,NaN,NaN,NaN
04-09-2016 01:00,NaN,NaN,NaN,NaN,NaN
04-09-2016 02:00,NaN,NaN,NaN,NaN,NaN
04-09-2016 03:00,NaN,NaN,NaN,NaN,NaN
04-09-2016 04:00,NaN,NaN,NaN,NaN,NaN
04-09-2016 05:00,NaN,NaN,NaN,NaN,NaN
04-09-2016 06:00,NaN,NaN,NaN,NaN,NaN
04-09-2016 07:00,NaN,NaN,NaN,NaN,NaN
04-09-2016 08:00,NaN,NaN,NaN,NaN,NaN
04-09-2016 09:00,NaN,NaN,NaN,NaN,NaN
04-09-2016 10:00,NaN,NaN,NaN,NaN,NaN
04-09-2016 11:00,NaN,NaN,NaN,NaN,NaN
04-09-2016 12:00,NaN,NaN,NaN,NaN,NaN
04-09-2016 13:00,NaN,NaN,NaN,NaN,NaN
04-09-2016 14:00,NaN,NaN,NaN,NaN,NaN
04-09-2016 15:00,NaN,NaN,NaN,NaN,NaN
04-09-2016 16:00,NaN,NaN,NaN,NaN,NaN
04-09-2016 17:00,NaN,NaN,NaN,NaN,NaN
04-09-2016 18:00,NaN,NaN,NaN,NaN,NaN
04-09-2016 19:00,NaN,NaN,NaN,NaN,NaN
04-09-2016 20:00,NaN,NaN,NaN,NaN,NaN
04-09-2016 21:00,NaN,NaN,NaN,NaN,NaN
04-09-2016 22:00,NaN,NaN,NaN,NaN,NaN
04-09-2016 23:00,NaN,NaN,NaN,NaN,NaN
05-09-2016 00:00,-26.48,966.86,2.49,128.42,68.01
05-09-2016 01:00,-26.05,966.84,1.72,107.98,68.44
05-09-2016 02:00,-25.15,966.89,2.36,68.35,69.33
05-09-2016 03:00,-24.56,966.93,2.46,104.75,70.07
05-09-2016 04:00,-25.17,967.2,0.95,191.28,69.39
05-09-2016 05:00,-24.25,967.37,0.47,82.52,70.23
05-09-2016 06:00,-23.61,967.64,1,52.65,70.81
05-09-2016 07:00,-23.85,968.15,1.48,57.48,70.6
05-09-2016 08:00,-26.45,968.47,4.21,71.97,68.3
05-09-2016 09:00,-27.95,968.91,4.67,208.65,66.89
05-09-2016 10:00,-29.73,969.68,3.03,140.93,65.17
05-09-2016 11:00,-30.49,970.22,3.39,162.57,63.81
05-09-2016 12:00,-31.68,970.85,4.7,287.42,62.66
05-09-2016 13:00,-32.33,971.55,NaN,NaN,61.98
05-09-2016 14:00,-32.31,972.06,3.85,163,62.11
05-09-2016 15:00,-32.97,972.63,NaN,NaN,61.34
05-09-2016 16:00,-32.16,973.06,NaN,NaN,62.23
05-09-2016 17:00,-32.27,973.62,NaN,NaN,61.92
05-09-2016 18:00,-31.42,973.95,3.7,119,62.84
05-09-2016 19:00,-31.54,974.31,NaN,NaN,62.69
05-09-2016 20:00,-32.21,974.76,NaN,NaN,61.8
05-09-2016 21:00,-31.92,975.26,NaN,NaN,62.2
05-09-2016 22:00,-32.42,975.31,NaN,NaN,61.47
05-09-2016 23:00,-32.18,975.45,NaN,NaN,61.72
06-09-2016 00:00,-33.19,976.12,NaN,NaN,60.73
06-09-2016 01:00,-32.84,976.76,NaN,NaN,60.87
06-09-2016 02:00,-32.64,977.01,NaN,NaN,61.4
06-09-2016 03:00,-32.66,977.25,NaN,NaN,61.14
06-09-2016 04:00,-32.52,977.6,2.32,191.1,61.3
06-09-2016 05:00,-31.91,977.86,2.39,138.65,62.03
06-09-2016 06:00,-32.15,978.29,2.47,204.45,61.89
06-09-2016 07:00,-32.16,978.62,5.44,248.63,61.85
06-09-2016 08:00,-31.96,978.56,2.43,112.43,61.98
06-09-2016 09:00,-34.04,978.58,5.27,278.38,59.92
06-09-2016 10:00,-33.68,978.29,NaN,NaN,60.19
06-09-2016 11:00,-33.09,977.87,NaN,NaN,60.79
06-09-2016 12:00,-34.92,977.69,NaN,NaN,58.89
06-09-2016 13:00,-36.27,977.38,NaN,NaN,57.48
06-09-2016 14:00,-37.37,977.2,NaN,NaN,56.37
06-09-2016 15:00,-37.92,976.72,NaN,NaN,55.79
06-09-2016 16:00,-39.18,976.23,NaN,NaN,53.71
06-09-2016 17:00,-39.2,975.66,NaN,NaN,52.94
06-09-2016 18:00,-39.2,974.54,NaN,NaN,52.05
06-09-2016 19:00,-37.15,973.73,NaN,NaN,55.1
06-09-2016 20:00,-36.86,972.95,NaN,NaN,56.54
06-09-2016 21:00,-38.89,972.22,NaN,NaN,54.41
06-09-2016 22:00,-38.55,971.48,NaN,NaN,54.56
06-09-2016 23:00,-38.77,970.7,NaN,NaN,54.38
07-09-2016 00:00,-39.07,969.89,NaN,NaN,53.99
07-09-2016 01:00,-38.16,968.99,NaN,NaN,54.86
07-09-2016 02:00,-36.47,968.15,4.36,324.77,56.67
07-09-2016 03:00,-30.63,967.24,1.45,243.88,62.77
07-09-2016 04:00,-27.67,966.51,4.46,120.18,66.03
07-09-2016 05:00,-27.25,965.65,1.75,119.97,66.62
07-09-2016 06:00,-25.54,964.81,0.46,164.42,68.39
07-09-2016 07:00,-25.43,963.96,2.53,241.5,68.64
07-09-2016 08:00,-27.82,963.17,4.75,200.65,65.91
07-09-2016 09:00,-30.55,962.34,3.17,172.37,63.19
07-09-2016 10:00,-31.2,961.63,2.95,162.57,62.34
07-09-2016 11:00,-33.1,960.91,3.81,157.76,60.35
07-09-2016 12:00,-33.59,960.37,4.93,99.8,59.86
07-09-2016 13:00,-31.58,959.67,4.15,256.67,61.75
07-09-2016 14:00,-32.41,959.07,4.28,306.75,60.93
07-09-2016 15:00,-34.16,958.24,NaN,NaN,59.17
07-09-2016 16:00,-36.48,957.67,NaN,NaN,56.82
07-09-2016 17:00,-37.7,957.21,NaN,NaN,55.57
07-09-2016 18:00,-38.37,956.59,NaN,NaN,54.79
07-09-2016 19:00,-39.14,956.5,NaN,NaN,53.63
07-09-2016 20:00,-38.81,956.69,NaN,NaN,54.16
07-09-2016 21:00,-36.75,956.41,NaN,NaN,56.5
07-09-2016 22:00,-37.04,956.68,NaN,NaN,56.42
07-09-2016 23:00,-38.12,956.99,NaN,NaN,55.25
08-09-2016 00:00,-37.79,957.22,NaN,NaN,55.47
08-09-2016 01:00,-36.88,957.51,NaN,NaN,56.34
08-09-2016 02:00,-38.59,957.87,NaN,NaN,54.75
08-09-2016 03:00,-37.62,958.48,NaN,NaN,55.49
08-09-2016 04:00,-35.98,958.82,6.66,312.56,57.22
08-09-2016 05:00,-34.73,959.33,5.67,60.85,58.39
08-09-2016 06:00,-34.84,959.97,6.29,37.98,58.28
08-09-2016 07:00,-34.52,960.85,6.92,35.37,58.56
08-09-2016 08:00,-34.37,961.57,6.89,40.98,58.65
08-09-2016 09:00,-33.54,962.46,3.11,131.02,59.46
08-09-2016 10:00,-34.02,963.17,3.13,178.53,59.02
08-09-2016 11:00,-34.49,963.81,1.85,173.5,58.5
08-09-2016 12:00,-34.74,964.56,NaN,NaN,58.17
08-09-2016 13:00,-34.96,965.24,NaN,NaN,57.95
08-09-2016 14:00,-35.23,965.82,NaN,NaN,57.48
08-09-2016 15:00,-35.37,966.11,NaN,NaN,57.18
08-09-2016 16:00,-37.15,966.14,NaN,NaN,55.43
08-09-2016 17:00,-38.04,966.15,NaN,NaN,54.52
08-09-2016 18:00,-38.03,966.14,NaN,NaN,54.57
08-09-2016 19:00,-35.83,966.15,NaN,NaN,56.3
08-09-2016 20:00,-32.94,965.48,NaN,NaN,58.2
08-09-2016 21:00,-32.44,964.67,NaN,NaN,58.14
08-09-2016 22:00,-31.64,964.25,5.87,183.67,58.15
08-09-2016 23:00,-30.2,964.01,8.56,201.94,57.87
09-09-2016 00:00,NaN,NaN,NaN,NaN,NaN
09-09-2016 01:00,NaN,NaN,NaN,NaN,NaN
09-09-2016 02:00,NaN,NaN,NaN,NaN,NaN
09-09-2016 03:00,NaN,NaN,NaN,NaN,NaN
09-09-2016 04:00,NaN,NaN,NaN,NaN,NaN
09-09-2016 05:00,NaN,NaN,NaN,NaN,NaN
09-09-2016 06:00,NaN,NaN,NaN,NaN,NaN
09-09-2016 07:00,NaN,NaN,NaN,NaN,NaN
09-09-2016 08:00,NaN,NaN,NaN,NaN,NaN
09-09-2016 09:00,NaN,NaN,NaN,NaN,NaN
09-09-2016 10:00,NaN,NaN,NaN,NaN,NaN
09-09-2016 11:00,NaN,NaN,NaN,NaN,NaN
09-09-2016 12:00,NaN,NaN,NaN,NaN,NaN
09-09-2016 13:00,NaN,NaN,NaN,NaN,NaN
09-09-2016 14:00,NaN,NaN,NaN,NaN,NaN
09-09-2016 15:00,NaN,NaN,NaN,NaN,NaN
09-09-2016 16:00,NaN,NaN,NaN,NaN,NaN
09-09-2016 17:00,NaN,NaN,NaN,NaN,NaN
09-09-2016 18:00,NaN,NaN,NaN,NaN,NaN
09-09-2016 19:00,NaN,NaN,NaN,NaN,NaN
09-09-2016 20:00,NaN,NaN,NaN,NaN,NaN
09-09-2016 21:00,NaN,NaN,NaN,NaN,NaN
09-09-2016 22:00,NaN,NaN,NaN,NaN,NaN
09-09-2016 23:00,NaN,NaN,NaN,NaN,NaN
10-09-2016 00:00,NaN,NaN,NaN,NaN,NaN
10-09-2016 01:00,NaN,NaN,NaN,NaN,NaN
10-09-2016 02:00,NaN,NaN,NaN,NaN,NaN
10-09-2016 03:00,NaN,NaN,NaN,NaN,NaN
10-09-2016 04:00,NaN,NaN,NaN,NaN,NaN
10-09-2016 05:00,NaN,NaN,NaN,NaN,NaN
10-09-2016 06:00,NaN,NaN,NaN,NaN,NaN
10-09-2016 07:00,NaN,NaN,NaN,NaN,NaN
10-09-2016 08:00,NaN,NaN,NaN,NaN,NaN
10-09-2016 09:00,NaN,NaN,NaN,NaN,NaN
10-09-2016 10:00,NaN,NaN,NaN,NaN,NaN
10-09-2016 11:00,NaN,NaN,NaN,NaN,NaN
10-09-2016 12:00,NaN,NaN,NaN,NaN,NaN
10-09-2016 13:00,NaN,NaN,NaN,NaN,NaN
10-09-2016 14:00,NaN,NaN,NaN,NaN,NaN
10-09-2016 15:00,NaN,NaN,NaN,NaN,NaN
10-09-2016 16:00,NaN,NaN,NaN,NaN,NaN
10-09-2016 17:00,NaN,NaN,NaN,NaN,NaN
10-09-2016 18:00,NaN,NaN,NaN,NaN,NaN
10-09-2016 19:00,NaN,NaN,NaN,NaN,NaN
10-09-2016 20:00,NaN,NaN,NaN,NaN,NaN
10-09-2016 21:00,NaN,NaN,NaN,NaN,NaN
10-09-2016 22:00,NaN,NaN,NaN,NaN,NaN
10-09-2016 23:00,NaN,NaN,NaN,NaN,NaN
11-09-2016 00:00,-6.7,927.15,42.58,49.54,91.01
11-09-2016 01:00,-6.81,926.6,35.66,48.22,90.91
11-09-2016 02:00,-7.18,926,36.69,47.98,90.51
11-09-2016 03:00,-7.27,925.11,34.46,43.57,90.4
11-09-2016 04:00,-6.84,922.95,39.88,66.03,90.75
11-09-2016 05:00,-6.95,922.87,37.52,66.42,90.4
11-09-2016 06:00,-6.8,924.19,31.37,41.45,90.65
11-09-2016 07:00,-7.05,924.08,31.51,39.97,90.42
11-09-2016 08:00,-7.02,923.92,33.34,47.87,90.3
11-09-2016 09:00,-7.21,923.69,30,53.85,90.08
11-09-2016 10:00,-7.5,923.22,28.18,54.6,89.88
11-09-2016 11:00,-7.95,923.2,31.42,55.63,89.61
11-09-2016 12:00,-8.44,924.3,25.14,41.75,89.42
11-09-2016 13:00,-9.47,925.05,30.96,44.87,88.35
11-09-2016 14:00,-10.71,925.88,36.21,47,87.02
11-09-2016 15:00,-13.24,928.17,31.48,41.25,84.3
11-09-2016 16:00,-15.26,930.76,31.09,44.45,81.95
11-09-2016 17:00,-16.02,932.58,29.06,45.23,81.05
11-09-2016 18:00,-16,935.08,29.98,45.15,80.93
11-09-2016 19:00,-16.56,936.8,35.88,43.23,80.33
11-09-2016 20:00,-17.61,939.54,24.77,41.78,79.15
11-09-2016 21:00,-18.37,941.27,20.53,44.78,78.26
11-09-2016 22:00,-18.65,942.89,13.49,58.05,77.89
11-09-2016 23:00,-18.7,944.15,8.72,62.52,77.78
12-09-2016 00:00,NaN,NaN,NaN,NaN,NaN
12-09-2016 01:00,NaN,NaN,NaN,NaN,NaN
12-09-2016 02:00,NaN,NaN,NaN,NaN,NaN
12-09-2016 03:00,NaN,NaN,NaN,NaN,NaN
12-09-2016 04:00,NaN,NaN,NaN,NaN,NaN
12-09-2016 05:00,NaN,NaN,NaN,NaN,NaN
12-09-2016 06:00,NaN,NaN,NaN,NaN,NaN
12-09-2016 07:00,NaN,NaN,NaN,NaN,NaN
12-09-2016 08:00,NaN,NaN,NaN,NaN,NaN
12-09-2016 09:00,NaN,NaN,NaN,NaN,NaN
12-09-2016 10:00,NaN,NaN,NaN,NaN,NaN
12-09-2016 11:00,NaN,NaN,NaN,NaN,NaN
12-09-2016 12:00,NaN,NaN,NaN,NaN,NaN
12-09-2016 13:00,NaN,NaN,NaN,NaN,NaN
12-09-2016 14:00,NaN,NaN,NaN,NaN,NaN
12-09-2016 15:00,NaN,NaN,NaN,NaN,NaN
12-09-2016 16:00,NaN,NaN,NaN,NaN,NaN
12-09-2016 17:00,NaN,NaN,NaN,NaN,NaN
12-09-2016 18:00,NaN,NaN,NaN,NaN,NaN
12-09-2016 19:00,NaN,NaN,NaN,NaN,NaN
12-09-2016 20:00,NaN,NaN,NaN,NaN,NaN
12-09-2016 21:00,NaN,NaN,NaN,NaN,NaN
12-09-2016 22:00,NaN,NaN,NaN,NaN,NaN
12-09-2016 23:00,NaN,NaN,NaN,NaN,NaN
13-09-2016 00:00,-14.46,960.86,14.19,77.93,82.33
13-09-2016 01:00,-14.88,961.93,13.84,78.57,81.76
13-09-2016 02:00,-15.12,963.01,13.41,85.33,81.5
13-09-2016 03:00,-15.84,963.67,17.66,87.53,80.53
13-09-2016 04:00,-15.55,964.18,18.59,84.77,80.64
13-09-2016 05:00,-15.63,964.7,17.75,85.13,80.45
13-09-2016 06:00,-15.43,965.19,14.5,86.67,80.63
13-09-2016 07:00,-15.35,965.64,12.66,86.95,80.72
13-09-2016 08:00,-15.5,966.22,8.29,92.78,80.59
13-09-2016 09:00,-15.69,966.8,6.84,104.08,80.34
13-09-2016 10:00,-16.09,966.98,7.64,111.77,79.78
13-09-2016 11:00,-17,967.43,7.68,102.8,78.82
13-09-2016 12:00,-17.98,968.04,7.94,97.22,77.82
13-09-2016 13:00,-18.61,968.69,8.91,102.08,77
13-09-2016 14:00,-18.38,969.07,9.97,86.03,77.2
13-09-2016 15:00,-18.41,969.68,9.6,80.45,77.12
13-09-2016 16:00,-19.41,970.12,4.77,77.43,76.16
13-09-2016 17:00,-19.89,970.56,4.66,89.07,75.62
13-09-2016 18:00,-20.37,971.32,4.15,55.18,75.11
13-09-2016 19:00,-20.86,972.24,4.83,55.37,74.59
13-09-2016 20:00,-23.21,972.87,4.81,40.38,72.33
13-09-2016 21:00,-25.25,973.29,3.23,28.42,70.14
13-09-2016 22:00,-23.84,973.62,5.48,55.67,71.39
13-09-2016 23:00,-22.72,974.17,4.56,57.38,72.62
14-09-2016 00:00,-24.49,974.53,4.53,46.88,70.92
14-09-2016 01:00,-23.08,974.67,6.09,63.1,72.17
14-09-2016 02:00,-24.25,974.88,3.55,35.1,71.22
14-09-2016 03:00,-24.86,975.01,5.51,22.88,70.6
14-09-2016 04:00,-24.65,975.12,4.94,39.05,70.8
14-09-2016 05:00,-24.76,975.18,5.13,20.03,70.88
14-09-2016 06:00,-24.08,975.31,2.45,205.52,71.52
14-09-2016 07:00,-24.32,975.36,5.15,220.57,71.32
14-09-2016 08:00,-23.22,975.25,4.38,194.05,72.31
14-09-2016 09:00,-22.48,975.07,5.13,208.35,73.14
14-09-2016 10:00,-22.27,974.8,6.65,209.02,73.34
14-09-2016 11:00,-22.45,974.48,7.33,184.2,72.99
14-09-2016 12:00,-23.48,974.39,1.59,168.2,71.89
14-09-2016 13:00,-24.79,974.1,1.25,238.87,70.38
14-09-2016 14:00,-24.99,973.65,1.78,172.9,70.02
14-09-2016 15:00,-24.74,973.12,2.66,99.57,70.2
14-09-2016 16:00,-23.19,972.35,5.79,108.03,71.42
14-09-2016 17:00,-23.4,971.76,6.77,97.92,71.22
14-09-2016 18:00,-23.37,971.44,4.68,72.87,71.29
14-09-2016 19:00,-23.84,970.89,4.07,75.23,70.86
14-09-2016 20:00,-23.65,970.16,3.19,61.98,71.01
14-09-2016 21:00,-24.42,969.64,3.87,58.1,70.19
14-09-2016 22:00,-24.09,969.05,5.82,75.73,70.56
14-09-2016 23:00,-23.75,968.42,5.92,57.02,70.77
15-09-2016 00:00,-23.27,967.86,7.53,69.42,71.18
15-09-2016 01:00,-22.76,967.65,7.88,61.15,71.64
15-09-2016 02:00,-21.47,967.26,14.27,56.42,72.86
15-09-2016 03:00,-20.37,966.78,19.7,64.03,74.07
15-09-2016 04:00,-19.71,966.48,20.11,70.53,74.61
15-09-2016 05:00,-19.05,966.23,19.72,63.43,74.83
15-09-2016 06:00,-18.88,966.15,17.26,63.83,75.07
15-09-2016 07:00,-18.74,966.34,15.98,65.88,75.28
15-09-2016 08:00,-18.72,966.43,14.01,61.18,75.28
15-09-2016 09:00,-18.68,966.38,13.1,66.42,75.27
15-09-2016 10:00,-18.88,966.07,13.89,62.68,75.07
15-09-2016 11:00,-19.58,966.25,10.56,57.9,74.56
15-09-2016 12:00,-20.09,966.78,8.58,59.28,74
15-09-2016 13:00,-20.32,967.58,7.98,83.87,73.79
15-09-2016 14:00,-20.65,967.81,3.79,81.23,73.45
15-09-2016 15:00,-20.47,968.27,4,95.78,73.56
15-09-2016 16:00,-20.55,968.49,7.87,104.82,73.22
15-09-2016 17:00,-20.17,969.08,7.99,100.38,73.42
15-09-2016 18:00,-20.19,969.57,9.92,95.4,73.59
15-09-2016 19:00,-18.76,970.29,13.6,80.93,74.9
15-09-2016 20:00,-17.81,970.99,15.38,74.28,75.06
15-09-2016 21:00,-17.53,972.17,15.17,72.58,74.89
15-09-2016 22:00,-17.51,973.07,14.99,71.85,74.71
15-09-2016 23:00,-17.8,973.88,15.14,60.68,74.43
16-09-2016 00:00,NaN,NaN,NaN,NaN,NaN
16-09-2016 01:00,NaN,NaN,NaN,NaN,NaN
16-09-2016 02:00,NaN,NaN,NaN,NaN,NaN
16-09-2016 03:00,NaN,NaN,NaN,NaN,NaN
16-09-2016 04:00,NaN,NaN,NaN,NaN,NaN
16-09-2016 05:00,NaN,NaN,NaN,NaN,NaN
16-09-2016 06:00,NaN,NaN,NaN,NaN,NaN
16-09-2016 07:00,NaN,NaN,NaN,NaN,NaN
16-09-2016 08:00,NaN,NaN,NaN,NaN,NaN
16-09-2016 09:00,NaN,NaN,NaN,NaN,NaN
16-09-2016 10:00,NaN,NaN,NaN,NaN,NaN
16-09-2016 11:00,NaN,NaN,NaN,NaN,NaN
16-09-2016 12:00,NaN,NaN,NaN,NaN,NaN
16-09-2016 13:00,NaN,NaN,NaN,NaN,NaN
16-09-2016 14:00,NaN,NaN,NaN,NaN,NaN
16-09-2016 15:00,NaN,NaN,NaN,NaN,NaN
16-09-2016 16:00,NaN,NaN,NaN,NaN,NaN
16-09-2016 17:00,NaN,NaN,NaN,NaN,NaN
16-09-2016 18:00,NaN,NaN,NaN,NaN,NaN
16-09-2016 19:00,NaN,NaN,NaN,NaN,NaN
16-09-2016 20:00,NaN,NaN,NaN,NaN,NaN
16-09-2016 21:00,NaN,NaN,NaN,NaN,NaN
16-09-2016 22:00,NaN,NaN,NaN,NaN,NaN
16-09-2016 23:00,NaN,NaN,NaN,NaN,NaN
17-09-2016 00:00,NaN,NaN,NaN,NaN,NaN
17-09-2016 01:00,NaN,NaN,NaN,NaN,NaN
17-09-2016 02:00,NaN,NaN,NaN,NaN,NaN
17-09-2016 03:00,NaN,NaN,NaN,NaN,NaN
17-09-2016 04:00,NaN,NaN,NaN,NaN,NaN
17-09-2016 05:00,NaN,NaN,NaN,NaN,NaN
17-09-2016 06:00,NaN,NaN,NaN,NaN,NaN
17-09-2016 07:00,NaN,NaN,NaN,NaN,NaN
17-09-2016 08:00,NaN,NaN,NaN,NaN,NaN
17-09-2016 09:00,NaN,NaN,NaN,NaN,NaN
17-09-2016 10:00,NaN,NaN,NaN,NaN,NaN
17-09-2016 11:00,NaN,NaN,NaN,NaN,NaN
17-09-2016 12:00,NaN,NaN,NaN,NaN,NaN
17-09-2016 13:00,NaN,NaN,NaN,NaN,NaN
17-09-2016 14:00,NaN,NaN,NaN,NaN,NaN
17-09-2016 15:00,NaN,NaN,NaN,NaN,NaN
17-09-2016 16:00,NaN,NaN,NaN,NaN,NaN
17-09-2016 17:00,NaN,NaN,NaN,NaN,NaN
17-09-2016 18:00,NaN,NaN,NaN,NaN,NaN
17-09-2016 19:00,NaN,NaN,NaN,NaN,NaN
17-09-2016 20:00,NaN,NaN,NaN,NaN,NaN
17-09-2016 21:00,NaN,NaN,NaN,NaN,NaN
17-09-2016 22:00,NaN,NaN,NaN,NaN,NaN
17-09-2016 23:00,NaN,NaN,NaN,NaN,NaN
18-09-2016 00:00,-13.72,983.55,26.34,80.83,52.61
18-09-2016 01:00,-13.02,984.1,16.57,68.62,46.91
18-09-2016 02:00,-12.71,984.09,12.29,65.73,45.7
18-09-2016 03:00,-12.73,984.43,9.76,51.2,48.08
18-09-2016 04:00,-12.12,983.74,11.95,67.97,45.46
18-09-2016 05:00,-11.52,982.92,13.1,70.65,45.01
18-09-2016 06:00,-10.79,981.77,23.59,80.63,42
18-09-2016 07:00,-11.07,981.33,25.16,78.88,44.68
18-09-2016 08:00,-10.68,980.96,22.42,77.27,41.67
18-09-2016 09:00,-10.77,980.62,20.76,66.72,40.79
18-09-2016 10:00,-11.2,980.45,17,71.17,40.7
18-09-2016 11:00,-11.83,980.36,13.57,73.33,39.67
18-09-2016 12:00,-12.23,979.9,17.17,77.93,38.3
18-09-2016 13:00,-12.76,979.77,16.94,77.57,38.38
18-09-2016 14:00,-13.16,979.8,17.96,80.93,37.43
18-09-2016 15:00,-13.54,979.59,15.82,82.65,36.61
18-09-2016 16:00,-13.93,979.69,13.49,81.7,36.3
18-09-2016 17:00,-14.64,979.81,10.22,75.82,37.71
18-09-2016 18:00,-14.8,979.22,21.1,83.57,37.89
18-09-2016 19:00,-14.53,979.08,17.76,71.33,36.59
18-09-2016 20:00,-15.24,978.91,14.95,72.38,38.33
18-09-2016 21:00,-15.48,978.75,16.69,77.52,39.02
18-09-2016 22:00,-15.79,978.98,10.86,80.82,40.4
18-09-2016 23:00,-16.88,978.99,10.1,95.67,43.52
19-09-2016 00:00,NaN,NaN,NaN,NaN,NaN
19-09-2016 01:00,NaN,NaN,NaN,NaN,NaN
19-09-2016 02:00,NaN,NaN,NaN,NaN,NaN
19-09-2016 03:00,NaN,NaN,NaN,NaN,NaN
19-09-2016 04:00,NaN,NaN,NaN,NaN,NaN
19-09-2016 05:00,NaN,NaN,NaN,NaN,NaN
19-09-2016 06:00,NaN,NaN,NaN,NaN,NaN
19-09-2016 07:00,NaN,NaN,NaN,NaN,NaN
19-09-2016 08:00,NaN,NaN,NaN,NaN,NaN
19-09-2016 09:00,NaN,NaN,NaN,NaN,NaN
19-09-2016 10:00,NaN,NaN,NaN,NaN,NaN
19-09-2016 11:00,NaN,NaN,NaN,NaN,NaN
19-09-2016 12:00,NaN,NaN,NaN,NaN,NaN
19-09-2016 13:00,NaN,NaN,NaN,NaN,NaN
19-09-2016 14:00,NaN,NaN,NaN,NaN,NaN
19-09-2016 15:00,NaN,NaN,NaN,NaN,NaN
19-09-2016 16:00,NaN,NaN,NaN,NaN,NaN
19-09-2016 17:00,NaN,NaN,NaN,NaN,NaN
19-09-2016 18:00,NaN,NaN,NaN,NaN,NaN
19-09-2016 19:00,NaN,NaN,NaN,NaN,NaN
19-09-2016 20:00,NaN,NaN,NaN,NaN,NaN
19-09-2016 21:00,NaN,NaN,NaN,NaN,NaN
19-09-2016 22:00,NaN,NaN,NaN,NaN,NaN
19-09-2016 23:00,NaN,NaN,NaN,NaN,NaN
20-09-2016 00:00,-18.38,976.27,8.01,70.95,36.59
20-09-2016 01:00,-18.24,975.91,9.16,75.72,36.25
20-09-2016 02:00,-17.68,975.44,8.07,70.95,35.09
20-09-2016 03:00,-17.5,974.97,8.22,72.73,36.28
20-09-2016 04:00,-16.78,974.33,5.31,86.23,35.1
20-09-2016 05:00,-16.85,973.72,5.66,41.47,36.37
20-09-2016 06:00,-15.93,973.41,2.68,118.17,33.79
20-09-2016 07:00,-14.86,973.11,1.47,217,30.89
20-09-2016 08:00,-16.28,972.87,3.18,173.75,32.99
20-09-2016 09:00,-16,972.7,2,174.8,35.91
20-09-2016 10:00,-15.62,972.72,1.15,234.23,36.56
20-09-2016 11:00,-16.88,972.95,1.58,163.33,41.93
20-09-2016 12:00,-18.27,972.98,4.07,111.3,44.54
20-09-2016 13:00,-18.78,972.94,3.94,74.52,40.88
20-09-2016 14:00,-19.15,973.3,7.26,85.25,38.05
20-09-2016 15:00,-19.45,973.44,9.56,89.75,36.13
20-09-2016 16:00,-19.32,973.84,10.1,80.1,35.15
20-09-2016 17:00,-19.39,974.15,10.77,86.22,34.22
20-09-2016 18:00,-19.66,974.85,9.18,80.15,33.8
20-09-2016 19:00,-20.04,975.2,11.87,87.73,34.59
20-09-2016 20:00,-20.43,975.7,11.06,88.02,35.91
20-09-2016 21:00,-21.27,976.05,13.9,92.07,36.97
20-09-2016 22:00,-21.03,976.56,12.44,90.85,35.89
20-09-2016 23:00,-21.65,977.16,13.05,95.98,36.53
21-09-2016 00:00,-21.41,977.42,14.99,90.02,35.68
21-09-2016 01:00,-21.12,977.71,12.57,90.15,36.29
21-09-2016 02:00,-20.72,978.06,12.15,96.67,36.48
21-09-2016 03:00,-19.85,978.39,7.43,85.63,34.17
21-09-2016 04:00,-18.72,979.33,3,46.85,32.84
21-09-2016 05:00,-18.64,979.24,4.84,74.55,32.06
21-09-2016 06:00,-18.52,979.11,5.96,73.97,36.48
21-09-2016 07:00,-18.7,979.36,6.13,32.87,40.12
21-09-2016 08:00,-18.2,979.63,2.5,67,35.76
21-09-2016 09:00,-17.57,979.61,1.44,101.1,33.4
21-09-2016 10:00,-16.8,979.59,0.44,256.17,34.34
21-09-2016 11:00,-18.57,979.48,3.26,229.93,39.3
21-09-2016 12:00,-19.5,979.3,5.2,196.38,39.7
21-09-2016 13:00,-21.31,979.25,3.37,166.9,41.19
21-09-2016 14:00,-21.27,979.17,7.05,97.6,38.02
21-09-2016 15:00,-21.26,979.16,8.86,93.68,35.86
21-09-2016 16:00,-21.09,979.11,9.29,97.52,35.79
21-09-2016 17:00,-21.18,979.12,9.41,95.92,33.71
21-09-2016 18:00,-21.75,979.06,9.33,98.28,35.52
21-09-2016 19:00,-22.11,979.1,7.9,96.68,35.52
21-09-2016 20:00,-22.13,978.89,9.61,94.8,35.83
21-09-2016 21:00,-22.67,978.8,8.73,102.58,38.12
21-09-2016 22:00,-22.07,978.76,10.27,110.75,34.69
21-09-2016 23:00,-22.23,978.77,8.8,105.33,34.1
22-09-2016 00:00,-22.41,978.78,7.54,103.33,34.08
22-09-2016 01:00,-22.02,978.59,8.57,101.42,32.06
22-09-2016 02:00,-22.24,978.54,6.5,93.55,36.2
22-09-2016 03:00,-21.34,978.65,3.54,116.2,34.12
22-09-2016 04:00,-21.25,978.94,5,91.3,36.79
22-09-2016 05:00,-20.35,979.01,4.18,61.37,36.24
22-09-2016 06:00,-19.49,979.05,2.7,71.8,36.24
22-09-2016 07:00,-19.27,979.28,2.59,270.95,35.62
22-09-2016 08:00,-20.42,979.49,5.93,193.73,38.19
22-09-2016 09:00,-19.74,979.6,4.41,197.33,36.3
22-09-2016 10:00,-19.97,979.85,7.28,198.35,39.34
22-09-2016 11:00,-20.23,980.16,8.1,196.22,41.66
22-09-2016 12:00,-20.34,980.62,5.88,168.78,42.27
22-09-2016 13:00,-20.96,981.37,3.94,131.02,42.03
22-09-2016 14:00,-21,981.98,3.7,101.1,43.73
22-09-2016 15:00,-20.26,982.49,8.36,74.92,37.71
22-09-2016 16:00,-20.92,983.2,7.2,72.08,37.51
22-09-2016 17:00,-21.15,983.88,9.57,67.88,40.04
22-09-2016 18:00,-20.84,984.68,8.93,73.67,39.3
22-09-2016 19:00,-20.99,985.56,5.36,81.18,37.61
22-09-2016 20:00,-20.71,986.01,14.3,85.62,36.78
22-09-2016 21:00,-21.47,986.74,14.34,90.57,38.54
22-09-2016 22:00,-21.67,987.38,16.94,88.85,37.54
22-09-2016 23:00,-22.13,988.07,15.06,89.15,37.85
23-09-2016 00:00,NaN,NaN,NaN,NaN,NaN
23-09-2016 01:00,NaN,NaN,NaN,NaN,NaN
23-09-2016 02:00,NaN,NaN,NaN,NaN,NaN
23-09-2016 03:00,NaN,NaN,NaN,NaN,NaN
23-09-2016 04:00,NaN,NaN,NaN,NaN,NaN
23-09-2016 05:00,NaN,NaN,NaN,NaN,NaN
23-09-2016 06:00,NaN,NaN,NaN,NaN,NaN
23-09-2016 07:00,NaN,NaN,NaN,NaN,NaN
23-09-2016 08:00,NaN,NaN,NaN,NaN,NaN
23-09-2016 09:00,NaN,NaN,NaN,NaN,NaN
23-09-2016 10:00,NaN,NaN,NaN,NaN,NaN
23-09-2016 11:00,NaN,NaN,NaN,NaN,NaN
23-09-2016 12:00,NaN,NaN,NaN,NaN,NaN
23-09-2016 13:00,NaN,NaN,NaN,NaN,NaN
23-09-2016 14:00,NaN,NaN,NaN,NaN,NaN
23-09-2016 15:00,NaN,NaN,NaN,NaN,NaN
23-09-2016 16:00,NaN,NaN,NaN,NaN,NaN
23-09-2016 17:00,NaN,NaN,NaN,NaN,NaN
23-09-2016 18:00,NaN,NaN,NaN,NaN,NaN
23-09-2016 19:00,NaN,NaN,NaN,NaN,NaN
23-09-2016 20:00,NaN,NaN,NaN,NaN,NaN
23-09-2016 21:00,NaN,NaN,NaN,NaN,NaN
23-09-2016 22:00,NaN,NaN,NaN,NaN,NaN
23-09-2016 23:00,NaN,NaN,NaN,NaN,NaN
24-09-2016 00:00,NaN,NaN,NaN,NaN,NaN
24-09-2016 01:00,NaN,NaN,NaN,NaN,NaN
24-09-2016 02:00,NaN,NaN,NaN,NaN,NaN
24-09-2016 03:00,NaN,NaN,NaN,NaN,NaN
24-09-2016 04:00,NaN,NaN,NaN,NaN,NaN
24-09-2016 05:00,NaN,NaN,NaN,NaN,NaN
24-09-2016 06:00,NaN,NaN,NaN,NaN,NaN
24-09-2016 07:00,NaN,NaN,NaN,NaN,NaN
24-09-2016 08:00,NaN,NaN,NaN,NaN,NaN
24-09-2016 09:00,NaN,NaN,NaN,NaN,NaN
24-09-2016 10:00,NaN,NaN,NaN,NaN,NaN
24-09-2016 11:00,NaN,NaN,NaN,NaN,NaN
24-09-2016 12:00,NaN,NaN,NaN,NaN,NaN
24-09-2016 13:00,NaN,NaN,NaN,NaN,NaN
24-09-2016 14:00,NaN,NaN,NaN,NaN,NaN
24-09-2016 15:00,NaN,NaN,NaN,NaN,NaN
24-09-2016 16:00,NaN,NaN,NaN,NaN,NaN
24-09-2016 17:00,NaN,NaN,NaN,NaN,NaN
24-09-2016 18:00,NaN,NaN,NaN,NaN,NaN
24-09-2016 19:00,NaN,NaN,NaN,NaN,NaN
24-09-2016 20:00,NaN,NaN,NaN,NaN,NaN
24-09-2016 21:00,NaN,NaN,NaN,NaN,NaN
24-09-2016 22:00,NaN,NaN,NaN,NaN,NaN
24-09-2016 23:00,NaN,NaN,NaN,NaN,NaN
25-09-2016 00:00,-18.45,986.88,12.09,70.13,44.6
25-09-2016 01:00,-17.92,986.92,13.59,59.88,43.6
25-09-2016 02:00,-17.47,986.91,14.27,58.58,40.48
25-09-2016 03:00,-17.53,986.81,15.2,60.57,41
25-09-2016 04:00,-17.12,986.87,16.21,53.2,45.78
25-09-2016 05:00,-17.32,987.18,11.75,36.28,49.68
25-09-2016 06:00,-17.3,987.38,8.39,45.97,50.2
25-09-2016 07:00,-17.44,987.5,5.83,83.95,53.28
25-09-2016 08:00,-18.56,987.7,3.98,306.2,59.95
25-09-2016 09:00,-19.04,987.79,3.12,128.87,61.32
25-09-2016 10:00,-19.33,987.96,3.64,44.8,65.44
25-09-2016 11:00,-19.48,987.99,3.04,109.7,66.08
25-09-2016 12:00,-20.2,988.21,2.1,288.17,63.79
25-09-2016 13:00,-20.25,988.35,0.92,225.95,62.22
25-09-2016 14:00,-20.22,988.37,2.12,171.4,65.8
25-09-2016 15:00,-20.35,988.57,3.65,108.33,55.94
25-09-2016 16:00,-20.08,988.69,3.85,99.1,49.07
25-09-2016 17:00,-20.23,988.8,4.68,107.03,45.89
25-09-2016 18:00,-20.82,989.05,6.86,102.3,45.4
25-09-2016 19:00,-20.91,989.46,9.3,100.52,43.63
25-09-2016 20:00,-21.2,989.79,7.24,103.57,43.63
25-09-2016 21:00,-21.51,990.2,7.62,99.33,42.93
25-09-2016 22:00,-21.46,990.59,7.93,97.23,40.44
25-09-2016 23:00,-21.82,990.85,8.4,99.22,40.27
26-09-2016 00:00,NaN,NaN,NaN,NaN,NaN
26-09-2016 01:00,NaN,NaN,NaN,NaN,NaN
26-09-2016 02:00,NaN,NaN,NaN,NaN,NaN
26-09-2016 03:00,NaN,NaN,NaN,NaN,NaN
26-09-2016 04:00,NaN,NaN,NaN,NaN,NaN
26-09-2016 05:00,NaN,NaN,NaN,NaN,NaN
26-09-2016 06:00,NaN,NaN,NaN,NaN,NaN
26-09-2016 07:00,NaN,NaN,NaN,NaN,NaN
26-09-2016 08:00,NaN,NaN,NaN,NaN,NaN
26-09-2016 09:00,NaN,NaN,NaN,NaN,NaN
26-09-2016 10:00,NaN,NaN,NaN,NaN,NaN
26-09-2016 11:00,NaN,NaN,NaN,NaN,NaN
26-09-2016 12:00,NaN,NaN,NaN,NaN,NaN
26-09-2016 13:00,NaN,NaN,NaN,NaN,NaN
26-09-2016 14:00,NaN,NaN,NaN,NaN,NaN
26-09-2016 15:00,NaN,NaN,NaN,NaN,NaN
26-09-2016 16:00,NaN,NaN,NaN,NaN,NaN
26-09-2016 17:00,NaN,NaN,NaN,NaN,NaN
26-09-2016 18:00,NaN,NaN,NaN,NaN,NaN
26-09-2016 19:00,NaN,NaN,NaN,NaN,NaN
26-09-2016 20:00,NaN,NaN,NaN,NaN,NaN
26-09-2016 21:00,NaN,NaN,NaN,NaN,NaN
26-09-2016 22:00,NaN,NaN,NaN,NaN,NaN
26-09-2016 23:00,NaN,NaN,NaN,NaN,NaN
27-09-2016 00:00,NaN,NaN,NaN,NaN,NaN
27-09-2016 01:00,NaN,NaN,NaN,NaN,NaN
27-09-2016 02:00,NaN,NaN,NaN,NaN,NaN
27-09-2016 03:00,NaN,NaN,NaN,NaN,NaN
27-09-2016 04:00,NaN,NaN,NaN,NaN,NaN
27-09-2016 05:00,NaN,NaN,NaN,NaN,NaN
27-09-2016 06:00,NaN,NaN,NaN,NaN,NaN
27-09-2016 07:00,NaN,NaN,NaN,NaN,NaN
27-09-2016 08:00,NaN,NaN,NaN,NaN,NaN
27-09-2016 09:00,NaN,NaN,NaN,NaN,NaN
27-09-2016 10:00,NaN,NaN,NaN,NaN,NaN
27-09-2016 11:00,NaN,NaN,NaN,NaN,NaN
27-09-2016 12:00,NaN,NaN,NaN,NaN,NaN
27-09-2016 13:00,NaN,NaN,NaN,NaN,NaN
27-09-2016 14:00,NaN,NaN,NaN,NaN,NaN
27-09-2016 15:00,NaN,NaN,NaN,NaN,NaN
27-09-2016 16:00,NaN,NaN,NaN,NaN,NaN
27-09-2016 17:00,NaN,NaN,NaN,NaN,NaN
27-09-2016 18:00,NaN,NaN,NaN,NaN,NaN
27-09-2016 19:00,NaN,NaN,NaN,NaN,NaN
27-09-2016 20:00,NaN,NaN,NaN,NaN,NaN
27-09-2016 21:00,NaN,NaN,NaN,NaN,NaN
27-09-2016 22:00,NaN,NaN,NaN,NaN,NaN
27-09-2016 23:00,NaN,NaN,NaN,NaN,NaN
28-09-2016 00:00,-8.25,985.32,17.2,84.95,40.55
28-09-2016 01:00,-7.9,984.72,17.37,86.42,40.13
28-09-2016 02:00,-6.95,984.23,15.43,82.97,36.94
28-09-2016 03:00,-6.66,984.04,13.55,82.17,37.67
28-09-2016 04:00,-5.98,983.74,13.68,83.3,36.34
28-09-2016 05:00,-5.73,983.21,15.69,84.32,38.91
28-09-2016 06:00,-5.04,982.89,13.84,80.5,36.78
28-09-2016 07:00,-5.04,982.44,15.37,81.42,37.98
28-09-2016 08:00,-5.59,981.7,20.54,80.82,41.27
28-09-2016 09:00,-5.53,981.06,23.73,83.62,40.48
28-09-2016 10:00,-5.43,980.73,24.89,80.53,40.84
28-09-2016 11:00,-5.71,980.37,28,81.77,41.98
28-09-2016 12:00,-6.23,980.26,28.58,83.42,44.33
28-09-2016 13:00,-6.64,980.1,29.15,81.83,45.37
28-09-2016 14:00,-7,980.19,28.42,82.03,46.69
28-09-2016 15:00,-7.44,980.25,28.31,84.17,47.28
28-09-2016 16:00,-7.69,980.58,27.24,84.67,45.56
28-09-2016 17:00,-8.12,981.23,25.68,85.02,44.61
28-09-2016 18:00,-8.08,981.73,23.21,88.27,42.17
28-09-2016 19:00,-8.25,982.05,26.93,85.85,39.13
28-09-2016 20:00,-8.42,982.42,24.57,83.5,37.4
28-09-2016 21:00,-8.82,982.5,26.31,80.63,36.34
28-09-2016 22:00,-9.15,982.96,23.48,83.52,34.56
28-09-2016 23:00,-9.38,983.56,20.71,84.72,34.21
29-09-2016 00:00,NaN,NaN,NaN,NaN,NaN
29-09-2016 01:00,NaN,NaN,NaN,NaN,NaN
29-09-2016 02:00,NaN,NaN,NaN,NaN,NaN
29-09-2016 03:00,NaN,NaN,NaN,NaN,NaN
29-09-2016 04:00,NaN,NaN,NaN,NaN,NaN
29-09-2016 05:00,NaN,NaN,NaN,NaN,NaN
29-09-2016 06:00,NaN,NaN,NaN,NaN,NaN
29-09-2016 07:00,NaN,NaN,NaN,NaN,NaN
29-09-2016 08:00,NaN,NaN,NaN,NaN,NaN
29-09-2016 09:00,NaN,NaN,NaN,NaN,NaN
29-09-2016 10:00,NaN,NaN,NaN,NaN,NaN
29-09-2016 11:00,NaN,NaN,NaN,NaN,NaN
29-09-2016 12:00,NaN,NaN,NaN,NaN,NaN
29-09-2016 13:00,NaN,NaN,NaN,NaN,NaN
29-09-2016 14:00,NaN,NaN,NaN,NaN,NaN
29-09-2016 15:00,NaN,NaN,NaN,NaN,NaN
29-09-2016 16:00,NaN,NaN,NaN,NaN,NaN
29-09-2016 17:00,NaN,NaN,NaN,NaN,NaN
29-09-2016 18:00,NaN,NaN,NaN,NaN,NaN
29-09-2016 19:00,NaN,NaN,NaN,NaN,NaN
29-09-2016 20:00,NaN,NaN,NaN,NaN,NaN
29-09-2016 21:00,NaN,NaN,NaN,NaN,NaN
29-09-2016 22:00,NaN,NaN,NaN,NaN,NaN
29-09-2016 23:00,NaN,NaN,NaN,NaN,NaN
30-09-2016 00:00,NaN,NaN,NaN,NaN,NaN
30-09-2016 01:00,NaN,NaN,NaN,NaN,NaN
30-09-2016 02:00,NaN,NaN,NaN,NaN,NaN
30-09-2016 03:00,NaN,NaN,NaN,NaN,NaN
30-09-2016 04:00,NaN,NaN,NaN,NaN,NaN
30-09-2016 05:00,NaN,NaN,NaN,NaN,NaN
30-09-2016 06:00,NaN,NaN,NaN,NaN,NaN
30-09-2016 07:00,NaN,NaN,NaN,NaN,NaN
30-09-2016 08:00,NaN,NaN,NaN,NaN,NaN
30-09-2016 09:00,NaN,NaN,NaN,NaN,NaN
30-09-2016 10:00,NaN,NaN,NaN,NaN,NaN
30-09-2016 11:00,NaN,NaN,NaN,NaN,NaN
30-09-2016 12:00,NaN,NaN,NaN,NaN,NaN
30-09-2016 13:00,NaN,NaN,NaN,NaN,NaN
30-09-2016 14:00,NaN,NaN,NaN,NaN,NaN
30-09-2016 15:00,NaN,NaN,NaN,NaN,NaN
30-09-2016 16:00,NaN,NaN,NaN,NaN,NaN
30-09-2016 17:00,NaN,NaN,NaN,NaN,NaN
30-09-2016 18:00,NaN,NaN,NaN,NaN,NaN
30-09-2016 19:00,NaN,NaN,NaN,NaN,NaN
30-09-2016 20:00,NaN,NaN,NaN,NaN,NaN
30-09-2016 21:00,NaN,NaN,NaN,NaN,NaN
30-09-2016 22:00,NaN,NaN,NaN,NaN,NaN
30-09-2016 23:00,NaN,NaN,NaN,NaN,NaN
01-10-2016 00:00,NaN,NaN,NaN,NaN,NaN
01-10-2016 01:00,NaN,NaN,NaN,NaN,NaN
01-10-2016 02:00,NaN,NaN,NaN,NaN,NaN
01-10-2016 03:00,NaN,NaN,NaN,NaN,NaN
01-10-2016 04:00,NaN,NaN,NaN,NaN,NaN
01-10-2016 05:00,NaN,NaN,NaN,NaN,NaN
01-10-2016 06:00,NaN,NaN,NaN,NaN,NaN
01-10-2016 07:00,NaN,NaN,NaN,NaN,NaN
01-10-2016 08:00,NaN,NaN,NaN,NaN,NaN
01-10-2016 09:00,NaN,NaN,NaN,NaN,NaN
01-10-2016 10:00,NaN,NaN,NaN,NaN,NaN
01-10-2016 11:00,NaN,NaN,NaN,NaN,NaN
01-10-2016 12:00,NaN,NaN,NaN,NaN,NaN
01-10-2016 13:00,NaN,NaN,NaN,NaN,NaN
01-10-2016 14:00,NaN,NaN,NaN,NaN,NaN
01-10-2016 15:00,NaN,NaN,NaN,NaN,NaN
01-10-2016 16:00,NaN,NaN,NaN,NaN,NaN
01-10-2016 17:00,NaN,NaN,NaN,NaN,NaN
01-10-2016 18:00,NaN,NaN,NaN,NaN,NaN
01-10-2016 19:00,NaN,NaN,NaN,NaN,NaN
01-10-2016 20:00,NaN,NaN,NaN,NaN,NaN
01-10-2016 21:00,NaN,NaN,NaN,NaN,NaN
01-10-2016 22:00,NaN,NaN,NaN,NaN,NaN
01-10-2016 23:00,NaN,NaN,NaN,NaN,NaN
02-10-2016 00:00,-10.87,989.32,11.75,91.27,35.31
02-10-2016 01:00,-10.22,989.19,10.68,93.78,35.6
02-10-2016 02:00,-9.66,988.74,8.91,93.17,35.39
02-10-2016 03:00,-8.15,988.24,9.43,77.4,30.77
02-10-2016 04:00,-7.15,988.17,3.51,100.02,30.77
02-10-2016 05:00,-6.01,988.01,2.7,114.17,30.32
02-10-2016 06:00,-5.62,987.5,3.12,185.92,30.67
02-10-2016 07:00,-4.2,987.03,1.87,232.25,29.96
02-10-2016 08:00,-4.51,986.53,4.12,84.05,33.3
02-10-2016 09:00,-4.87,986.12,5.78,68.88,37.33
02-10-2016 10:00,-4.99,985.59,9.27,67.18,38.39
02-10-2016 11:00,-4.85,985.4,10.04,74.98,34.72
02-10-2016 12:00,-6.25,985.35,13.08,91.63,36.93
02-10-2016 13:00,-7.36,985.06,15.73,92.78,37.14
02-10-2016 14:00,-7.98,985.09,15.95,92.32,35.59
02-10-2016 15:00,-8.61,984.85,14.64,94,36.36
02-10-2016 16:00,-9.07,984.69,16.16,92.88,35.39
02-10-2016 17:00,-9.95,984.76,14.23,97.23,36.45
02-10-2016 18:00,-10.11,984.93,13.67,97.25,35.26
02-10-2016 19:00,-10.51,984.61,16.2,92.42,36.07
02-10-2016 20:00,-10.16,984.3,19.48,86.22,34.08
02-10-2016 21:00,-10.78,984.49,11.55,94.77,37.09
02-10-2016 22:00,-11.69,984.29,10.33,103.4,39.4
02-10-2016 23:00,-11.77,983.94,11.41,97.93,37.97
03-10-2016 00:00,-11.89,983.58,9.36,98.45,39.25
03-10-2016 01:00,-11.11,983.32,7.51,98.72,36.72
03-10-2016 02:00,-10.52,983,4.95,89.67,36.97
03-10-2016 03:00,-9.33,982.71,5.08,63,34.87
03-10-2016 04:00,-9.7,982.5,7.3,58.3,40.47
03-10-2016 05:00,-9.65,982.38,5.81,34.75,44.63
03-10-2016 06:00,-9.63,982.36,3.04,200.12,45.1
03-10-2016 07:00,-9.14,982.33,3.6,44.83,45.08
03-10-2016 08:00,-7.39,982.3,1.64,95.17,40
03-10-2016 09:00,-7.65,982.36,1.71,168.73,40.18
03-10-2016 10:00,-8,982.54,2.76,73.88,45.98
03-10-2016 11:00,-8.86,982.5,4.66,95.48,45.8
03-10-2016 12:00,-9.13,982.43,6.05,113.53,42.22
03-10-2016 13:00,-9.75,982.52,9.34,113.85,41.95
03-10-2016 14:00,-11.02,982.8,10.3,110.33,44.47
03-10-2016 15:00,-11.87,982.66,12.21,102.88,46.65
03-10-2016 16:00,-12.03,982.73,12.81,100.32,48
03-10-2016 17:00,-12.05,982.93,10.94,99.13,50.83
03-10-2016 18:00,-11.47,982.81,12.53,93,49.92
03-10-2016 19:00,-11.24,982.67,11.29,93.38,50.28
03-10-2016 20:00,-11.53,982.86,5.94,89.2,52.95
03-10-2016 21:00,-11.78,982.84,5.14,108.12,54.28
03-10-2016 22:00,-11.63,982.81,7.49,101.37,53.83
03-10-2016 23:00,-11.22,983.12,3.54,88.05,55.77
04-10-2016 00:00,-10.27,983.12,3.43,139.1,55.92
04-10-2016 01:00,-9.14,983.12,2.68,134.53,55.91
04-10-2016 02:00,-8.2,982.99,3.52,130.17,56.04
04-10-2016 03:00,-7.12,982.92,2.47,127.2,53.08
04-10-2016 04:00,-6.33,982.99,1.89,157.57,52.49
04-10-2016 05:00,-5.63,982.94,2.54,214.3,53.35
04-10-2016 06:00,-5.72,982.93,5.53,192.27,53.13
04-10-2016 07:00,-3.43,982.79,1.83,199.1,49.08
04-10-2016 08:00,-3.81,982.76,1.52,68.77,52.89
04-10-2016 09:00,-4.12,982.8,0.84,112.13,56.02
04-10-2016 10:00,-4.89,982.72,1.73,215.93,55.23
04-10-2016 11:00,-5.7,982.72,1.75,189.78,56.12
04-10-2016 12:00,-5.86,982.79,2.58,125.28,52.69
04-10-2016 13:00,-7.29,982.75,6.62,105.13,50.88
04-10-2016 14:00,-7.74,982.79,11.04,90.83,47.79
04-10-2016 15:00,-8.56,982.91,11.78,95.35,48.24
04-10-2016 16:00,-9,983.03,12.17,98.83,48.26
04-10-2016 17:00,-8.25,983,11.38,95.07,44.24
04-10-2016 18:00,-8.59,983.18,13.5,97.32,43.74
04-10-2016 19:00,-9.94,983.32,11.97,99.85,50.13
04-10-2016 20:00,-9.19,983.3,14.28,90.85,48.35
04-10-2016 21:00,-9.37,983.44,14.79,91.3,49.46
04-10-2016 22:00,-9.55,983.8,13.63,90.3,49.15
04-10-2016 23:00,-9.9,984.09,15.33,91.2,48.85
05-10-2016 00:00,-9.54,984.22,14.53,89.88,48.03
05-10-2016 01:00,-9.25,984.27,12.96,91.85,47.99
05-10-2016 02:00,-8.15,984.39,12.5,85.88,46.18
05-10-2016 03:00,-7.32,984.39,10.18,78.85,46.1
05-10-2016 04:00,-6.72,984.33,8.82,72.68,46.53
05-10-2016 05:00,-6.07,984.27,7.54,61.33,47.45
05-10-2016 06:00,-5.74,984.09,6.66,59.32,47.74
05-10-2016 07:00,-5.23,983.95,4.98,56.25,46.98
05-10-2016 08:00,-4.33,983.62,2.28,187.18,44.48
05-10-2016 09:00,-3.67,983.39,1.27,237.53,42.19
05-10-2016 10:00,-4.81,983.08,2.64,108.88,45.84
05-10-2016 11:00,-5.33,982.84,3.08,104.98,46.23
05-10-2016 12:00,-6.35,982.51,4.95,102.28,47.01
05-10-2016 13:00,-7.98,982.21,8.62,94.85,49.7
05-10-2016 14:00,-8.53,981.97,8.82,98.98,47.27
05-10-2016 15:00,-8.8,981.65,8.62,98.13,48.33
05-10-2016 16:00,-9.12,981.49,4.94,95.62,48.63
05-10-2016 17:00,-9,981.14,3.99,104,47.16
05-10-2016 18:00,-9.58,980.92,1.02,121.93,47.7
05-10-2016 19:00,-9.68,980.62,2.64,59.2,47.64
05-10-2016 20:00,-9.72,980.52,4.41,52.3,47.65
05-10-2016 21:00,-9.67,980.5,9.57,65.7,49.56
05-10-2016 22:00,-9.07,980.6,11.03,68.68,46.83
05-10-2016 23:00,-9.01,980.77,10.38,71.15,46.44
06-10-2016 00:00,-8.16,980.55,16.97,80.56,42.04
06-10-2016 01:00,-7.8,980.28,17.69,77.52,39.69
06-10-2016 02:00,-7.49,980.15,18.86,78.93,39.07
06-10-2016 03:00,-7.19,980.24,17.32,73.7,39.66
06-10-2016 04:00,-6.75,980.22,15.09,68.32,41.91
06-10-2016 05:00,-6.31,979.89,12.71,64.75,44.01
06-10-2016 06:00,-5.8,979.66,10.61,53.75,44.9
06-10-2016 07:00,-5.72,979.46,10.44,50.87,48.65
06-10-2016 08:00,-5.99,979.43,8.93,38.4,47.11
06-10-2016 09:00,-6.44,979.27,6.27,51.2,46.98
06-10-2016 10:00,-6.44,978.96,4.18,76.07,45.89
06-10-2016 11:00,-5.98,978.86,1.78,99.3,44.06
06-10-2016 12:00,-6.62,978.7,2.24,116.08,44.28
06-10-2016 13:00,-8.08,978.65,3.37,145.7,49.85
06-10-2016 14:00,-9.15,978.9,5.21,114.62,55.24
06-10-2016 15:00,-9.59,978.97,8.84,104.55,51.29
06-10-2016 16:00,-9.14,979.12,11.8,87.27,47.16
06-10-2016 17:00,-8.57,979.06,14.83,81.05,43.42
06-10-2016 18:00,-9.38,979.14,15.84,88.98,45.42
06-10-2016 19:00,-9.36,979.39,17.06,87.27,44.36
06-10-2016 20:00,-9.33,979.64,16.14,83.72,42.75
06-10-2016 21:00,-9.18,980.13,14.4,84.12,41.4
06-10-2016 22:00,-9.53,980.6,13.86,86.08,42.28
06-10-2016 23:00,-9.52,981.26,12.63,83.25,40.7
07-10-2016 00:00,-9.45,981.72,13.34,83.32,40.25
07-10-2016 01:00,-9.29,982.03,15.07,83.47,39.28
07-10-2016 02:00,-9,982.44,13.51,80.83,39.27
07-10-2016 03:00,-8.39,982.66,13.06,74.58,39.2
07-10-2016 04:00,-7.83,982.98,12.32,65.25,41.27
07-10-2016 05:00,-7.44,983.17,10.68,66.45,42.73
07-10-2016 06:00,-7.18,983.13,11.71,70.48,42.35
07-10-2016 07:00,-6.75,983.3,10.21,62.1,43.45
07-10-2016 08:00,-6.4,983.45,5.22,80.03,43.54
07-10-2016 09:00,-6.85,983.56,7.66,54.8,50.66
07-10-2016 10:00,-7.15,983.7,4.7,38.57,50.74
07-10-2016 11:00,-7.57,983.68,7.44,58.93,49.06
07-10-2016 12:00,-8.25,983.7,11.55,63.8,45.83
07-10-2016 13:00,-8.82,983.92,13.09,63.6,43.82
07-10-2016 14:00,-9.1,984.09,14.26,71.35,40.29
07-10-2016 15:00,-9.47,984.37,16.11,79.78,38.02
07-10-2016 16:00,-10.03,984.56,19.16,79.23,37.35
07-10-2016 17:00,-10.4,984.65,22.54,75.07,35.69
07-10-2016 18:00,-10.95,985.06,21.03,74.52,36.37
07-10-2016 19:00,-11.26,985.34,20.43,76.2,36.45
07-10-2016 20:00,-12.15,985.59,20.69,84.57,39.79
07-10-2016 21:00,-12.67,985.79,22.21,87.43,40.55
07-10-2016 22:00,-13.22,985.81,23.71,87.1,41.96
07-10-2016 23:00,-13.17,986.16,22.16,84.6,40.04
08-10-2016 00:00,NaN,NaN,NaN,NaN,NaN
08-10-2016 01:00,NaN,NaN,NaN,NaN,NaN
08-10-2016 02:00,NaN,NaN,NaN,NaN,NaN
08-10-2016 03:00,NaN,NaN,NaN,NaN,NaN
08-10-2016 04:00,NaN,NaN,NaN,NaN,NaN
08-10-2016 05:00,NaN,NaN,NaN,NaN,NaN
08-10-2016 06:00,NaN,NaN,NaN,NaN,NaN
08-10-2016 07:00,NaN,NaN,NaN,NaN,NaN
08-10-2016 08:00,NaN,NaN,NaN,NaN,NaN
08-10-2016 09:00,NaN,NaN,NaN,NaN,NaN
08-10-2016 10:00,NaN,NaN,NaN,NaN,NaN
08-10-2016 11:00,NaN,NaN,NaN,NaN,NaN
08-10-2016 12:00,NaN,NaN,NaN,NaN,NaN
08-10-2016 13:00,NaN,NaN,NaN,NaN,NaN
08-10-2016 14:00,NaN,NaN,NaN,NaN,NaN
08-10-2016 15:00,NaN,NaN,NaN,NaN,NaN
08-10-2016 16:00,NaN,NaN,NaN,NaN,NaN
08-10-2016 17:00,NaN,NaN,NaN,NaN,NaN
08-10-2016 18:00,NaN,NaN,NaN,NaN,NaN
08-10-2016 19:00,NaN,NaN,NaN,NaN,NaN
08-10-2016 20:00,NaN,NaN,NaN,NaN,NaN
08-10-2016 21:00,NaN,NaN,NaN,NaN,NaN
08-10-2016 22:00,NaN,NaN,NaN,NaN,NaN
08-10-2016 23:00,NaN,NaN,NaN,NaN,NaN
09-10-2016 00:00,-12.54,976.64,22.46,81.37,53.45
09-10-2016 01:00,-11.85,975.71,19.17,84.45,49.76
09-10-2016 02:00,-11.08,974.8,21.47,72.55,41.28
09-10-2016 03:00,-10.77,974.34,15.43,62.33,44.04
09-10-2016 04:00,-10.18,973.39,13.39,53.27,42.75
09-10-2016 05:00,-9.65,972.3,9.6,52.28,42.34
09-10-2016 06:00,-8.7,970.81,13.33,54.07,40.34
09-10-2016 07:00,-8.29,969.28,13.6,53.48,40.68
09-10-2016 08:00,-7.92,967.85,13.5,70.6,39.34
09-10-2016 09:00,-8.4,966.68,15.31,84.52,43.45
09-10-2016 10:00,-8.16,965.9,9.59,76.42,45.72
09-10-2016 11:00,-8.9,965.1,10.35,90.25,47.9
09-10-2016 12:00,-9.12,964.14,11.14,79.87,46.18
09-10-2016 13:00,-9.3,963.19,14.88,83.5,45.11
09-10-2016 14:00,-8.74,962.18,16.79,80.52,44.24
09-10-2016 15:00,-8.64,961.64,17.07,66.58,58.21
09-10-2016 16:00,-8.75,960.67,20.19,71.03,71.66
09-10-2016 17:00,-8.57,959.78,22.02,73.92,75.94
09-10-2016 18:00,-8.59,959.41,20.74,75.03,81.69
09-10-2016 19:00,-8.15,958.59,22.28,75.4,78.43
09-10-2016 20:00,-7.08,957.85,25.13,69.3,60.95
09-10-2016 21:00,-6.4,957.27,27.15,68.33,50.4
09-10-2016 22:00,-6.55,956.64,26.96,75.25,49.41
09-10-2016 23:00,-6.4,955.67,31.61,72.92,48.15
10-10-2016 00:00,-6.63,956.34,26.67,77.93,50.72
10-10-2016 01:00,-6.3,956.44,22.05,70.73,49.21
10-10-2016 02:00,-6.31,956.38,23.54,62.42,50.36
10-10-2016 03:00,-6.26,956.28,24.03,60.5,49.49
10-10-2016 04:00,-6.11,956.22,25.91,57.03,49.53
10-10-2016 05:00,-5.96,956.31,25.41,52.02,48.81
10-10-2016 06:00,-5.96,956.71,24.12,52.13,49.52
10-10-2016 07:00,-6.3,956.75,23.81,50.07,52.21
10-10-2016 08:00,-6.34,955.77,32.49,74.35,50.21
10-10-2016 09:00,-6.26,955.66,30.9,74.7,51.72
10-10-2016 10:00,-5.94,956.08,25.45,64.58,53.14
10-10-2016 11:00,-5.53,957.18,18.86,57.1,57.33
10-10-2016 12:00,-5.24,958.03,17.49,54.45,58.48
10-10-2016 13:00,-5.25,958.99,14.61,63.88,60.26
10-10-2016 14:00,-5.34,960.15,19.76,58.28,61
10-10-2016 15:00,-5.09,961.54,22.59,52.57,58.34
10-10-2016 16:00,-5.21,963.15,21.08,48.1,57.21
10-10-2016 17:00,-5.54,964.87,21.16,49.85,56.07
10-10-2016 18:00,-5.78,966.48,20.11,54.53,53.72
10-10-2016 19:00,-5.95,967.64,19.93,46.32,52.45
10-10-2016 20:00,-5.7,968.69,20.69,65.25,47.39
10-10-2016 21:00,-6.25,969.87,19.91,75.92,46.39
10-10-2016 22:00,-7.03,970.92,23.35,79,48.88
10-10-2016 23:00,-7.67,972.3,19.5,73.47,48.61
11-10-2016 00:00,-8.11,974.44,14.32,73.86,48.17
11-10-2016 01:00,-8.19,975.81,18.71,81.55,46.94
11-10-2016 02:00,-7.83,976.77,15.82,82.08,47.28
11-10-2016 03:00,-7.69,977.66,13.01,83.18,47.04
11-10-2016 04:00,-7.47,978.44,13.28,82.77,49.09
11-10-2016 05:00,-7.2,979.47,10.74,81.27,49.74
11-10-2016 06:00,-6.99,980.51,10.29,89.38,47.43
11-10-2016 07:00,-6.34,981.15,11.55,81.37,45.85
11-10-2016 08:00,-5.95,981.84,8.91,65.3,44.09
11-10-2016 09:00,-5.97,982.77,5.86,56.05,45.48
11-10-2016 10:00,-6.41,983.55,5.68,39.45,48.24
11-10-2016 11:00,-7.2,984.24,8.17,97.15,46.13
11-10-2016 12:00,-8.34,984.92,8.84,97.15,50.18
11-10-2016 13:00,-9.37,985.5,13.45,90.35,45.38
11-10-2016 14:00,-10.63,986.31,12.27,96.02,46.72
11-10-2016 15:00,-11.04,987.2,11.15,98.63,43.07
11-10-2016 16:00,-11.62,988.12,12.6,96.52,42.67
11-10-2016 17:00,-11.31,988.82,14.87,87.02,39.1
11-10-2016 18:00,-11.71,989.7,16.75,86.82,37.27
11-10-2016 19:00,-12.48,990.48,14.47,93.48,41.63
11-10-2016 20:00,-12.41,991.47,13.74,88.73,39.51
11-10-2016 21:00,-12.57,992.31,11.73,93.67,38.87
11-10-2016 22:00,-12.72,992.8,11.6,90.45,39.2
11-10-2016 23:00,-12.45,992.78,8.45,82.62,38.47
12-10-2016 00:00,-11.4,993.45,3.46,79.53,37.06
12-10-2016 01:00,-10.52,993.8,5.26,69.75,34.95
12-10-2016 02:00,-10.06,993.9,12.44,45.95,35.17
12-10-2016 03:00,-9.24,993.96,14.73,48.15,35.71
12-10-2016 04:00,-8.22,993.69,15.05,52,36.15
12-10-2016 05:00,-7.78,993.73,15.68,47.3,38.37
12-10-2016 06:00,-9.04,994.16,10.35,25.48,48.71
12-10-2016 07:00,-8.37,993.57,9.46,49.83,44.09
12-10-2016 08:00,-8.27,993.65,9.33,33.5,43.63
12-10-2016 09:00,-7.85,993.28,8.12,55.4,42.91
12-10-2016 10:00,-7.92,992.41,8.39,56.9,44.3
12-10-2016 11:00,-8.1,991.9,6.66,63.77,45.61
12-10-2016 12:00,-8.09,991.16,3.85,63.03,47.03
12-10-2016 13:00,-8.06,990.62,0.79,186.3,46.21
12-10-2016 14:00,-8.15,990.54,2.23,168,44.8
12-10-2016 15:00,-7.54,990.12,8.57,69.12,46.98
12-10-2016 16:00,-7.42,989.09,10.84,73.27,51.06
12-10-2016 17:00,-7.9,987.68,11.74,69.85,56.61
12-10-2016 18:00,-5.8,985.58,19.2,69.9,48.74
12-10-2016 19:00,-5.18,984.48,23.44,54.37,58.12
12-10-2016 20:00,-4.97,983.8,23.82,52.65,60.49
12-10-2016 21:00,-5.35,982.81,22.57,50.82,70.12
12-10-2016 22:00,-5.23,981.36,28.59,59.3,73.95
12-10-2016 23:00,-6.09,980.07,29.3,57.02,90.08
13-10-2016 00:00,-5.96,978.77,30.95,62.8,90.96
13-10-2016 01:00,-6.17,978.11,30.12,67.28,91.02
13-10-2016 02:00,-6.34,977.46,29.28,69.47,91.16
13-10-2016 03:00,-6.53,976.29,28.68,71.43,91.15
13-10-2016 04:00,-6.45,975.07,29.89,66.82,91.26
13-10-2016 05:00,-6.6,973.89,31.27,66.62,91.17
13-10-2016 06:00,-6.69,972.36,33.48,70.4,91.1
13-10-2016 07:00,-6.61,971.49,35.34,65.9,91.18
13-10-2016 08:00,-6.61,971.46,33.62,55.23,91.2
13-10-2016 09:00,-6.86,971.44,30.32,50.25,90.97
13-10-2016 10:00,-7.06,971.21,28.33,50.72,90.75
13-10-2016 11:00,-7.24,971.07,29.7,47.95,90.55
13-10-2016 12:00,-7.59,970.92,30.47,46.13,90.19
13-10-2016 13:00,-7.8,970.64,30.22,54.08,89.96
13-10-2016 14:00,-8.1,970.52,29.53,53.33,89.64
13-10-2016 15:00,-8.51,970.65,30.4,49.53,89.21
13-10-2016 16:00,-8.62,971.1,27.38,52.12,89.07
13-10-2016 17:00,-8.7,971.3,26.8,53.02,88.98
13-10-2016 18:00,-8.83,971.5,29.9,47.35,88.84
13-10-2016 19:00,-9.11,971.79,32.27,55.02,88.52
13-10-2016 20:00,-9.01,972.29,31.13,53.67,88.58
13-10-2016 21:00,-8.88,972.91,33.21,50.93,88.77
13-10-2016 22:00,-9,973.47,32.4,51.32,88.63
13-10-2016 23:00,-9.04,974.01,32.74,51.68,88.59
14-10-2016 00:00,NaN,NaN,NaN,NaN,NaN
14-10-2016 01:00,NaN,NaN,NaN,NaN,NaN
14-10-2016 02:00,NaN,NaN,NaN,NaN,NaN
14-10-2016 03:00,NaN,NaN,NaN,NaN,NaN
14-10-2016 04:00,NaN,NaN,NaN,NaN,NaN
14-10-2016 05:00,NaN,NaN,NaN,NaN,NaN
14-10-2016 06:00,NaN,NaN,NaN,NaN,NaN
14-10-2016 07:00,NaN,NaN,NaN,NaN,NaN
14-10-2016 08:00,NaN,NaN,NaN,NaN,NaN
14-10-2016 09:00,NaN,NaN,NaN,NaN,NaN
14-10-2016 10:00,NaN,NaN,NaN,NaN,NaN
14-10-2016 11:00,NaN,NaN,NaN,NaN,NaN
14-10-2016 12:00,NaN,NaN,NaN,NaN,NaN
14-10-2016 13:00,NaN,NaN,NaN,NaN,NaN
14-10-2016 14:00,NaN,NaN,NaN,NaN,NaN
14-10-2016 15:00,NaN,NaN,NaN,NaN,NaN
14-10-2016 16:00,NaN,NaN,NaN,NaN,NaN
14-10-2016 17:00,NaN,NaN,NaN,NaN,NaN
14-10-2016 18:00,NaN,NaN,NaN,NaN,NaN
14-10-2016 19:00,NaN,NaN,NaN,NaN,NaN
14-10-2016 20:00,NaN,NaN,NaN,NaN,NaN
14-10-2016 21:00,NaN,NaN,NaN,NaN,NaN
14-10-2016 22:00,NaN,NaN,NaN,NaN,NaN
14-10-2016 23:00,NaN,NaN,NaN,NaN,NaN
15-10-2016 00:00,NaN,NaN,NaN,NaN,NaN
15-10-2016 01:00,NaN,NaN,NaN,NaN,NaN
15-10-2016 02:00,NaN,NaN,NaN,NaN,NaN
15-10-2016 03:00,NaN,NaN,NaN,NaN,NaN
15-10-2016 04:00,NaN,NaN,NaN,NaN,NaN
15-10-2016 05:00,NaN,NaN,NaN,NaN,NaN
15-10-2016 06:00,NaN,NaN,NaN,NaN,NaN
15-10-2016 07:00,NaN,NaN,NaN,NaN,NaN
15-10-2016 08:00,NaN,NaN,NaN,NaN,NaN
15-10-2016 09:00,NaN,NaN,NaN,NaN,NaN
15-10-2016 10:00,NaN,NaN,NaN,NaN,NaN
15-10-2016 11:00,NaN,NaN,NaN,NaN,NaN
15-10-2016 12:00,NaN,NaN,NaN,NaN,NaN
15-10-2016 13:00,NaN,NaN,NaN,NaN,NaN
15-10-2016 14:00,NaN,NaN,NaN,NaN,NaN
15-10-2016 15:00,NaN,NaN,NaN,NaN,NaN
15-10-2016 16:00,NaN,NaN,NaN,NaN,NaN
15-10-2016 17:00,NaN,NaN,NaN,NaN,NaN
15-10-2016 18:00,NaN,NaN,NaN,NaN,NaN
15-10-2016 19:00,NaN,NaN,NaN,NaN,NaN
15-10-2016 20:00,NaN,NaN,NaN,NaN,NaN
15-10-2016 21:00,NaN,NaN,NaN,NaN,NaN
15-10-2016 22:00,NaN,NaN,NaN,NaN,NaN
15-10-2016 23:00,NaN,NaN,NaN,NaN,NaN
16-10-2016 00:00,-14.37,978.27,7.37,111.25,82.6
16-10-2016 01:00,-13.66,978.08,7.3,86.02,83.33
16-10-2016 02:00,-13.44,977.83,9.72,91.27,83.14
16-10-2016 03:00,-12.42,977.79,7.83,86.43,84.31
16-10-2016 04:00,-10.86,977.77,3.35,68.35,86.25
16-10-2016 05:00,-10.13,977.65,2.83,126.18,87.08
16-10-2016 06:00,-8.81,977.47,2.23,149.78,88.53
16-10-2016 07:00,-8.26,977.45,1.27,236.58,89.39
16-10-2016 08:00,-7.87,977.32,1.97,145.28,89.86
16-10-2016 09:00,-8.51,976.93,2.46,83.33,89.03
16-10-2016 10:00,-7.86,976.65,1.14,135.7,89.66
16-10-2016 11:00,-8.28,976.56,1.31,235.75,89.32
16-10-2016 12:00,-9.15,976.41,5.24,131.2,88.22
16-10-2016 13:00,-10.89,976.01,14.02,87.92,85.67
16-10-2016 14:00,-11.95,975.94,12.74,91.4,84.71
16-10-2016 15:00,-11.97,975.84,11.68,94.37,84.61
16-10-2016 16:00,-12.8,975.82,14.32,115.2,83.27
16-10-2016 17:00,-12.99,975.74,15.28,115.5,82.11
16-10-2016 18:00,-12.94,975.74,13.95,111.85,80.87
16-10-2016 19:00,-12.93,975.86,12.9,115.1,78.98
16-10-2016 20:00,-12.98,975.84,10.81,121.58,78.79
16-10-2016 21:00,-13.01,975.91,10.64,118.85,78.41
16-10-2016 22:00,-12.84,976.11,9.66,106.68,78.52
16-10-2016 23:00,-12.75,976.28,8.19,98.9,78.75
17-10-2016 00:00,NaN,NaN,NaN,NaN,NaN
17-10-2016 01:00,NaN,NaN,NaN,NaN,NaN
17-10-2016 02:00,NaN,NaN,NaN,NaN,NaN
17-10-2016 03:00,NaN,NaN,NaN,NaN,NaN
17-10-2016 04:00,NaN,NaN,NaN,NaN,NaN
17-10-2016 05:00,NaN,NaN,NaN,NaN,NaN
17-10-2016 06:00,NaN,NaN,NaN,NaN,NaN
17-10-2016 07:00,NaN,NaN,NaN,NaN,NaN
17-10-2016 08:00,NaN,NaN,NaN,NaN,NaN
17-10-2016 09:00,NaN,NaN,NaN,NaN,NaN
17-10-2016 10:00,NaN,NaN,NaN,NaN,NaN
17-10-2016 11:00,NaN,NaN,NaN,NaN,NaN
17-10-2016 12:00,NaN,NaN,NaN,NaN,NaN
17-10-2016 13:00,NaN,NaN,NaN,NaN,NaN
17-10-2016 14:00,NaN,NaN,NaN,NaN,NaN
17-10-2016 15:00,NaN,NaN,NaN,NaN,NaN
17-10-2016 16:00,NaN,NaN,NaN,NaN,NaN
17-10-2016 17:00,NaN,NaN,NaN,NaN,NaN
17-10-2016 18:00,NaN,NaN,NaN,NaN,NaN
17-10-2016 19:00,NaN,NaN,NaN,NaN,NaN
17-10-2016 20:00,NaN,NaN,NaN,NaN,NaN
17-10-2016 21:00,NaN,NaN,NaN,NaN,NaN
17-10-2016 22:00,NaN,NaN,NaN,NaN,NaN
17-10-2016 23:00,NaN,NaN,NaN,NaN,NaN
18-10-2016 00:00,NaN,NaN,NaN,NaN,NaN
18-10-2016 01:00,NaN,NaN,NaN,NaN,NaN
18-10-2016 02:00,NaN,NaN,NaN,NaN,NaN
18-10-2016 03:00,NaN,NaN,NaN,NaN,NaN
18-10-2016 04:00,NaN,NaN,NaN,NaN,NaN
18-10-2016 05:00,NaN,NaN,NaN,NaN,NaN
18-10-2016 06:00,NaN,NaN,NaN,NaN,NaN
18-10-2016 07:00,NaN,NaN,NaN,NaN,NaN
18-10-2016 08:00,NaN,NaN,NaN,NaN,NaN
18-10-2016 09:00,NaN,NaN,NaN,NaN,NaN
18-10-2016 10:00,NaN,NaN,NaN,NaN,NaN
18-10-2016 11:00,NaN,NaN,NaN,NaN,NaN
18-10-2016 12:00,NaN,NaN,NaN,NaN,NaN
18-10-2016 13:00,NaN,NaN,NaN,NaN,NaN
18-10-2016 14:00,NaN,NaN,NaN,NaN,NaN
18-10-2016 15:00,NaN,NaN,NaN,NaN,NaN
18-10-2016 16:00,NaN,NaN,NaN,NaN,NaN
18-10-2016 17:00,NaN,NaN,NaN,NaN,NaN
18-10-2016 18:00,NaN,NaN,NaN,NaN,NaN
18-10-2016 19:00,NaN,NaN,NaN,NaN,NaN
18-10-2016 20:00,NaN,NaN,NaN,NaN,NaN
18-10-2016 21:00,NaN,NaN,NaN,NaN,NaN
18-10-2016 22:00,NaN,NaN,NaN,NaN,NaN
18-10-2016 23:00,NaN,NaN,NaN,NaN,NaN
19-10-2016 00:00,NaN,NaN,NaN,NaN,NaN
19-10-2016 01:00,NaN,NaN,NaN,NaN,NaN
19-10-2016 02:00,NaN,NaN,NaN,NaN,NaN
19-10-2016 03:00,NaN,NaN,NaN,NaN,NaN
19-10-2016 04:00,NaN,NaN,NaN,NaN,NaN
19-10-2016 05:00,NaN,NaN,NaN,NaN,NaN
19-10-2016 06:00,NaN,NaN,NaN,NaN,NaN
19-10-2016 07:00,NaN,NaN,NaN,NaN,NaN
19-10-2016 08:00,NaN,NaN,NaN,NaN,NaN
19-10-2016 09:00,NaN,NaN,NaN,NaN,NaN
19-10-2016 10:00,NaN,NaN,NaN,NaN,NaN
19-10-2016 11:00,NaN,NaN,NaN,NaN,NaN
19-10-2016 12:00,NaN,NaN,NaN,NaN,NaN
19-10-2016 13:00,NaN,NaN,NaN,NaN,NaN
19-10-2016 14:00,NaN,NaN,NaN,NaN,NaN
19-10-2016 15:00,NaN,NaN,NaN,NaN,NaN
19-10-2016 16:00,NaN,NaN,NaN,NaN,NaN
19-10-2016 17:00,NaN,NaN,NaN,NaN,NaN
19-10-2016 18:00,NaN,NaN,NaN,NaN,NaN
19-10-2016 19:00,NaN,NaN,NaN,NaN,NaN
19-10-2016 20:00,NaN,NaN,NaN,NaN,NaN
19-10-2016 21:00,NaN,NaN,NaN,NaN,NaN
19-10-2016 22:00,NaN,NaN,NaN,NaN,NaN
19-10-2016 23:00,NaN,NaN,NaN,NaN,NaN
20-10-2016 00:00,NaN,NaN,NaN,NaN,NaN
20-10-2016 01:00,NaN,NaN,NaN,NaN,NaN
20-10-2016 02:00,NaN,NaN,NaN,NaN,NaN
20-10-2016 03:00,NaN,NaN,NaN,NaN,NaN
20-10-2016 04:00,NaN,NaN,NaN,NaN,NaN
20-10-2016 05:00,NaN,NaN,NaN,NaN,NaN
20-10-2016 06:00,NaN,NaN,NaN,NaN,NaN
20-10-2016 07:00,NaN,NaN,NaN,NaN,NaN
20-10-2016 08:00,NaN,NaN,NaN,NaN,NaN
20-10-2016 09:00,NaN,NaN,NaN,NaN,NaN
20-10-2016 10:00,NaN,NaN,NaN,NaN,NaN
20-10-2016 11:00,NaN,NaN,NaN,NaN,NaN
20-10-2016 12:00,NaN,NaN,NaN,NaN,NaN
20-10-2016 13:00,NaN,NaN,NaN,NaN,NaN
20-10-2016 14:00,NaN,NaN,NaN,NaN,NaN
20-10-2016 15:00,NaN,NaN,NaN,NaN,NaN
20-10-2016 16:00,NaN,NaN,NaN,NaN,NaN
20-10-2016 17:00,NaN,NaN,NaN,NaN,NaN
20-10-2016 18:00,NaN,NaN,NaN,NaN,NaN
20-10-2016 19:00,NaN,NaN,NaN,NaN,NaN
20-10-2016 20:00,NaN,NaN,NaN,NaN,NaN
20-10-2016 21:00,NaN,NaN,NaN,NaN,NaN
20-10-2016 22:00,NaN,NaN,NaN,NaN,NaN
20-10-2016 23:00,NaN,NaN,NaN,NaN,NaN
21-10-2016 00:00,NaN,NaN,NaN,NaN,NaN
21-10-2016 01:00,NaN,NaN,NaN,NaN,NaN
21-10-2016 02:00,NaN,NaN,NaN,NaN,NaN
21-10-2016 03:00,NaN,NaN,NaN,NaN,NaN
21-10-2016 04:00,NaN,NaN,NaN,NaN,NaN
21-10-2016 05:00,NaN,NaN,NaN,NaN,NaN
21-10-2016 06:00,NaN,NaN,NaN,NaN,NaN
21-10-2016 07:00,NaN,NaN,NaN,NaN,NaN
21-10-2016 08:00,NaN,NaN,NaN,NaN,NaN
21-10-2016 09:00,NaN,NaN,NaN,NaN,NaN
21-10-2016 10:00,NaN,NaN,NaN,NaN,NaN
21-10-2016 11:00,NaN,NaN,NaN,NaN,NaN
21-10-2016 12:00,NaN,NaN,NaN,NaN,NaN
21-10-2016 13:00,NaN,NaN,NaN,NaN,NaN
21-10-2016 14:00,NaN,NaN,NaN,NaN,NaN
21-10-2016 15:00,NaN,NaN,NaN,NaN,NaN
21-10-2016 16:00,NaN,NaN,NaN,NaN,NaN
21-10-2016 17:00,NaN,NaN,NaN,NaN,NaN
21-10-2016 18:00,NaN,NaN,NaN,NaN,NaN
21-10-2016 19:00,NaN,NaN,NaN,NaN,NaN
21-10-2016 20:00,NaN,NaN,NaN,NaN,NaN
21-10-2016 21:00,NaN,NaN,NaN,NaN,NaN
21-10-2016 22:00,NaN,NaN,NaN,NaN,NaN
21-10-2016 23:00,NaN,NaN,NaN,NaN,NaN
22-10-2016 00:00,NaN,NaN,NaN,NaN,NaN
22-10-2016 01:00,NaN,NaN,NaN,NaN,NaN
22-10-2016 02:00,NaN,NaN,NaN,NaN,NaN
22-10-2016 03:00,NaN,NaN,NaN,NaN,NaN
22-10-2016 04:00,NaN,NaN,NaN,NaN,NaN
22-10-2016 05:00,NaN,NaN,NaN,NaN,NaN
22-10-2016 06:00,NaN,NaN,NaN,NaN,NaN
22-10-2016 07:00,NaN,NaN,NaN,NaN,NaN
22-10-2016 08:00,NaN,NaN,NaN,NaN,NaN
22-10-2016 09:00,NaN,NaN,NaN,NaN,NaN
22-10-2016 10:00,NaN,NaN,NaN,NaN,NaN
22-10-2016 11:00,NaN,NaN,NaN,NaN,NaN
22-10-2016 12:00,NaN,NaN,NaN,NaN,NaN
22-10-2016 13:00,NaN,NaN,NaN,NaN,NaN
22-10-2016 14:00,NaN,NaN,NaN,NaN,NaN
22-10-2016 15:00,NaN,NaN,NaN,NaN,NaN
22-10-2016 16:00,NaN,NaN,NaN,NaN,NaN
22-10-2016 17:00,NaN,NaN,NaN,NaN,NaN
22-10-2016 18:00,NaN,NaN,NaN,NaN,NaN
22-10-2016 19:00,NaN,NaN,NaN,NaN,NaN
22-10-2016 20:00,NaN,NaN,NaN,NaN,NaN
22-10-2016 21:00,NaN,NaN,NaN,NaN,NaN
22-10-2016 22:00,NaN,NaN,NaN,NaN,NaN
22-10-2016 23:00,NaN,NaN,NaN,NaN,NaN
23-10-2016 00:00,-17.73,956.72,4.52,65.22,46.46
23-10-2016 01:00,-16.91,956.77,6.99,64.95,46.11
23-10-2016 02:00,-16.52,956.98,7.39,63.73,48.12
23-10-2016 03:00,-15.84,957.18,6.83,59.23,46.88
23-10-2016 04:00,-15.87,957.83,7.79,39.97,49.53
23-10-2016 05:00,-15.51,958.56,7.24,28.78,50.1
23-10-2016 06:00,-15.26,959.36,4.92,162.12,52.37
23-10-2016 07:00,-15.36,960.27,5.64,60.87,57.83
23-10-2016 08:00,-15.2,961.54,7.06,31.88,58.01
23-10-2016 09:00,-14.3,962.65,5.77,56.15,53.3
23-10-2016 10:00,-13.9,963.7,6.87,43.23,51.22
23-10-2016 11:00,-14.05,964.6,7.62,55.75,55.37
23-10-2016 12:00,-14.17,965.36,9.5,64.97,66.77
23-10-2016 13:00,-14.39,966.16,15.48,50.15,77.38
23-10-2016 14:00,-14.62,966.87,19.32,55.2,77.05
23-10-2016 15:00,-14.98,967.91,17.3,62.47,79.67
23-10-2016 16:00,-15.71,968.49,16.73,78.7,72.98
23-10-2016 17:00,-16.17,969.12,15.82,80.88,61.16
23-10-2016 18:00,-15.2,969.41,13.57,76.18,58.54
23-10-2016 19:00,-14.52,969.51,11.07,64.65,60.06
23-10-2016 20:00,-14.33,969.64,9.04,64.5,61.5
23-10-2016 21:00,-14.24,969.88,9.55,53.23,58.64
23-10-2016 22:00,-14.23,970.14,7.94,52.95,58.45
23-10-2016 23:00,-14.01,970.41,7.83,57.82,57.43
24-10-2016 00:00,-13.77,970.57,5.21,64.98,54.38
24-10-2016 01:00,-13.35,970.9,2.5,54.98,51.98
24-10-2016 02:00,-12.98,970.96,2.46,117.2,51.51
24-10-2016 03:00,-13.02,970.94,3.61,198.23,53.33
24-10-2016 04:00,-12.98,970.69,4.05,210.57,55.84
24-10-2016 05:00,-13.22,970.41,8.02,221.78,62.35
24-10-2016 06:00,-13.2,970.28,9.86,217.67,68.96
24-10-2016 07:00,-12.96,970.12,9.54,220.65,72.03
24-10-2016 08:00,-12.86,969.92,10.19,220.03,76.39
24-10-2016 09:00,-12.9,969.69,11.26,219.22,77.74
24-10-2016 10:00,-12.73,969.33,9.86,215.42,77.38
24-10-2016 11:00,-12.78,969.18,10.13,218.25,78.77
24-10-2016 12:00,-13.11,969.27,11.24,221.5,78.54
24-10-2016 13:00,-13.28,969.47,10.07,221.85,77.44
24-10-2016 14:00,-13.43,969.71,8.18,223.18,76.41
24-10-2016 15:00,-13.52,970.13,7.02,220.67,76.19
24-10-2016 16:00,-13.85,970.24,6.15,215.57,77.34
24-10-2016 17:00,-13.98,970.33,5.58,207.68,77.74
24-10-2016 18:00,-13.92,970.43,8.38,197.72,78.48
24-10-2016 19:00,-12.93,970.85,3.7,159.57,82.21
24-10-2016 20:00,-12.05,971.21,4.62,75.13,83.67
24-10-2016 21:00,-10.54,971.7,10.45,62.8,81.94
24-10-2016 22:00,-10.24,972.2,6.96,65.72,75.69
24-10-2016 23:00,-9.3,972.57,8.32,67,71.01
25-10-2016 00:00,-8.16,972.8,16.12,68.27,68.36
25-10-2016 01:00,-8.15,973.1,18.34,58.57,66.46
25-10-2016 02:00,-8.3,973.47,16.82,62.73,62.27
25-10-2016 03:00,-8.07,973.85,13.56,63.55,56.99
25-10-2016 04:00,-7.5,974.08,10.81,60.47,51.72
25-10-2016 05:00,-6.96,974.04,11.33,71.07,49.15
25-10-2016 06:00,-6.66,973.78,16.39,80.5,49.27
25-10-2016 07:00,-6.19,973.36,15.17,81.78,46.79
25-10-2016 08:00,-5.62,972.84,13.76,82.67,44.21
25-10-2016 09:00,-6.11,972.3,17.25,77.85,48.78
25-10-2016 10:00,-7.03,971.48,22.29,94.53,61.16
25-10-2016 11:00,-7.53,971.11,23.03,101.92,61.74
25-10-2016 12:00,-7.77,971.14,23.59,100.87,56.23
25-10-2016 13:00,-8.29,970.94,23.18,93.03,51.91
25-10-2016 14:00,-9.46,970.91,23.86,86.83,53.49
25-10-2016 15:00,-10.35,971.11,24.33,86.8,53.49
25-10-2016 16:00,-10.26,971.54,20.04,81.17,47.9
25-10-2016 17:00,-11.16,971.84,16.49,93.63,47.14
25-10-2016 18:00,-11.84,970.85,20.22,97.28,46.18
25-10-2016 19:00,-13.15,970.29,21.53,97,52.07
25-10-2016 20:00,-14.12,970.35,18.8,97.48,54.27
25-10-2016 21:00,-14.91,970.16,17.39,102.08,54.72
25-10-2016 22:00,-15.24,970,17.25,98.17,51.64
25-10-2016 23:00,-15.46,969.74,18.18,99.65,48.86
26-10-2016 00:00,-15.86,969.34,18.66,99.17,49.14
26-10-2016 01:00,-15.48,969.08,18.95,91.22,48.93
26-10-2016 02:00,-14.74,968.79,19.92,88.22,46.66
26-10-2016 03:00,-13.63,968.55,16.76,77.38,40.95
26-10-2016 04:00,-12.98,968.39,15.91,62.78,40.35
26-10-2016 05:00,-12.53,968.59,14.26,50.85,42.86
26-10-2016 06:00,-12.27,968.85,12.72,54.48,45.9
26-10-2016 07:00,-11.9,969.01,13.76,49.38,50.25
26-10-2016 08:00,-11.74,969.38,14.82,47.87,52.31
26-10-2016 09:00,-11.86,970.01,13.23,46.23,53.06
26-10-2016 10:00,-11.92,970.42,13.5,47.92,52.35
26-10-2016 11:00,-12.08,970.77,11.97,62.58,52.91
26-10-2016 12:00,-12.35,971.18,12.12,66.42,53.22
26-10-2016 13:00,-12.29,971.55,11.07,59.8,53.66
26-10-2016 14:00,-12.27,971.74,11.78,57.35,59.23
26-10-2016 15:00,-12.26,972.2,11.58,65.02,63.53
26-10-2016 16:00,-12.35,972.66,11.65,67.42,60.86
26-10-2016 17:00,-12.55,973.2,14.76,63.63,54.18
26-10-2016 18:00,-12.75,973.65,17.62,60.05,54.73
26-10-2016 19:00,-12.72,974.17,17.39,59.37,55.84
26-10-2016 20:00,-12.68,974.9,15.26,62.35,56.01
26-10-2016 21:00,-12.65,975.48,14.84,56.77,55.8
26-10-2016 22:00,-12.69,976.28,13.49,56.48,56.42
26-10-2016 23:00,-12.74,977.31,11.95,60.55,56.48
27-10-2016 00:00,-12.46,978.36,11.55,58.27,55.97
27-10-2016 01:00,-12.14,979.59,9.81,55.02,55.08
27-10-2016 02:00,-11.76,980.29,5.94,65.8,55.78
27-10-2016 03:00,-10.94,981.04,4.09,82.1,53.48
27-10-2016 04:00,-9.6,981.93,1.43,208.97,50.26
27-10-2016 05:00,-10.3,982.87,4.73,216.32,52.76
27-10-2016 06:00,-10.15,983.68,5.02,207.18,55.07
27-10-2016 07:00,-9.55,984.49,4.31,205.05,52.88
27-10-2016 08:00,-9.3,985.19,4.38,204.73,52.03
27-10-2016 09:00,-9.2,986.13,5.69,213.13,55.18
27-10-2016 10:00,-8.81,986.27,3.5,177.57,55.68
27-10-2016 11:00,-8.35,986.86,3.64,62.72,58.6
27-10-2016 12:00,-8.4,987.48,1.5,138.17,60.31
27-10-2016 13:00,-8.48,987.58,1.83,66.4,61.14
27-10-2016 14:00,-9.07,987.78,2.92,83.82,67.61
27-10-2016 15:00,-9.4,987.94,3.18,88.42,68.07
27-10-2016 16:00,-9.31,988.2,7.17,82.7,60.05
27-10-2016 17:00,-9.17,988.59,10.53,78.57,50.49
27-10-2016 18:00,-9.72,988.48,12.19,82.32,48.13
27-10-2016 19:00,-11.3,988.39,17.87,87.47,52.99
27-10-2016 20:00,-12.58,988.42,18.69,88.85,50.7
27-10-2016 21:00,-13.17,988.73,16.78,91.13,49.18
27-10-2016 22:00,-13.3,988.59,17.93,90.18,48.37
27-10-2016 23:00,-12.95,988.07,17.33,89.32,48.24
28-10-2016 00:00,NaN,NaN,NaN,NaN,NaN
28-10-2016 01:00,NaN,NaN,NaN,NaN,NaN
28-10-2016 02:00,NaN,NaN,NaN,NaN,NaN
28-10-2016 03:00,NaN,NaN,NaN,NaN,NaN
28-10-2016 04:00,NaN,NaN,NaN,NaN,NaN
28-10-2016 05:00,NaN,NaN,NaN,NaN,NaN
28-10-2016 06:00,NaN,NaN,NaN,NaN,NaN
28-10-2016 07:00,NaN,NaN,NaN,NaN,NaN
28-10-2016 08:00,NaN,NaN,NaN,NaN,NaN
28-10-2016 09:00,NaN,NaN,NaN,NaN,NaN
28-10-2016 10:00,NaN,NaN,NaN,NaN,NaN
28-10-2016 11:00,NaN,NaN,NaN,NaN,NaN
28-10-2016 12:00,NaN,NaN,NaN,NaN,NaN
28-10-2016 13:00,NaN,NaN,NaN,NaN,NaN
28-10-2016 14:00,NaN,NaN,NaN,NaN,NaN
28-10-2016 15:00,NaN,NaN,NaN,NaN,NaN
28-10-2016 16:00,NaN,NaN,NaN,NaN,NaN
28-10-2016 17:00,NaN,NaN,NaN,NaN,NaN
28-10-2016 18:00,NaN,NaN,NaN,NaN,NaN
28-10-2016 19:00,NaN,NaN,NaN,NaN,NaN
28-10-2016 20:00,NaN,NaN,NaN,NaN,NaN
28-10-2016 21:00,NaN,NaN,NaN,NaN,NaN
28-10-2016 22:00,NaN,NaN,NaN,NaN,NaN
28-10-2016 23:00,NaN,NaN,NaN,NaN,NaN
29-10-2016 00:00,NaN,NaN,NaN,NaN,NaN
29-10-2016 01:00,NaN,NaN,NaN,NaN,NaN
29-10-2016 02:00,NaN,NaN,NaN,NaN,NaN
29-10-2016 03:00,NaN,NaN,NaN,NaN,NaN
29-10-2016 04:00,NaN,NaN,NaN,NaN,NaN
29-10-2016 05:00,NaN,NaN,NaN,NaN,NaN
29-10-2016 06:00,NaN,NaN,NaN,NaN,NaN
29-10-2016 07:00,NaN,NaN,NaN,NaN,NaN
29-10-2016 08:00,NaN,NaN,NaN,NaN,NaN
29-10-2016 09:00,NaN,NaN,NaN,NaN,NaN
29-10-2016 10:00,NaN,NaN,NaN,NaN,NaN
29-10-2016 11:00,NaN,NaN,NaN,NaN,NaN
29-10-2016 12:00,NaN,NaN,NaN,NaN,NaN
29-10-2016 13:00,NaN,NaN,NaN,NaN,NaN
29-10-2016 14:00,NaN,NaN,NaN,NaN,NaN
29-10-2016 15:00,NaN,NaN,NaN,NaN,NaN
29-10-2016 16:00,NaN,NaN,NaN,NaN,NaN
29-10-2016 17:00,NaN,NaN,NaN,NaN,NaN
29-10-2016 18:00,NaN,NaN,NaN,NaN,NaN
29-10-2016 19:00,NaN,NaN,NaN,NaN,NaN
29-10-2016 20:00,NaN,NaN,NaN,NaN,NaN
29-10-2016 21:00,NaN,NaN,NaN,NaN,NaN
29-10-2016 22:00,NaN,NaN,NaN,NaN,NaN
29-10-2016 23:00,NaN,NaN,NaN,NaN,NaN
30-10-2016 00:00,-9.49,975.17,12.12,90.02,82.54
30-10-2016 01:00,-9.26,976.29,12.46,87.93,81.56
30-10-2016 02:00,-8.94,977.38,13.88,86.83,80.63
30-10-2016 03:00,-8.23,978.61,11.71,86.32,79.67
30-10-2016 04:00,-7.69,979.82,10.3,83.42,76.61
30-10-2016 05:00,-6.92,981.15,7.78,62,74.25
30-10-2016 06:00,-6.39,982.39,8.37,85.42,72.2
30-10-2016 07:00,-5.96,983.52,5.06,43.52,71.62
30-10-2016 08:00,-5.21,984.63,2.82,255.42,67.27
30-10-2016 09:00,-5.48,985.77,5.08,237.55,66.64
30-10-2016 10:00,-6.16,986.87,8.39,228.25,67.78
30-10-2016 11:00,-6.44,987.6,8.06,217.43,69.05
30-10-2016 12:00,-6.48,988.46,7.03,207.33,67.88
30-10-2016 13:00,-6.75,989.09,3.68,187.25,63.29
30-10-2016 14:00,-7.77,989.79,6.87,101.95,53.54
30-10-2016 15:00,-8.45,990.71,8.72,112.45,47.52
30-10-2016 16:00,-8.95,991.24,10.78,114.32,43.73
30-10-2016 17:00,-9.86,991.89,11.51,114.87,44.55
30-10-2016 18:00,-10.24,992.71,12.18,115.45,43.47
30-10-2016 19:00,-10.61,993.52,11.89,117.45,42.69
30-10-2016 20:00,-11.07,993.98,11.45,125.68,43.46
30-10-2016 21:00,-12.3,994.28,17.43,116.3,51.55
30-10-2016 22:00,-12.12,994.63,16.78,113.07,55.23
30-10-2016 23:00,-11.62,995.2,16.16,110.78,54.51
31-10-2016 00:00,-9.47,995.56,12.36,98.69,46.36
31-10-2016 01:00,-9.47,995.75,13.4,91.87,50.99
31-10-2016 02:00,-8.32,995.67,12.55,94.33,49.82
31-10-2016 03:00,-6.13,995.79,10.04,77.17,43.65
31-10-2016 04:00,-4.49,995.96,10.21,88.23,40.73
31-10-2016 05:00,-3.9,996.2,5.14,91.82,43.21
31-10-2016 06:00,-3.15,995.88,9.5,80.58,42.72
31-10-2016 07:00,-2.18,995.87,10.13,94.25,41.95
31-10-2016 08:00,-1.94,995.92,11.5,86.25,42.15
31-10-2016 09:00,-1.79,995.82,12.87,79.03,42.47
31-10-2016 10:00,-1.73,995.66,13,90.82,43.17
31-10-2016 11:00,-1.84,995.51,11.75,82.23,42.06
31-10-2016 12:00,-2.25,995.29,14.21,84.93,40.51
31-10-2016 13:00,-3.5,995.39,14.3,91.75,44.47
31-10-2016 14:00,-4.52,995.19,15.58,98.83,46.93
31-10-2016 15:00,-5.04,995,18.13,95.02,47.71
31-10-2016 16:00,-6.09,994.91,21.49,86.82,54.05
31-10-2016 17:00,-6.21,994.93,23.23,86.7,53.66
31-10-2016 18:00,-6.26,995.27,23.11,83.87,52.16
31-10-2016 19:00,-6.57,995.6,22.85,82.6,51.01
31-10-2016 20:00,-6.89,995.63,22.65,85.68,50.9
31-10-2016 21:00,-7.25,995.58,22.89,85.72,51.78
31-10-2016 22:00,-7.71,996.08,17.95,82.43,53.47
31-10-2016 23:00,-7.45,996.32,16.83,85.3,51.39
01-11-2016 00:00,-6.49,996.34,14.03,79.19,46.16
01-11-2016 01:00,-5.44,996.36,10.18,70.17,41.33
01-11-2016 02:00,-4.81,995.98,11.13,68.15,41.07
01-11-2016 03:00,-3.9,995.75,11.42,68.53,40.19
01-11-2016 04:00,-3.57,995.75,3.38,241.17,41.08
01-11-2016 05:00,-1.62,995.36,2.93,55.63,33.27
01-11-2016 06:00,-0.58,994.75,2.28,172.37,36.01
01-11-2016 07:00,-1.16,994.17,3.86,214.57,39.47
01-11-2016 08:00,-1.58,993.6,4.6,191.03,41.66
01-11-2016 09:00,-2.35,992.86,7.79,199.07,50.03
01-11-2016 10:00,-1.79,992.22,6.93,201.02,48.02
01-11-2016 11:00,-0.61,991.56,4.1,176.3,43.52
01-11-2016 12:00,-0.52,990.84,4.36,107.38,43.21
01-11-2016 13:00,-1.56,990.13,8.55,99.73,42.96
01-11-2016 14:00,-1.81,989.61,6.93,103.48,40.08
01-11-2016 15:00,-2.69,989.39,11.06,93.12,40.47
01-11-2016 16:00,-3.69,989.39,14.36,91.95,44.15
01-11-2016 17:00,-4.35,989.44,18.75,87.02,47.41
01-11-2016 18:00,-4.26,989.53,19.74,85.28,46.08
01-11-2016 19:00,-4.79,989.62,23.33,87.22,45.81
01-11-2016 20:00,-4.86,990.19,20.99,84.65,43.88
01-11-2016 21:00,-5.4,991.13,18.6,88.68,45.45
01-11-2016 22:00,-7.59,991.72,20.99,88.92,52.81
01-11-2016 23:00,-6.43,991.59,21.76,88.9,46.1
02-11-2016 00:00,NaN,NaN,NaN,NaN,NaN
02-11-2016 01:00,NaN,NaN,NaN,NaN,NaN
02-11-2016 02:00,NaN,NaN,NaN,NaN,NaN
02-11-2016 03:00,NaN,NaN,NaN,NaN,NaN
02-11-2016 04:00,NaN,NaN,NaN,NaN,NaN
02-11-2016 05:00,NaN,NaN,NaN,NaN,NaN
02-11-2016 06:00,NaN,NaN,NaN,NaN,NaN
02-11-2016 07:00,NaN,NaN,NaN,NaN,NaN
02-11-2016 08:00,NaN,NaN,NaN,NaN,NaN
02-11-2016 09:00,NaN,NaN,NaN,NaN,NaN
02-11-2016 10:00,NaN,NaN,NaN,NaN,NaN
02-11-2016 11:00,NaN,NaN,NaN,NaN,NaN
02-11-2016 12:00,NaN,NaN,NaN,NaN,NaN
02-11-2016 13:00,NaN,NaN,NaN,NaN,NaN
02-11-2016 14:00,NaN,NaN,NaN,NaN,NaN
02-11-2016 15:00,NaN,NaN,NaN,NaN,NaN
02-11-2016 16:00,NaN,NaN,NaN,NaN,NaN
02-11-2016 17:00,NaN,NaN,NaN,NaN,NaN
02-11-2016 18:00,NaN,NaN,NaN,NaN,NaN
02-11-2016 19:00,NaN,NaN,NaN,NaN,NaN
02-11-2016 20:00,NaN,NaN,NaN,NaN,NaN
02-11-2016 21:00,NaN,NaN,NaN,NaN,NaN
02-11-2016 22:00,NaN,NaN,NaN,NaN,NaN
02-11-2016 23:00,NaN,NaN,NaN,NaN,NaN
03-11-2016 00:00,NaN,NaN,NaN,NaN,NaN
03-11-2016 01:00,NaN,NaN,NaN,NaN,NaN
03-11-2016 02:00,NaN,NaN,NaN,NaN,NaN
03-11-2016 03:00,NaN,NaN,NaN,NaN,NaN
03-11-2016 04:00,NaN,NaN,NaN,NaN,NaN
03-11-2016 05:00,NaN,NaN,NaN,NaN,NaN
03-11-2016 06:00,NaN,NaN,NaN,NaN,NaN
03-11-2016 07:00,NaN,NaN,NaN,NaN,NaN
03-11-2016 08:00,NaN,NaN,NaN,NaN,NaN
03-11-2016 09:00,NaN,NaN,NaN,NaN,NaN
03-11-2016 10:00,NaN,NaN,NaN,NaN,NaN
03-11-2016 11:00,NaN,NaN,NaN,NaN,NaN
03-11-2016 12:00,NaN,NaN,NaN,NaN,NaN
03-11-2016 13:00,NaN,NaN,NaN,NaN,NaN
03-11-2016 14:00,NaN,NaN,NaN,NaN,NaN
03-11-2016 15:00,NaN,NaN,NaN,NaN,NaN
03-11-2016 16:00,NaN,NaN,NaN,NaN,NaN
03-11-2016 17:00,NaN,NaN,NaN,NaN,NaN
03-11-2016 18:00,NaN,NaN,NaN,NaN,NaN
03-11-2016 19:00,NaN,NaN,NaN,NaN,NaN
03-11-2016 20:00,NaN,NaN,NaN,NaN,NaN
03-11-2016 21:00,NaN,NaN,NaN,NaN,NaN
03-11-2016 22:00,NaN,NaN,NaN,NaN,NaN
03-11-2016 23:00,NaN,NaN,NaN,NaN,NaN
04-11-2016 00:00,-3.89,988.69,14.86,82.41,44.61
04-11-2016 01:00,-3.59,988.56,17.26,82.82,44.47
04-11-2016 02:00,-3.82,988.5,18.87,82.43,43.57
04-11-2016 03:00,-3.85,988.43,18.93,81.85,44.03
04-11-2016 04:00,-3.71,988.21,20.43,81.98,44.33
04-11-2016 05:00,-3.44,988.19,18.3,73.95,43.71
04-11-2016 06:00,-2.78,988.22,13.82,66.2,43.09
04-11-2016 07:00,-2.58,988.08,10.36,41.28,46.99
04-11-2016 08:00,-1.9,987.73,2.88,283.53,47.59
04-11-2016 09:00,-1.76,987.36,2.17,266.35,45.48
04-11-2016 10:00,-1.67,986.86,2.79,246.55,42.89
04-11-2016 11:00,-2.02,986.25,3.37,210.43,44.04
04-11-2016 12:00,-2.32,985.63,4.15,160.35,45.31
04-11-2016 13:00,-2.97,985.02,9.19,69.17,47.8
04-11-2016 14:00,-3.5,984.26,11.85,73.78,42.7
04-11-2016 15:00,-3.88,983.51,14.74,79.23,39.23
04-11-2016 16:00,-4.54,982.76,15.58,74.43,39.01
04-11-2016 17:00,-5.23,981.88,20.04,81.43,41.02
04-11-2016 18:00,-5.84,981.17,22.42,83.08,43.01
04-11-2016 19:00,-6.82,980.51,27.48,85.77,44.94
04-11-2016 20:00,-7.35,979.74,28.9,86.75,44.05
04-11-2016 21:00,-7.86,978.67,27.59,87.18,45.13
04-11-2016 22:00,-7.95,977.46,26.75,83.83,44.69
04-11-2016 23:00,-6.84,976.53,21.71,82.42,40.8
05-11-2016 00:00,NaN,NaN,NaN,NaN,NaN
05-11-2016 01:00,NaN,NaN,NaN,NaN,NaN
05-11-2016 02:00,NaN,NaN,NaN,NaN,NaN
05-11-2016 03:00,NaN,NaN,NaN,NaN,NaN
05-11-2016 04:00,NaN,NaN,NaN,NaN,NaN
05-11-2016 05:00,NaN,NaN,NaN,NaN,NaN
05-11-2016 06:00,NaN,NaN,NaN,NaN,NaN
05-11-2016 07:00,NaN,NaN,NaN,NaN,NaN
05-11-2016 08:00,NaN,NaN,NaN,NaN,NaN
05-11-2016 09:00,NaN,NaN,NaN,NaN,NaN
05-11-2016 10:00,NaN,NaN,NaN,NaN,NaN
05-11-2016 11:00,NaN,NaN,NaN,NaN,NaN
05-11-2016 12:00,NaN,NaN,NaN,NaN,NaN
05-11-2016 13:00,NaN,NaN,NaN,NaN,NaN
05-11-2016 14:00,NaN,NaN,NaN,NaN,NaN
05-11-2016 15:00,NaN,NaN,NaN,NaN,NaN
05-11-2016 16:00,NaN,NaN,NaN,NaN,NaN
05-11-2016 17:00,NaN,NaN,NaN,NaN,NaN
05-11-2016 18:00,NaN,NaN,NaN,NaN,NaN
05-11-2016 19:00,NaN,NaN,NaN,NaN,NaN
05-11-2016 20:00,NaN,NaN,NaN,NaN,NaN
05-11-2016 21:00,NaN,NaN,NaN,NaN,NaN
05-11-2016 22:00,NaN,NaN,NaN,NaN,NaN
05-11-2016 23:00,NaN,NaN,NaN,NaN,NaN
06-11-2016 00:00,-2.05,976.41,20.35,68.03,51.31
06-11-2016 01:00,-1.57,977.03,20.21,55.77,52.88
06-11-2016 02:00,-1.23,977.56,20.13,53.4,51.47
06-11-2016 03:00,-1.02,978.07,17.24,58.27,55.72
06-11-2016 04:00,-0.62,978.59,15.56,56.63,57.18
06-11-2016 05:00,0.02,978.86,14.59,55.88,54.33
06-11-2016 06:00,0.24,979.14,12.08,52.73,57.15
06-11-2016 07:00,0.75,979.24,12.32,44.05,53.41
06-11-2016 08:00,1.17,979.47,13.09,43.47,55.39
06-11-2016 09:00,1.55,979.61,8.19,56.87,55.39
06-11-2016 10:00,1.33,979.87,8.79,40.4,57.38
06-11-2016 11:00,0.69,980.49,10.84,40.1,66.44
06-11-2016 12:00,0.49,980.94,11.94,51.7,68.17
06-11-2016 13:00,0.7,981.3,16.79,50.17,58.89
06-11-2016 14:00,0.44,981.13,5.61,97.4,59.59
06-11-2016 15:00,-0.03,980.76,10.87,88.15,50.66
06-11-2016 16:00,-0.82,980.51,15.2,84.92,46.29
06-11-2016 17:00,-0.6,980.44,9.71,80.58,45.59
06-11-2016 18:00,-2.2,980.14,18.27,82.95,47.83
06-11-2016 19:00,-3.57,979.67,24.92,84.2,48.52
06-11-2016 20:00,-4.04,979.42,25.1,85.13,49.79
06-11-2016 21:00,-4,979.13,24.98,85.22,47.29
06-11-2016 22:00,-3.69,978.92,20.49,85.97,48.4
06-11-2016 23:00,-3.25,978.46,22.47,85.72,48.02
07-11-2016 00:00,NaN,NaN,NaN,NaN,NaN
07-11-2016 01:00,NaN,NaN,NaN,NaN,NaN
07-11-2016 02:00,NaN,NaN,NaN,NaN,NaN
07-11-2016 03:00,NaN,NaN,NaN,NaN,NaN
07-11-2016 04:00,NaN,NaN,NaN,NaN,NaN
07-11-2016 05:00,NaN,NaN,NaN,NaN,NaN
07-11-2016 06:00,NaN,NaN,NaN,NaN,NaN
07-11-2016 07:00,NaN,NaN,NaN,NaN,NaN
07-11-2016 08:00,NaN,NaN,NaN,NaN,NaN
07-11-2016 09:00,NaN,NaN,NaN,NaN,NaN
07-11-2016 10:00,NaN,NaN,NaN,NaN,NaN
07-11-2016 11:00,NaN,NaN,NaN,NaN,NaN
07-11-2016 12:00,NaN,NaN,NaN,NaN,NaN
07-11-2016 13:00,NaN,NaN,NaN,NaN,NaN
07-11-2016 14:00,NaN,NaN,NaN,NaN,NaN
07-11-2016 15:00,NaN,NaN,NaN,NaN,NaN
07-11-2016 16:00,NaN,NaN,NaN,NaN,NaN
07-11-2016 17:00,NaN,NaN,NaN,NaN,NaN
07-11-2016 18:00,NaN,NaN,NaN,NaN,NaN
07-11-2016 19:00,NaN,NaN,NaN,NaN,NaN
07-11-2016 20:00,NaN,NaN,NaN,NaN,NaN
07-11-2016 21:00,NaN,NaN,NaN,NaN,NaN
07-11-2016 22:00,NaN,NaN,NaN,NaN,NaN
07-11-2016 23:00,NaN,NaN,NaN,NaN,NaN
08-11-2016 00:00,NaN,NaN,NaN,NaN,NaN
08-11-2016 01:00,NaN,NaN,NaN,NaN,NaN
08-11-2016 02:00,NaN,NaN,NaN,NaN,NaN
08-11-2016 03:00,NaN,NaN,NaN,NaN,NaN
08-11-2016 04:00,NaN,NaN,NaN,NaN,NaN
08-11-2016 05:00,NaN,NaN,NaN,NaN,NaN
08-11-2016 06:00,NaN,NaN,NaN,NaN,NaN
08-11-2016 07:00,NaN,NaN,NaN,NaN,NaN
08-11-2016 08:00,NaN,NaN,NaN,NaN,NaN
08-11-2016 09:00,NaN,NaN,NaN,NaN,NaN
08-11-2016 10:00,NaN,NaN,NaN,NaN,NaN
08-11-2016 11:00,NaN,NaN,NaN,NaN,NaN
08-11-2016 12:00,NaN,NaN,NaN,NaN,NaN
08-11-2016 13:00,NaN,NaN,NaN,NaN,NaN
08-11-2016 14:00,NaN,NaN,NaN,NaN,NaN
08-11-2016 15:00,NaN,NaN,NaN,NaN,NaN
08-11-2016 16:00,NaN,NaN,NaN,NaN,NaN
08-11-2016 17:00,NaN,NaN,NaN,NaN,NaN
08-11-2016 18:00,NaN,NaN,NaN,NaN,NaN
08-11-2016 19:00,NaN,NaN,NaN,NaN,NaN
08-11-2016 20:00,NaN,NaN,NaN,NaN,NaN
08-11-2016 21:00,NaN,NaN,NaN,NaN,NaN
08-11-2016 22:00,NaN,NaN,NaN,NaN,NaN
08-11-2016 23:00,NaN,NaN,NaN,NaN,NaN
09-11-2016 00:00,NaN,NaN,NaN,NaN,NaN
09-11-2016 01:00,NaN,NaN,NaN,NaN,NaN
09-11-2016 02:00,NaN,NaN,NaN,NaN,NaN
09-11-2016 03:00,NaN,NaN,NaN,NaN,NaN
09-11-2016 04:00,NaN,NaN,NaN,NaN,NaN
09-11-2016 05:00,NaN,NaN,NaN,NaN,NaN
09-11-2016 06:00,NaN,NaN,NaN,NaN,NaN
09-11-2016 07:00,NaN,NaN,NaN,NaN,NaN
09-11-2016 08:00,NaN,NaN,NaN,NaN,NaN
09-11-2016 09:00,NaN,NaN,NaN,NaN,NaN
09-11-2016 10:00,NaN,NaN,NaN,NaN,NaN
09-11-2016 11:00,NaN,NaN,NaN,NaN,NaN
09-11-2016 12:00,NaN,NaN,NaN,NaN,NaN
09-11-2016 13:00,NaN,NaN,NaN,NaN,NaN
09-11-2016 14:00,NaN,NaN,NaN,NaN,NaN
09-11-2016 15:00,NaN,NaN,NaN,NaN,NaN
09-11-2016 16:00,NaN,NaN,NaN,NaN,NaN
09-11-2016 17:00,NaN,NaN,NaN,NaN,NaN
09-11-2016 18:00,NaN,NaN,NaN,NaN,NaN
09-11-2016 19:00,NaN,NaN,NaN,NaN,NaN
09-11-2016 20:00,NaN,NaN,NaN,NaN,NaN
09-11-2016 21:00,NaN,NaN,NaN,NaN,NaN
09-11-2016 22:00,NaN,NaN,NaN,NaN,NaN
09-11-2016 23:00,NaN,NaN,NaN,NaN,NaN
10-11-2016 00:00,NaN,NaN,NaN,NaN,NaN
10-11-2016 01:00,NaN,NaN,NaN,NaN,NaN
10-11-2016 02:00,NaN,NaN,NaN,NaN,NaN
10-11-2016 03:00,NaN,NaN,NaN,NaN,NaN
10-11-2016 04:00,NaN,NaN,NaN,NaN,NaN
10-11-2016 05:00,NaN,NaN,NaN,NaN,NaN
10-11-2016 06:00,NaN,NaN,NaN,NaN,NaN
10-11-2016 07:00,NaN,NaN,NaN,NaN,NaN
10-11-2016 08:00,NaN,NaN,NaN,NaN,NaN
10-11-2016 09:00,NaN,NaN,NaN,NaN,NaN
10-11-2016 10:00,NaN,NaN,NaN,NaN,NaN
10-11-2016 11:00,NaN,NaN,NaN,NaN,NaN
10-11-2016 12:00,NaN,NaN,NaN,NaN,NaN
10-11-2016 13:00,NaN,NaN,NaN,NaN,NaN
10-11-2016 14:00,NaN,NaN,NaN,NaN,NaN
10-11-2016 15:00,NaN,NaN,NaN,NaN,NaN
10-11-2016 16:00,NaN,NaN,NaN,NaN,NaN
10-11-2016 17:00,NaN,NaN,NaN,NaN,NaN
10-11-2016 18:00,NaN,NaN,NaN,NaN,NaN
10-11-2016 19:00,NaN,NaN,NaN,NaN,NaN
10-11-2016 20:00,NaN,NaN,NaN,NaN,NaN
10-11-2016 21:00,NaN,NaN,NaN,NaN,NaN
10-11-2016 22:00,NaN,NaN,NaN,NaN,NaN
10-11-2016 23:00,NaN,NaN,NaN,NaN,NaN
11-11-2016 00:00,NaN,NaN,NaN,NaN,NaN
11-11-2016 01:00,NaN,NaN,NaN,NaN,NaN
11-11-2016 02:00,NaN,NaN,NaN,NaN,NaN
11-11-2016 03:00,NaN,NaN,NaN,NaN,NaN
11-11-2016 04:00,NaN,NaN,NaN,NaN,NaN
11-11-2016 05:00,NaN,NaN,NaN,NaN,NaN
11-11-2016 06:00,NaN,NaN,NaN,NaN,NaN
11-11-2016 07:00,NaN,NaN,NaN,NaN,NaN
11-11-2016 08:00,NaN,NaN,NaN,NaN,NaN
11-11-2016 09:00,NaN,NaN,NaN,NaN,NaN
11-11-2016 10:00,NaN,NaN,NaN,NaN,NaN
11-11-2016 11:00,NaN,NaN,NaN,NaN,NaN
11-11-2016 12:00,NaN,NaN,NaN,NaN,NaN
11-11-2016 13:00,NaN,NaN,NaN,NaN,NaN
11-11-2016 14:00,NaN,NaN,NaN,NaN,NaN
11-11-2016 15:00,NaN,NaN,NaN,NaN,NaN
11-11-2016 16:00,NaN,NaN,NaN,NaN,NaN
11-11-2016 17:00,NaN,NaN,NaN,NaN,NaN
11-11-2016 18:00,NaN,NaN,NaN,NaN,NaN
11-11-2016 19:00,NaN,NaN,NaN,NaN,NaN
11-11-2016 20:00,NaN,NaN,NaN,NaN,NaN
11-11-2016 21:00,NaN,NaN,NaN,NaN,NaN
11-11-2016 22:00,NaN,NaN,NaN,NaN,NaN
11-11-2016 23:00,NaN,NaN,NaN,NaN,NaN
12-11-2016 00:00,NaN,NaN,NaN,NaN,NaN
12-11-2016 01:00,NaN,NaN,NaN,NaN,NaN
12-11-2016 02:00,NaN,NaN,NaN,NaN,NaN
12-11-2016 03:00,NaN,NaN,NaN,NaN,NaN
12-11-2016 04:00,NaN,NaN,NaN,NaN,NaN
12-11-2016 05:00,NaN,NaN,NaN,NaN,NaN
12-11-2016 06:00,NaN,NaN,NaN,NaN,NaN
12-11-2016 07:00,NaN,NaN,NaN,NaN,NaN
12-11-2016 08:00,NaN,NaN,NaN,NaN,NaN
12-11-2016 09:00,NaN,NaN,NaN,NaN,NaN
12-11-2016 10:00,NaN,NaN,NaN,NaN,NaN
12-11-2016 11:00,NaN,NaN,NaN,NaN,NaN
12-11-2016 12:00,NaN,NaN,NaN,NaN,NaN
12-11-2016 13:00,NaN,NaN,NaN,NaN,NaN
12-11-2016 14:00,NaN,NaN,NaN,NaN,NaN
12-11-2016 15:00,NaN,NaN,NaN,NaN,NaN
12-11-2016 16:00,NaN,NaN,NaN,NaN,NaN
12-11-2016 17:00,NaN,NaN,NaN,NaN,NaN
12-11-2016 18:00,NaN,NaN,NaN,NaN,NaN
12-11-2016 19:00,NaN,NaN,NaN,NaN,NaN
12-11-2016 20:00,NaN,NaN,NaN,NaN,NaN
12-11-2016 21:00,NaN,NaN,NaN,NaN,NaN
12-11-2016 22:00,NaN,NaN,NaN,NaN,NaN
12-11-2016 23:00,NaN,NaN,NaN,NaN,NaN
13-11-2016 00:00,-1.34,985.86,28.12,83.02,52.5
13-11-2016 01:00,-0.6,986.53,26.54,82.53,50.63
13-11-2016 02:00,0.02,987.37,18.47,78.48,52.67
13-11-2016 03:00,0.65,987.86,18.98,80.13,53.16
13-11-2016 04:00,1.26,988.16,23.38,82.73,52.45
13-11-2016 05:00,2.11,988.63,21.2,77.35,51.62
13-11-2016 06:00,3.08,989.45,18.54,78.95,51.01
13-11-2016 07:00,3.64,990.2,13.39,67.63,50.1
13-11-2016 08:00,3.76,990.84,11.36,56.08,51.21
13-11-2016 09:00,4.09,991.29,8.13,72.48,50.7
13-11-2016 10:00,4.11,991.73,13.72,74.72,51.26
13-11-2016 11:00,3.69,992.6,10.84,75.35,58.63
13-11-2016 12:00,3.39,993.34,7.53,65.22,61.12
13-11-2016 13:00,2.59,993.92,7.95,88.67,65.47
13-11-2016 14:00,2.13,994.27,12.85,85.78,66.68
13-11-2016 15:00,1.76,995,12.81,84.08,66.65
13-11-2016 16:00,0.45,995.46,13.51,90.23,65.29
13-11-2016 17:00,0.53,995.7,16.98,84.85,55.83
13-11-2016 18:00,0.7,995.7,22.38,86.35,48.53
13-11-2016 19:00,-0.41,996.28,20.37,89.3,49.06
13-11-2016 20:00,-0.31,996.69,20.6,85.55,46.52
13-11-2016 21:00,-0.28,996.87,20.24,86.18,45.9
13-11-2016 22:00,-0.5,996.83,20.65,87.43,46.74
13-11-2016 23:00,-0.18,997.07,19.94,86.55,44.94
