obstime,tempr,ap,ws,wd,rh
1985-02-26,-10.0,983.025,16.125,11.75,64.875
1985-02-27,-12.625,981.575,5.875,29.25,58.625
1985-02-28,-17.1875,983.775,3.0,99.0,55.125
1985-03-01,-507.625,986.3375,19.125,-493.625,-999.0
1985-03-02,-257.3125,497.75,33.875,-243.0,-224.125
1985-03-03,-10.0625,998.8875,23.5,20.25,35.25
1985-03-04,-16.125,997.825,5.5,68.25,-223.75
1985-03-05,-10.9375,985.4125,24.875,10.0,34.375
1985-03-06,-10.75,982.3125,27.375,11.0,33.125
1985-03-07,-6.75,976.775,40.25,9.25,31.5
1985-03-08,-7.5,976.5,19.625,11.375,31.125
1985-03-09,-6.8125,978.1125,8.75,25.125,32.875
1985-03-10,-8.875,981.0625,9.75,32.25,33.0
1985-03-11,-14.3125,981.2625,4.625,23.75,31.125
1985-03-12,-16.0625,984.6,7.0,36.125,30.0
1985-03-13,-15.5625,993.925,6.875,52.125,30.0
1985-03-14,-12.125,985.475,14.625,27.0,30.0
1985-03-15,-15.625,985.5,4.625,14.25,-355.875
1985-03-16,-18.375,992.75,14.5,11.0,-741.75
1985-03-17,-16.25,999.275,21.875,9.5,-98.625
1985-03-18,-12.25,994.4125,-84.25,-117.0,-999.0
1985-03-19,-10.75,986.5875,-999.0,-999.0,-999.0
1985-03-20,-9.25,984.475,-999.0,-999.0,-999.0
1985-03-21,-6.5,976.5375,-999.0,-999.0,-611.0
1985-03-22,-6.0,984.75,23.125,9.5,-999.0
1985-03-23,-10.875,990.0625,5.875,55.125,-999.0
1985-03-24,-12.625,983.6875,3.75,99.0,-999.0
1985-03-25,-16.375,988.925,2.125,51.5,-999.0
1985-03-26,-16.75,992.125,18.0,20.875,-999.0
1985-03-27,-16.875,978.8125,-741.75,-495.0,-999.0
1985-03-28,-13.25,975.8125,-999.0,-999.0,-999.0
1985-03-29,-14.3125,981.4875,25.75,9.0,-999.0
1985-03-30,-15.75,984.675,18.375,9.0,-352.5
1985-03-31,-21.75,977.8125,11.0,12.5,36.375
1985-04-01,-19.75,970.7625,21.375,9.625,37.125
1985-04-02,-15.25,975.7625,11.375,32.0,33.0
1985-04-03,-15.875,978.3,4.5,88.0,-870.0
1985-04-04,-16.75,978.9375,14.0,10.5,33.0
1985-04-05,-16.875,976.15,16.5,10.25,-354.0
1985-04-06,-18.125,965.9625,10.0,42.5,32.75
1985-04-07,-10.625,973.475,18.5,31.5,-741.0
1985-04-08,-8.75,988.975,30.75,9.0,-999.0
1985-04-09,-7.875,986.75,55.0,9.0,-999.0
1985-04-10,-7.375,982.7,34.375,9.0,33.0
1985-04-11,-10.625,972.975,52.5,9.0,33.75
1985-04-12,-10.0,966.1625,21.0,11.5,33.375
1985-04-13,-6.75,966.0625,26.625,11.375,33.0
1985-04-14,-12.75,975.975,20.625,32.25,33.0
1985-04-15,-25.375,985.0625,6.5,45.875,-999.0
1985-04-16,-28.0,983.4125,5.75,78.875,-483.5
1985-04-17,-27.0,981.975,10.625,35.25,32.0
1985-04-18,-19.625,999.225,19.375,11.625,-354.0
1985-04-19,-18.375,1004.8875,22.0,9.5,-483.0
1985-04-20,-21.0,998.775,14.5,11.625,-999.0
1985-04-21,-23.25,989.9,13.5,14.0,-999.0
1985-04-22,-24.375,993.025,16.375,14.25,-999.0
1985-04-23,-144.25,746.1625,-105.875,-115.125,-999.0
1985-04-24,-17.375,995.55,34.75,9.0,-999.0
1985-04-25,-13.625,984.15,34.25,9.75,-999.0
1985-04-26,-9.125,977.3,23.875,12.5,-999.0
1985-04-27,-8.625,980.7375,29.125,10.0,-999.0
1985-04-28,-14.875,984.15,26.625,12.875,-999.0
1985-04-29,-14.875,990.05,43.25,9.0,-999.0
1985-04-30,-14.125,994.25,34.75,9.0,-999.0
1985-05-01,-14.75,987.85,26.625,10.25,-999.0
1985-05-02,-20.5,990.65,14.75,11.875,-999.0
1985-05-03,-26.875,996.2625,5.25,10.5,-999.0
1985-05-04,-29.0,1000.1125,7.5,24.625,-999.0
1985-05-05,-22.5,990.875,30.0,9.5,-999.0
1985-05-06,-21.875,984.9,38.75,9.0,-999.0
1985-05-07,-26.25,986.45,15.375,15.375,-999.0
1985-05-08,-29.5,990.1125,17.375,33.5,-999.0
1985-05-09,-26.75,992.425,11.25,33.5,-999.0
1985-05-10,-29.5,991.75,11.375,13.25,-999.0
1985-05-11,-31.5,985.675,18.25,11.375,-999.0
1985-05-12,-24.625,980.6375,30.125,10.125,-999.0
1985-05-13,-29.375,976.675,2.625,15.875,-999.0
1985-05-14,-23.25,974.0125,17.0,32.25,-999.0
1985-05-15,-21.375,979.5,49.125,21.125,-999.0
1985-05-16,-21.0,976.6125,74.5,9.0,-999.0
1985-05-17,-19.375,992.75,37.0,10.5,-999.0
1985-05-18,-29.5,995.85,6.625,77.75,-999.0
1985-05-19,-31.75,990.5875,13.0,12.875,-999.0
1985-05-20,-24.25,992.0875,21.75,9.75,-999.0
1985-05-21,-24.0,993.2375,16.875,11.75,-999.0
1985-05-22,-31.0,994.875,14.125,13.625,-999.0
1985-05-23,-31.625,1003.4875,14.5,12.875,-999.0
1985-05-24,-29.75,1003.325,15.875,11.875,-999.0
1985-05-25,-31.625,989.1375,21.125,11.75,-999.0
1985-05-26,-25.5,974.5875,25.125,11.0,-999.0
1985-05-27,-26.125,976.0,13.125,13.875,-999.0
1985-05-28,-19.0,982.8625,52.125,9.25,-999.0
1985-05-29,-19.625,987.375,31.25,22.25,-999.0
1985-05-30,-29.125,994.425,10.125,24.625,-999.0
1985-05-31,-27.0,990.825,22.625,11.375,-999.0
1985-06-01,-30.0,977.4625,16.75,12.875,-999.0
1985-06-02,-27.625,982.4875,27.5,10.875,-999.0
1985-06-03,-15.375,974.725,55.0,9.0,-999.0
1985-06-04,-13.25,967.25,24.875,12.5,-999.0
1985-06-05,-20.375,973.875,15.0,14.0,-999.0
1985-06-06,-23.25,982.475,17.25,12.5,-999.0
1985-06-07,-25.125,989.45,16.125,13.25,-999.0
1985-06-08,-30.0,981.4875,11.0,25.375,-999.0
1985-06-09,-32.0,981.725,7.375,33.25,-999.0
1985-06-10,-29.125,987.6125,11.625,34.625,-999.0
1985-06-11,-23.0,991.85,22.25,11.0,-999.0
1985-06-12,-22.0,991.85,25.375,11.0,-999.0
1985-06-13,-18.5,996.275,36.125,10.25,-999.0
1985-06-14,-21.125,996.125,42.5,9.0,-999.0
1985-06-15,-24.125,985.1125,37.875,9.5,-999.0
1985-06-16,-24.25,987.825,32.75,10.25,-999.0
1985-06-17,-29.0,994.825,20.0,12.5,-999.0
1985-06-18,-22.0,996.375,38.125,9.0,-999.0
1985-06-19,-20.5,1000.7875,43.125,9.5,-999.0
1985-06-20,-22.5,998.0375,23.125,10.5,-999.0
1985-06-21,-25.25,995.0125,12.75,24.75,-999.0
1985-06-22,-24.625,992.1,24.375,12.875,-999.0
1985-06-23,-17.5,989.1625,48.75,10.375,-999.0
1985-06-24,-12.25,979.1625,53.875,9.0,-999.0
1985-06-25,-18.125,978.7125,19.75,12.875,-999.0
1985-06-26,-18.625,993.925,22.0,10.875,-999.0
1985-06-27,-26.5,998.7375,12.0,24.625,-999.0
1985-06-28,-25.875,995.5875,10.625,23.875,-999.0
1985-06-29,-29.25,984.125,6.5,99.0,-999.0
1985-06-30,-25.625,970.6875,36.75,10.5,-999.0
1985-07-01,-22.875,966.8875,16.0,22.625,-999.0
1985-07-02,-26.0,950.5,22.625,10.5,-999.0
1985-07-03,-26.5,953.0375,11.375,35.25,-999.0
1985-07-04,-27.5,972.175,7.625,67.125,-999.0
1985-07-05,-34.25,982.65,7.5,25.375,-999.0
1985-07-06,-28.875,974.75,17.625,12.5,-999.0
1985-07-07,-34.75,965.2875,8.25,56.5,-999.0
1985-07-08,-32.5,962.65,37.0,10.5,-999.0
1985-07-09,-28.125,979.8875,18.5,10.0,-999.0
1985-07-10,-27.375,974.7625,14.5,11.875,-999.0
1985-07-11,-29.25,961.8125,18.0,34.0,-999.0
1985-07-12,-30.5,971.2625,4.125,27.5,-999.0
1985-07-13,-32.25,974.0375,2.25,49.5,-999.0
1985-07-14,-36.625,970.775,0.0,0.0,-999.0
1985-07-15,-31.0,971.1,17.75,7.375,-999.0
1985-07-16,-33.625,969.0125,14.875,12.5,-999.0
1985-07-17,-36.0,958.975,11.75,31.875,-999.0
1985-07-18,-34.0,966.3875,9.5,12.875,-999.0
1985-07-19,-28.375,979.7125,21.625,9.5,-999.0
1985-07-20,-35.75,987.9875,15.75,22.0,-999.0
1985-07-21,-30.0,986.95,36.75,9.0,-999.0
1985-07-22,-26.875,983.025,36.625,9.0,-999.0
1985-07-23,-24.75,974.6,69.625,9.0,-999.0
1985-07-24,-21.0,965.4625,69.5,9.0,-999.0
1985-07-25,-24.875,975.0375,22.0,12.0,-999.0
1985-07-26,-21.875,973.2875,18.0,20.625,-999.0
1985-07-27,-26.75,967.3125,6.25,7.625,-999.0
1985-07-28,-22.375,977.3875,28.625,10.625,-999.0
1985-07-29,-22.25,971.4375,70.125,9.0,-999.0
1985-07-30,-16.0,958.8125,44.0,9.0,-999.0
1985-07-31,-15.5,951.9625,67.0,9.0,-999.0
1985-08-01,-16.125,988.0125,7.625,35.25,-999.0
1985-08-02,-24.75,996.7375,10.625,14.0,-999.0
1985-08-03,-20.875,995.375,16.875,15.75,-999.0
1985-08-04,-17.875,991.0,20.5,10.75,-999.0
1985-08-05,-26.0,995.2875,8.625,13.625,-999.0
1985-08-06,-28.875,994.5875,0.625,1.75,-999.0
1985-08-07,-31.0,988.75,0.0,0.0,-999.0
1985-08-08,-32.875,987.725,3.375,54.375,-999.0
1985-08-09,-33.0,992.4625,3.625,56.5,-999.0
1985-08-10,-40.5,1001.45,3.0,36.75,-999.0
1985-08-11,-36.5,994.6,3.75,38.875,-999.0
1985-08-12,-38.25,990.35,0.0,0.0,-999.0
1985-08-13,-39.25,989.8625,0.0,0.0,-999.0
1985-08-14,-38.75,994.6375,3.125,19.875,-999.0
1985-08-15,-40.75,985.9625,2.0,30.5,-999.0
1985-08-16,-46.8125,983.9875,3.625,18.625,-999.0
1985-08-17,-37.125,973.725,17.25,11.25,-999.0
1985-08-18,-30.75,971.7875,61.375,9.0,-999.0
1985-08-19,-22.125,966.275,62.875,9.0,-999.0
1985-08-20,-20.0,962.1875,-85.5,-117.0,-999.0
1985-08-21,-21.75,979.6,21.75,9.875,-999.0
1985-08-22,-28.0,980.5875,9.125,22.875,-999.0
1985-08-23,-28.625,978.3375,16.5,11.25,-999.0
1985-08-24,-29.25,983.175,11.375,23.875,-999.0
1985-08-25,-34.5,987.7375,6.75,13.5,-999.0
1985-08-26,-31.75,988.95,19.75,10.0,-999.0
1985-08-27,-32.875,989.95,22.25,11.0,-999.0
1985-08-28,-38.625,978.925,2.75,40.125,-999.0
1985-08-29,-39.375,960.875,3.125,30.875,-999.0
1985-08-30,-30.625,964.1375,11.125,9.875,-999.0
1985-08-31,-37.5,976.9875,6.625,24.75,-999.0
1985-09-01,-38.625,979.8875,5.25,14.5,-999.0
1985-09-02,-38.25,991.825,4.375,10.125,-999.0
1985-09-03,-26.75,993.575,45.0,9.25,-999.0
1985-09-04,-19.625,990.75,47.875,9.0,-999.0
1985-09-05,-18.25,972.6625,60.5,9.0,-999.0
1985-09-06,-25.125,978.1875,12.75,12.625,-999.0
1985-09-07,-27.75,986.675,18.0,11.375,-999.0
1985-09-08,-29.5,991.9625,9.0,49.5,-999.0
1985-09-09,-32.625,986.825,11.125,25.375,-999.0
1985-09-10,-31.5,978.8,27.875,10.375,-999.0
1985-09-11,-27.125,966.925,31.5,9.875,-999.0
1985-09-12,-29.375,952.5125,13.375,21.75,-999.0
1985-09-13,-28.625,962.125,17.875,13.875,-999.0
1985-09-14,-22.5,968.9125,20.0,9.875,-999.0
1985-09-15,-23.375,971.725,7.25,14.0,-999.0
1985-09-16,-24.875,975.8875,16.625,9.875,-999.0
1985-09-17,-21.625,972.7375,26.875,9.25,-999.0
1985-09-18,-22.5,975.0125,16.375,11.5,-999.0
1985-09-19,-22.25,986.275,11.5,13.125,-999.0
1985-09-20,-29.5,991.025,12.5,22.375,-999.0
1985-09-21,-31.375,978.6875,9.0,34.25,-999.0
1985-09-22,-29.125,975.6,11.375,12.0,-999.0
1985-09-23,-30.625,976.0625,10.875,12.5,-999.0
1985-09-24,-27.0,971.025,14.0,12.875,-999.0
1985-09-25,-25.5,969.25,28.625,9.25,-999.0
1985-09-26,-27.0,972.95,4.25,-221.5,-999.0
1985-09-27,-26.625,976.675,8.375,34.875,-999.0
1985-09-28,-24.125,978.4125,51.375,9.0,-999.0
1985-09-29,-20.125,982.5375,60.25,9.0,-999.0
1985-09-30,-16.25,983.7125,49.125,9.25,-999.0
1985-10-01,-20.125,974.6,22.875,10.25,-999.0
1985-10-02,-15.625,975.3125,30.5,9.5,-999.0
1985-10-03,-19.875,978.475,42.75,9.0,-999.0
1985-10-04,-20.875,976.95,42.75,9.0,-999.0
1985-10-05,-19.625,979.1375,22.625,10.875,-999.0
1985-10-06,-23.5,981.8375,20.0,10.75,-999.0
1985-10-07,-20.25,981.4,16.375,11.75,-999.0
1985-10-08,-17.125,979.4125,8.5,16.875,-999.0
1985-10-09,-22.75,977.1875,17.625,27.0,-999.0
1985-10-10,-27.75,981.975,6.5,14.625,-999.0
1985-10-11,-23.0,982.6375,5.75,25.5,-999.0
1985-10-12,-22.0,975.6375,8.0,16.875,-999.0
1985-10-13,-26.875,972.4625,16.375,10.5,-999.0
1985-10-14,-23.875,968.9875,38.5,9.0,-999.0
1985-10-15,-21.0,967.4125,35.625,9.0,-999.0
1985-10-16,-20.0,968.325,35.25,9.0,-999.0
1985-10-17,-18.5,975.075,35.125,9.0,-999.0
1985-10-18,-18.625,977.3875,36.625,9.0,-999.0
1985-10-19,-18.875,976.8125,13.375,12.875,-999.0
1985-10-20,-19.5625,979.025,9.0,14.5,-999.0
1985-10-21,-18.875,981.425,13.5,11.75,-999.0
1985-10-22,-15.625,980.8125,28.25,9.75,-999.0
1985-10-23,-13.125,979.875,30.25,9.0,-999.0
1985-10-24,-9.75,969.7625,33.375,9.0,-999.0
1985-10-25,-10.25,971.175,17.375,10.5,-999.0
1985-10-26,-13.875,971.725,11.25,13.625,-999.0
1985-10-27,-15.875,977.625,15.0,13.25,-999.0
1985-10-28,-16.625,992.85,16.5,20.375,-999.0
1985-10-29,-17.25,987.3,17.875,15.125,-999.0
1985-10-30,-16.625,982.45,15.0,12.5,-999.0
1985-10-31,-19.125,988.975,14.25,12.875,-999.0
1985-11-01,-20.5,988.075,15.125,14.125,-999.0
1985-11-02,-21.375,985.9125,16.0,12.75,-999.0
1985-11-03,-17.5,982.5375,22.125,10.625,-999.0
1985-11-04,-16.75,981.3625,13.875,14.0,-999.0
1985-11-05,-19.75,987.55,15.25,13.625,-999.0
1985-11-06,-14.625,989.7125,15.375,11.375,-999.0
1985-11-07,-16.75,984.2,7.25,13.25,-999.0
1985-11-08,-18.25,981.4625,21.0,10.375,-999.0
1985-11-09,-14.25,973.8,26.375,11.25,-999.0
1985-11-10,-11.875,973.4,12.5,12.5,-999.0
1985-11-11,-15.375,958.25,20.625,44.125,-999.0
1985-11-12,-12.375,965.85,13.125,36.5,-999.0
1985-11-13,-16.125,969.1875,18.875,27.0,-999.0
1985-11-14,-15.0,971.5375,24.0,27.0,-999.0
1985-11-15,-8.375,975.725,3.75,33.875,-999.0
1985-11-16,-11.0,972.075,4.0,10.75,-999.0
1985-11-17,-15.0,967.7375,11.0,34.625,-999.0
1985-11-18,-10.25,965.5375,17.375,23.625,-999.0
1985-11-19,-9.5,952.175,37.75,16.5,-999.0
1985-11-20,-10.25,966.25,15.875,27.0,-999.0
1985-11-21,-10.75,977.7,14.125,19.75,-999.0
1985-11-22,-8.0,983.575,12.5,8.125,-999.0
1985-11-23,-9.25,980.7875,31.25,9.0,-999.0
1985-11-24,-8.5,977.3875,22.25,9.875,-999.0
1985-11-25,-10.625,976.3,12.375,10.75,-999.0
1985-11-26,-10.875,978.1625,13.0,11.0,-999.0
1985-11-27,-6.875,970.7875,27.25,11.375,-999.0
1985-11-28,-10.125,979.1,12.75,27.0,-999.0
1985-11-29,-9.375,986.9125,4.625,33.375,-999.0
1985-11-30,-7.0,978.475,19.5,11.875,-999.0
1985-12-01,-7.25,978.9875,6.625,13.0,-999.0
1985-12-02,-5.875,988.175,2.5,10.125,-999.0
1985-12-03,-11.625,982.7125,6.25,15.375,-999.0
1985-12-04,-11.0,974.2125,22.125,9.5,-999.0
1985-12-05,-6.625,977.6375,27.25,9.25,-999.0
1985-12-06,-5.375,979.025,18.375,11.875,-999.0
1985-12-07,-6.625,973.7625,8.875,14.25,-999.0
1985-12-08,-7.125,974.9625,15.625,12.125,-999.0
1985-12-09,-4.25,976.9375,14.25,10.75,-999.0
1985-12-10,-2.375,968.3,24.625,9.875,-999.0
1985-12-11,-2.375,975.825,34.125,9.0,-999.0
1985-12-12,-4.5,986.6125,17.25,9.625,-999.0
1985-12-13,-5.375,984.9125,1.0,5.75,-999.0
1985-12-14,-7.75,984.35,12.875,9.75,-999.0
1985-12-15,-5.75,987.1,22.75,9.875,-999.0
1985-12-16,-4.625,988.375,8.5,14.0,-999.0
1985-12-17,-6.125,970.0625,9.75,14.0,-999.0
1985-12-18,-5.125,976.475,16.625,11.375,-999.0
1985-12-19,-4.375,983.1875,34.125,9.625,-999.0
1985-12-20,-1.625,981.475,17.0,13.375,-999.0
1985-12-21,-1.5,978.5125,2.5,6.25,-999.0
1985-12-22,-2.25,982.0375,6.0,14.0,-999.0
1985-12-23,-2.75,981.5875,12.625,13.0,-999.0
1985-12-24,-4.875,978.475,8.75,16.125,-999.0
1985-12-25,-6.5,979.3125,9.125,26.25,-999.0
1985-12-26,-4.0,988.25,11.75,11.875,-999.0
1985-12-27,-4.0,989.7375,7.625,16.25,-999.0
1985-12-28,-6.75,988.8125,11.125,9.625,-999.0
1985-12-29,-4.875,988.1125,27.125,9.75,-999.0
1985-12-30,-3.75,987.325,48.75,9.0,-999.0
1985-12-31,-2.25,991.75,31.5,9.0,-999.0
1986-01-01,-3.375,990.9,19.25,10.5,-999.0
1986-01-02,-3.0,982.725,16.125,12.375,-999.0
1986-01-03,-4.5,985.325,25.125,9.25,-999.0
1986-01-04,-2.5,988.2375,26.25,9.25,-999.0
1986-01-05,-1.375,983.8625,24.375,9.5,-999.0
1986-01-06,-1.5,977.5125,28.875,9.5,-999.0
1986-01-07,-0.5,988.8875,29.125,9.5,-999.0
1986-01-08,-1.125,987.9375,9.0,10.875,-999.0
1986-01-09,-1.25,978.375,9.5,12.375,-999.0
1986-01-10,-0.375,978.575,5.5,11.625,-999.0
1986-01-11,1.0,988.1125,5.25,8.0,-999.0
1986-01-12,1.0,995.6375,11.875,14.125,-999.0
1986-01-13,0.0,998.45,19.25,10.125,-999.0
1986-01-14,-2.125,993.8125,14.875,9.75,-999.0
1986-01-15,-1.875,994.35,4.75,11.875,-999.0
1986-01-16,0.125,993.7625,3.75,9.875,-999.0
1986-01-17,-3.75,987.025,14.25,9.25,-999.0
1986-01-18,-4.0,986.0125,14.5,10.75,-999.0
1986-01-19,-2.625,990.2,20.5,10.0,-999.0
1986-01-20,-2.0,987.825,20.5,9.25,-999.0
1986-01-21,-2.0,985.05,6.375,24.5,-999.0
1986-01-22,-5.5,987.1625,8.625,25.375,-999.0
1986-01-23,-6.625,986.875,5.125,74.25,-999.0
1986-01-24,-7.5,988.05,7.875,33.75,-999.0
1986-01-25,-8.625,989.0875,9.25,10.0,-999.0
1986-01-26,-8.625,988.425,3.5,22.5,-999.0
1986-01-27,-7.625,984.85,12.75,10.125,-999.0
1986-01-28,-9.625,983.975,23.625,8.75,-999.0
1986-01-29,-7.375,983.0,26.625,8.0,-999.0
1986-01-30,-5.725,978.2875,30.625,9.0,-999.0
1986-01-31,-4.0,981.2125,29.0,9.0,-999.0
1986-02-01,-6.625,984.4625,12.0,9.0,-999.0
1986-02-02,-7.875,984.5625,18.75,9.0,-999.0
1986-02-03,-2.375,982.7125,21.0,8.75,-999.0
1986-02-04,-3.625,987.9875,10.625,9.25,-999.0
1986-02-05,-4.5,994.2,7.625,9.0,-999.0
1986-02-06,-5.25,993.0,3.5,7.25,-999.0
1986-02-07,-5.375,994.2125,3.5,8.0,-999.0
1986-02-08,-4.875,998.5875,1.0,2.5,-999.0
1986-02-09,-7.125,998.2,8.5,8.625,-999.0
1986-02-10,-5.25,995.4,8.75,29.0,-999.0
1986-02-11,-3.125,989.925,10.875,9.75,-999.0
1986-02-12,-0.875,985.0125,18.5,9.25,-999.0
1986-02-13,-1.75,985.275,19.875,9.0,-999.0
1986-02-14,-5.25,986.575,19.5,9.75,-999.0
1986-02-15,-5.625,994.7375,24.5,11.0,-999.0
1986-02-16,-5.75,997.625,16.25,12.375,-999.0
1986-02-17,-7.375,988.6875,3.25,12.125,-999.0
1986-02-18,-11.75,990.8125,10.25,27.0,-999.0
1986-02-19,-256.5,495.9875,-247.0,-229.125,-999.0
1986-02-20,-377.25,-999.0,-366.5,-365.875,-999.0
1986-02-21,-626.9375,-999.0,-746.25,-619.875,-999.0
1986-02-22,-626.75,-999.0,-618.875,-620.5,-999.0
1986-02-23,-378.375,-999.0,-352.75,-368.0,-999.0
1986-02-24,-379.625,-999.0,-356.5,-368.0,-999.0
1986-02-25,-379.0,-999.0,-357.125,-368.25,-999.0
1986-02-26,-130.0,-999.0,-101.75,-116.75,-999.0
1986-02-27,-5.625,-999.0,30.625,10.0,-999.0
1986-02-28,-4.875,-999.0,24.625,11.0,-999.0
1986-03-01,-6.375,-999.0,15.5,10.75,-999.0
1986-03-02,-504.75,-999.0,-369.125,-366.375,-999.0
1986-03-03,-131.125,-999.0,-120.25,-117.625,-999.0
1986-03-04,-132.3125,-999.0,-124.25,-123.5,-999.0
1986-03-05,-6.5,-999.0,10.625,9.0,-999.0
1986-03-06,-6.5,-999.0,8.625,10.875,-999.0
1986-03-07,-131.25,-999.0,-112.5,-114.0,-999.0
1986-03-08,-132.0,-999.0,-240.125,-241.75,-999.0
1986-03-09,-502.5625,-999.0,-498.25,-495.75,-999.0
1986-03-10,-134.875,-999.0,-247.875,-119.75,-999.0
1986-03-11,-380.125,-999.0,-366.125,-368.125,-999.0
1986-03-12,-380.625,-999.0,-361.125,-368.25,-999.0
1986-03-13,-10.5,-999.0,14.125,11.5,-999.0
1986-03-14,-12.875,-999.0,17.75,11.625,-999.0
1986-03-15,-15.0,-999.0,5.625,12.0,-999.0
1986-03-16,-16.5,-999.0,9.875,14.75,-999.0
1986-03-17,-10.125,-999.0,23.75,12.125,-999.0
1986-03-18,-7.25,-999.0,30.0,11.625,-999.0
1986-03-19,-10.25,-999.0,20.0,10.5,-999.0
1986-03-20,-136.0,-999.0,-109.75,-115.25,-999.0
1986-03-21,-12.25,-999.0,14.625,11.25,-999.0
1986-03-22,-17.525,-999.0,5.75,17.25,-999.0
1986-03-23,-22.6875,-999.0,3.25,13.25,-999.0
1986-03-24,-22.25,-999.0,7.625,17.25,-999.0
1986-03-25,-17.375,-999.0,13.75,11.75,-999.0
1986-03-26,-17.75,-999.0,12.125,12.5,-999.0
1986-03-27,-19.4375,-999.0,8.75,16.75,-999.0
1986-03-28,-20.75,-999.0,2.125,8.25,-999.0
1986-03-29,-20.875,-999.0,3.625,11.0,-999.0
1986-03-30,-18.25,-999.0,10.0,9.125,-999.0
1986-03-31,-25.875,-999.0,29.0,12.0,-999.0
1986-04-01,-510.375,-999.0,5.5,11.375,-999.0
1986-04-02,-137.875,-999.0,-104.25,-115.125,-999.0
1986-04-03,-506.25,-999.0,23.875,12.375,-999.0
1986-04-04,-14.4375,-999.0,10.75,5.375,-999.0
1986-04-05,-20.7625,-999.0,8.0,12.25,-999.0
1986-04-06,-24.9,-999.0,5.625,10.0,-999.0
1986-04-07,-25.75,-999.0,7.875,14.25,-999.0
1986-04-08,-21.1875,-999.0,11.75,14.125,-999.0
1986-04-09,-16.5,-999.0,26.5,9.0,-999.0
1986-04-10,-18.9375,-999.0,22.25,10.25,-999.0
1986-04-11,-21.1625,-999.0,11.625,12.5,-999.0
1986-04-12,-25.8375,-999.0,9.375,14.625,-999.0
1986-04-13,-24.1875,-999.0,23.5,14.25,-999.0
1986-04-14,-25.75,-999.0,7.375,13.625,-999.0
1986-04-15,-22.125,-999.0,23.125,11.0,-999.0
1986-04-16,-17.075,-999.0,32.25,10.5,-999.0
1986-04-17,-14.65,-999.0,17.125,14.0,-999.0
1986-04-18,-13.2,-999.0,21.125,-113.375,-999.0
1986-04-19,-13.6,-999.0,26.125,-999.0,-999.0
1986-04-20,-23.1375,-999.0,6.25,-369.75,-999.0
1986-04-21,-19.7375,-999.0,34.625,10.0,-999.0
1986-04-22,-13.275,-999.0,54.375,11.0,-999.0
1986-04-23,-9.4375,-999.0,46.5,11.0,-999.0
1986-04-24,-503.9375,-999.0,44.75,10.25,-999.0
1986-04-25,-385.875,-999.0,17.875,12.125,-999.0
1986-04-26,-18.3,-999.0,23.125,11.375,-999.0
1986-04-27,-22.8375,-999.0,10.75,12.875,-999.0
1986-04-28,-26.3125,-999.0,6.875,15.75,-999.0
1986-04-29,-16.1375,-999.0,11.5,12.5,-999.0
1986-04-30,-13.45,-999.0,8.75,13.0,-999.0
1986-05-01,-19.8,-999.0,9.125,16.125,-999.0
1986-05-02,-12.8625,-999.0,14.125,10.125,-999.0
1986-05-03,-259.95,-999.0,28.0,11.375,-999.0
1986-05-04,-19.4,-999.0,8.375,14.5,-999.0
1986-05-05,-24.325,-999.0,7.125,17.5,-999.0
1986-05-06,-12.4125,-999.0,26.125,9.0,-999.0
1986-05-07,-12.0,-999.0,36.625,9.5,-999.0
1986-05-08,-257.9625,-999.0,25.25,9.25,-999.0
1986-05-09,-258.3125,-999.0,-82.875,-116.75,-999.0
1986-05-10,-11.5875,-999.0,53.125,10.0,-999.0
1986-05-11,-13.5375,-999.0,18.25,10.375,-999.0
1986-05-12,-18.425,-999.0,14.375,10.625,-999.0
1986-05-13,-21.8625,-999.0,11.25,14.0,-999.0
1986-05-14,-19.9875,-999.0,11.875,15.75,-999.0
1986-05-15,-18.3875,-999.0,15.25,13.0,-999.0
1986-05-16,-19.4375,-999.0,20.5,10.0,-999.0
1986-05-17,-20.4125,-999.0,14.5,14.0,-999.0
1986-05-18,-29.5,-999.0,10.875,13.625,-999.0
1986-05-19,-31.375,-999.0,7.25,15.75,-999.0
1986-05-20,-30.3625,-999.0,10.0,13.0,-999.0
1986-05-21,-27.475,-999.0,12.0,13.625,-999.0
1986-05-22,-22.9875,-999.0,16.125,14.5,-999.0
1986-05-23,-15.5625,-999.0,40.0,10.0,-999.0
1986-05-24,-15.9375,-999.0,32.75,10.5,-999.0
1986-05-25,-20.5625,-999.0,17.625,10.0,-999.0
1986-05-26,-29.275,-999.0,11.25,13.625,-999.0
1986-05-27,-28.275,-999.0,8.5,13.125,-999.0
1986-05-28,-25.75,-999.0,12.5,13.875,-999.0
1986-05-29,-20.6,-999.0,9.0,10.0,-999.0
1986-05-30,-11.1875,-999.0,27.625,9.25,-999.0
1986-05-31,-11.125,-999.0,26.25,9.0,-999.0
1986-06-01,-16.3125,-999.0,19.375,21.25,-999.0
1986-06-02,-23.375,-999.0,8.5,23.875,-999.0
1986-06-03,-18.5,-999.0,14.125,12.375,-999.0
1986-06-04,-25.875,-999.0,15.875,25.625,-999.0
1986-06-05,-27.1125,-999.0,16.5,21.75,-999.0
1986-06-06,-13.75,-999.0,46.25,9.75,-999.0
1986-06-07,-20.9375,-999.0,10.125,14.0,-999.0
1986-06-08,-33.625,-999.0,2.5,9.875,-999.0
1986-06-09,-24.2,-999.0,11.75,7.25,-999.0
1986-06-10,-21.125,-999.0,9.625,12.625,-999.0
1986-06-11,-16.5125,-999.0,14.125,13.875,-999.0
1986-06-12,-15.875,-999.0,18.5,11.0,-999.0
1986-06-13,-17.875,-999.0,15.5,11.0,-999.0
1986-06-14,-24.9375,-999.0,11.0,11.0,-999.0
1986-06-15,-12.8125,-999.0,48.125,11.0,-999.0
1986-06-16,-17.8125,-999.0,21.25,11.0,-999.0
1986-06-17,-29.1875,-999.0,9.5,10.0,-999.0
1986-06-18,-32.25,-999.0,8.625,9.0,-999.0
1986-06-19,-22.875,-999.0,9.375,9.0,-999.0
1986-06-20,-34.5,-999.0,2.625,3.375,-999.0
1986-06-21,-154.875,-999.0,-124.25,-123.75,-999.0
1986-06-22,-28.125,-999.0,15.375,9.0,-999.0
1986-06-23,-29.8125,-999.0,14.125,9.0,-999.0
1986-06-24,-25.75,-999.0,16.125,9.0,-999.0
1986-06-25,-509.25,-999.0,28.25,9.0,-999.0
1986-06-26,-29.6875,-999.0,9.375,9.0,-999.0
1986-06-27,-40.0,-999.0,8.375,16.125,-999.0
1986-06-28,-276.0625,-999.0,10.25,-496.0,-999.0
1986-06-29,-24.4375,-999.0,22.625,-999.0,-999.0
1986-06-30,-877.0625,-999.0,24.5,-872.75,-999.0
1986-07-01,-756.475,-999.0,-114.0,-498.125,-999.0
1986-07-02,-274.9,-999.0,16.875,-621.0,-999.0
1986-07-03,-391.125,-999.0,44.375,-116.5,-999.0
1986-07-04,-393.9375,-999.0,7.375,10.625,-999.0
1986-07-05,-27.7,-999.0,11.25,8.625,-999.0
1986-07-06,-25.1,-999.0,21.875,9.25,-999.0
1986-07-07,-26.1875,-999.0,15.375,9.25,-999.0
1986-07-08,-27.6125,-999.0,19.375,8.25,-999.0
1986-07-09,-28.2375,-999.0,13.75,9.5,-999.0
1986-07-10,-35.1375,-999.0,1.25,3.75,-999.0
1986-07-11,-24.4875,-999.0,9.375,11.375,-999.0
1986-07-12,-27.675,-999.0,9.0,18.625,-999.0
1986-07-13,-23.0,-999.0,9.75,11.5,-999.0
1986-07-14,-23.975,-999.0,6.25,7.375,-999.0
1986-07-15,-21.9375,-999.0,15.875,10.25,-999.0
1986-07-16,-23.1125,-999.0,7.5,8.25,-999.0
1986-07-17,-24.925,-999.0,15.375,9.5,-999.0
1986-07-18,-32.8125,-999.0,16.25,10.0,-999.0
1986-07-19,-35.225,-999.0,8.125,11.25,-999.0
1986-07-20,-35.95,-999.0,5.0,11.0,-999.0
1986-07-21,-37.4,-999.0,13.125,9.5,-999.0
1986-07-22,-33.2125,-999.0,13.625,9.5,-999.0
1986-07-23,-36.85,-999.0,12.0,11.0,-999.0
1986-07-24,-34.375,-999.0,12.875,10.875,-999.0
1986-07-25,-36.3125,-999.0,14.875,9.0,-999.0
1986-07-26,-37.6375,-999.0,11.875,9.875,-999.0
1986-07-27,-37.475,-999.0,11.125,10.25,-999.0
1986-07-28,-34.3625,-999.0,12.375,13.625,-999.0
1986-07-29,-33.525,-999.0,24.5,23.75,-999.0
1986-07-30,-30.825,-999.0,9.0,16.875,-999.0
1986-07-31,-25.025,-999.0,51.0,-117.625,-999.0
1986-08-01,-25.5375,-999.0,43.375,6.75,-999.0
1986-08-02,-31.7875,-999.0,6.0,10.0,-999.0
1986-08-03,-31.8125,-999.0,26.625,7.375,-999.0
1986-08-04,-755.975,-999.0,45.25,18.0,-999.0
1986-08-05,-512.95,-999.0,11.125,24.125,-999.0
1986-08-06,-28.5125,-999.0,12.5,23.5,-999.0
1986-08-07,-26.6,-999.0,12.125,31.625,-999.0
1986-08-08,-31.1125,-999.0,5.25,9.5,-999.0
1986-08-09,-20.575,-999.0,27.125,6.75,-999.0
1986-08-10,-18.8625,-999.0,24.625,11.125,-999.0
1986-08-11,-25.425,-999.0,2.5,6.25,-999.0
1986-08-12,-22.8,-999.0,18.75,7.875,-999.0
1986-08-13,-16.4,-999.0,48.375,17.5,-999.0
1986-08-14,-20.1375,-999.0,4.125,16.125,-999.0
1986-08-15,-22.275,-999.0,12.125,6.25,-999.0
1986-08-16,-18.425,-999.0,37.375,9.0,-999.0
1986-08-17,-19.05,-999.0,20.625,9.0,-999.0
1986-08-18,-25.3,-999.0,28.125,12.125,-999.0
1986-08-19,-21.5875,-999.0,55.0,19.25,-999.0
1986-08-20,-16.1875,-999.0,46.5,15.875,-999.0
1986-08-21,-18.1875,-999.0,13.5,19.75,-999.0
1986-08-22,-26.5375,-999.0,4.25,21.5,-999.0
1986-08-23,-28.3125,-999.0,8.125,18.875,-999.0
1986-08-24,-25.45,-999.0,17.5,9.75,-999.0
1986-08-25,-37.6625,-999.0,6.5,20.875,-999.0
1986-08-26,-36.525,-999.0,4.375,14.75,-999.0
1986-08-27,-36.675,-999.0,7.5,23.25,-999.0
1986-08-28,-28.3,-999.0,6.0,8.75,-999.0
1986-08-29,-20.2375,-999.0,11.75,13.75,-999.0
1986-08-30,-21.4875,-999.0,8.625,17.25,-999.0
1986-08-31,-31.1375,-999.0,6.25,17.375,-999.0
1986-09-01,-32.6,-999.0,7.375,15.0,-999.0
1986-09-02,-27.75,-999.0,12.5,10.875,-999.0
1986-09-03,-28.8875,-999.0,6.5,22.625,-999.0
1986-09-04,-27.45,-999.0,6.625,19.25,-999.0
1986-09-05,-30.2875,-999.0,8.625,13.5,-999.0
1986-09-06,-31.75,-999.0,9.25,14.5,-999.0
1986-09-07,-32.375,-999.0,9.5,14.0,-999.0
1986-09-08,-38.0,-999.0,4.25,10.125,-999.0
1986-09-09,-31.7125,-999.0,4.625,20.125,-999.0
1986-09-10,-24.5875,-999.0,9.375,23.75,-999.0
1986-09-11,-22.45,-999.0,10.75,18.0,-999.0
1986-09-12,-25.6125,-999.0,12.875,11.125,-999.0
1986-09-13,-25.125,-999.0,18.625,10.75,-999.0
1986-09-14,-28.1375,-999.0,11.625,11.75,-999.0
1986-09-15,-27.6,-999.0,17.75,14.5,-999.0
1986-09-16,-20.8125,-999.0,56.875,19.0,-999.0
1986-09-17,-17.675,-999.0,49.375,19.0,-999.0
1986-09-18,-14.625,-999.0,39.5,20.75,-999.0
1986-09-19,-15.225,-999.0,29.875,19.375,-999.0
1986-09-20,-17.2125,-999.0,16.875,16.375,-999.0
1986-09-21,-21.9375,-999.0,15.625,16.625,-999.0
1986-09-22,-27.125,-999.0,12.875,21.0,-999.0
1986-09-23,-27.95,-999.0,10.0,23.75,-999.0
1986-09-24,-30.2875,-999.0,10.5,33.125,-999.0
1986-09-25,-20.7375,-999.0,13.75,16.5,-999.0
1986-09-26,-17.775,-999.0,45.0,20.0,-999.0
1986-09-27,-17.65,-999.0,26.875,17.25,-999.0
1986-09-28,-24.4375,-999.0,11.125,30.875,-999.0
1986-09-29,-26.3375,-999.0,8.5,17.0,-999.0
1986-09-30,-28.2125,-999.0,5.5,26.875,-999.0
1986-10-01,-26.2875,-999.0,34.625,18.5,-999.0
1986-10-02,-22.65,-999.0,39.625,17.5,-999.0
1986-10-03,-22.3375,-999.0,19.5,17.5,-999.0
1986-10-04,-23.7125,-999.0,30.875,21.25,-999.0
1986-10-05,-20.8,-999.0,40.0,31.875,-999.0
1986-10-06,-16.25,-999.0,7.5,16.375,-999.0
1986-10-07,-20.15,-999.0,18.625,-118.125,-999.0
1986-10-08,-23.7875,-999.0,16.25,10.25,-999.0
1986-10-09,-21.675,-999.0,10.75,15.5,-999.0
1986-10-10,-15.9875,-999.0,17.875,17.75,-999.0
1986-10-11,-20.5875,-999.0,24.375,27.25,-999.0
1986-10-12,-17.5,-999.0,39.25,34.75,-999.0
1986-10-13,-12.5,-999.0,49.75,35.25,-999.0
1986-10-14,-15.125,-999.0,22.625,12.75,-999.0
1986-10-15,-24.125,-999.0,6.5,14.625,-999.0
1986-10-16,-25.6,-999.0,10.125,11.25,-999.0
1986-10-17,-22.5375,-999.0,10.625,10.375,-999.0
1986-10-18,-24.7125,-999.0,5.625,12.75,-999.0
1986-10-19,-22.35,-999.0,13.125,9.625,-999.0
1986-10-20,-24.725,-999.0,11.25,15.25,-999.0
1986-10-21,-26.3125,-999.0,10.0,26.5,-999.0
1986-10-22,-22.8125,-999.0,12.125,9.25,-999.0
1986-10-23,-23.575,-999.0,16.25,9.625,-999.0
1986-10-24,-26.8125,-999.0,6.375,14.5,-999.0
1986-10-25,-25.3,-999.0,9.75,16.0,-999.0
1986-10-26,-21.9875,-999.0,10.375,18.25,-999.0
1986-10-27,-20.375,-999.0,12.25,9.5,-999.0
1986-10-28,-21.2625,-999.0,21.125,9.0,-999.0
1986-10-29,-19.025,-999.0,35.375,9.25,-999.0
1986-10-30,-14.2125,-999.0,23.125,9.5,-999.0
1986-10-31,-14.0875,-999.0,15.875,9.625,-999.0
1986-11-01,-13.1,-999.0,10.875,15.25,-999.0
1986-11-02,-13.025,-999.0,10.375,14.875,-999.0
1986-11-03,-11.1625,-999.0,15.25,23.375,-999.0
1986-11-04,-10.0125,-999.0,11.625,19.0,-999.0
1986-11-05,-12.1,-999.0,19.5,10.125,-999.0
1986-11-06,-15.15,-999.0,14.625,12.25,-999.0
1986-11-07,-13.6,-999.0,8.875,14.0,-999.0
1986-11-08,-11.8875,-999.0,16.625,10.75,-999.0
1986-11-09,-14.2,-999.0,16.5,10.5,-999.0
1986-11-10,-13.2625,-999.0,33.75,10.5,-999.0
1986-11-11,-10.325,-999.0,35.25,11.125,-999.0
1986-11-12,-10.1,-999.0,8.125,7.75,-999.0
1986-11-13,-14.025,-999.0,3.125,13.25,-999.0
1986-11-14,-13.5625,-999.0,7.875,17.125,-999.0
1986-11-15,-13.3875,-999.0,27.75,10.875,-999.0
1986-11-16,-11.35,-999.0,22.5,10.75,-999.0
1986-11-17,-8.975,-999.0,29.125,10.5,-999.0
1986-11-18,-9.175,-999.0,15.375,13.125,-999.0
1986-11-19,-9.3,-999.0,21.25,16.75,-999.0
1986-11-20,-9.8375,-999.0,40.625,11.5,-999.0
1986-11-21,-8.7375,-999.0,34.75,13.125,-999.0
1986-11-22,-9.1875,-999.0,20.375,15.125,-999.0
1986-11-23,-8.1875,-999.0,24.5,13.25,-999.0
1986-11-24,-8.35,-999.0,23.75,12.25,-999.0
1986-11-25,-8.5375,-999.0,15.875,17.5,-999.0
1986-11-26,-12.45,-999.0,9.875,14.125,-999.0
1986-11-27,-11.25,-999.0,5.625,6.125,-999.0
1986-11-28,-10.55,-999.0,10.5,28.0,-999.0
1986-11-29,-12.525,-999.0,5.125,10.625,-999.0
1986-11-30,-11.025,-999.0,9.75,19.0,-999.0
1986-12-01,-8.0375,-999.0,10.25,9.0,-999.0
1986-12-02,-8.9375,-999.0,12.125,9.5,-999.0
1986-12-03,-9.325,-999.0,8.625,14.0,-999.0
1986-12-04,-8.9125,-999.0,10.875,24.875,-999.0
1986-12-05,-7.775,-999.0,9.125,23.5,-999.0
1986-12-06,-7.1625,-999.0,8.125,18.125,-999.0
1986-12-07,-8.225,-999.0,11.0,11.875,-999.0
1986-12-08,-7.575,-999.0,17.875,12.125,-999.0
1986-12-09,-7.7125,-999.0,25.375,12.125,-999.0
1986-12-10,-5.1125,-999.0,44.125,11.125,-999.0
1986-12-11,-5.1375,-999.0,24.625,10.5,-999.0
1986-12-12,-7.0625,-999.0,27.0,10.625,-999.0
1986-12-13,-5.75,-999.0,34.5,10.75,-999.0
1986-12-14,-5.3125,-999.0,26.125,10.375,-999.0
1986-12-15,-3.575,-999.0,20.5,11.375,-999.0
1986-12-16,-3.9875,-999.0,15.375,10.75,-999.0
1986-12-17,-4.725,-999.0,6.875,11.25,-999.0
1986-12-18,-7.625,-999.0,8.25,10.125,-999.0
1986-12-19,-6.8125,-999.0,23.875,11.5,-999.0
1986-12-20,-4.1875,-999.0,24.625,11.75,-999.0
1986-12-21,-5.0,-999.0,27.5,10.5,-999.0
1986-12-22,-3.1375,-999.0,21.625,11.0,-999.0
1986-12-23,-3.225,-999.0,19.125,10.0,-999.0
1986-12-24,-254.175,-999.0,-246.375,-242.75,-999.0
1986-12-25,-6.625,-999.0,15.0,11.25,-999.0
1986-12-26,-4.35,-999.0,19.5,10.875,-999.0
1986-12-27,-1.5625,-999.0,14.875,13.25,-999.0
1986-12-28,-2.0,-999.0,17.875,13.0,-999.0
1986-12-29,-1.6625,-999.0,25.75,10.5,-999.0
1986-12-30,-4.35,-999.0,10.875,9.75,-999.0
1986-12-31,-3.275,-999.0,7.125,9.0,-999.0
1987-01-01,-127.0375,734.5375,-112.5,-115.625,-999.0
1987-01-02,-1.6625,978.875,18.625,9.25,-999.0
1987-01-03,-127.4625,734.725,-114.375,-117.25,-999.0
1987-01-04,-127.1875,740.2375,-113.25,-114.25,-999.0
1987-01-05,-999.0,-999.0,-999.0,-999.0,-999.0
1987-01-06,-127.025,736.7625,-115.875,-113.5,-999.0
1987-01-07,-130.2375,979.475,11.125,24.375,-999.0
1987-01-08,-127.4625,741.2,-105.625,-112.75,-999.0
1987-01-09,-2.9,987.7125,24.5,9.0,-999.0
1987-01-10,-1.6875,995.1625,-117.875,7.25,-999.0
1987-01-11,-2.425,1001.1125,9.0,11.875,-999.0
1987-01-12,-1.1125,998.15,12.0,17.75,-999.0
1987-01-13,-0.9375,995.9375,13.875,11.0,-999.0
1987-01-14,-2.4875,1001.4375,11.125,10.25,-999.0
1987-01-15,-1.95,1000.75,12.625,10.0,-999.0
1987-01-16,-0.475,1001.55,1.25,4.0,-999.0
1987-01-17,-125.4,755.45,-122.5,-119.0,-999.0
1987-01-18,-2.75,998.6,4.625,9.625,-999.0
1987-01-19,-0.25,1001.675,3.0,6.25,-999.0
1987-01-20,-123.4125,757.075,-122.5,-119.0,-999.0
1987-01-21,-1.4875,1003.825,7.5,12.875,-999.0
1987-01-22,-1.5625,1001.7,10.625,8.5,-999.0
1987-01-23,-126.05,751.975,-247.125,-245.0,-999.0
1987-01-24,-252.0375,501.925,-245.75,-239.25,-999.0
1987-01-25,-127.2625,751.5125,-244.0,-242.625,-999.0
1987-01-26,-1.7875,1000.9375,7.5,10.75,-999.0
1987-01-27,-125.35,750.5375,-121.375,-114.875,-999.0
1987-01-28,-0.7875,1003.0,6.5,11.25,-999.0
1987-01-29,-1.625,1002.825,7.625,12.875,-999.0
1987-01-30,-2.5,1002.2375,5.75,9.875,-999.0
1987-01-31,-4.6625,1005.15,9.0,11.125,-999.0
1987-02-01,-127.3375,758.5,-120.25,-116.125,-999.0
1987-02-02,-5.35,1008.1875,6.25,12.0,-999.0
1987-02-03,-5.6625,1007.35,9.375,11.125,-999.0
1987-02-04,-128.525,1008.7,10.375,8.625,-999.0
1987-02-05,-5.4875,1004.8875,6.75,10.625,-999.0
1987-02-06,-5.95,1001.6125,19.0,11.25,-999.0
1987-02-07,-3.0625,999.9125,34.25,11.0,-999.0
1987-02-08,-3.325,999.5875,28.5,9.0,-999.0
1987-02-09,-128.25,741.4875,-107.0,-115.75,-999.0
1987-02-10,-4.65,981.8125,18.25,11.25,-999.0
1987-02-11,-6.625,986.425,11.125,11.75,-999.0
1987-02-12,-8.0375,986.5,5.25,13.125,-999.0
1987-02-13,-8.75,988.65,5.625,12.0,-999.0
1987-02-14,-9.8125,986.875,5.375,11.75,-999.0
1987-02-15,-12.1875,737.1625,8.0,11.375,-999.0
1987-02-16,-11.8625,979.6625,6.375,19.375,-999.0
1987-02-17,-11.6125,976.4375,7.875,10.375,-999.0
1987-02-18,-379.4375,236.325,-356.375,-369.0,-999.0
1987-02-19,-378.425,237.5,-360.625,-367.75,-999.0
1987-02-20,-253.6125,484.025,-237.75,-241.25,-999.0
1987-02-21,-127.675,726.9625,-103.75,-115.75,-999.0
1987-02-22,-3.8375,978.6,24.375,9.25,-999.0
1987-02-23,-4.0375,977.625,19.125,9.75,-999.0
1987-02-24,-3.575,971.5375,34.25,9.25,-999.0
1987-02-25,-254.7,481.0,-228.75,-243.0,-999.0
1987-02-26,-9.125,982.5375,16.0,9.0,-999.0
1987-02-27,-130.125,736.775,-97.75,-117.0,-999.0
1987-02-28,-7.3375,978.025,43.375,9.0,-999.0
1987-03-01,-7.85,974.45,23.0,9.25,-999.0
1987-03-02,-9.35,977.3875,9.25,11.25,-999.0
1987-03-03,-135.325,734.225,-120.375,-112.125,-999.0
1987-03-04,-11.4375,981.3375,23.125,9.0,-999.0
1987-03-05,-8.175,970.5,50.125,9.0,-999.0
1987-03-06,-254.7,481.4625,-217.5,-243.0,-999.0
1987-03-07,-6.325,980.9125,46.75,9.0,-999.0
1987-03-08,-5.975,976.55,18.0,12.5,-999.0
1987-03-09,-3.55,982.05,29.25,9.25,-999.0
1987-03-10,-131.0625,733.65,-109.0,-115.875,-999.0
1987-03-11,-12.975,979.975,13.375,10.0,-999.0
1987-03-12,-134.375,733.8375,-111.125,-117.625,-999.0
1987-03-13,-138.55,730.5375,-120.625,-109.875,-999.0
1987-03-14,-134.325,740.6375,-123.5,-118.625,-999.0
1987-03-15,-14.325,995.025,2.25,5.875,-999.0
1987-03-16,-14.6875,986.3125,5.0,16.25,-999.0
1987-03-17,-20.825,980.75,5.75,15.25,-999.0
1987-03-18,-266.0,485.675,-245.625,-240.5,-999.0
1987-03-19,-134.8875,988.6,-110.875,-116.25,-999.0
1987-03-20,-9.85,984.5375,32.75,9.0,-999.0
1987-03-21,-16.6875,979.6125,16.25,11.125,-999.0
1987-03-22,-7.6875,979.975,21.125,11.5,-999.0
1987-03-23,-7.25,987.2125,38.5,9.0,-999.0
1987-03-24,-6.5,989.775,44.875,9.25,-999.0
1987-03-25,-131.9375,738.7375,-78.0,-117.0,-999.0
1987-03-26,-256.5,978.3,64.875,9.25,-999.0
1987-03-27,-131.725,738.9,-81.75,-116.25,-999.0
1987-03-28,-132.675,744.575,-109.5,-115.875,-999.0
1987-03-29,-11.5,997.125,21.375,11.375,-999.0
1987-03-30,-11.9,995.5125,16.75,9.75,-999.0
1987-03-31,-16.525,994.9875,18.875,9.25,-999.0
1987-04-01,-20.35,995.8,9.625,10.125,-999.0
1987-04-02,-22.4375,1001.5375,7.75,12.5,-999.0
1987-04-03,-22.075,1001.5375,10.625,12.25,-999.0
1987-04-04,-22.0875,998.4125,13.375,11.0,-999.0
1987-04-05,-20.075,994.9,12.25,11.375,-999.0
1987-04-06,-16.7875,985.6875,16.75,12.5,-999.0
1987-04-07,-15.125,978.175,15.375,11.875,-999.0
1987-04-08,-8.025,983.0625,37.25,10.125,-999.0
1987-04-09,-13.1,985.2625,20.875,10.125,-999.0
1987-04-10,-142.6625,740.7625,-114.125,-115.25,-999.0
1987-04-11,-16.275,988.3,11.5,10.875,-999.0
1987-04-12,-20.1,978.6,11.125,18.75,-999.0
1987-04-13,-16.4125,989.4875,10.375,12.375,-999.0
1987-04-14,-17.725,995.8,15.75,9.0,-999.0
1987-04-15,-21.325,988.9,9.5,22.25,-999.0
1987-04-16,-21.4125,981.3125,16.875,11.875,-999.0
1987-04-17,-15.325,978.5375,29.875,10.0,-999.0
1987-04-18,-19.5,982.7375,10.875,14.125,-999.0
1987-04-19,-137.0375,983.1875,15.75,12.875,-999.0
1987-04-20,-16.8,981.2625,5.375,11.875,-999.0
1987-04-21,-14.3625,982.3125,11.875,14.75,-999.0
1987-04-22,-141.2125,744.025,-119.375,-112.625,-999.0
1987-04-23,-138.9625,733.2375,-107.625,-116.5,-999.0
1987-04-24,-140.0,981.5,35.75,9.0,-999.0
1987-04-25,-139.1375,986.825,37.625,9.0,-999.0
1987-04-26,-138.1125,736.8625,-108.875,-114.875,-999.0
1987-04-27,-14.3,983.2625,18.75,10.5,-999.0
1987-04-28,-6.15,979.2625,35.75,10.75,-999.0
1987-04-29,-11.2,988.325,27.75,11.875,-999.0
1987-04-30,-19.6875,993.6,5.75,15.125,-999.0
1987-05-01,-19.4375,993.6875,10.25,11.5,-999.0
1987-05-02,-21.9625,991.85,23.625,12.375,-999.0
1987-05-03,-137.8375,741.5125,-108.625,-115.0,-999.0
1987-05-04,-16.75,990.025,20.75,9.5,-999.0
1987-05-05,-20.725,991.0625,12.125,10.25,-999.0
1987-05-06,-29.0375,990.3125,6.25,15.25,-999.0
1987-05-07,-143.3125,736.8875,-119.0,-113.25,-999.0
1987-05-08,-16.7875,986.925,15.875,9.25,-999.0
1987-05-09,-24.55,988.225,11.25,12.75,-999.0
1987-05-10,-149.2375,741.975,-118.125,-113.5,-999.0
1987-05-11,-23.1625,992.2125,7.0,15.75,-999.0
1987-05-12,-31.3125,993.9625,6.125,17.5,-999.0
1987-05-13,-31.8,1000.7125,6.5,13.375,-999.0
1987-05-14,-18.475,999.975,40.625,9.0,-999.0
1987-05-15,-11.0875,988.1625,54.0,9.0,-999.0
1987-05-16,-130.7125,990.45,49.25,9.0,-999.0
1987-05-17,-7.825,1004.8625,29.625,7.75,-999.0
1987-05-18,-14.7375,1002.675,7.125,15.0,-999.0
1987-05-19,-16.975,990.05,3.125,15.125,-999.0
1987-05-20,-14.2125,985.725,9.625,8.375,-999.0
1987-05-21,-22.975,995.4375,9.625,11.125,-999.0
1987-05-22,-22.0625,990.125,25.75,9.5,-999.0
1987-05-23,-12.7875,973.9625,51.375,8.75,-999.0
1987-05-24,-14.6125,987.825,27.625,9.5,-999.0
1987-05-25,-21.9375,995.925,10.0,13.25,-999.0
1987-05-26,-26.325,991.9125,5.25,20.125,-999.0
1987-05-27,-28.2125,983.8,4.375,12.5,-999.0
1987-05-28,-33.9875,992.9375,6.5,19.25,-999.0
1987-05-29,-26.8,992.8625,16.0,13.375,-999.0
1987-05-30,-14.3,972.8125,49.125,10.0,-999.0
1987-05-31,-10.275,973.525,44.25,8.75,-999.0
1987-06-01,-9.3875,984.4125,38.75,8.5,-999.0
1987-06-02,-4.4,964.85,67.625,9.0,-999.0
1987-06-03,-5.3375,1002.1625,40.875,8.75,-999.0
1987-06-04,-6.7875,1004.2125,29.25,9.25,-999.0
1987-06-05,-257.55,750.1625,-105.0,-116.25,-999.0
1987-06-06,-139.05,990.1,24.125,10.375,-999.0
1987-06-07,-14.925,991.3375,44.0,9.0,-999.0
1987-06-08,-10.6875,984.6,38.25,9.75,-999.0
1987-06-09,-7.375,981.85,41.0,9.0,-999.0
1987-06-10,-13.7375,982.575,14.75,13.0,-999.0
1987-06-11,-22.1375,987.9375,11.0,11.25,-999.0
1987-06-12,-23.475,986.4,12.125,10.375,-999.0
1987-06-13,-27.7875,979.0125,10.125,10.875,-999.0
1987-06-14,-19.3625,980.55,18.5,11.875,-999.0
1987-06-15,-19.775,982.35,16.0,11.75,-999.0
1987-06-16,-26.125,984.4125,6.75,17.0,-999.0
1987-06-17,-28.6,990.1375,6.125,15.0,-999.0
1987-06-18,-152.4,738.025,-120.375,-111.5,-999.0
1987-06-19,-29.9375,984.1875,10.0,12.125,-999.0
1987-06-20,-37.2625,986.3125,6.375,20.625,-999.0
1987-06-21,-159.925,735.575,-118.625,-106.0,-999.0
1987-06-22,-274.8625,489.6625,-245.75,-238.875,-999.0
1987-06-23,-34.8,996.175,6.625,18.25,-999.0
1987-06-24,-27.65,996.6125,13.375,11.75,-999.0
1987-06-25,-23.8375,997.6,21.25,11.125,-999.0
1987-06-26,-18.5,999.5375,32.875,9.0,-999.0
1987-06-27,-20.275,992.825,16.375,9.75,-999.0
1987-06-28,-23.8625,987.45,9.5,14.375,-999.0
1987-06-29,-16.975,997.0625,23.375,10.0,-999.0
1987-06-30,-22.8875,995.8375,9.375,13.125,-999.0
1987-07-01,-30.7,990.3,3.75,9.0,-999.0
1987-07-02,-28.775,996.7125,12.75,10.875,-999.0
1987-07-03,-18.9,991.7,36.5,9.0,-999.0
1987-07-04,-18.0125,986.8,28.0,8.75,-999.0
1987-07-05,-18.975,979.7375,23.75,9.5,-999.0
1987-07-06,-21.7,985.275,20.75,10.25,-999.0
1987-07-07,-14.5625,976.2,47.75,9.25,-999.0
1987-07-08,-17.775,976.9625,28.75,11.125,-999.0
1987-07-09,-18.3125,983.35,11.625,13.5,-999.0
1987-07-10,-27.6875,990.975,8.25,14.25,-999.0
1987-07-11,-31.4125,998.55,7.125,12.625,-999.0
1987-07-12,-20.15,998.7,23.0,10.75,-999.0
1987-07-13,-18.5875,993.7875,23.625,9.5,-999.0
1987-07-14,-141.375,742.925,-106.625,-115.75,-999.0
1987-07-15,-18.8625,996.6375,24.5,10.75,-999.0
1987-07-16,-19.3,990.7375,18.625,11.25,-999.0
1987-07-17,-29.75,990.4125,5.5,21.75,-999.0
1987-07-18,-30.6375,1002.1625,5.0,19.125,-999.0
1987-07-19,-27.8625,1011.8,4.0,17.625,-999.0
1987-07-20,-24.7625,1015.3,6.375,14.5,-999.0
1987-07-21,-26.275,1004.2875,4.875,17.0,-999.0
1987-07-22,-24.5625,999.9625,9.125,13.75,-999.0
1987-07-23,-30.65,998.925,9.375,13.875,-999.0
1987-07-24,-31.8125,1000.775,11.0,12.875,-999.0
1987-07-25,-27.5625,1004.05,22.5,9.75,-999.0
1987-07-26,-23.25,744.7375,47.75,9.5,-999.0
1987-07-27,-26.2375,1005.0,19.0,9.25,-999.0
1987-07-28,-31.8875,997.8625,8.0,13.5,-999.0
1987-07-29,-32.9625,990.5,12.375,11.875,-999.0
1987-07-30,-25.7,987.05,37.25,9.0,-999.0
1987-07-31,-17.4625,977.3625,44.75,9.0,-999.0
1987-08-01,-16.325,984.6,24.125,8.75,-999.0
1987-08-02,-25.925,985.9125,7.125,11.625,-999.0
1987-08-03,-20.625,966.4375,43.75,9.25,-999.0
1987-08-04,-143.15,721.35,-109.125,-116.25,-999.0
1987-08-05,-29.05,974.825,6.875,13.75,-999.0
1987-08-06,-34.9375,980.6125,7.375,12.75,-999.0
1987-08-07,-38.1875,984.4125,6.5,12.625,-999.0
1987-08-08,-39.15,990.4375,5.25,17.375,-999.0
1987-08-09,-33.8625,990.7,6.875,10.75,-999.0
1987-08-10,-26.2625,989.1375,25.5,9.0,-999.0
1987-08-11,-30.55,988.475,14.0,10.125,-999.0
1987-08-12,-25.4375,985.7,22.5,8.75,-999.0
1987-08-13,-23.35,979.8625,26.875,9.25,-999.0
1987-08-14,-26.775,978.575,20.75,8.75,-999.0
1987-08-15,-152.6,978.7625,10.0,12.625,-999.0
1987-08-16,-149.2625,731.825,-111.875,-114.75,-999.0
1987-08-17,-17.4125,979.5125,22.875,8.5,-999.0
1987-08-18,-18.6,977.275,10.875,8.75,-999.0
1987-08-19,-19.0875,983.5625,23.25,9.0,-999.0
1987-08-20,-25.5,984.3625,12.625,14.375,-999.0
1987-08-21,-33.325,980.125,7.75,21.25,-999.0
1987-08-22,-29.875,983.575,12.25,13.25,-999.0
1987-08-23,-21.9,978.725,30.875,8.5,-999.0
1987-08-24,-24.475,980.625,19.0,10.125,-999.0
1987-08-25,-262.0,959.95,49.375,9.0,-999.0
1987-08-26,-12.9875,956.1875,43.25,9.0,-999.0
1987-08-27,-19.275,965.0125,11.875,11.625,-999.0
1987-08-28,-21.5,965.45,15.25,12.0,-999.0
1987-08-29,-22.3125,973.9125,20.75,11.0,-999.0
1987-08-30,-32.15,977.2125,7.125,15.75,-999.0
1987-08-31,-32.8875,973.3,10.75,12.625,-999.0
1987-09-01,-30.85,974.8875,13.5,10.875,-999.0
1987-09-02,-36.1125,982.75,8.125,14.625,-999.0
1987-09-03,-37.6875,987.825,9.0,11.375,-999.0
1987-09-04,-34.05,981.6375,6.375,16.0,-999.0
1987-09-05,-20.625,981.2,12.375,14.375,-999.0
1987-09-06,-29.5,984.375,9.75,11.0,-999.0
1987-09-07,-31.0125,989.3,9.125,12.75,-999.0
1987-09-08,-32.6125,990.7625,6.25,15.25,-999.0
1987-09-09,-34.4125,1000.5375,8.0,16.0,-999.0
1987-09-10,-35.7,1003.2375,6.75,18.625,-999.0
1987-09-11,-31.7625,1001.75,7.875,17.25,-999.0
1987-09-12,-33.4875,1011.1,5.5,13.875,-999.0
1987-09-13,-32.425,1010.9125,7.75,13.75,-999.0
1987-09-14,-33.9375,1004.85,6.375,15.75,-999.0
1987-09-15,-31.775,1005.6,16.5,10.5,-999.0
1987-09-16,-32.55,1010.075,15.875,10.0,-999.0
1987-09-17,-29.9875,1001.9125,25.0,9.75,-999.0
1987-09-18,-21.3375,989.9625,34.75,9.0,-999.0
1987-09-19,-23.975,993.0375,11.5,10.0,-999.0
1987-09-20,-33.1625,988.1875,6.125,18.75,-999.0
1987-09-21,-31.1625,976.55,13.25,7.625,-999.0
1987-09-22,-20.9,970.55,25.75,12.625,-999.0
1987-09-23,-143.7375,728.75,-118.0,-113.5,-999.0
1987-09-24,-19.1375,973.4125,15.375,10.5,-999.0
1987-09-25,-24.225,970.775,8.25,10.25,-999.0
1987-09-26,-24.5875,982.225,11.125,20.375,-999.0
1987-09-27,-142.9625,972.5,-80.625,9.0,-999.0
1987-09-28,-15.475,973.15,43.0,8.5,-999.0
1987-09-29,-18.7,991.225,15.375,7.875,-999.0
1987-09-30,-14.375,991.4875,32.625,7.5,-999.0
1987-10-01,-138.0125,979.275,43.625,7.75,-999.0
1987-10-02,-507.825,967.0125,-80.375,8.25,-999.0
1987-10-03,-16.8125,973.925,14.0,12.75,-999.0
1987-10-04,-12.675,964.9625,22.0,8.5,-999.0
1987-10-05,-14.1625,969.125,30.25,9.75,-999.0
1987-10-06,-13.9,972.475,19.0,11.875,-999.0
1987-10-07,-13.175,730.3625,18.125,10.125,-999.0
1987-10-08,-16.875,980.2375,13.625,10.625,-999.0
1987-10-09,-19.0,983.3,8.5,16.75,-999.0
1987-10-10,-24.55,987.4625,5.875,10.875,-999.0
1987-10-11,-25.8125,994.225,6.875,12.25,-999.0
1987-10-12,-26.2875,987.7625,2.5,5.875,-999.0
1987-10-13,-26.7625,987.95,8.25,11.5,-999.0
1987-10-14,-29.8625,995.3625,5.25,21.125,-999.0
1987-10-15,-30.75,991.375,6.0,17.75,-999.0
1987-10-16,-144.7625,736.75,-108.0,-117.0,-999.0
1987-10-17,-25.0875,985.8,12.5,12.125,-999.0
1987-10-18,-23.4,974.9625,7.75,14.375,-999.0
1987-10-19,-25.225,968.65,6.125,12.5,-999.0
1987-10-20,-26.3125,981.8875,6.125,19.125,-999.0
1987-10-21,-25.8125,987.025,5.5,19.625,-999.0
1987-10-22,-25.05,985.7375,6.0,15.25,-999.0
1987-10-23,-142.675,734.0375,-106.0,-115.0,-999.0
1987-10-24,-17.8375,973.4375,6.5,14.0,-999.0
1987-10-25,-11.6625,971.9125,26.625,9.5,-999.0
1987-10-26,-9.825,973.6375,28.625,10.25,-999.0
1987-10-27,-8.275,973.35,27.25,10.0,-999.0
1987-10-28,-7.5,974.7375,15.625,10.75,-999.0
1987-10-29,-10.175,978.95,14.0,9.0,-999.0
1987-10-30,-16.075,974.2125,5.0,11.875,-999.0
1987-10-31,-18.2875,970.95,3.25,9.375,-999.0
1987-11-01,-15.85,975.0625,23.0,9.5,-999.0
1987-11-02,-15.5125,975.7375,15.0,11.375,-999.0
1987-11-03,-15.0375,969.65,8.625,12.75,-999.0
1987-11-04,-6.7625,969.95,29.25,9.5,-999.0
1987-11-05,-5.85,977.6375,26.125,9.5,-999.0
1987-11-06,-7.2375,983.6875,11.625,11.375,-999.0
1987-11-07,-10.4875,981.8,13.625,9.75,-999.0
1987-11-08,-10.1375,983.1625,19.875,11.375,-999.0
1987-11-09,-11.2125,984.825,9.25,20.625,-999.0
1987-11-10,-133.8125,980.525,20.875,13.0,-999.0
1987-11-11,-8.5,979.2,23.625,13.625,-999.0
1987-11-12,-8.4625,984.8125,10.375,14.875,-999.0
1987-11-13,-9.2,976.5375,19.125,10.25,-999.0
1987-11-14,-133.775,723.3125,-110.25,-116.875,-999.0
1987-11-15,-7.0375,972.2125,27.375,8.5,-999.0
1987-11-16,-6.4875,976.975,25.0,10.0,-999.0
1987-11-17,-7.6,970.425,17.125,12.125,-999.0
1987-11-18,-6.7625,979.6875,18.625,11.375,-999.0
1987-11-19,-10.825,987.0375,13.25,11.125,-999.0
1987-11-20,-9.8875,982.4125,9.25,13.75,-999.0
1987-11-21,-128.5375,976.975,14.25,11.625,-999.0
1987-11-22,-5.7125,971.3875,18.125,10.625,-999.0
1987-11-23,-4.45,978.6375,18.0,10.5,-999.0
1987-11-24,-5.825,731.2625,16.375,11.375,-999.0
1987-11-25,-5.25,981.475,13.75,11.375,-999.0
1987-11-26,-6.65,985.7375,8.25,13.75,-999.0
1987-11-27,-6.1875,983.15,21.125,9.5,-999.0
1987-11-28,-5.4375,984.7,16.125,9.75,-999.0
1987-11-29,-8.5625,979.85,10.75,11.375,-999.0
1987-11-30,-6.0125,985.7125,7.25,13.375,-999.0
1987-12-01,-7.075,988.4125,5.125,20.625,-999.0
1987-12-02,-8.8875,986.85,15.0,11.0,-999.0
1987-12-03,-4.725,988.375,11.125,11.75,-999.0
1987-12-04,-4.825,990.1,7.125,16.25,-999.0
1987-12-05,-128.725,744.1125,-114.5,-116.0,-999.0
1987-12-06,-5.3125,993.5,7.75,12.125,-999.0
1987-12-07,-129.5,746.4875,-117.875,-114.375,-999.0
1987-12-08,-5.3125,995.9375,3.75,14.75,-999.0
1987-12-09,-5.675,996.45,-119.125,-110.75,-999.0
1987-12-10,-127.225,749.1375,-122.375,-118.25,-999.0
1987-12-11,-4.8375,995.55,5.375,19.0,-999.0
1987-12-12,-5.525,988.725,7.75,15.125,-999.0
1987-12-13,-3.25,989.6375,14.625,8.25,-999.0
1987-12-14,-3.3625,989.925,10.125,11.25,-999.0
1987-12-15,-4.2625,989.5875,7.0,10.75,-999.0
1987-12-16,-5.6625,986.9125,24.75,8.5,-999.0
1987-12-17,-5.15,989.6625,29.375,8.0,-999.0
1987-12-18,-3.8625,990.2875,23.375,9.25,-999.0
1987-12-19,-2.5625,984.3375,19.625,9.75,-999.0
1987-12-20,-1.5125,987.8125,13.375,9.875,-999.0
1987-12-21,-3.5,990.175,4.75,10.0,-999.0
1987-12-22,-1.975,982.9375,3.25,13.375,-999.0
1987-12-23,-377.875,237.9375,-370.625,-367.0,-999.0
1987-12-24,-999.0,-999.0,-999.0,-999.0,-999.0
1987-12-25,-999.0,-999.0,-999.0,-999.0,-999.0
1987-12-26,-374.8375,242.6375,-368.75,-357.75,-999.0
1987-12-27,-2.9875,991.875,2.0,9.125,-999.0
1987-12-28,-2.7,995.15,6.625,7.625,-999.0
1987-12-29,-2.425,991.375,12.5,8.25,-999.0
1987-12-30,-3.3375,989.1125,27.625,9.0,-999.0
1987-12-31,-127.4375,740.975,-101.5,-116.75,-999.0
1988-01-01,-2.875,992.0625,26.125,9.0,-999.0
1988-01-02,-2.45,986.6,16.625,9.5,-999.0
1988-01-03,-3.5875,979.8125,10.0,12.125,-999.0
1988-01-04,0.0625,977.875,24.625,10.75,-999.0
1988-01-05,0.9875,987.075,21.125,10.0,-999.0
1988-01-06,-0.125,990.4125,12.875,11.0,-999.0
1988-01-07,2.325,992.225,0.75,4.25,-999.0
1988-01-08,-2.0375,997.0125,4.5,7.75,-999.0
1988-01-09,0.425,999.6,2.75,4.625,-999.0
1988-01-10,2.6,996.4125,2.375,14.0,-999.0
1988-01-11,-1.2125,990.075,3.75,27.0,-999.0
1988-01-12,-1.7,979.8625,6.25,14.25,-999.0
1988-01-13,-1.5875,983.8125,20.625,8.75,-999.0
1988-01-14,0.275,985.875,15.125,9.625,-999.0
1988-01-15,-0.025,986.25,9.875,10.375,-999.0
1988-01-16,-0.1875,992.5125,11.0,11.25,-999.0
1988-01-17,-1.2375,992.525,14.875,9.125,-999.0
1988-01-18,-1.6,996.375,5.0,32.75,-999.0
1988-01-19,-4.2125,998.9,6.125,19.875,-999.0
1988-01-20,-5.325,998.275,10.75,10.0,-999.0
1988-01-21,-3.4,996.9125,29.625,9.0,-999.0
1988-01-22,-2.4375,991.0625,37.625,9.0,-999.0
1988-01-23,-0.75,989.3375,25.625,7.625,-999.0
1988-01-24,-0.175,999.825,3.125,6.875,-999.0
1988-01-25,-0.9125,998.175,2.5,9.625,-999.0
1988-01-26,-2.5625,995.2625,9.25,12.375,-999.0
1988-01-27,-3.35,994.0625,11.625,12.0,-999.0
1988-01-28,-2.5625,992.7125,12.375,9.5,-999.0
1988-01-29,-0.625,991.55,11.125,8.75,-999.0
1988-01-30,-1.8625,991.2,13.875,8.75,-999.0
1988-01-31,-4.15,992.525,11.25,9.5,-999.0
1988-02-01,-6.225,985.875,9.875,9.75,-999.0
1988-02-02,-6.75,985.1625,15.5,10.125,-999.0
1988-02-03,-5.5875,986.125,18.375,9.75,-999.0
1988-02-04,-5.475,985.6875,15.75,10.625,-999.0
1988-02-05,-5.9625,982.975,9.25,13.375,-999.0
1988-02-06,-7.1,983.3625,7.625,12.625,-999.0
1988-02-07,-8.4875,989.325,9.75,11.875,-999.0
1988-02-08,-7.4125,986.4125,17.5,10.75,-999.0
1988-02-09,-6.0125,982.575,17.25,10.25,-999.0
1988-02-10,-6.0875,983.3625,20.5,9.25,-999.0
1988-02-11,-4.7875,979.0,28.375,9.5,-999.0
1988-02-12,-5.2375,977.9,18.125,10.125,-999.0
1988-02-13,-5.3625,980.6,17.625,10.25,-999.0
1988-02-14,-5.6625,986.3,19.625,9.25,-999.0
1988-02-15,-7.2875,987.6125,11.875,10.125,-999.0
1988-02-16,-11.2,986.225,11.5,10.875,-999.0
1988-02-17,-8.4125,987.0125,25.375,9.25,-999.0
1988-02-18,-6.3875,978.8625,46.375,9.75,-999.0
1988-02-19,-5.4375,970.85,51.25,9.0,-999.0
1988-02-20,-4.275,971.0875,39.25,9.5,-999.0
1988-02-21,-2.775,984.5375,33.25,9.25,-999.0
1988-02-22,-5.1875,988.925,20.25,9.5,-999.0
1988-02-23,-6.9,992.225,8.5,11.875,-999.0
1988-02-24,-9.6625,992.3125,21.125,9.25,-999.0
1988-02-25,-9.625,985.1875,26.125,9.0,-999.0
1988-02-26,-9.5375,980.55,30.625,9.0,-999.0
1988-02-27,-7.275,970.8625,46.0,9.25,-999.0
1988-02-28,-5.225,966.4875,30.625,10.0,-999.0
1988-02-29,-5.4,965.575,23.25,11.125,-999.0
1988-03-01,-5.575,979.3625,12.75,14.5,-999.0
1988-03-02,-11.7625,986.5625,9.5,11.375,-999.0
1988-03-03,-11.1875,984.8375,23.75,9.25,-999.0
1988-03-04,-10.1125,986.95,16.25,13.0,-999.0
1988-03-05,-16.2,986.225,6.5,14.75,-999.0
1988-03-06,-14.8,982.275,14.875,10.625,-999.0
1988-03-07,-10.825,994.0625,11.625,11.0,-999.0
1988-03-08,-16.875,991.2125,6.0,10.0,-999.0
1988-03-09,-14.5375,984.4,9.75,10.125,-999.0
1988-03-10,-17.1,981.35,11.5,14.25,-999.0
1988-03-11,-20.1875,986.075,7.0,17.875,-999.0
1988-03-12,-11.85,985.075,39.75,9.25,-999.0
1988-03-13,-7.65,978.6625,55.125,9.0,-999.0
1988-03-14,-6.4625,976.7125,56.75,9.0,-999.0
1988-03-15,-5.4625,981.7,46.625,9.0,-999.0
1988-03-16,-3.7875,971.2875,52.875,7.75,-999.0
1988-03-17,-1.6375,971.125,52.875,7.0,-999.0
1988-03-18,-2.7875,976.9,67.75,7.0,-999.0
1988-03-19,-2.375,972.025,41.875,6.5,-999.0
1988-03-20,-0.075,979.4625,64.0,5.25,-999.0
1988-03-21,-4.9375,987.4,10.25,10.5,-999.0
1988-03-22,-7.5875,989.525,15.375,9.875,-999.0
1988-03-23,-11.55,997.1125,10.375,12.5,-999.0
1988-03-24,-15.4125,998.9,7.125,13.125,-999.0
1988-03-25,-17.725,997.4625,5.5,12.25,-999.0
1988-03-26,-11.425,994.3125,23.625,7.25,-999.0
1988-03-27,-13.2625,1001.7625,22.25,8.25,-999.0
1988-03-28,-12.8,1000.175,19.125,9.75,-999.0
1988-03-29,-12.875,997.9625,12.875,10.375,-999.0
1988-03-30,-13.725,991.8,10.75,10.25,-999.0
1988-03-31,-9.475,993.7125,17.0,8.5,-999.0
1988-04-01,-13.475,998.55,10.625,9.5,-999.0
1988-04-02,-15.15,987.7625,20.75,12.875,-999.0
1988-04-03,-12.65,980.225,28.125,14.25,-999.0
1988-04-04,-16.5,988.85,7.625,12.875,-999.0
1988-04-05,-22.3875,995.675,9.375,15.75,-999.0
1988-04-06,-21.825,1001.3875,9.0,19.0,-999.0
1988-04-07,-14.8375,996.1875,34.125,9.25,-999.0
1988-04-08,-12.6,974.275,55.75,9.0,-999.0
1988-04-09,-14.7,986.125,10.375,20.75,-999.0
1988-04-10,-17.9125,983.2625,12.5,12.875,-999.0
1988-04-11,-22.3375,983.275,7.875,9.25,-999.0
1988-04-12,-15.725,980.0625,26.125,9.75,-999.0
1988-04-13,-15.4,985.4125,18.75,11.5,-999.0
1988-04-14,-20.2875,982.25,13.375,12.5,-999.0
1988-04-15,-17.2125,977.6875,14.375,9.875,-999.0
1988-04-16,-24.5,979.775,6.25,15.875,-999.0
1988-04-17,-21.3875,983.6625,15.5,12.25,-999.0
1988-04-18,-16.5625,987.175,12.75,13.625,-999.0
1988-04-19,-19.175,976.9125,15.125,13.0,-999.0
1988-04-20,-12.975,971.9625,27.625,9.5,-999.0
1988-04-21,-15.85,989.55,9.125,15.625,-999.0
1988-04-22,-26.225,991.925,8.375,15.5,-999.0
1988-04-23,-26.275,1000.8125,10.25,13.125,-999.0
1988-04-24,-21.95,1008.2375,16.375,10.0,-999.0
1988-04-25,-13.3375,989.4125,50.125,9.0,-999.0
1988-04-26,-10.3375,999.5375,33.5,9.0,-999.0
1988-04-27,-11.4625,984.3125,42.625,9.0,-999.0
1988-04-28,-10.2125,976.7125,34.0,9.0,-999.0
1988-04-29,-12.7,988.6875,15.625,9.75,-999.0
1988-04-30,-23.525,994.35,7.625,15.25,-999.0
1988-05-01,-26.975,991.0,2.125,5.375,-999.0
1988-05-02,-27.0125,983.2,2.25,6.75,-999.0
1988-05-03,-31.2625,986.5875,4.0,15.75,-999.0
1988-05-04,-29.8375,983.725,5.75,15.25,-999.0
1988-05-05,-27.1875,987.3375,8.25,16.125,-999.0
1988-05-06,-19.35,992.2625,7.625,12.75,-999.0
1988-05-07,-16.6625,993.425,15.375,10.625,-999.0
1988-05-08,-16.8375,988.1625,20.125,10.0,-999.0
1988-05-09,-21.2875,983.1125,14.0,11.75,-999.0
1988-05-10,-24.6,987.8875,22.5,10.5,-999.0
1988-05-11,-18.25,992.225,32.875,9.25,-999.0
1988-05-12,-14.525,995.0,35.125,9.0,-999.0
1988-05-13,-15.2625,997.7875,30.625,9.0,-999.0
1988-05-14,-20.925,995.025,17.0,10.25,-999.0
1988-05-15,-23.475,993.1875,13.25,13.25,-999.0
1988-05-16,-8.3125,985.65,27.75,10.0,-999.0
1988-05-17,-6.6875,988.75,51.25,10.0,-999.0
1988-05-18,-10.575,1005.775,21.875,9.25,-999.0
1988-05-19,-18.9625,1004.775,10.875,11.875,-999.0
1988-05-20,-20.35,1004.2625,11.375,11.375,-999.0
1988-05-21,-20.875,1000.7875,7.875,13.0,-999.0
1988-05-22,-26.3,1004.425,6.75,10.0,-999.0
1988-05-23,-27.4375,1001.525,5.875,14.625,-999.0
1988-05-24,-31.325,995.5875,5.0,20.0,-999.0
1988-05-25,-20.7125,991.8,17.375,9.875,-999.0
1988-05-26,-15.175,988.6,33.125,10.0,-999.0
1988-05-27,-14.3375,989.5375,20.625,10.25,-999.0
1988-05-28,-11.0375,987.75,31.375,9.5,-999.0
1988-05-29,-11.2125,990.1,25.875,10.5,-999.0
1988-05-30,-19.2375,976.5625,13.875,19.0,-999.0
1988-05-31,-15.6,985.5875,9.0,16.5,-999.0
1988-06-01,-14.025,1005.5625,15.125,9.75,-999.0
1988-06-02,-20.6,999.9,9.25,12.125,-999.0
1988-06-03,-26.375,996.675,8.375,15.625,-999.0
1988-06-04,-20.2375,993.3125,17.5,13.25,-999.0
1988-06-05,-12.6375,992.1125,18.625,10.875,-999.0
1988-06-06,-13.8125,999.125,12.0,9.25,-999.0
1988-06-07,-15.6,1004.95,19.75,9.25,-999.0
1988-06-08,-14.325,1001.45,51.625,9.25,-999.0
1988-06-09,-12.2375,1011.5,45.375,9.0,-999.0
1988-06-10,-13.125,1011.825,28.875,9.25,-999.0
1988-06-11,-13.4625,998.1875,16.75,8.625,-999.0
1988-06-12,-17.225,999.8375,11.25,7.875,-999.0
1988-06-13,-13.5375,993.725,36.0,9.0,-999.0
1988-06-14,-10.6625,981.3125,51.125,9.0,-999.0
1988-06-15,-13.1,991.3625,29.5,9.0,-999.0
1988-06-16,-10.825,989.7,26.125,9.0,-999.0
1988-06-17,-10.775,989.7125,29.125,9.25,-999.0
1988-06-18,-12.6375,987.575,11.875,9.875,-999.0
1988-06-19,-11.725,998.0875,8.75,16.25,-999.0
1988-06-20,-13.4,999.8625,7.375,22.75,-999.0
1988-06-21,-15.9375,996.225,18.375,15.0,-999.0
1988-06-22,-13.7875,994.5375,44.5,10.0,-999.0
1988-06-23,-14.1,997.6875,35.125,9.25,-999.0
1988-06-24,-13.8125,997.4125,20.125,10.5,-999.0
1988-06-25,-20.775,1000.9875,4.25,11.75,-999.0
1988-06-26,-24.4,1009.0125,5.375,12.5,-999.0
1988-06-27,-19.875,1003.625,21.0,9.5,-999.0
1988-06-28,-16.075,989.7875,41.125,9.5,-999.0
1988-06-29,-13.85,984.075,41.375,9.5,-999.0
1988-06-30,-12.85,985.775,30.25,10.0,-999.0
1988-07-01,-15.6875,991.35,17.625,9.25,-999.0
1988-07-02,-21.4,992.2,13.375,9.5,-999.0
1988-07-03,-24.2,991.5875,15.5,9.5,-999.0
1988-07-04,-24.1,987.725,13.75,10.25,-999.0
1988-07-05,-28.075,979.4875,7.25,13.0,-999.0
1988-07-06,-29.2625,983.9875,5.125,15.75,-999.0
1988-07-07,-22.05,990.125,7.375,12.25,-999.0
1988-07-08,-27.975,993.725,6.375,13.5,-999.0
1988-07-09,-31.9125,993.1375,9.5,14.125,-999.0
1988-07-10,-21.6,992.45,27.25,9.0,-999.0
1988-07-11,-18.8,986.9625,38.875,9.0,-999.0
1988-07-12,-19.1125,992.025,21.0,8.25,-999.0
1988-07-13,-23.0875,985.45,10.0,11.125,-999.0
1988-07-14,-22.025,976.7875,18.375,10.625,-999.0
1988-07-15,-19.25,970.275,17.625,12.5,-999.0
1988-07-16,-16.4375,961.5125,15.25,13.5,-999.0
1988-07-17,-17.4875,953.9125,15.0,12.125,-999.0
1988-07-18,-14.55,962.8125,18.25,11.75,-999.0
1988-07-19,-22.75,972.075,11.625,13.125,-999.0
1988-07-20,-20.35,986.4625,12.75,11.375,-999.0
1988-07-21,-23.225,979.2375,10.125,14.625,-999.0
1988-07-22,-17.625,966.4875,9.625,18.75,-999.0
1988-07-23,-18.5375,972.6375,17.5,8.25,-999.0
1988-07-24,-13.8375,976.05,39.75,9.0,-999.0
1988-07-25,-19.575,976.8125,16.125,13.75,-999.0
1988-07-26,-27.05,976.6625,8.5,13.625,-999.0
1988-07-27,-24.6125,979.8125,9.875,11.75,-999.0
1988-07-28,-26.4625,980.5625,7.0,13.75,-999.0
1988-07-29,-30.075,984.5,8.75,15.125,-999.0
1988-07-30,-30.9625,992.0875,8.5,16.0,-999.0
1988-07-31,-31.9,996.475,8.5,13.25,-999.0
1988-08-01,-34.8625,990.475,7.125,14.5,-999.0
1988-08-02,-37.35,987.075,10.0,14.75,-999.0
1988-08-03,-28.4,992.45,12.125,13.5,-999.0
1988-08-04,-20.675,986.5375,12.625,11.75,-999.0
1988-08-05,-25.6875,979.025,9.625,15.25,-999.0
1988-08-06,-17.0125,974.65,17.5,10.5,-999.0
1988-08-07,-19.875,974.8625,10.75,13.5,-999.0
1988-08-08,-21.2875,978.4625,11.375,12.125,-999.0
1988-08-09,-30.175,987.075,6.875,15.375,-999.0
1988-08-10,-28.125,990.5375,7.875,15.875,-999.0
1988-08-11,-37.475,979.975,7.625,15.375,-999.0
1988-08-12,-39.6875,975.7,7.875,16.5,-999.0
1988-08-13,-27.8625,975.1625,10.25,11.0,-999.0
1988-08-14,-27.3375,986.1125,15.375,11.5,-999.0
1988-08-15,-32.05,986.7,8.875,16.25,-999.0
1988-08-16,-33.9625,982.975,9.125,18.875,-999.0
1988-08-17,-24.875,998.8125,20.125,10.875,-999.0
1988-08-18,-20.225,999.9875,37.0,9.0,-999.0
1988-08-19,-20.3125,995.1625,23.875,9.0,-999.0
1988-08-20,-18.4875,996.6125,18.375,10.0,-999.0
1988-08-21,-18.2375,996.1625,34.625,9.25,-999.0
1988-08-22,-11.25,979.05,57.75,9.0,-999.0
1988-08-23,-9.9,975.475,44.625,9.75,-999.0
1988-08-24,-15.8,983.575,20.875,9.0,-999.0
1988-08-25,-22.225,991.975,10.75,9.875,-999.0
1988-08-26,-28.7,1003.7,5.75,17.5,-999.0
1988-08-27,-30.625,1004.25,5.875,12.75,-999.0
1988-08-28,-26.7,993.925,6.75,15.5,-999.0
1988-08-29,-28.7375,988.975,4.375,11.25,-999.0
1988-08-30,-32.0625,975.2,5.5,18.25,-999.0
1988-08-31,-34.45,983.9125,5.0,15.625,-999.0
1988-09-01,-28.45,983.0125,30.0,9.0,-999.0
1988-09-02,-20.7625,973.8125,25.75,10.375,-999.0
1988-09-03,-29.8375,984.075,6.5,16.625,-999.0
1988-09-04,-33.5125,990.675,5.625,16.0,-999.0
1988-09-05,-36.5125,983.125,5.875,14.5,-999.0
1988-09-06,-28.8125,976.75,12.75,9.25,-999.0
1988-09-07,-25.8,984.25,20.25,9.0,-999.0
1988-09-08,-30.25,991.4,8.0,13.625,-999.0
1988-09-09,-27.725,989.625,4.75,16.75,-999.0
1988-09-10,-30.4875,984.1875,6.375,12.875,-999.0
1988-09-11,-31.825,992.475,6.375,15.125,-999.0
1988-09-12,-20.3875,995.8,9.75,12.25,-999.0
1988-09-13,-18.925,994.6875,5.0,10.5,-999.0
1988-09-14,-24.5875,996.5,4.125,13.75,-999.0
1988-09-15,-31.8625,1001.7875,5.25,17.25,-999.0
1988-09-16,-33.175,1005.2875,4.125,18.125,-999.0
1988-09-17,-29.5375,995.3125,13.125,8.5,-999.0
1988-09-18,-21.575,984.6375,42.125,9.25,-999.0
1988-09-19,-12.35,971.75,52.5,9.0,-999.0
1988-09-20,-10.9,965.5875,40.125,9.0,-999.0
1988-09-21,-13.9,978.575,35.125,9.0,-999.0
1988-09-22,-15.6875,991.45,27.875,9.25,-999.0
1988-09-23,-19.3625,990.6375,7.5,10.0,-999.0
1988-09-24,-21.675,986.3,18.625,9.75,-999.0
1988-09-25,-19.275,992.0,13.75,11.375,-999.0
1988-09-26,-19.75,995.975,6.75,15.375,-999.0
1988-09-27,-20.1875,997.8875,8.5,12.625,-999.0
1988-09-28,-12.95,999.1,22.625,9.0,-999.0
1988-09-29,-12.5375,1001.75,27.375,9.0,-999.0
1988-09-30,-14.3875,1006.075,18.375,9.0,-999.0
1988-10-01,-20.225,1003.7875,8.0,12.625,-999.0
1988-10-02,-22.1,1002.5,8.0,11.75,-999.0
1988-10-03,-20.3875,1000.1,8.125,11.75,-999.0
1988-10-04,-23.525,991.1125,4.75,16.125,-999.0
1988-10-05,-25.95,985.7,2.875,10.125,-999.0
1988-10-06,-24.525,989.0625,5.5,13.25,-999.0
1988-10-07,-26.1375,996.5875,5.625,16.75,-999.0
1988-10-08,-26.1375,1003.325,4.625,16.625,-999.0
1988-10-09,-23.7375,999.75,7.5,12.75,-999.0
1988-10-10,-22.175,1005.2,13.5,10.0,-999.0
1988-10-11,-22.2,999.5375,13.0,10.375,-999.0
1988-10-12,-18.9375,1002.6875,15.625,9.5,-999.0
1988-10-13,-15.9625,1003.175,26.75,9.25,-999.0
1988-10-14,-12.4125,991.575,40.0,9.0,-999.0
1988-10-15,-11.5625,985.8125,34.125,9.25,-999.0
1988-10-16,-11.875,995.8875,18.625,9.75,-999.0
1988-10-17,-12.6625,1003.95,23.0,11.0,-999.0
1988-10-18,-18.8125,1000.7125,5.125,7.875,-999.0
1988-10-19,-21.85,996.125,10.875,8.625,-999.0
1988-10-20,-18.15,999.575,17.25,10.25,-999.0
1988-10-21,-16.5875,998.4625,15.375,9.25,-999.0
1988-10-22,-15.4875,998.2875,15.375,9.25,-999.0
1988-10-23,-16.625,995.3625,6.75,14.625,-999.0
1988-10-24,-18.075,995.2,5.625,17.5,-999.0
1988-10-25,-19.6125,989.1625,3.625,15.0,-999.0
1988-10-26,-23.225,990.225,4.25,15.625,-999.0
1988-10-27,-21.1625,990.95,4.375,16.375,-999.0
1988-10-28,-17.2875,991.25,6.5,11.0,-999.0
1988-10-29,-16.0625,994.85,8.125,11.0,-999.0
1988-10-30,-14.8875,993.65,14.375,11.0,-999.0
1988-10-31,-13.8125,986.6375,9.5,11.125,-999.0
1988-11-01,-12.6875,990.7625,10.5,12.5,-999.0
1988-11-02,-15.15,994.65,5.0,15.5,-999.0
1988-11-03,-16.2,995.4125,7.125,15.25,-999.0
1988-11-04,-16.1125,990.0875,8.75,20.875,-999.0
1988-11-05,-18.275,978.925,4.125,13.75,-999.0
1988-11-06,-17.1,982.925,4.125,20.125,-999.0
1988-11-07,-13.375,989.2,11.75,10.75,-999.0
1988-11-08,-13.2375,987.675,8.5,10.625,-999.0
1988-11-09,-14.4125,985.2375,8.0,12.625,-999.0
1988-11-10,-16.2125,987.2375,4.875,19.375,-999.0
1988-11-11,-16.9125,986.8375,5.125,22.25,-999.0
1988-11-12,-16.2875,984.1,7.125,10.875,-999.0
1988-11-13,-18.0,983.7625,4.0,19.0,-999.0
1988-11-14,-16.8625,985.125,4.375,15.5,-999.0
1988-11-15,-16.25,988.7625,13.875,9.5,-999.0
1988-11-16,-12.9375,988.1,17.875,9.0,-999.0
1988-11-17,-14.05,983.6875,9.625,10.0,-999.0
1988-11-18,-13.425,982.425,8.0,11.0,-999.0
1988-11-19,-15.2875,988.7375,7.625,12.25,-999.0
1988-11-20,-15.4875,986.775,7.125,24.125,-999.0
1988-11-21,-13.525,980.45,16.125,10.75,-999.0
1988-11-22,-10.725,981.15,27.5,9.75,-999.0
1988-11-23,-10.9875,987.325,16.375,9.75,-999.0
1988-11-24,-9.7125,989.025,12.5,11.125,-999.0
1988-11-25,-10.4375,990.85,8.875,21.625,-999.0
1988-11-26,-10.8875,985.0125,11.75,25.5,-999.0
1988-11-27,-9.6125,989.0125,6.375,16.875,-999.0
1988-11-28,-9.0,990.4875,4.125,8.125,-999.0
1988-11-29,-9.475,992.7375,6.125,21.5,-999.0
1988-11-30,-9.7,989.1875,6.875,17.5,-999.0
1988-12-01,-7.975,989.5625,5.875,18.5,-999.0
1988-12-02,-7.3,991.6875,3.25,15.0,-999.0
1988-12-03,-6.6,992.4,5.25,9.5,-999.0
1988-12-04,-7.5125,991.3625,7.375,7.125,-999.0
1988-12-05,-5.3625,986.9,6.125,8.5,-999.0
1988-12-06,-5.7875,974.9875,27.125,9.0,-999.0
1988-12-07,-3.125,979.4375,22.75,7.5,-999.0
1988-12-08,-4.6875,980.3125,21.875,9.0,-999.0
1988-12-09,-5.4,981.575,9.875,8.75,-999.0
1988-12-10,-4.7125,984.8875,6.0,16.125,-999.0
1988-12-11,-6.9125,988.4875,13.25,8.375,-999.0
1988-12-12,-5.375,988.8,17.25,9.875,-999.0
1988-12-13,-5.275,982.4375,9.125,17.75,-999.0
1988-12-14,-2.9375,991.7,18.0,9.625,-999.0
1988-12-15,-2.5625,992.9125,8.0,13.625,-999.0
1988-12-16,-4.7375,986.1875,9.625,17.0,-999.0
1988-12-17,-4.25,990.35,13.5,9.875,-999.0
1988-12-18,-4.5,993.9625,6.75,11.75,-999.0
1988-12-19,-6.7125,992.4625,6.125,19.125,-999.0
1988-12-20,-5.4375,991.85,6.875,11.875,-999.0
1988-12-21,-6.55,997.9375,2.0,6.125,-999.0
1988-12-22,-7.6125,998.875,3.5,10.125,-999.0
1988-12-23,-6.0375,990.1375,14.625,7.25,-999.0
1988-12-24,-7.425,986.05,11.875,7.375,-999.0
1988-12-25,-7.1625,989.7875,7.75,13.625,-999.0
1988-12-26,-6.0875,987.85,4.375,17.625,-999.0
1988-12-27,-5.8125,982.55,3.375,11.375,-999.0
1988-12-28,-5.925,985.8875,5.375,10.375,-999.0
1988-12-29,-6.9,990.0625,6.375,15.75,-999.0
1988-12-30,-6.15,988.275,6.375,14.0,-999.0
1988-12-31,-6.6875,986.525,6.75,11.625,-999.0
1989-01-01,-6.2,987.3,3.625,12.25,-999.0
1989-01-02,-4.125,987.7375,4.25,16.625,-999.0
1989-01-03,-4.6,988.175,4.0,7.875,-999.0
1989-01-04,-4.825,989.2375,9.625,8.125,-999.0
1989-01-05,-3.7375,991.6375,17.875,8.5,-999.0
1989-01-06,-3.6125,993.1875,10.75,9.0,-999.0
1989-01-07,-4.5,993.175,21.625,8.75,-999.0
1989-01-08,-3.2125,990.775,27.125,8.0,-999.0
1989-01-09,-3.9375,987.975,26.375,9.0,-999.0
1989-01-10,-3.025,982.0375,29.375,9.0,-999.0
1989-01-11,-1.9875,981.0875,20.75,9.0,-999.0
1989-01-12,-0.825,985.775,14.125,12.375,-999.0
1989-01-13,-0.6625,983.0875,21.625,9.25,-999.0
1989-01-14,-1.025,983.0,26.5,9.25,-999.0
1989-01-15,-1.725,986.0,16.75,9.5,-999.0
1989-01-16,-3.5375,989.7625,15.375,9.0,-999.0
1989-01-17,-3.075,990.7875,27.25,9.0,-999.0
1989-01-18,-3.05,990.5625,25.5,9.0,-999.0
1989-01-19,-2.6375,993.0875,16.0,9.0,-999.0
1989-01-20,-3.4375,996.0375,11.375,9.25,-999.0
1989-01-21,-5.1,993.3625,9.25,12.5,-999.0
1989-01-22,-3.425,992.3125,6.0,12.75,-999.0
1989-01-23,-3.6875,994.5125,8.375,9.625,-999.0
1989-01-24,-5.9,992.8125,7.25,6.625,-999.0
1989-01-25,-5.2125,992.35,13.875,9.875,-999.0
1989-01-26,-3.925,991.25,10.0,9.0,-999.0
1989-01-27,-5.2875,993.275,9.875,9.0,-999.0
1989-01-28,-6.0875,990.875,4.625,7.875,-999.0
1989-01-29,-7.175,989.025,3.875,7.5,-999.0
1989-01-30,-6.5125,991.8875,7.25,8.125,-999.0
1989-01-31,-4.925,990.4875,22.75,9.0,-999.0
1989-02-01,-3.9375,978.7375,41.25,9.0,-999.0
1989-02-02,-2.4,969.225,37.875,9.25,-999.0
1989-02-03,-1.4875,960.025,27.625,10.375,-999.0
1989-02-04,-1.95,974.575,27.125,10.5,-999.0
1989-02-05,-5.125,989.525,13.5,9.5,-999.0
1989-02-06,-8.4625,989.675,21.5,9.25,-999.0
1989-02-07,-8.1375,987.1625,24.5,9.5,-999.0
1989-02-08,-6.05,989.6125,23.125,9.0,-999.0
1989-02-09,-9.4875,989.425,10.375,10.25,-999.0
1989-02-10,-6.6875,980.75,28.625,10.5,-999.0
1989-02-11,-4.75,981.0625,32.375,10.25,-999.0
1989-02-12,-5.625,985.35,19.5,9.5,-999.0
1989-02-13,-7.925,988.85,5.75,12.0,-999.0
1989-02-14,-8.4375,989.5375,4.875,14.75,-999.0
1989-02-15,-11.6125,983.7375,6.25,20.875,-999.0
1989-02-16,-9.425,977.2375,32.875,13.5,-999.0
1989-02-17,-4.8125,976.1625,32.625,9.25,-999.0
1989-02-18,-6.175,979.7125,19.5,9.0,-999.0
1989-02-19,-7.0,978.175,6.375,6.75,-999.0
1989-02-20,-7.35,980.275,18.125,9.375,-999.0
1989-02-21,-10.4125,983.8625,12.125,9.0,-999.0
1989-02-22,-10.225,981.0875,24.125,9.25,-999.0
1989-02-23,-6.8,981.775,24.125,9.25,-999.0
1989-02-24,-7.2125,977.7125,20.5,9.25,-999.0
1989-02-25,-8.8875,965.5625,10.625,15.75,-999.0
1989-02-26,-10.85,974.5875,8.75,23.75,-999.0
1989-02-27,-11.7875,981.825,7.0,17.375,-999.0
1989-02-28,-14.5,968.0125,9.375,11.375,-999.0
1989-03-01,-10.7,978.275,7.0,15.875,-999.0
1989-03-02,-11.975,981.65,9.0,13.625,-999.0
1989-03-03,-10.1,985.7625,24.375,9.0,-999.0
1989-03-04,-8.225,977.625,41.0,9.0,-999.0
1989-03-05,-3.225,976.2375,36.75,8.75,-999.0
1989-03-06,-3.9125,987.925,25.5,9.75,-999.0
1989-03-07,-6.8625,988.275,15.875,13.5,-999.0
1989-03-08,-10.4125,993.8125,10.375,13.0,-999.0
1989-03-09,-11.4875,978.5125,10.875,11.625,-999.0
1989-03-10,-18.4125,979.6625,10.25,13.75,-999.0
1989-03-11,-18.5375,986.6875,7.375,15.25,-999.0
1989-03-12,-19.4125,992.425,11.75,12.75,-999.0
1989-03-13,-15.025,997.525,25.125,7.625,-999.0
1989-03-14,-15.3875,1000.3625,16.25,9.0,-999.0
1989-03-15,-12.675,985.75,41.875,9.0,-999.0
1989-03-16,-10.4375,977.3125,41.0,9.0,-999.0
1989-03-17,-6.9125,979.975,35.75,9.0,-999.0
1989-03-18,-6.9875,982.8625,23.375,9.0,-999.0
1989-03-19,-7.375,980.05,21.5,9.25,-999.0
1989-03-20,-10.8,983.3625,18.25,9.0,-999.0
1989-03-21,-18.525,982.5875,4.5,9.375,-999.0
1989-03-22,-22.1875,982.125,3.25,15.25,-999.0
1989-03-23,-20.025,985.25,6.875,9.375,-999.0
1989-03-24,-23.3,988.75,2.75,9.0,-999.0
1989-03-25,-24.2375,990.5625,5.75,13.125,-999.0
1989-03-26,-21.0625,989.725,11.375,11.25,-999.0
1989-03-27,-17.35,982.9125,11.125,12.5,-999.0
1989-03-28,-20.925,987.875,5.75,15.875,-999.0
1989-03-29,-16.1375,995.0125,8.0,12.0,-999.0
1989-03-30,-10.0625,992.85,14.125,13.625,-999.0
1989-03-31,-17.825,997.675,5.25,14.25,-999.0
1989-04-01,-14.1125,1003.4375,13.5,10.125,-999.0
1989-04-02,-15.8375,996.15,11.875,9.5,-999.0
1989-04-03,-24.1125,990.775,8.125,12.875,-999.0
1989-04-04,-26.7875,990.8125,5.125,18.125,-999.0
1989-04-05,-25.2875,997.25,5.375,15.75,-999.0
1989-04-06,-21.3375,999.0125,11.375,11.875,-999.0
1989-04-07,-24.15,994.65,8.75,10.75,-999.0
1989-04-08,-15.825,999.175,14.5,9.5,-999.0
1989-04-09,-16.175,998.0125,13.625,10.0,-999.0
1989-04-10,-16.3,987.0875,12.125,12.5,-999.0
1989-04-11,-10.2,982.7,13.375,10.75,-999.0
1989-04-12,-10.8625,996.2125,24.25,9.0,-999.0
1989-04-13,-19.325,993.125,9.25,10.75,-999.0
1989-04-14,-26.075,990.6125,6.125,13.5,-999.0
1989-04-15,-26.5875,994.125,10.5,10.125,-999.0
1989-04-16,-23.3875,993.9875,12.875,9.875,-999.0
1989-04-17,-24.2,991.1,8.125,17.0,-999.0
1989-04-18,-25.1375,996.375,7.125,20.75,-999.0
1989-04-19,-19.0875,1001.6,8.375,10.0,-999.0
1989-04-20,-17.625,991.55,21.375,9.0,-999.0
1989-04-21,-17.9375,988.4625,32.125,9.0,-999.0
1989-04-22,-15.7875,984.25,48.875,9.0,-999.0
1989-04-23,-6.625,976.2,36.5,9.0,-999.0
1989-04-24,-7.675,975.65,28.5,9.0,-999.0
1989-04-25,-11.325,982.925,16.625,8.5,-999.0
1989-04-26,-18.5375,979.6375,12.25,10.375,-999.0
1989-04-27,-20.4,978.325,6.5,12.875,-999.0
1989-04-28,-17.05,978.8,21.125,9.75,-999.0
1989-04-29,-25.3625,985.425,7.5,13.75,-999.0
1989-04-30,-27.85,990.15,5.375,15.625,-999.0
1989-05-01,-23.075,994.1625,20.0,9.5,-999.0
1989-05-02,-18.6,988.875,41.0,9.0,-999.0
1989-05-03,-23.15,986.8625,9.5,11.75,-999.0
1989-05-04,-30.825,976.7375,4.0,15.75,-999.0
1989-05-05,-30.7625,979.525,5.125,15.25,-999.0
1989-05-06,-21.0625,976.2,35.25,9.0,-999.0
1989-05-07,-23.9125,980.4375,11.75,11.5,-999.0
1989-05-08,-26.4,985.375,8.125,10.25,-999.0
1989-05-09,-26.4125,988.9125,11.0,11.875,-999.0
1989-05-10,-35.6375,995.6875,4.125,17.5,-999.0
1989-05-11,-27.6875,1002.1125,3.625,16.25,-999.0
1989-05-12,-25.975,991.125,4.75,15.0,-999.0
1989-05-13,-31.9375,981.125,3.125,13.375,-999.0
1989-05-14,-30.75,975.3625,8.625,12.125,-999.0
1989-05-15,-34.6375,981.425,6.125,16.25,-999.0
1989-05-16,-33.0875,981.3875,5.5,12.875,-999.0
1989-05-17,-29.825,975.025,7.125,17.0,-999.0
1989-05-18,-33.35,976.1125,6.125,13.125,-999.0
1989-05-19,-33.6375,965.9,5.375,14.375,-999.0
1989-05-20,-33.8,965.225,8.0,17.125,-999.0
1989-05-21,-35.075,970.4625,5.75,18.25,-999.0
1989-05-22,-38.6875,977.55,6.625,20.5,-999.0
1989-05-23,-35.6875,986.8,6.5,17.0,-999.0
1989-05-24,-29.8625,984.7125,6.0,14.125,-999.0
1989-05-25,-32.7,986.075,7.75,14.625,-999.0
1989-05-26,-33.0875,992.375,4.0,14.75,-999.0
1989-05-27,-26.3125,990.9375,17.0,9.25,-999.0
1989-05-28,-29.575,996.8625,9.125,12.125,-999.0
1989-05-29,-30.15,989.6,7.125,18.25,-999.0
1989-05-30,-30.9375,989.425,9.25,14.25,-999.0
1989-05-31,-20.2125,984.7,30.375,9.25,-999.0
1989-06-01,-16.6,974.7875,38.625,8.75,-999.0
1989-06-02,-14.725,981.675,30.0,9.0,-999.0
1989-06-03,-14.9375,987.5125,21.5,9.25,-999.0
1989-06-04,-22.3125,1003.1375,3.875,10.5,-999.0
1989-06-05,-19.5,998.6875,5.375,6.75,-999.0
1989-06-06,-16.675,1006.525,8.125,10.125,-999.0
1989-06-07,-15.225,1002.7375,14.875,9.75,-999.0
1989-06-08,-18.1375,992.5375,14.75,8.5,-999.0
1989-06-09,-19.3625,977.525,14.875,9.875,-999.0
1989-06-10,-19.8625,974.35,11.25,13.75,-999.0
1989-06-11,-12.05,981.7,21.125,9.875,-999.0
1989-06-12,-17.55,986.6375,22.75,9.0,-999.0
1989-06-13,-22.5875,986.0375,14.25,10.375,-999.0
1989-06-14,-28.5,985.1375,5.125,13.5,-999.0
1989-06-15,-22.0,984.3125,8.125,8.5,-999.0
1989-06-16,-22.8625,989.7,6.5,12.875,-999.0
1989-06-17,-26.2875,984.9125,4.25,15.625,-999.0
1989-06-18,-33.825,980.3625,4.375,16.5,-999.0
1989-06-19,-36.275,977.725,4.625,14.5,-999.0
1989-06-20,-38.775,984.5,4.0,12.0,-999.0
1989-06-21,-38.3375,980.8375,7.5,19.5,-999.0
1989-06-22,-38.4625,978.5,5.25,15.75,-999.0
1989-06-23,-38.675,984.575,5.0,14.5,-999.0
1989-06-24,-36.3125,986.0875,7.75,11.875,-999.0
1989-06-25,-32.6875,985.1875,12.625,9.0,-999.0
1989-06-26,-30.0125,986.6875,11.25,11.125,-999.0
1989-06-27,-29.7875,986.275,7.75,14.75,-999.0
1989-06-28,-33.125,973.875,7.0,19.125,-999.0
1989-06-29,-18.9875,976.15,16.875,11.625,-999.0
1989-06-30,-22.4,971.7125,9.5,14.125,-999.0
1989-07-01,-15.55,978.0875,23.375,9.5,-999.0
1989-07-02,-20.3,989.4375,8.375,12.5,-999.0
1989-07-03,-21.7625,990.0625,8.0,11.0,-999.0
1989-07-04,-31.7625,989.9375,4.625,15.625,-999.0
1989-07-05,-29.15,993.825,11.875,11.5,-999.0
1989-07-06,-21.775,992.1125,23.375,9.0,-999.0
1989-07-07,-19.9,975.125,37.75,9.0,-999.0
1989-07-08,-20.525,963.175,23.25,11.625,-999.0
1989-07-09,-18.125,957.5125,16.125,13.875,-999.0
1989-07-10,-17.3125,964.2625,15.5,10.25,-999.0
1989-07-11,-23.475,976.7125,9.875,11.25,-999.0
1989-07-12,-19.275,991.3125,9.375,10.75,-999.0
1989-07-13,-26.25,984.7125,10.125,15.625,-999.0
1989-07-14,-29.3875,987.625,6.0,14.375,-999.0
1989-07-15,-34.6,991.55,4.125,14.5,-999.0
1989-07-16,-36.4625,989.3625,3.25,14.75,-999.0
1989-07-17,-35.0375,993.125,4.75,18.0,-999.0
1989-07-18,-39.5125,1006.0375,4.375,15.75,-999.0
1989-07-19,-38.1,993.25,7.25,14.625,-999.0
1989-07-20,-27.7125,979.1625,16.25,10.75,-999.0
1989-07-21,-29.3875,974.0,7.75,13.875,-999.0
1989-07-22,-30.4,975.7375,6.0,13.75,-999.0
1989-07-23,-34.1,975.5125,4.625,15.875,-999.0
1989-07-24,-38.975,975.625,3.25,17.25,-999.0
1989-07-25,-39.3125,974.875,4.5,12.625,-999.0
1989-07-26,-29.525,979.325,7.25,12.375,-999.0
1989-07-27,-29.0,979.45,11.875,9.5,-999.0
1989-07-28,-22.8125,982.475,25.875,9.25,-999.0
1989-07-29,-24.2375,980.0625,17.625,11.125,-999.0
1989-07-30,-32.9875,976.6625,4.0,16.25,-999.0
1989-07-31,-32.825,984.275,5.75,17.75,-999.0
1989-08-01,-30.65,986.05,8.75,12.375,-999.0
1989-08-02,-34.0,979.9375,6.25,14.5,-999.0
1989-08-03,-39.5625,980.7875,6.5,16.375,-999.0
1989-08-04,-31.0625,985.525,10.625,12.625,-999.0
1989-08-05,-31.4375,983.6,8.0,16.875,-999.0
1989-08-06,-26.4875,979.25,11.625,12.125,-999.0
1989-08-07,-25.8125,987.85,11.875,12.5,-999.0
1989-08-08,-27.8625,998.725,13.0,9.5,-999.0
1989-08-09,-29.9375,998.7,6.375,12.0,-999.0
1989-08-10,-32.9,989.75,6.75,14.25,-999.0
1989-08-11,-29.1,986.7625,7.75,11.25,-999.0
1989-08-12,-30.4625,987.0,7.125,11.125,-999.0
1989-08-13,-26.8625,987.4125,20.375,9.625,-999.0
1989-08-14,-21.2375,991.5875,27.75,9.0,-999.0
1989-08-15,-22.9375,988.7875,16.625,12.5,-999.0
1989-08-16,-32.6,970.6375,6.125,18.0,-999.0
1989-08-17,-19.3125,978.0,23.0,9.0,-999.0
1989-08-18,-31.55,984.3625,6.375,17.125,-999.0
1989-08-19,-39.5625,986.8625,3.75,15.75,-999.0
1989-08-20,-32.9875,986.0375,6.375,11.125,-999.0
1989-08-21,-28.0125,980.5375,8.25,12.0,-999.0
1989-08-22,-18.55,977.2875,13.75,9.375,-999.0
1989-08-23,-15.9,978.625,11.75,10.25,-999.0
1989-08-24,-18.025,985.2875,10.625,12.0,-999.0
1989-08-25,-27.575,987.45,5.5,16.0,-999.0
1989-08-26,-26.3875,990.975,12.125,11.625,-999.0
1989-08-27,-26.4125,997.7875,14.5,10.375,-999.0
1989-08-28,-27.1,1007.4125,15.375,10.875,-999.0
1989-08-29,-24.875,1020.525,14.625,10.875,-999.0
1989-08-30,-24.7875,1016.5125,5.625,15.625,-999.0
1989-08-31,-21.6125,1010.275,14.375,9.875,-999.0
1989-09-01,-18.5875,1013.0375,16.25,9.5,-999.0
1989-09-02,-23.5875,1009.875,7.25,13.625,-999.0
1989-09-03,-29.2,999.1125,3.75,16.25,-999.0
1989-09-04,-24.8625,998.7625,9.125,10.75,-999.0
1989-09-05,-27.275,996.7125,7.125,13.25,-999.0
1989-09-06,-33.05,995.175,5.25,15.5,-999.0
1989-09-07,-32.675,1000.9375,3.25,13.625,-999.0
1989-09-08,-33.725,996.9,4.0,19.625,-999.0
1989-09-09,-32.8125,992.4,5.625,13.125,-999.0
1989-09-10,-37.95,996.3125,6.25,20.875,-999.0
1989-09-11,-37.0,995.0625,4.25,18.375,-999.0
1989-09-12,-38.3125,991.5875,2.125,12.125,-999.0
1989-09-13,-39.4125,993.7375,5.0,19.5,-999.0
1989-09-14,-28.45,1005.175,8.875,18.375,-999.0
1989-09-15,-19.1625,1001.9125,11.5,15.5,-999.0
1989-09-16,-21.575,998.5125,7.75,17.5,-999.0
1989-09-17,-24.1875,988.7875,10.875,13.625,-999.0
1989-09-18,-24.2375,997.5125,11.375,11.0,-999.0
1989-09-19,-23.475,997.45,8.875,11.875,-999.0
1989-09-20,-31.8625,995.375,5.75,16.125,-999.0
1989-09-21,-27.3,1001.8,16.75,10.5,-999.0
1989-09-22,-20.6,991.6,19.875,9.0,-999.0
1989-09-23,-20.85,980.725,17.875,9.0,-999.0
1989-09-24,-18.15,975.65,27.375,9.0,-999.0
1989-09-25,-19.025,977.3,12.375,12.0,-999.0
1989-09-26,-25.5375,980.8375,6.5,16.625,-999.0
1989-09-27,-29.4,982.5,5.25,17.0,-999.0
1989-09-28,-28.5,978.1375,3.625,15.75,-999.0
1989-09-29,-30.9625,969.225,4.625,16.0,-999.0
1989-09-30,-26.4625,969.025,7.625,15.5,-999.0
1989-10-01,-27.0625,966.1,6.375,15.375,-999.0
1989-10-02,-23.325,977.2375,6.0,14.5,-999.0
1989-10-03,-24.125,983.4125,4.25,16.25,-999.0
1989-10-04,-28.625,988.6375,5.0,17.75,-999.0
1989-10-05,-26.9125,999.1125,5.875,16.375,-999.0
1989-10-06,-24.4875,999.575,7.125,15.75,-999.0
1989-10-07,-24.45,999.8375,4.75,8.875,-999.0
1989-10-08,-27.95,996.425,5.5,9.625,-999.0
1989-10-09,-26.625,996.15,6.75,12.75,-999.0
1989-10-10,-29.475,992.8625,6.75,10.875,-999.0
1989-10-11,-28.5375,986.2125,7.875,12.25,-999.0
1989-10-12,-21.0375,985.125,30.375,9.0,-999.0
1989-10-13,-15.725,993.0875,22.75,9.0,-999.0
1989-10-14,-14.3125,993.375,23.375,9.0,-999.0
1989-10-15,-12.825,988.475,23.125,9.0,-999.0
1989-10-16,-10.2875,978.75,22.375,9.25,-999.0
1989-10-17,-12.3125,985.275,15.375,11.875,-999.0
1989-10-18,-18.2375,988.8625,7.125,20.0,-999.0
1989-10-19,-19.175,980.8625,12.625,14.875,-999.0
1989-10-20,-15.4,973.95,30.625,9.0,-999.0
1989-10-21,-11.525,974.6,27.25,9.0,-999.0
1989-10-22,-11.475,968.25,24.125,11.625,-999.0
1989-10-23,-7.375,957.375,26.125,9.625,-999.0
1989-10-24,-9.0375,972.15,11.25,11.5,-999.0
1989-10-25,-11.375,981.6,2.125,8.75,-999.0
1989-10-26,-13.8125,984.3375,3.75,14.25,-999.0
1989-10-27,-17.125,967.0625,3.5,12.0,-999.0
1989-10-28,-17.9875,954.2625,11.25,11.25,-999.0
1989-10-29,-15.4125,964.75,10.625,13.5,-999.0
1989-10-30,-18.6375,969.4625,9.125,10.75,-999.0
1989-10-31,-17.7375,976.75,6.375,18.5,-999.0
1989-11-01,-18.7625,981.95,3.25,9.875,-999.0
1989-11-02,-15.8125,977.3375,26.625,9.0,-999.0
1989-11-03,-12.475,969.675,42.0,9.0,-999.0
1989-11-04,-9.25,972.8,30.125,9.0,-999.0
1989-11-05,-10.375,980.5,12.125,11.25,-999.0
1989-11-06,-16.0,985.05,3.25,8.0,-999.0
1989-11-07,-14.3,976.7625,21.125,9.0,-999.0
1989-11-08,-13.3875,983.55,8.375,14.875,-999.0
1989-11-09,-15.5625,982.725,2.125,14.0,-999.0
1989-11-10,-11.8125,983.2625,8.125,6.375,-999.0
1989-11-11,-10.8375,984.8875,22.0,9.0,-999.0
1989-11-12,-9.9625,991.375,25.875,9.0,-999.0
1989-11-13,-9.5875,999.95,15.125,11.25,-999.0
1989-11-14,-11.175,994.1125,7.625,19.125,-999.0
1989-11-15,-7.2875,977.7,16.875,13.25,-999.0
1989-11-16,-7.2625,990.5625,16.5,10.625,-999.0
1989-11-17,-7.4875,995.65,14.125,11.875,-999.0
1989-11-18,-7.4875,989.275,10.875,13.625,-999.0
1989-11-19,-7.2875,984.275,13.0,10.75,-999.0
1989-11-20,-9.2875,988.1375,13.25,10.5,-999.0
1989-11-21,-9.225,989.4,11.375,9.25,-999.0
1989-11-22,-9.3875,987.375,15.5,9.0,-999.0
1989-11-23,-8.325,992.55,17.875,9.0,-999.0
1989-11-24,-7.7875,988.45,25.25,9.0,-999.0
1989-11-25,-5.0,977.35,25.25,9.0,-999.0
1989-11-26,-2.7375,981.0625,27.25,9.0,-999.0
1989-11-27,-2.15,991.0875,22.75,9.0,-999.0
1989-11-28,-4.45,994.95,14.25,8.5,-999.0
1989-11-29,-6.95,989.8125,13.75,9.0,-999.0
1989-11-30,-8.7625,989.225,12.625,10.125,-999.0
1989-12-01,-7.7375,990.7,5.375,15.0,-999.0
1989-12-02,-8.7,986.9875,5.0,8.0,-999.0
1989-12-03,-6.25,987.7125,4.125,4.875,-999.0
1989-12-04,-8.4375,991.775,8.0,12.125,-999.0
1989-12-05,-6.75,996.7875,10.5,9.625,-999.0
1989-12-06,-5.775,987.525,7.5,8.875,-999.0
1989-12-07,-5.7375,993.8375,16.375,9.625,-999.0
1989-12-08,-4.55,996.1,8.0,12.25,-999.0
1989-12-09,-4.1875,994.675,5.375,13.5,-999.0
1989-12-10,-3.7375,990.9625,12.125,10.625,-999.0
1989-12-11,-3.3,992.3125,16.125,10.5,-999.0
1989-12-12,-4.3125,988.975,9.375,10.5,-999.0
1989-12-13,-5.375,987.525,2.5,8.125,-999.0
1989-12-14,-6.3625,986.575,1.75,8.25,-999.0
1989-12-15,-3.5875,992.35,4.0,9.625,-999.0
1989-12-16,-5.0,988.475,2.0,7.375,-999.0
1989-12-17,-3.2625,991.375,6.875,7.875,-999.0
1989-12-18,-4.75,988.2125,2.875,10.5,-999.0
1989-12-19,-4.7625,984.575,3.75,8.5,-999.0
1989-12-20,-6.375,984.85,5.0,11.875,-999.0
1989-12-21,-5.975,982.25,4.875,11.25,-999.0
1989-12-22,-3.8625,997.1875,16.125,9.25,-999.0
1989-12-23,-3.675,998.075,20.125,9.0,-999.0
1989-12-24,-2.8375,992.0625,10.75,8.25,-999.0
1989-12-25,-3.325,989.1125,5.0,5.625,-999.0
1989-12-26,-3.6125,997.7125,13.0,10.25,-999.0
1989-12-27,-0.15,987.26,8.1,16.4,-999.0
1989-12-28,2.03,979.3,16.9,8.9,-999.0
1989-12-29,-0.27,985.83,16.4,7.6,-999.0
1989-12-30,-0.74,991.54,7.9,7.8,-999.0
1989-12-31,2.577777778,985.8888889000001,11.22222222,5.8888888889999995,-999.0
1990-01-01,0.16,988.6,8.3,8.7,-999.0
1990-01-02,0.255555556,989.0444444,13.44444444,9.0,-999.0
1990-01-03,1.1,971.23,26.3,12.0,-999.0
1990-01-04,0.855555556,985.9111111,15.22222222,7.1111111110000005,-999.0
1990-01-05,1.122222222,988.0888889,5.333333333,15.44444444,-999.0
1990-01-06,0.2375,989.7,4.875,9.875,-999.0
1990-01-07,0.45555555600000003,990.5333332999999,4.555555556,12.11111111,-999.0
1990-01-08,-0.5555555560000001,986.0555555999999,13.0,10.0,-999.0
1990-01-09,-1.2,986.5777777999999,8.555555556,10.11111111,-999.0
1990-01-10,-1.99,986.66,4.8,15.1,-999.0
1990-01-11,-2.87,990.32,7.1,15.6,-999.0
1990-01-12,0.16,992.41,8.0,9.7,-999.0
1990-01-13,-3.1555555560000004,992.5222222000001,4.222222222,7.666666667,-999.0
1990-01-14,-5.5875,995.15,8.0,11.0,-999.0
1990-01-15,-0.8875,1002.4125,12.0,9.75,-999.0
1990-01-16,-0.275,1003.1125,10.75,9.75,-999.0
1990-01-17,-2.6,1004.0,9.625,9.875,-999.0
1990-01-18,-1.875,1008.3375,9.5,9.625,-999.0
1990-01-19,-4.075,1005.075,7.5,9.375,-999.0
1990-01-20,-4.525,999.6,4.75,10.75,-999.0
1990-01-21,-3.225,991.35,2.5,12.25,-999.0
1990-01-22,-1.175,991.475,7.5,12.875,-999.0
1990-01-23,0.325,992.9875,4.875,8.0,-999.0
1990-01-24,-1.45,988.425,3.125,12.625,-999.0
1990-01-25,-3.675,985.875,4.875,13.375,-999.0
1990-01-26,-3.9,989.9,11.25,11.0,-999.0
1990-01-27,-3.175,990.4875,11.625,10.125,-999.0
1990-01-28,-4.575,983.25,9.25,14.5,-999.0
1990-01-29,-3.7875,981.0875,10.875,10.75,-999.0
1990-01-30,-6.0125,982.9,6.125,15.75,-999.0
1990-01-31,-5.5625,976.95,10.5,25.875,-999.0
1990-02-01,-2.65,975.775,1.875,14.625,-999.0
1990-02-02,-2.8,981.2125,2.125,18.25,-999.0
1990-02-03,-5.55,983.975,3.875,21.125,-999.0
1990-02-04,-3.5,987.725,6.125,7.25,-999.0
1990-02-05,-2.575,985.125,32.5,11.0,-999.0
1990-02-06,-0.3875,973.275,34.0,12.5,-999.0
1990-02-07,0.4625,974.2125,10.0,13.5,-999.0
1990-02-08,-0.675,974.3375,8.75,12.25,-999.0
1990-02-09,-1.8875,979.375,8.5,13.125,-999.0
1990-02-10,-3.025,982.4875,6.625,9.75,-999.0
1990-02-11,-3.8125,987.4875,5.875,17.125,-999.0
1990-02-12,-4.575,988.5,10.0,20.125,-999.0
1990-02-13,-2.9,978.9875,15.625,13.125,-999.0
1990-02-14,-1.0875,975.2,22.375,12.125,-999.0
1990-02-15,-1.175,982.1125,24.125,10.25,-999.0
1990-02-16,-1.3625,986.9125,19.25,10.0,-999.0
1990-02-17,-2.0625,988.625,13.625,11.25,-999.0
1990-02-18,-3.8625,994.45,10.125,11.125,-999.0
1990-02-19,-5.375,998.625,7.875,12.75,-999.0
1990-02-20,-5.425,989.5,18.875,11.625,-999.0
1990-02-21,-4.56,978.21,29.4,10.8,-999.0
1990-02-22,-0.3125,969.55,32.0,11.0,-999.0
1990-02-23,1.3125,975.5375,32.625,12.125,-999.0
1990-02-24,-0.6875,979.5125,17.75,15.125,-999.0
1990-02-25,-2.475,974.95,18.5,14.5,-999.0
1990-02-26,-1.725,974.9875,22.0,11.5,-999.0
1990-02-27,-3.5375,979.375,17.25,11.0,-999.0
1990-02-28,-4.9625,985.1375,14.375,13.25,-999.0
1990-03-01,-5.0875,990.575,14.5,13.25,-999.0
1990-03-02,-5.2375,993.3375,8.875,9.625,-999.0
1990-03-03,-5.725,995.175,12.625,12.0,-999.0
1990-03-04,-7.4125,987.075,14.375,13.75,-999.0
1990-03-05,-4.2875,979.9625,25.125,12.75,-999.0
1990-03-06,-2.825,984.7625,18.375,10.25,-999.0
1990-03-07,-4.3875,985.375,24.875,9.75,-999.0
1990-03-08,-6.0375,986.7875,42.25,12.5,-999.0
1990-03-09,-2.375,982.9625,37.5,12.5,-999.0
1990-03-10,-3.675,986.4625,25.0,11.0,-999.0
1990-03-11,-2.95,990.3375,31.125,10.5,-999.0
1990-03-12,-2.9875,987.625,24.375,10.25,-999.0
1990-03-13,-3.3625,986.825,15.25,10.25,-999.0
1990-03-14,-6.2625,990.5625,4.875,4.875,-999.0
1990-03-15,-6.775,983.7,17.25,10.25,-999.0
1990-03-16,-8.475,977.125,4.0,7.875,-999.0
1990-03-17,-9.0875,977.2,10.75,12.625,-999.0
1990-03-18,-8.425,984.3625,18.25,11.625,-999.0
1990-03-19,-9.125,984.95,23.0,14.875,-999.0
1990-03-20,-10.65,987.9125,18.0,14.5,-999.0
1990-03-21,-14.4625,994.75,1.875,4.25,-999.0
1990-03-22,-15.0375,997.975,1.25,2.25,-999.0
1990-03-23,-12.9625,986.825,7.25,7.0,-999.0
1990-03-24,-9.825,981.875,17.25,19.5,-999.0
1990-03-25,-10.2,983.9,19.5,18.25,-999.0
1990-03-26,-9.7125,982.65,23.125,16.0,-999.0
1990-03-27,-5.5,962.5375,30.125,15.75,-999.0
1990-03-28,-3.2875,970.1625,24.625,14.0,-999.0
1990-03-29,-6.225,986.9375,23.875,14.375,-999.0
1990-03-30,-8.5875,981.95,32.0,17.25,-999.0
1990-03-31,-9.2875,985.2375,32.0,16.25,-999.0
1990-04-01,-6.3,990.8625,26.375,16.25,-999.0
1990-04-02,-7.5875,991.4,7.375,6.5,-999.0
1990-04-03,-13.625,989.55,10.125,8.125,-999.0
1990-04-04,-13.1875,987.9875,24.75,14.875,-999.0
1990-04-05,-8.1125,990.0375,28.75,17.25,-999.0
1990-04-06,-12.0125,988.35,10.625,14.75,-999.0
1990-04-07,-9.7625,986.875,22.25,16.125,-999.0
1990-04-08,-9.5625,986.5375,16.5,15.5,-999.0
1990-04-09,-5.1875,995.7875,20.25,16.25,-999.0
1990-04-10,-6.85,997.15,17.125,14.375,-999.0
1990-04-11,-8.475,997.8125,11.125,16.125,-999.0
1990-04-12,-9.225,994.1625,14.5,16.25,-999.0
1990-04-13,-12.3875,995.975,6.375,5.625,-999.0
1990-04-14,-11.9875,989.3125,25.0,12.5,-999.0
1990-04-15,-11.1125,989.2375,32.125,11.0,-999.0
1990-04-16,-8.1375,986.975,23.375,13.375,-999.0
1990-04-17,-6.45,982.8125,17.5,18.375,-999.0
1990-04-18,-7.4875,986.25,15.0,12.875,-999.0
1990-04-19,-10.35,988.225,18.75,14.75,-999.0
1990-04-20,-10.075,974.7125,33.5,12.125,-999.0
1990-04-21,-8.25,972.225,24.5,12.375,-999.0
1990-04-22,-14.275,980.0125,4.875,12.625,-999.0
1990-04-23,-16.275,995.8125,7.875,11.875,-999.0
1990-04-24,-13.4125,1008.0875,26.0,12.5,-999.0
1990-04-25,-8.7,1014.6625,24.75,11.0,-999.0
1990-04-26,-10.925,1011.55,11.625,14.75,-999.0
1990-04-27,-11.875,1012.0625,22.5,14.5,-999.0
1990-04-28,-17.8875,1024.325,0.0,0.0,-999.0
1990-04-29,-7.575,1027.5625,25.25,11.0,-999.0
1990-04-30,-5.525,1019.6125,27.875,15.25,-999.0
1990-05-01,-6.5,1016.7125,28.0,14.0,-999.0
1990-05-02,-5.65,1012.0125,31.75,13.625,-999.0
1990-05-03,-3.9625,1005.8875,35.0,14.0,-999.0
1990-05-04,-4.625,1008.85,30.625,14.0,-999.0
1990-05-05,-5.55,1009.7,27.5,12.875,-999.0
1990-05-06,-5.6625,1005.725,28.75,12.25,-999.0
1990-05-07,-7.9375,1004.075,26.125,10.5,-999.0
1990-05-08,-5.5625,1004.85,25.0,13.125,-999.0
1990-05-09,-3.975,1007.325,27.25,11.875,-999.0
1990-05-10,-6.95,1009.5875,21.875,11.125,-999.0
1990-05-11,-7.1625,1006.8375,15.0,9.375,-999.0
1990-05-12,-8.3125,1004.6125,21.25,10.75,-999.0
1990-05-13,-12.6125,994.925,1.875,2.75,-999.0
1990-05-14,-16.0375,982.1625,12.0,12.0,-999.0
1990-05-15,-15.95,986.375,23.25,13.0,-999.0
1990-05-16,-9.55,986.4,27.75,14.875,-999.0
1990-05-17,-14.125,985.5125,18.75,13.75,-999.0
1990-05-18,-13.8375,986.775,17.125,12.25,-999.0
1990-05-19,-13.3125,990.875,14.625,12.25,-999.0
1990-05-20,-12.225,993.8125,26.875,15.0,-999.0
1990-05-21,-13.425,999.8875,12.625,17.0,-999.0
1990-05-22,-19.0125,987.025,0.5,3.625,-999.0
1990-05-23,-24.7125,984.8,1.5,3.625,-999.0
1990-05-24,-23.7,990.175,9.5,12.125,-999.0
1990-05-25,-19.4125,981.5625,23.75,17.5,-999.0
1990-05-26,-15.575,979.15,28.625,18.0,-999.0
1990-05-27,-15.45,982.9375,27.125,17.75,-999.0
1990-05-28,-12.75,988.75,12.125,12.5,-999.0
1990-05-29,-16.525,991.4875,18.875,13.75,-999.0
1990-05-30,-22.0875,994.4,4.125,7.0,-999.0
1990-05-31,-20.175,990.8125,10.125,29.25,-999.0
1990-06-01,-20.2625,986.525,25.125,15.75,-999.0
1990-06-02,-21.325,986.825,6.5,3.5,-999.0
1990-06-03,-7.475,989.4625,30.5,14.75,-999.0
1990-06-04,-11.3875,985.3,25.75,15.5,-999.0
1990-06-05,-10.15,985.075,33.875,14.0,-999.0
1990-06-06,-8.3875,990.475,35.375,14.0,-999.0
1990-06-07,-10.4125,997.3,26.75,16.0,-999.0
1990-06-08,-13.7625,994.05,21.375,15.75,-999.0
1990-06-09,-13.875,992.8375,19.625,17.5,-999.0
1990-06-10,-13.3,991.5625,18.25,16.5,-999.0
1990-06-11,-12.2375,994.3,19.625,14.0,-999.0
1990-06-12,-12.6875,994.2625,16.5,11.0,-999.0
1990-06-13,-17.8625,987.7625,8.25,10.375,-999.0
1990-06-14,-19.85,988.575,16.625,10.75,-999.0
1990-06-15,-18.675,1002.475,10.0,13.0,-999.0
1990-06-16,-17.775,1003.8375,4.0,11.0,-999.0
1990-06-17,-20.3625,992.05,12.375,12.625,-999.0
1990-06-18,-19.6125,985.2625,23.375,15.125,-999.0
1990-06-19,-15.3125,994.3375,25.75,17.75,-999.0
1990-06-20,-17.5,1006.675,13.25,15.0,-999.0
1990-06-21,-14.9875,998.9,18.25,12.625,-999.0
1990-06-22,-14.6875,989.6625,23.375,14.0,-999.0
1990-06-23,-20.6625,992.55,9.75,12.875,-999.0
1990-06-24,-23.0125,997.225,17.5,18.375,-999.0
1990-06-25,-20.2125,996.95,23.875,18.0,-999.0
1990-06-26,-23.775,1000.6,7.875,11.25,-999.0
1990-06-27,-21.775,1002.45,3.625,7.125,-999.0
1990-06-28,-17.5125,1007.9,4.875,9.625,-999.0
1990-06-29,-13.925,997.625,15.5,9.875,-999.0
1990-06-30,-15.75,993.7125,16.5,12.875,-999.0
1990-07-01,-15.2375,991.375,34.125,13.625,-999.0
1990-07-02,-11.5,982.275,32.75,16.25,-999.0
1990-07-03,-10.575,981.6,25.375,16.25,-999.0
1990-07-04,-8.3,993.5375,33.375,15.125,-999.0
1990-07-05,-5.3875,976.375,35.625,16.5,-999.0
1990-07-06,-6.1375,982.5125,31.875,14.0,-999.0
1990-07-07,-6.975,985.6375,33.625,15.5,-999.0
1990-07-08,-6.5,985.0,35.0,14.0,-999.0
1990-07-09,-6.925,983.1375,35.375,14.0,-999.0
1990-07-10,-4.875,974.15,44.625,14.0,-999.0
1990-07-11,-7.6125,981.0875,31.25,12.125,-999.0
1990-07-12,-8.6,1008.4125,29.875,16.0,-999.0
1990-07-13,-12.9125,1005.0125,23.625,16.75,-999.0
1990-07-14,-13.15,988.5125,26.25,18.125,-999.0
1990-07-15,-10.9375,995.9125,34.375,13.625,-999.0
1990-07-16,-4.6625,987.125,30.75,13.125,-999.0
1990-07-17,-5.0625,986.125,24.625,11.75,-999.0
1990-07-18,-5.0875,986.9125,27.875,13.625,-999.0
1990-07-19,-5.15,988.5125,30.125,13.625,-999.0
1990-07-20,-9.325,999.5625,9.625,9.5,-999.0
1990-07-21,-17.4875,1008.475,2.875,6.375,-999.0
1990-07-22,-16.5875,1000.0125,12.75,9.625,-999.0
1990-07-23,-12.1625,989.1875,31.125,12.5,-999.0
1990-07-24,-12.5,987.2875,26.625,10.25,-999.0
1990-07-25,-10.45,986.6625,19.125,10.25,-999.0
1990-07-26,-11.925,985.2875,11.5,11.25,-999.0
1990-07-27,-18.2875,987.65,6.125,10.25,-999.0
1990-07-28,-17.5625,990.975,14.75,12.875,-999.0
1990-07-29,-12.15,979.225,24.125,18.0,-999.0
1990-07-30,-7.7375,956.2875,29.625,18.5,-999.0
1990-07-31,-10.0125,963.1375,28.0,15.0,-999.0
1990-08-01,-11.525,970.0875,30.75,18.0,-999.0
1990-08-02,-11.7125,981.65,25.25,14.75,-999.0
1990-08-03,-12.8125,983.8875,18.625,14.5,-999.0
1990-08-04,-17.4375,977.8625,15.125,17.75,-999.0
1990-08-05,-23.225,988.7375,12.875,12.625,-999.0
1990-08-06,-21.8125,986.1375,19.125,16.5,-999.0
1990-08-07,-22.925,980.9,3.0,5.375,-999.0
1990-08-08,-19.6375,986.6125,17.75,18.0,-999.0
1990-08-09,-18.725,980.9,14.75,17.75,-999.0
1990-08-10,-22.3375,971.35,13.75,17.125,-999.0
1990-08-11,-24.7,968.775,10.875,11.5,-999.0
1990-08-12,-21.825,990.225,14.5,15.25,-999.0
1990-08-13,-25.4125,998.175,0.0,0.0,-999.0
1990-08-14,-23.375,990.1125,1.875,5.375,-999.0
1990-08-15,-22.7625,976.7,6.875,10.375,-999.0
1990-08-16,-18.2625,975.9375,22.125,17.125,-999.0
1990-08-17,-21.4,991.8375,12.875,18.625,-999.0
1990-08-18,-28.5125,991.85,2.375,5.625,-999.0
1990-08-19,-24.7125,986.8625,1.875,6.5,-999.0
1990-08-20,-18.9625,983.9875,9.75,14.5,-999.0
1990-08-21,-20.325,993.2625,3.75,8.625,-999.0
1990-08-22,-15.075,977.5875,16.125,14.375,-999.0
1990-08-23,-22.4375,976.6375,1.5,2.0,-999.0
1990-08-24,-25.5625,987.525,0.375,3.375,-999.0
1990-08-25,-25.0,989.725,5.125,7.75,-999.0
1990-08-26,-22.7875,990.0375,18.25,19.125,-999.0
1990-08-27,-17.15,990.8125,13.5,14.625,-999.0
1990-08-28,-17.5,996.875,8.25,8.875,-999.0
1990-08-29,-20.0,997.5,4.0,9.625,-999.0
1990-08-30,-20.6625,1001.25,8.0,11.25,-999.0
1990-08-31,-16.5125,998.8375,21.625,16.0,-999.0
1990-09-01,-18.175,997.8875,13.625,12.0,-999.0
1990-09-02,-18.9875,989.75,15.375,12.875,-999.0
1990-09-03,-23.05,989.3875,8.25,10.125,-999.0
1990-09-04,-25.175,985.1375,8.125,9.125,-999.0
1990-09-05,-28.6625,981.425,2.0,1.75,-999.0
1990-09-06,-24.9,979.3875,11.75,8.0,-999.0
1990-09-07,-24.95,977.3,10.75,13.875,-999.0
1990-09-08,-25.2625,968.0125,23.625,15.25,-999.0
1990-09-09,-21.6,982.125,10.125,10.625,-999.0
1990-09-10,-19.2125,978.2125,5.625,3.5,-999.0
1990-09-11,-17.375,985.725,3.25,5.375,-999.0
1990-09-12,-19.1125,988.125,0.625,3.125,-999.0
1990-09-13,-17.75,985.9375,7.0,6.125,-999.0
1990-09-14,-15.225,984.9875,13.125,16.875,-999.0
1990-09-15,-18.275,963.6,15.125,12.125,-999.0
1990-09-16,-19.075,970.175,20.75,13.375,-999.0
1990-09-17,-18.125,985.4125,14.25,13.25,-999.0
1990-09-18,-20.8375,987.0,9.625,9.75,-999.0
1990-09-19,-18.7625,977.55,18.25,12.25,-999.0
1990-09-20,-17.7,977.85,25.125,13.125,-999.0
1990-09-21,-15.0625,968.9,20.5,14.5,-999.0
1990-09-22,-13.5375,960.7375,18.125,15.75,-999.0
1990-09-23,-11.9625,976.025,20.625,15.25,-999.0
1990-09-24,-15.825,983.425,19.0,17.5,-999.0
1990-09-25,-14.6,982.7875,18.125,15.25,-999.0
1990-09-26,-14.875,979.7375,11.125,8.625,-999.0
1990-09-27,-19.1,981.775,7.75,15.875,-999.0
1990-09-28,-20.5625,983.2625,6.5,13.125,-999.0
1990-09-29,-19.375,984.275,21.625,15.75,-999.0
1990-09-30,-17.85,976.9875,18.5,11.875,-999.0
1990-10-01,-19.4625,968.9,11.375,11.25,-999.0
1990-10-02,-14.7125,976.8625,20.625,16.25,-999.0
1990-10-03,-13.7,985.025,18.25,15.5,-999.0
1990-10-04,-11.0375,985.475,22.375,12.25,-999.0
1990-10-05,-11.275,983.2875,14.125,14.625,-999.0
1990-10-06,-10.75,985.2875,20.625,15.125,-999.0
1990-10-07,-9.85,985.025,19.5,13.125,-999.0
1990-10-08,-7.55,981.35,18.125,14.875,-999.0
1990-10-09,-6.825,984.6,21.625,17.25,-999.0
1990-10-10,-7.425,988.4625,26.25,15.0,-999.0
1990-10-11,-7.125,983.65,26.5,12.875,-999.0
1990-10-12,-11.9125,977.4625,40.125,13.25,-999.0
1990-10-13,-6.85,991.375,37.0,13.25,-999.0
1990-10-14,-2.3625,1003.1,16.25,13.875,-999.0
1990-10-15,-4.475,1000.175,25.125,13.875,-999.0
1990-10-16,-9.6875,1008.5625,21.625,12.25,-999.0
1990-10-17,-8.975,1005.8125,9.5,13.125,-999.0
1990-10-18,-9.8375,989.0125,25.875,13.25,-999.0
1990-10-19,-8.7,980.75,37.625,14.0,-999.0
1990-10-20,-5.2625,971.275,27.625,14.0,-999.0
1990-10-21,-7.7375,968.175,23.75,12.875,-999.0
1990-10-22,-7.925,972.375,14.125,13.375,-999.0
1990-10-23,-10.15,975.0375,8.5,21.625,-999.0
1990-10-24,-12.8875,982.3375,0.625,1.375,-999.0
1990-10-25,-12.025,987.35,8.75,4.875,-999.0
1990-10-26,-7.85,980.5375,22.125,11.375,-999.0
1990-10-27,-6.7375,990.2125,29.875,13.25,-999.0
1990-10-28,-5.5375,985.45,18.875,9.25,-999.0
1990-10-29,-6.625,980.1625,14.5,8.75,-999.0
1990-10-30,-9.1375,987.5125,9.875,9.25,-999.0
1990-10-31,-12.1625,988.25,4.375,13.5,-999.0
1990-11-01,-11.575,989.275,6.875,7.25,-999.0
1990-11-02,-12.4375,991.4375,5.5,6.25,-999.0
1990-11-03,-12.1125,987.4625,3.125,8.75,-999.0
1990-11-04,-10.25,987.0125,12.875,13.375,-999.0
1990-11-05,-10.125,987.3,7.0,20.0,-999.0
1990-11-06,-7.9875,985.4875,16.375,12.75,-999.0
1990-11-07,-7.8,985.5125,17.25,14.875,-999.0
1990-11-08,-7.6875,985.5875,17.0,10.625,-999.0
1990-11-09,-6.6875,987.525,23.375,14.375,-999.0
1990-11-10,-5.325,980.7875,25.75,17.25,-999.0
1990-11-11,-3.7375,980.425,19.75,17.25,-999.0
1990-11-12,-3.7375,987.9125,17.375,16.625,-999.0
1990-11-13,-6.5625,986.2875,4.125,6.5,-999.0
1990-11-14,-3.125,985.275,10.375,17.75,-999.0
1990-11-15,-3.925,980.05,21.5,14.75,-999.0
1990-11-16,-3.7125,982.125,18.0,22.25,-999.0
1990-11-17,-3.175,995.3625,13.5,20.0,-999.0
1990-11-18,-1.125,1016.725,8.25,8.125,-999.0
1990-11-19,-0.3,1018.2125,8.875,7.625,-999.0
1990-11-20,1.7,1013.5625,11.875,11.75,-999.0
1990-11-21,2.6625,1000.375,19.625,10.875,-999.0
1990-11-22,1.4375,991.925,19.875,11.875,-999.0
1990-11-23,-0.125,986.45,24.5,11.75,-999.0
1990-11-24,-2.0,984.1875,28.0,13.25,-999.0
1990-11-25,-0.45,983.775,20.375,9.75,-999.0
1990-11-26,-1.425,979.5625,27.375,11.0,-999.0
1990-11-27,-0.6,973.7125,30.25,14.0,-999.0
1990-11-28,-0.525,975.3625,29.5,14.0,-999.0
1990-11-29,-0.6375,979.025,21.75,13.125,-999.0
1990-11-30,-1.75,985.2625,9.75,17.25,-999.0
1990-12-01,-0.5625,986.5875,7.5,20.125,-999.0
1990-12-02,-1.9125,976.475,21.625,13.25,-999.0
1990-12-03,-0.975,969.525,12.5,14.0,-999.0
1990-12-04,1.5,978.6625,4.875,20.25,-999.0
1990-12-05,-0.225,973.9625,21.125,11.375,-999.0
1990-12-06,-0.7875,973.975,24.875,10.75,-999.0
1990-12-07,-1.275,980.3875,19.0,10.25,-999.0
1990-12-08,-0.175,974.175,7.625,16.25,-999.0
1990-12-09,-1.275,971.6125,11.5,7.875,-999.0
1990-12-10,-0.4875,989.4125,16.0,17.875,-999.0
1990-12-11,0.5625,986.3625,2.75,4.875,-999.0
1990-12-12,0.85,993.3375,8.0,13.25,-999.0
1990-12-13,3.625,996.275,18.625,17.25,-999.0
1990-12-14,5.2,988.425,19.125,16.25,-999.0
1990-12-15,4.9375,991.575,10.625,8.875,-999.0
1990-12-16,4.025,994.1375,8.0,7.75,-999.0
1990-12-17,3.425,991.375,12.375,12.375,-999.0
1990-12-18,0.975,992.575,13.25,11.25,-999.0
1990-12-19,-1.275,993.3875,4.25,16.875,-999.0
1990-12-20,-0.2125,995.4,1.875,2.375,-999.0
1990-12-21,1.85,990.4625,7.25,9.875,-999.0
1990-12-22,1.0875,988.925,14.875,13.625,-999.0
1990-12-23,0.0875,989.2375,19.5,14.25,-999.0
1990-12-24,1.7875,990.725,20.25,12.875,-999.0
1990-12-25,2.0,998.1375,13.625,11.75,-999.0
1990-12-26,1.3625,996.2625,6.0,13.875,-999.0
1990-12-27,1.6,991.35,11.5,13.875,-999.0
1990-12-28,2.55,997.15,12.375,21.25,-999.0
1990-12-29,-0.1125,1000.9625,6.75,17.5,-999.0
1990-12-30,0.5,994.175,1.875,13.25,-999.0
1990-12-31,3.0125,988.1125,8.25,8.875,-999.0
1991-01-01,2.6,986.65,18.5,12.875,-999.0
1991-01-02,1.9875,982.8,23.625,12.875,-999.0
1991-01-03,2.8125,978.0375,13.5,11.0,-999.0
1991-01-04,3.825,976.625,19.75,13.0,-999.0
1991-01-05,-0.25,982.2875,2.125,16.375,-999.0
1991-01-06,0.1625,979.1625,2.625,4.875,-999.0
1991-01-07,0.2375,983.225,3.75,9.25,-999.0
1991-01-08,0.775,987.65,7.625,15.625,-999.0
1991-01-09,1.1125,987.3125,1.375,7.125,-999.0
1991-01-10,-0.175,985.95,2.875,13.625,-999.0
1991-01-11,-3.025,984.1375,6.125,14.75,-999.0
1991-01-12,-0.85,983.2625,2.125,3.375,-999.0
1991-01-13,0.2,987.225,13.0,14.875,-999.0
1991-01-14,-0.225,980.3,18.75,13.25,-999.0
1991-01-15,-0.6375,972.775,24.5,12.25,-999.0
1991-01-16,0.4,971.1875,28.25,14.0,-999.0
1991-01-17,3.375,967.4875,18.625,13.5,-999.0
1991-01-18,4.8,966.7125,28.5,14.0,-999.0
1991-01-19,5.125,981.1,16.625,13.5,-999.0
1991-01-20,3.975,977.4625,11.875,12.375,-999.0
1991-01-21,2.6625,977.5375,17.5,11.875,-999.0
1991-01-22,1.2875,981.35,15.125,13.625,-999.0
1991-01-23,0.2375,980.9875,11.375,15.0,-999.0
1991-01-24,-0.55,991.5875,10.25,10.875,-999.0
1991-01-25,-1.9125,991.3,10.25,11.875,-999.0
1991-01-26,-1.975,986.725,21.0,13.125,-999.0
1991-01-27,-0.7,986.575,19.375,13.0,-999.0
1991-01-28,-0.95,986.3125,23.75,13.75,-999.0
1991-01-29,0.3375,979.7,20.25,16.5,-999.0
1991-01-30,1.0375,981.5,21.0,12.125,-999.0
1991-01-31,2.125,990.8625,23.125,11.875,-999.0
1991-02-01,0.0875,989.7875,17.875,12.25,-999.0
1991-02-02,-1.05,991.9875,13.625,11.625,-999.0
1991-02-03,-0.1375,998.275,16.375,11.375,-999.0
1991-02-04,3.2875,992.075,30.75,11.75,-999.0
1991-02-05,3.8125,987.4625,23.25,13.5,-999.0
1991-02-06,1.6,987.9,28.0,15.0,-999.0
1991-02-07,1.825,997.1125,21.75,13.875,-999.0
1991-02-08,-1.7125,990.7625,13.625,14.125,-999.0
1991-02-09,-3.925,986.6125,15.75,12.375,-999.0
1991-02-10,-2.5625,990.95,16.125,12.25,-999.0
1991-02-11,-2.0125,995.4875,12.0,12.625,-999.0
1991-02-12,-2.125,994.075,12.75,11.75,-999.0
1991-02-13,-2.2375,993.8125,16.0,11.125,-999.0
1991-02-14,-2.95,986.9125,15.625,18.375,-999.0
1991-02-15,-2.0125,985.7625,15.0,12.125,-999.0
1991-02-16,-1.45,986.125,12.5,10.5,-999.0
1991-02-17,-1.9875,989.2,21.75,12.0,-999.0
1991-02-18,-0.95,979.9,36.625,11.75,-999.0
1991-02-19,2.0625,988.325,37.25,11.75,-999.0
1991-02-20,3.6,986.1875,22.75,10.625,-999.0
1991-02-21,1.0625,982.1625,24.875,11.375,-999.0
1991-02-22,-2.4625,990.4625,22.5,12.125,-999.0
1991-02-23,-3.525,991.4125,6.0,11.25,-999.0
1991-02-24,-6.15,990.3125,9.125,11.625,-999.0
1991-02-25,-5.1875,988.875,24.375,12.5,-999.0
1991-02-26,-2.6125,978.6625,37.375,13.25,-999.0
1991-02-27,-0.35,968.925,34.5,11.75,-999.0
1991-02-28,0.575,966.3125,31.75,11.375,-999.0
1991-03-01,-1.1125,980.175,19.5,11.375,-999.0
1991-03-02,-1.9125,982.2125,11.0,11.625,-999.0
1991-03-03,-4.3,984.475,8.375,12.0,-999.0
1991-03-04,-5.5375,984.9875,11.0,12.625,-999.0
1991-03-05,-6.35,983.25,11.5,16.375,-999.0
1991-03-06,-7.6,982.075,16.0,14.25,-999.0
1991-03-07,-7.4125,982.575,14.0,12.75,-999.0
1991-03-08,-7.45,981.0,13.125,13.25,-999.0
1991-03-09,-10.2125,980.3,3.625,15.0,-999.0
1991-03-10,-10.6875,981.35,21.375,15.0,-999.0
1991-03-11,-7.4125,977.925,29.375,14.25,-999.0
1991-03-12,-6.1,974.675,25.375,15.0,-999.0
1991-03-13,-6.9625,975.8125,26.25,17.25,-999.0
1991-03-14,-7.3,970.375,13.5,11.25,-999.0
1991-03-15,-2.925,972.65,18.625,13.375,-999.0
1991-03-16,-4.4125,980.5375,10.875,9.5,-999.0
1991-03-17,-9.2,978.85,21.625,17.25,-999.0
1991-03-18,-7.5625,982.0375,17.25,14.625,-999.0
1991-03-19,-7.0125,982.825,15.75,14.875,-999.0
1991-03-20,-12.2,978.5125,2.125,4.5,-999.0
1991-03-21,-11.525,986.325,7.625,15.0,-999.0
1991-03-22,-11.425,995.725,3.875,16.375,-999.0
1991-03-23,-16.675,980.7375,10.0,13.0,-999.0
1991-03-24,-13.5875,980.925,28.75,16.0,-999.0
1991-03-25,-5.8125,968.175,48.375,14.0,-999.0
1991-03-26,-1.8375,964.425,40.375,13.25,-999.0
1991-03-27,-2.5125,980.5625,27.125,11.0,-999.0
1991-03-28,-3.775,985.7875,18.375,13.375,-999.0
1991-03-29,-7.9125,986.9125,13.25,16.75,-999.0
1991-03-30,-9.575,989.475,11.125,11.375,-999.0
1991-03-31,-7.5875,983.875,28.0,14.25,-999.0
1991-04-01,-6.475,984.575,28.375,14.25,-999.0
1991-04-02,-7.5125,984.85,15.0,27.375,-999.0
1991-04-03,-9.1625,985.4,21.375,17.0,-999.0
1991-04-04,-11.0375,988.8625,22.875,17.0,-999.0
1991-04-05,-11.575,991.4125,18.375,15.75,-999.0
1991-04-06,-15.0125,991.7625,8.125,12.5,-999.0
1991-04-07,-15.3125,995.2625,19.625,15.75,-999.0
1991-04-08,-13.175,996.2,17.5,15.75,-999.0
1991-04-09,-17.2,986.9375,1.5,2.25,-999.0
1991-04-10,-12.8125,980.25,15.5,11.25,-999.0
1991-04-11,-7.7625,992.0875,35.375,14.75,-999.0
1991-04-12,-6.1875,996.5625,25.375,15.25,-999.0
1991-04-13,-9.25,988.6625,14.75,14.75,-999.0
1991-04-14,-12.675,984.625,10.5,13.25,-999.0
1991-04-15,-9.85,981.05,19.25,13.5,-999.0
1991-04-16,-8.925,983.7625,15.125,12.25,-999.0
1991-04-17,-11.4625,978.6375,11.25,13.25,-999.0
1991-04-18,-11.7375,977.0125,16.75,14.375,-999.0
1991-04-19,-11.575,983.7375,21.375,17.5,-999.0
1991-04-20,-7.8875,985.6,8.25,9.75,-999.0
1991-04-21,-10.4125,985.8,7.625,11.125,-999.0
1991-04-22,-12.625,985.325,24.125,16.0,-999.0
1991-04-23,-11.325,995.2625,16.625,24.875,-999.0
1991-04-24,-18.0,989.8375,1.25,2.5,-999.0
1991-04-25,-17.8375,985.8125,13.25,8.25,-999.0
1991-04-26,-16.425,994.5875,11.5,11.0,-999.0
1991-04-27,-18.0625,1000.85,0.0,0.0,-999.0
1991-04-28,-12.4875,993.725,6.75,8.125,-999.0
1991-04-29,-16.575,986.875,2.75,16.0,-999.0
1991-04-30,-11.7375,992.0125,25.0,29.25,-999.0
1991-05-01,-11.1625,992.4875,29.0,17.75,-999.0
1991-05-02,-13.9,990.0125,21.75,16.125,-999.0
1991-05-03,-17.6875,990.4125,14.625,12.625,-999.0
1991-05-04,-15.725,984.2625,18.5,15.0,-999.0
1991-05-05,-15.425,978.6375,19.625,17.5,-999.0
1991-05-06,-15.6875,980.8125,22.875,15.75,-999.0
1991-05-07,-16.675,986.8875,10.375,12.125,-999.0
1991-05-08,-16.5,988.45,22.375,18.0,-999.0
1991-05-09,-17.1375,993.225,22.625,17.25,-999.0
1991-05-10,-15.45,992.4,16.875,13.25,-999.0
1991-05-11,-18.0625,988.2875,20.25,14.0,-999.0
1991-05-12,-14.1375,978.0125,40.5,16.0,-999.0
1991-05-13,-10.0125,975.6875,37.75,14.0,-999.0
1991-05-14,-11.775,974.6625,34.75,14.0,-999.0
1991-05-15,-11.4875,970.4375,28.625,14.25,-999.0
1991-05-16,-15.2125,975.1375,15.25,15.25,-999.0
1991-05-17,-16.5875,980.8,12.5,11.25,-999.0
1991-05-18,-17.95,985.7375,0.0,0.0,-999.0
1991-05-19,-16.3,983.85,7.75,10.5,-999.0
1991-05-20,-17.5625,984.6875,8.25,9.0,-999.0
1991-05-21,-10.5875,987.1875,26.25,14.0,-999.0
1991-05-22,-6.1375,994.15,38.125,14.0,-999.0
1991-05-23,-2.875,998.675,27.625,13.25,-999.0
1991-05-24,-5.3375,998.6,13.625,13.0,-999.0
1991-05-25,-6.1,993.8875,23.0,14.625,-999.0
1991-05-26,-10.7,987.075,28.875,14.25,-999.0
1991-05-27,-9.25,981.175,32.5,13.625,-999.0
1991-05-28,-7.5,970.0,41.5,14.0,-999.0
1991-05-29,-6.975,978.375,28.5,14.0,-999.0
1991-05-30,-7.75,991.3,20.75,13.875,-999.0
1991-05-31,-8.6625,981.6375,25.5,16.5,-999.0
1991-06-01,-8.3875,970.775,25.875,14.0,-999.0
1991-06-02,-6.7375,977.775,19.375,14.0,-999.0
1991-06-03,-8.075,993.15,27.5,14.75,-999.0
1991-06-04,-10.8,993.975,20.0,13.375,-999.0
1991-06-05,-4.7,974.3,44.125,13.625,-999.0
1991-06-06,-5.6,979.975,40.0,14.0,-999.0
1991-06-07,-7.025,991.5375,28.0,13.25,-999.0
1991-06-08,-12.2125,988.3375,20.125,11.5,-999.0
1991-06-09,-14.25,985.8875,28.25,12.5,-999.0
1991-06-10,-11.0875,989.9125,19.625,12.875,-999.0
1991-06-11,-14.5,995.25,9.875,12.125,-999.0
1991-06-12,-17.6875,1002.625,18.875,18.25,-999.0
1991-06-13,-13.75,1007.1375,19.0,12.125,-999.0
1991-06-14,-12.5125,996.95,34.0,12.125,-999.0
1991-06-15,-15.025,1008.8625,10.25,12.75,-999.0
1991-06-16,-17.2,1002.4875,9.375,12.5,-999.0
1991-06-17,-14.5625,991.6625,20.75,11.75,-999.0
1991-06-18,-13.975,990.3375,16.125,11.875,-999.0
1991-06-19,-14.05,986.9125,27.75,13.125,-999.0
1991-06-20,-11.65,978.9375,24.75,15.75,-999.0
1991-06-21,-17.1875,980.8,17.75,17.0,-999.0
1991-06-22,-17.2875,991.5375,24.625,17.5,-999.0
1991-06-23,-16.85,1003.3625,20.125,16.75,-999.0
1991-06-24,-22.6125,989.275,2.0,3.125,-999.0
1991-06-25,-22.225,981.1625,0.0,0.0,-999.0
1991-06-26,-12.2875,987.8125,29.375,11.875,-999.0
1991-06-27,-8.8,983.7875,31.75,12.5,-999.0
1991-06-28,-8.7625,986.6,14.875,11.625,-999.0
1991-06-29,-12.725,992.2125,8.875,17.125,-999.0
1991-06-30,-12.775,993.725,20.625,13.875,-999.0
1991-07-01,-13.025,981.625,15.125,14.25,-999.0
1991-07-02,-13.2875,978.8875,19.25,17.75,-999.0
1991-07-03,-10.8125,992.0375,17.625,13.625,-999.0
1991-07-04,-10.3375,990.8625,23.0,14.875,-999.0
1991-07-05,-12.275,982.025,33.625,12.125,-999.0
1991-07-06,-9.8875,971.8375,39.0,13.5,-999.0
1991-07-07,-9.125,964.675,31.5,13.125,-999.0
1991-07-08,-11.775,988.0,28.125,13.25,-999.0
1991-07-09,-9.0125,991.5875,44.25,13.625,-999.0
1991-07-10,-8.2625,991.75,23.375,11.0,-999.0
1991-07-11,-7.15,985.6375,34.75,11.375,-999.0
1991-07-12,-9.275,971.2875,22.5,10.375,-999.0
1991-07-13,-15.875,969.875,24.625,11.0,-999.0
1991-07-14,-10.8625,982.5875,23.125,13.625,-999.0
1991-07-15,-11.0875,989.0125,21.25,10.75,-999.0
1991-07-16,-11.4875,992.5625,29.375,11.0,-999.0
1991-07-17,-10.55,992.8,22.5,11.0,-999.0
1991-07-18,-14.2,993.3125,19.5,13.125,-999.0
1991-07-19,-14.6125,994.7875,27.25,15.75,-999.0
1991-07-20,-15.225,996.7625,8.375,15.625,-999.0
1991-07-21,-19.5875,994.8625,11.5,14.625,-999.0
1991-07-22,-17.15,993.0125,23.0,11.375,-999.0
1991-07-23,-18.475,1000.175,13.125,9.375,-999.0
1991-07-24,-20.8125,995.225,15.25,16.25,-999.0
1991-07-25,-19.075,988.375,8.5,8.0,-999.0
1991-07-26,-23.8625,992.175,0.0,0.0,-999.0
1991-07-27,-16.4625,991.1625,16.875,10.5,-999.0
1991-07-28,-16.7875,987.55,15.5,14.875,-999.0
1991-07-29,-17.7125,988.275,24.875,15.25,-999.0
1991-07-30,-19.05,994.9375,22.125,15.875,-999.0
1991-07-31,-23.0,984.55,5.0,7.5,-999.0
1991-08-01,-20.175,988.3125,11.125,11.625,-999.0
1991-08-02,-26.175,990.65,0.0,0.0,-999.0
1991-08-03,-18.9875,989.6125,9.375,6.0,-999.0
1991-08-04,-11.4,979.3625,26.25,15.5,-999.0
1991-08-05,-11.175,972.975,27.25,15.75,-999.0
1991-08-06,-7.775,972.025,34.625,14.5,-999.0
1991-08-07,-10.8125,982.4375,15.0,11.25,-999.0
1991-08-08,-7.575,978.4875,27.0,15.5,-999.0
1991-08-09,-14.4625,979.4375,12.25,24.0,-999.0
1991-08-10,-19.9375,986.45,4.5,21.0,-999.0
1991-08-11,-21.2875,989.2375,5.625,7.875,-999.0
1991-08-12,-22.6375,991.575,0.625,3.375,-999.0
1991-08-13,-18.6125,990.075,12.375,10.625,-999.0
1991-08-14,-18.75,991.95,13.625,11.125,-999.0
1991-08-15,-16.525,987.9375,16.5,17.75,-999.0
1991-08-16,-15.1,967.9875,27.375,17.75,-999.0
1991-08-17,-14.7125,971.7,24.125,16.75,-999.0
1991-08-18,-14.0625,977.4125,19.5,14.5,-999.0
1991-08-19,-16.05,988.2125,18.25,16.5,-999.0
1991-08-20,-139.2375,993.4375,24.0,17.25,-999.0
1991-08-21,-14.6125,984.425,26.25,13.25,-999.0
1991-08-22,-12.85,972.2,38.0,14.0,-999.0
1991-08-23,-9.3625,965.1375,26.125,15.75,-999.0
1991-08-24,-10.425,978.1375,32.25,13.625,-999.0
1991-08-25,-15.825,982.3875,8.0,11.75,-999.0
1991-08-26,-21.1625,977.6125,10.125,6.875,-999.0
1991-08-27,-20.225,989.0375,14.625,16.0,-999.0
1991-08-28,-24.3,986.6875,2.875,4.75,-999.0
1991-08-29,-23.6875,981.5125,4.625,7.5,-999.0
1991-08-30,-20.725,986.3875,13.0,12.0,-999.0
1991-08-31,-18.55,974.425,18.0,15.75,-999.0
1991-09-01,-16.275,971.4625,15.75,16.0,-999.0
1991-09-02,-18.2875,986.1875,11.375,14.75,-999.0
1991-09-03,-16.475,991.375,18.0,16.5,-999.0
1991-09-04,-16.9,989.15,13.5,12.25,-999.0
1991-09-05,-20.525,994.4625,15.125,11.75,-999.0
1991-09-06,-16.95,994.5375,22.5,14.5,-999.0
1991-09-07,-16.4875,983.525,29.875,17.25,-999.0
1991-09-08,-18.7625,972.7625,19.0,16.875,-999.0
1991-09-09,-16.25,980.1125,23.0,13.375,-999.0
1991-09-10,-17.8875,983.775,19.375,12.5,-999.0
1991-09-11,-22.55,986.125,5.875,18.25,-999.0
1991-09-12,-24.8625,985.225,1.25,2.25,-999.0
1991-09-13,-21.5125,986.6125,0.0,0.0,-999.0
1991-09-14,-20.0125,988.325,0.875,1.125,-999.0
1991-09-15,-14.7125,1004.45,6.75,43.625,-999.0
1991-09-16,-9.25,1005.25,20.125,25.625,-999.0
1991-09-17,-6.8375,999.025,29.625,15.75,-999.0
1991-09-18,-12.9,998.85,28.5,11.0,-999.0
1991-09-19,-10.175,981.175,46.375,13.75,-999.0
1991-09-20,-10.6,984.9125,32.375,10.75,-999.0
1991-09-21,-9.6375,982.25,30.25,14.375,-999.0
1991-09-22,-11.85,978.0125,13.5,14.375,-999.0
1991-09-23,-16.55,983.3875,23.5,13.375,-999.0
1991-09-24,-12.3875,992.775,30.0,14.0,-999.0
1991-09-25,-7.1125,994.9625,16.375,11.75,-999.0
1991-09-26,-11.1625,996.8375,12.75,13.25,-999.0
1991-09-27,-14.8375,996.025,14.25,11.0,-999.0
1991-09-28,-16.1,990.4375,11.5,11.375,-999.0
1991-09-29,-16.55,984.775,29.25,12.875,-999.0
1991-09-30,-12.6375,973.5875,51.125,14.0,-999.0
1991-10-01,-8.45,969.4875,18.125,18.625,-999.0
1991-10-02,-14.8625,984.775,8.75,18.875,-999.0
1991-10-03,-19.2125,993.7625,0.0,0.0,-999.0
1991-10-04,-9.7625,994.1125,20.125,36.0,-999.0
1991-10-05,-9.9,998.125,11.625,16.375,-999.0
1991-10-06,-12.1875,1005.0875,15.75,13.375,-999.0
1991-10-07,-11.125,1000.975,18.75,12.5,-999.0
1991-10-08,-14.9625,1000.4875,18.125,15.625,-999.0
1991-10-09,-16.35,995.7625,4.25,13.0,-999.0
1991-10-10,-11.75,985.75,29.25,11.5,-999.0
1991-10-11,-6.7875,980.2,32.375,11.375,-999.0
1991-10-12,-6.125,974.5875,23.375,12.5,-999.0
1991-10-13,-7.5125,977.8,11.875,16.0,-999.0
1991-10-14,-13.175,974.8125,3.375,14.375,-999.0
1991-10-15,-14.2,979.8875,5.125,19.125,-999.0
1991-10-16,-15.6875,981.175,7.0,17.25,-999.0
1991-10-17,-15.0875,981.8125,3.5,14.875,-999.0
1991-10-18,-15.9375,977.6125,4.875,17.625,-999.0
1991-10-19,-16.0,980.9375,3.375,13.75,-999.0
1991-10-20,-16.4125,980.1,2.5,10.75,-999.0
1991-10-21,-15.0,971.3375,8.125,20.125,-999.0
1991-10-22,-16.5625,969.4875,6.75,18.875,-999.0
1991-10-23,-15.55,975.3,4.75,18.5,-999.0
1991-10-24,-14.8625,981.1,12.0,10.375,-999.0
1991-10-25,-12.8875,977.175,24.75,11.125,-999.0
1991-10-26,-9.275,971.2625,17.125,17.75,-999.0
1991-10-27,-11.2125,974.1,9.125,13.5,-999.0
1991-10-28,-8.475,972.525,28.0,13.5,-999.0
1991-10-29,-7.5625,967.5625,26.5,13.0,-999.0
1991-10-30,-8.9125,967.7125,12.125,24.625,-999.0
1991-10-31,-9.3,972.075,23.0,13.375,-999.0
1991-11-01,-8.3375,971.725,14.75,19.0,-999.0
1991-11-02,-9.9125,973.7,14.5,15.5,-999.0
1991-11-03,-8.8,982.375,21.875,16.5,-999.0
1991-11-04,-9.7875,984.975,16.625,15.5,-999.0
1991-11-05,-8.9875,989.15,9.75,17.875,-999.0
1991-11-06,-7.8875,994.65,9.375,13.125,-999.0
1991-11-07,-8.35,996.2,9.5,18.625,-999.0
1991-11-08,-8.55,994.3125,13.5,18.125,-999.0
1991-11-09,-8.4875,992.0125,13.25,19.0,-999.0
1991-11-10,-8.6875,995.9375,13.0,18.125,-999.0
1991-11-11,-6.0,993.35,18.0,18.875,-999.0
1991-11-12,-4.525,989.7125,16.625,20.5,-999.0
1991-11-13,-7.325,988.45,13.625,13.375,-999.0
1991-11-14,-5.2125,994.1,21.375,10.625,-999.0
1991-11-15,-4.7625,997.5375,8.5,20.25,-999.0
1991-11-16,-4.175,993.0875,3.875,19.75,-999.0
1991-11-17,-5.1625,993.4125,5.625,17.5,-999.0
1991-11-18,-4.9875,990.05,18.25,9.5,-999.0
1991-11-19,-5.3375,985.9625,26.125,11.5,-999.0
1991-11-20,-3.9,985.6,22.5,11.375,-999.0
1991-11-21,-3.4,983.05,30.25,11.375,-999.0
1991-11-22,-3.8125,977.1625,40.625,11.0,-999.0
1991-11-23,-3.725,984.775,26.5,11.375,-999.0
1991-11-24,-4.5375,988.975,20.625,11.0,-999.0
1991-11-25,-4.8,980.9,23.0,11.0,-999.0
1991-11-26,-3.6625,981.25,28.375,11.75,-999.0
1991-11-27,-2.95,981.6,23.0,11.25,-999.0
1991-11-28,-2.825,983.9375,19.875,11.375,-999.0
1991-11-29,1.225,986.1375,18.5,11.25,-999.0
1991-11-30,2.925,989.7,23.0,12.75,-999.0
1991-12-01,1.725,989.9125,21.75,11.75,-999.0
1991-12-02,-2.78e-17,990.625,13.375,11.75,-999.0
1991-12-03,1.1125,995.35,16.25,11.0,-999.0
1991-12-04,1.125,998.6375,24.625,11.0,-999.0
1991-12-05,-123.2375,746.7875,-109.25,-115.625,-999.0
1991-12-06,2.7,988.3625,27.25,15.0,-999.0
1991-12-07,2.6625,994.1,19.625,12.125,-999.0
1991-12-08,1.9625,993.125,11.0,10.0,-999.0
1991-12-09,1.9375,989.3,21.125,12.875,-999.0
1991-12-10,0.775,991.775,8.125,11.875,-999.0
1991-12-11,1.0625,988.8875,16.75,12.125,-999.0
1991-12-12,0.2875,990.2125,12.875,10.125,-999.0
1991-12-13,0.6375,993.975,11.75,14.125,-999.0
1991-12-14,-0.825,998.3625,5.75,18.375,-999.0
1991-12-15,-0.3375,997.3375,7.5,24.75,-999.0
1991-12-16,-1.3625,1000.675,3.75,5.375,-999.0
1991-12-17,-2.3375,1003.975,6.75,12.0,-999.0
1991-12-18,0.775,998.1875,13.875,9.75,-999.0
1991-12-19,2.9,993.0,30.125,12.5,-999.0
1991-12-20,4.825,994.8375,22.125,12.375,-999.0
1991-12-21,4.9875,997.175,19.5,13.625,-999.0
1991-12-22,5.8,1000.35,19.875,14.375,-999.0
1991-12-23,4.75,1000.2375,23.5,12.25,-999.0
1991-12-24,2.875,998.7875,26.5,12.25,-999.0
1991-12-25,0.975,994.0,20.5,11.0,-999.0
1991-12-26,1.325,995.6625,26.5,11.0,-999.0
1991-12-27,2.275,1008.3875,14.125,11.0,-999.0
1991-12-28,6.0875,999.3625,18.75,13.625,-999.0
1991-12-29,5.3,989.2625,23.75,13.375,-999.0
1991-12-30,4.05,987.3875,15.25,10.0,-999.0
1991-12-31,2.575,989.375,11.375,10.375,-999.0
1992-01-01,0.125,996.875,9.125,11.125,-999.0
1992-01-02,4.3125,993.6125,7.5,10.625,-999.0
1992-01-03,4.5625,998.8,16.25,13.75,-999.0
1992-01-04,4.275,999.8625,20.25,14.5,-999.0
1992-01-05,2.6,994.3125,5.5,13.875,-999.0
1992-01-06,0.3125,993.05,4.0,13.875,-999.0
1992-01-07,0.4875,996.4,9.875,22.5,-999.0
1992-01-08,1.775,990.8125,9.875,19.125,-999.0
1992-01-09,1.8375,984.875,10.375,13.375,-999.0
1992-01-10,-0.25,987.3,6.25,15.25,-999.0
1992-01-11,-0.4875,987.5875,6.75,21.25,-999.0
1992-01-12,-0.775,986.125,6.75,12.5,-999.0
1992-01-13,0.0375,987.8,16.125,14.125,-999.0
1992-01-14,0.575,985.625,22.75,13.625,-999.0
1992-01-15,1.975,983.7875,27.125,13.875,-999.0
1992-01-16,3.2625,993.3,19.125,11.0,-999.0
1992-01-17,2.0125,996.325,12.5,15.375,-999.0
1992-01-18,0.15,987.4375,19.625,12.625,-999.0
1992-01-19,2.1375,988.2375,26.875,12.125,-999.0
1992-01-20,3.5375,994.6,17.5,12.125,-999.0
1992-01-21,4.125,992.225,14.625,14.125,-999.0
1992-01-22,2.6,989.5,14.75,11.0,-999.0
1992-01-23,1.8,992.85,13.5,11.0,-999.0
1992-01-24,1.125,990.95,5.25,6.5,-999.0
1992-01-25,0.25,985.8,16.75,11.25,-999.0
1992-01-26,0.8375,979.7625,18.75,11.375,-999.0
1992-01-27,0.475,979.8125,16.5,12.5,-999.0
1992-01-28,-0.4875,980.7875,21.25,12.5,-999.0
1992-01-29,-0.35,985.3625,13.75,11.375,-999.0
1992-01-30,-0.25,988.95,13.375,12.375,-999.0
1992-01-31,-1.025,990.0625,14.125,14.5,-999.0
1992-02-01,-2.9,988.025,12.25,15.875,-999.0
1992-02-02,-1.8125,992.1375,14.0,12.125,-999.0
1992-02-03,-3.0625,991.5125,11.125,14.375,-999.0
1992-02-04,-3.9875,991.375,11.875,12.625,-999.0
1992-02-05,-2.7375,988.8875,6.375,12.5,-999.0
1992-02-06,-4.625,987.525,4.375,15.75,-999.0
1992-02-07,-2.5,992.675,7.125,16.75,-999.0
1992-02-08,-1.0375,985.8875,18.5,15.25,-999.0
1992-02-09,-0.2125,979.0,24.0,13.625,-999.0
1992-02-10,2.9125,973.275,15.375,14.25,-999.0
1992-02-11,2.4875,980.325,25.0,12.875,-999.0
1992-02-12,0.4875,976.2625,22.25,14.5,-999.0
1992-02-13,0.8125,982.0625,19.75,12.875,-999.0
1992-02-14,0.8375,991.0125,23.625,12.875,-999.0
1992-02-15,-0.375,994.15,21.375,12.125,-999.0
1992-02-16,1.425,991.5375,18.5,12.125,-999.0
1992-02-17,0.0625,992.225,20.625,13.25,-999.0
1992-02-18,-0.1,994.3375,20.0,12.5,-999.0
1992-02-19,-0.15,994.4125,20.25,11.75,-999.0
1992-02-20,-0.2625,996.675,14.125,11.75,-999.0
1992-02-21,-3.0375,997.225,12.25,12.5,-999.0
1992-02-22,-4.875,999.075,11.5,12.0,-999.0
1992-02-23,-4.8375,1002.45,8.0,22.625,-999.0
1992-02-24,-4.9875,1002.675,7.375,9.875,-999.0
1992-02-25,-3.3125,998.5125,6.5,9.875,-999.0
1992-02-26,-4.0375,993.9,3.625,28.625,-999.0
1992-02-27,-5.0375,992.9,11.5,17.625,-999.0
1992-02-28,-4.2125,996.4,18.75,17.25,-999.0
1992-02-29,-4.9125,995.2375,6.125,12.75,-999.0
1992-03-01,-6.15,993.0375,5.0,9.375,-999.0
1992-03-02,-5.45,978.6875,31.625,11.75,-999.0
1992-03-03,-0.725,975.575,36.125,14.0,-999.0
1992-03-04,-1.7875,985.6,4.375,17.625,-999.0
1992-03-05,-5.4125,993.7375,12.125,12.125,-999.0
1992-03-06,-4.0375,990.025,18.375,13.25,-999.0
1992-03-07,-5.95,980.925,20.75,11.0,-999.0
1992-03-08,-7.625,978.6625,16.625,12.0,-999.0
1992-03-09,-6.4,985.6875,17.875,13.25,-999.0
1992-03-10,-5.25,984.9,28.75,17.25,-999.0
1992-03-11,-8.05,980.0875,19.875,18.0,-999.0
1992-03-12,-4.25,979.8625,11.75,14.125,-999.0
1992-03-13,-3.2,983.8125,6.5,9.75,-999.0
1992-03-14,-7.775,986.075,4.375,20.125,-999.0
1992-03-15,-7.775,986.725,18.0,12.5,-999.0
1992-03-16,-6.075,981.7875,23.625,13.5,-999.0
1992-03-17,-8.5875,987.25,7.25,14.125,-999.0
1992-03-18,-6.35,999.1125,24.25,15.125,-999.0
1992-03-19,-4.5375,991.1125,20.625,14.625,-999.0
1992-03-20,-6.8125,981.5375,25.125,13.875,-999.0
1992-03-21,-4.5625,975.0375,27.5,15.125,-999.0
1992-03-22,-4.475,969.725,21.125,16.75,-999.0
1992-03-23,-5.4125,973.85,18.75,18.0,-999.0
1992-03-24,-3.7875,976.625,22.625,14.75,-999.0
1992-03-25,-7.475,984.3375,20.0,17.75,-999.0
1992-03-26,-10.5875,988.7125,19.5,16.25,-999.0
1992-03-27,-10.5375,990.7125,22.25,22.25,-999.0
1992-03-28,-9.1625,988.4875,31.0,15.25,-999.0
1992-03-29,-5.8,980.35,42.875,13.625,-999.0
1992-03-30,-3.5375,978.7375,26.75,11.0,-999.0
1992-03-31,-5.375,1000.9875,15.25,15.0,-999.0
1992-04-01,-9.925,1001.0375,9.625,22.125,-999.0
1992-04-02,-11.3625,988.4,11.625,28.0,-999.0
1992-04-03,-10.6375,987.6875,12.375,12.75,-999.0
1992-04-04,-13.575,992.25,13.375,14.75,-999.0
1992-04-05,-17.075,993.5625,2.5,5.875,-999.0
1992-04-06,-15.275,994.775,17.375,17.0,-999.0
1992-04-07,-10.3,987.95,13.5,13.875,-999.0
1992-04-08,-8.8,983.5125,7.75,8.75,-999.0
1992-04-09,-4.1125,989.35,17.125,13.625,-999.0
1992-04-10,-8.075,974.8625,23.75,16.5,-999.0
1992-04-11,-6.875,970.5125,11.875,15.125,-999.0
1992-04-12,-8.0625,972.2125,11.5,14.125,-999.0
1992-04-13,-10.1875,975.525,5.75,11.75,-999.0
1992-04-14,-11.5,976.9,18.625,13.25,-999.0
1992-04-15,-7.6625,964.3625,37.25,15.75,-999.0
1992-04-16,-4.6125,962.275,13.75,13.75,-999.0
1992-04-17,-7.2625,974.625,13.125,13.25,-999.0
1992-04-18,-6.1125,996.2125,20.625,14.125,-999.0
1992-04-19,-8.4625,989.4625,15.25,13.0,-999.0
1992-04-20,-10.7125,975.575,10.5,10.625,-999.0
1992-04-21,-19.0375,977.125,2.75,24.125,-999.0
1992-04-22,-16.2875,989.275,18.875,12.125,-999.0
1992-04-23,-7.625,988.65,31.5,14.5,-999.0
1992-04-24,-12.6125,976.2,34.125,15.5,-999.0
1992-04-25,-11.9375,986.9125,23.25,15.75,-999.0
1992-04-26,-11.725,998.0375,25.0,17.5,-999.0
1992-04-27,-11.4625,992.725,21.75,15.5,-999.0
1992-04-28,-13.275,988.7875,17.0,13.75,-999.0
1992-04-29,-14.8375,992.2625,18.125,14.125,-999.0
1992-04-30,-14.05,998.2625,25.125,16.0,-999.0
1992-05-01,-10.0125,999.925,27.375,13.625,-999.0
1992-05-02,-8.175,998.1,28.25,14.0,-999.0
1992-05-03,-6.3625,1004.1875,25.75,13.625,-999.0
1992-05-04,-9.6375,999.9,13.125,12.75,-999.0
1992-05-05,-17.9875,995.4125,2.5,7.25,-999.0
1992-05-06,-17.95,996.3625,5.5,22.875,-999.0
1992-05-07,-13.0375,993.75,21.75,12.875,-999.0
1992-05-08,-8.5125,984.825,19.25,13.375,-999.0
1992-05-09,-4.6125,976.375,24.75,13.75,-999.0
1992-05-10,-6.875,982.95,31.75,16.25,-999.0
1992-05-11,-11.9125,986.2125,11.0,8.5,-999.0
1992-05-12,-18.9625,985.2,1.375,5.625,-999.0
1992-05-13,-17.5125,998.775,11.625,15.25,-999.0
1992-05-14,-10.5125,1000.475,33.875,14.0,-999.0
1992-05-15,-7.7125,985.025,43.875,12.0,-999.0
1992-05-16,-7.425,983.15,32.875,12.125,-999.0
1992-05-17,-7.3375,996.7875,31.0,14.0,-999.0
1992-05-18,-14.6,996.575,7.375,10.5,-999.0
1992-05-19,-18.0375,995.5125,14.0,16.0,-999.0
1992-05-20,-19.325,998.4375,22.5,18.0,-999.0
1992-05-21,-17.325,996.4625,19.75,15.5,-999.0
1992-05-22,-16.075,992.1625,23.375,15.0,-999.0
1992-05-23,-11.2375,981.2375,26.0,18.25,-999.0
1992-05-24,-9.075,969.65,20.25,14.875,-999.0
1992-05-25,-9.275,988.0875,18.875,14.5,-999.0
1992-05-26,-6.525,992.9,20.25,12.875,-999.0
1992-05-27,-4.275,991.05,29.125,13.625,-999.0
1992-05-28,-3.125,982.7875,24.25,13.125,-999.0
1992-05-29,-4.875,984.5,30.25,13.625,-999.0
1992-05-30,-6.4125,982.325,16.875,14.125,-999.0
1992-05-31,-11.65,984.2,9.375,13.125,-999.0
1992-06-01,-18.0875,988.225,5.5,17.875,-999.0
1992-06-02,-15.525,999.7375,15.25,15.25,-999.0
1992-06-03,-11.9375,999.0,18.0,15.375,-999.0
1992-06-04,-14.1,984.3125,7.625,14.75,-999.0
1992-06-05,-20.725,982.575,4.25,9.25,-999.0
1992-06-06,-20.3875,987.175,16.25,8.625,-999.0
1992-06-07,-10.6625,985.9125,28.625,12.5,-999.0
1992-06-08,-7.9625,989.9,19.625,13.0,-999.0
1992-06-09,-8.2875,987.075,30.5,13.875,-999.0
1992-06-10,-5.7375,976.9,40.75,13.625,-999.0
1992-06-11,-6.45,973.575,38.25,12.5,-999.0
1992-06-12,-5.8875,981.575,36.125,14.5,-999.0
1992-06-13,-9.85,977.4125,29.625,16.25,-999.0
1992-06-14,-14.1875,987.55,23.625,16.5,-999.0
1992-06-15,-15.7125,993.425,10.875,16.5,-999.0
1992-06-16,-15.1125,1002.9375,15.5,27.375,-999.0
1992-06-17,-13.075,1002.45,18.125,18.0,-999.0
1992-06-18,-6.0375,992.45,25.375,13.625,-999.0
1992-06-19,-6.525,997.0,18.375,12.875,-999.0
1992-06-20,-5.9625,1002.3625,19.625,14.0,-999.0
1992-06-21,-10.1375,1007.2,5.875,25.0,-999.0
1992-06-22,-10.9125,1004.9125,16.875,18.75,-999.0
1992-06-23,-10.975,999.1375,12.875,14.25,-999.0
1992-06-24,-16.925,997.8125,2.375,9.875,-999.0
1992-06-25,-19.075,1004.425,6.375,23.625,-999.0
1992-06-26,-18.925,1012.1375,12.375,10.875,-999.0
1992-06-27,-14.6125,1014.4375,22.5,13.125,-999.0
1992-06-28,-18.3875,1008.0375,15.25,17.75,-999.0
1992-06-29,-17.3,1003.325,15.0,13.0,-999.0
1992-06-30,-12.1,1005.35,15.125,17.25,-999.0
1992-07-01,-18.6625,1007.725,5.25,9.25,-999.0
1992-07-02,-9.8,1002.0375,26.25,13.375,-999.0
1992-07-03,-9.2375,998.3125,23.375,12.125,-999.0
1992-07-04,-9.025,1002.95,9.625,9.0,-999.0
1992-07-05,-13.15,1000.3875,1.25,6.75,-999.0
1992-07-06,-12.3625,1001.725,3.875,41.375,-999.0
1992-07-07,-5.875,990.275,30.625,17.25,-999.0
1992-07-08,-14.9125,985.225,12.875,26.25,-999.0
1992-07-09,-16.0875,987.1875,22.375,17.0,-999.0
1992-07-10,-15.6875,990.1125,19.0,12.875,-999.0
1992-07-11,-15.4625,992.875,17.375,13.625,-999.0
1992-07-12,-11.325,990.925,29.375,13.5,-999.0
1992-07-13,-10.5125,990.35,31.625,14.0,-999.0
1992-07-14,-13.5875,981.6375,31.625,15.75,-999.0
1992-07-15,-16.9625,975.6375,19.375,14.75,-999.0
1992-07-16,-12.05,967.85,14.375,13.5,-999.0
1992-07-17,-12.025,970.6625,7.5,11.125,-999.0
1992-07-18,-18.7125,979.225,3.625,12.375,-999.0
1992-07-19,-21.0,985.7375,10.875,16.25,-999.0
1992-07-20,-22.2125,986.5625,8.75,14.25,-999.0
1992-07-21,-24.1375,980.35,9.25,14.125,-999.0
1992-07-22,-23.4375,976.4875,10.5,12.125,-999.0
1992-07-23,-20.325,975.3375,14.125,13.25,-999.0
1992-07-24,-23.3,965.0375,20.75,15.75,-999.0
1992-07-25,-23.05,959.7,12.875,10.625,-999.0
1992-07-26,-16.825,965.25,23.75,11.75,-999.0
1992-07-27,-21.1,976.85,4.375,5.375,-999.0
1992-07-28,-14.9625,974.35,12.0,12.125,-999.0
1992-07-29,-17.1625,968.275,8.75,11.5,-999.0
1992-07-30,-16.325,964.4125,21.125,11.75,-999.0
1992-07-31,-17.725,963.2375,15.25,11.375,-999.0
1992-08-01,-22.4,972.7,6.75,9.75,-999.0
1992-08-02,-20.4125,981.45,23.5,12.5,-999.0
1992-08-03,-13.675,974.2625,25.625,13.75,-999.0
1992-08-04,-17.2875,974.5,16.0,13.25,-999.0
1992-08-05,-19.7125,984.0,10.25,23.375,-999.0
1992-08-06,-12.1625,974.7875,17.875,12.25,-999.0
1992-08-07,-8.45,969.9125,19.625,12.875,-999.0
1992-08-08,-11.875,982.6125,15.375,11.75,-999.0
1992-08-09,-16.6125,994.9875,13.75,8.625,-999.0
1992-08-10,-15.275,977.1,30.0,12.125,-999.0
1992-08-11,-14.5125,962.2375,44.875,11.75,-999.0
1992-08-12,-14.1875,968.0375,15.625,27.25,-999.0
1992-08-13,-16.275,985.2625,11.0,10.875,-999.0
1992-08-14,-17.0375,983.6125,15.125,16.25,-999.0
1992-08-15,-21.3,975.7,6.75,8.0,-999.0
1992-08-16,-23.9375,983.5375,12.375,11.875,-999.0
1992-08-17,-24.35,978.1375,7.125,23.75,-999.0
1992-08-18,-22.0375,977.2125,8.875,13.5,-999.0
1992-08-19,-19.4125,978.175,10.25,11.0,-999.0
1992-08-20,-17.6375,979.05,14.5,12.875,-999.0
1992-08-21,-18.475,985.2875,5.875,18.0,-999.0
1992-08-22,-22.675,987.1875,6.875,28.125,-999.0
1992-08-23,-25.0125,989.5125,2.875,8.25,-999.0
1992-08-24,-25.15,988.3625,4.625,13.25,-999.0
1992-08-25,-22.4625,989.6125,14.125,15.875,-999.0
1992-08-26,-19.6875,982.25,20.875,17.0,-999.0
1992-08-27,-17.3875,974.8375,20.5,15.75,-999.0
1992-08-28,-17.7125,965.55,14.25,35.0,-999.0
1992-08-29,-23.8375,968.1625,12.125,22.25,-999.0
1992-08-30,-21.25,973.2,13.875,9.625,-999.0
1992-08-31,-23.025,978.675,4.625,6.25,-999.0
1992-09-01,-20.7125,987.4,23.375,14.0,-999.0
1992-09-02,-15.725,987.7625,30.75,14.0,-999.0
1992-09-03,-10.9875,992.5375,25.625,15.0,-999.0
1992-09-04,-14.0625,993.225,14.375,17.875,-999.0
1992-09-05,-15.7625,993.5125,22.0,15.125,-999.0
1992-09-06,-18.225,993.7125,6.375,11.375,-999.0
1992-09-07,-21.725,993.475,24.75,11.875,-999.0
1992-09-08,-24.3,1001.075,10.625,14.0,-999.0
1992-09-09,-23.6875,993.3875,23.625,13.625,-999.0
1992-09-10,-21.15,985.6,12.375,20.375,-999.0
1992-09-11,-24.1,990.7125,1.0,6.75,-999.0
1992-09-12,-19.2875,981.5,2.625,7.25,-999.0
1992-09-13,-17.425,978.3,6.375,14.75,-999.0
1992-09-14,-21.4375,982.3625,4.75,15.625,-999.0
1992-09-15,-21.3125,982.625,3.75,9.75,-999.0
1992-09-16,-17.0875,982.45,5.875,11.375,-999.0
1992-09-17,-13.975,973.175,12.25,14.25,-999.0
1992-09-18,-18.975,980.075,3.75,10.375,-999.0
1992-09-19,-21.3375,987.3875,3.875,14.625,-999.0
1992-09-20,-21.8625,985.6875,4.75,12.75,-999.0
1992-09-21,-21.5375,992.375,3.0,24.0,-999.0
1992-09-22,-14.5,983.4625,19.875,28.125,-999.0
1992-09-23,-17.925,978.85,15.25,11.375,-999.0
1992-09-24,-19.025,975.1625,12.625,13.5,-999.0
1992-09-25,-22.0875,978.05,16.5,14.625,-999.0
1992-09-26,-12.425,967.225,16.625,14.375,-999.0
1992-09-27,-12.4,976.65,20.125,12.125,-999.0
1992-09-28,-13.05,980.1875,16.125,13.25,-999.0
1992-09-29,-14.875,983.275,15.75,15.5,-999.0
1992-09-30,-17.0125,990.025,8.0,11.125,-999.0
1992-10-01,-17.5,990.85,9.0,15.5,-999.0
1992-10-02,-17.1375,983.3,4.875,27.125,-999.0
1992-10-03,-20.8875,983.1,13.875,15.375,-999.0
1992-10-04,-21.35,978.2375,12.875,11.5,-999.0
1992-10-05,-19.975,977.1375,1.875,2.5,-999.0
1992-10-06,-17.75,978.3375,5.625,13.0,-999.0
1992-10-07,-13.8,979.3625,19.625,17.75,-999.0
1992-10-08,-15.725,973.475,12.875,17.0,-999.0
1992-10-09,-18.3875,971.275,23.0,11.875,-999.0
1992-10-10,-15.9875,982.4375,18.0,12.0,-999.0
1992-10-11,-15.45,986.5125,10.375,19.75,-999.0
1992-10-12,-16.4375,989.625,10.25,15.0,-999.0
1992-10-13,-14.2875,995.1625,9.875,16.25,-999.0
1992-10-14,-16.025,992.5625,4.25,23.375,-999.0
1992-10-15,-13.4875,994.3,2.375,24.5,-999.0
1992-10-16,-10.625,1002.325,11.375,23.375,-999.0
1992-10-17,-7.75,986.7625,35.0,12.125,-999.0
1992-10-18,-6.1375,991.3625,15.75,13.125,-999.0
1992-10-19,-7.25,989.0875,17.875,14.75,-999.0
1992-10-20,-9.0625,990.275,12.25,12.75,-999.0
1992-10-21,-10.2625,992.2875,12.625,13.75,-999.0
1992-10-22,-7.975,984.3625,20.375,13.375,-999.0
1992-10-23,-8.1375,995.35,10.625,12.625,-999.0
1992-10-24,-6.65,993.7,21.375,13.5,-999.0
1992-10-25,-8.075,976.9125,36.0,13.625,-999.0
1992-10-26,-6.725,982.2125,22.375,13.375,-999.0
1992-10-27,-9.6625,990.4125,6.375,17.0,-999.0
1992-10-28,-11.0375,987.925,14.25,11.375,-999.0
1992-10-29,-12.475,992.4375,23.25,12.125,-999.0
1992-10-30,-10.5125,988.45,22.375,11.75,-999.0
1992-10-31,-8.4,980.35,19.75,15.0,-999.0
1992-11-01,-7.6125,970.7125,13.25,9.5,-999.0
1992-11-02,-8.3125,980.125,5.375,7.625,-999.0
1992-11-03,-6.6625,981.2,16.875,11.75,-999.0
1992-11-04,-4.6375,985.975,13.875,11.875,-999.0
1992-11-05,-6.4125,981.3125,15.875,13.625,-999.0
1992-11-06,-8.85,982.3875,14.875,14.5,-999.0
1992-11-07,-9.4625,983.0125,17.5,16.125,-999.0
1992-11-08,-8.875,968.8375,32.5,13.625,-999.0
1992-11-09,-7.5125,962.625,32.125,13.25,-999.0
1992-11-10,-5.725,971.9875,9.125,17.5,-999.0
1992-11-11,-8.2375,976.2625,7.75,19.25,-999.0
1992-11-12,-8.525,975.575,5.5,41.0,-999.0
1992-11-13,-11.1625,974.5875,1.5,7.0,-999.0
1992-11-14,-9.6625,981.675,7.0,20.0,-999.0
1992-11-15,-7.2,992.3625,6.125,12.625,-999.0
1992-11-16,-5.475,993.5,2.375,5.375,-999.0
1992-11-17,-5.3125,981.6125,11.25,10.5,-999.0
1992-11-18,-5.1875,969.7125,20.0,11.0,-999.0
1992-11-19,-5.5375,975.3375,13.5,14.0,-999.0
1992-11-20,-1.9625,965.025,10.5,13.375,-999.0
1992-11-21,-4.525,973.35,17.0,11.375,-999.0
1992-11-22,-4.45,980.65,8.5,11.0,-999.0
1992-11-23,-3.75,979.05,16.375,16.5,-999.0
1992-11-24,-4.875,976.0125,8.375,20.0,-999.0
1992-11-25,-4.6375,980.725,14.75,14.125,-999.0
1992-11-26,-3.75,981.0375,19.375,14.125,-999.0
1992-11-27,-3.1,988.9375,14.0,17.125,-999.0
1992-11-28,-4.1125,992.7625,10.375,27.875,-999.0
1992-11-29,-3.825,990.0875,5.5,7.0,-999.0
1992-11-30,0.1625,983.525,19.75,13.625,-999.0
1992-12-01,-0.3125,979.925,19.75,12.125,-999.0
1992-12-02,-0.6625,982.6875,21.0,11.375,-999.0
1992-12-03,-0.05,987.25,20.125,13.5,-999.0
1992-12-04,0.6375,984.7125,11.375,20.875,-999.0
1992-12-05,-0.7375,984.1375,9.125,10.375,-999.0
1992-12-06,-1.1125,982.875,5.125,11.625,-999.0
1992-12-07,-1.95,985.0375,5.625,13.0,-999.0
1992-12-08,-2.8875,986.575,5.625,9.875,-999.0
1992-12-09,-3.5,984.1875,5.25,10.625,-999.0
1992-12-10,-2.3,987.6625,7.0,17.5,-999.0
1992-12-11,-2.8125,985.6125,3.625,21.375,-999.0
1992-12-12,-3.1625,984.9625,11.5,22.75,-999.0
1992-12-13,-4.3375,980.4,22.25,11.5,-999.0
1992-12-14,-4.2375,974.3125,26.5,12.125,-999.0
1992-12-15,-1.3375,987.1375,15.25,11.75,-999.0
1992-12-16,-0.2,982.6375,21.625,13.625,-999.0
1992-12-17,2.8375,976.8,26.5,13.0,-999.0
1992-12-18,2.1375,988.5375,15.75,10.75,-999.0
1992-12-19,1.5625,985.85,4.0,10.75,-999.0
1992-12-20,-1.15,980.525,14.875,12.375,-999.0
1992-12-21,-1.475,984.4,5.25,9.375,-999.0
1992-12-22,0.825,987.625,6.25,11.625,-999.0
1992-12-23,-1.4,987.1125,9.0,29.0,-999.0
1992-12-24,-4.9125,985.55,3.5,31.625,-999.0
1992-12-25,-2.3875,987.475,7.875,14.375,-999.0
1992-12-26,-0.2625,984.9625,22.375,12.875,-999.0
1992-12-27,-0.95,978.1,20.5,11.5,-999.0
1992-12-28,1.2125,980.775,18.25,11.875,-999.0
1992-12-29,1.075,988.475,20.625,11.25,-999.0
1992-12-30,1.7125,989.6875,16.125,11.75,-999.0
1992-12-31,1.9875,990.4,11.625,11.875,-999.0
1993-01-01,3.4375,991.275,8.875,12.625,-999.0
1993-01-02,2.4625,990.2375,19.125,10.5,-999.0
1993-01-03,0.025,990.075,23.25,11.0,-999.0
1993-01-04,-1.0,992.075,12.75,10.0,-999.0
1993-01-05,-1.0,992.0625,4.0,15.875,-999.0
1993-01-06,-0.8375,998.5625,4.125,9.0,-999.0
1993-01-07,1.75,992.8125,9.0,9.875,-999.0
1993-01-08,0.825,993.725,13.125,11.0,-999.0
1993-01-09,-1.4,998.5375,17.375,12.625,-999.0
1993-01-10,-0.9125,997.8375,3.5,16.25,-999.0
1993-01-11,-0.7125,995.525,3.0,13.875,-999.0
1993-01-12,4.1625,985.1125,12.125,13.875,-999.0
1993-01-13,2.1625,995.725,11.625,9.0,-999.0
1993-01-14,3.375,997.0625,12.75,12.625,-999.0
1993-01-15,2.65,992.9625,9.125,22.375,-999.0
1993-01-16,1.1875,999.0125,8.375,12.375,-999.0
1993-01-17,-0.2125,1003.9,1.375,10.5,-999.0
1993-01-18,0.0625,1001.6625,2.125,15.25,-999.0
1993-01-19,-1.7,1003.3375,2.25,11.5,-999.0
1993-01-20,0.8875,1005.55,6.25,10.0,-999.0
1993-01-21,0.875,1001.425,7.25,17.25,-999.0
1993-01-22,-0.1,1000.4375,10.25,9.75,-999.0
1993-01-23,-2.15,999.525,1.25,6.875,-999.0
1993-01-24,-2.1,997.75,8.0,12.0,-999.0
1993-01-25,-0.825,995.075,16.375,11.25,-999.0
1993-01-26,-1.6,988.125,25.25,13.25,-999.0
1993-01-27,-0.7375,987.55,23.375,14.0,-999.0
1993-01-28,2.5625,983.6625,16.875,12.625,-999.0
1993-01-29,1.6375,982.8,22.75,12.5,-999.0
1993-01-30,3.3875,981.0875,18.25,16.625,-999.0
1993-01-31,2.85,989.4375,14.625,11.375,-999.0
1993-02-01,1.8625,996.05,13.875,13.625,-999.0
1993-02-02,-1.5625,991.4625,12.125,13.5,-999.0
1993-02-03,-1.2,993.8,13.125,13.875,-999.0
1993-02-04,-0.175,993.4125,17.25,10.75,-999.0
1993-02-05,-1.125,994.625,10.75,12.0,-999.0
1993-02-06,1.0875,986.3625,9.25,11.75,-999.0
1993-02-07,-0.0625,979.5,16.875,12.75,-999.0
1993-02-08,0.05,976.8625,25.125,11.125,-999.0
1993-02-09,0.1625,983.3625,15.375,10.5,-999.0
1993-02-10,-1.45,983.95,16.5,10.5,-999.0
1993-02-11,-2.5625,985.2875,12.625,10.0,-999.0
1993-02-12,-2.6375,985.1875,26.5,13.625,-999.0
1993-02-13,-1.7125,982.1375,28.125,13.625,-999.0
1993-02-14,-1.775,980.2125,13.625,10.625,-999.0
1993-02-15,-2.625,981.175,10.875,13.0,-999.0
1993-02-16,-3.025,983.475,7.75,18.875,-999.0
1993-02-17,-2.625,982.425,8.25,11.625,-999.0
1993-02-18,-4.875,979.9,13.5,11.75,-999.0
1993-02-19,-7.175,974.9375,13.75,11.875,-999.0
1993-02-20,-8.6125,971.5125,12.375,12.375,-999.0
1993-02-21,-11.1125,976.2875,15.875,18.75,-999.0
1993-02-22,-9.2,983.45,20.0,16.125,-999.0
1993-02-23,-9.8125,984.3875,13.625,19.625,-999.0
1993-02-24,-9.95,984.0,17.25,15.25,-999.0
1993-02-25,-8.25,984.05,26.625,15.125,-999.0
1993-02-26,-4.5875,969.4875,37.75,14.25,-999.0
1993-02-27,-2.275,978.0625,26.0,14.25,-999.0
1993-02-28,-2.5375,982.6375,21.375,14.75,-999.0
1993-03-01,-1.5125,968.95,26.75,15.5,-999.0
1993-03-02,-1.9375,968.0125,21.125,14.625,-999.0
1993-03-03,-2.7875,971.275,25.5,14.875,-999.0
1993-03-04,-2.9,971.625,25.25,14.5,-999.0
1993-03-05,-5.1625,977.25,22.5,16.5,-999.0
1993-03-06,-4.3125,984.6875,18.625,16.375,-999.0
1993-03-07,-3.5125,984.975,22.0,15.0,-999.0
1993-03-08,-4.7375,984.1875,18.5,16.375,-999.0
1993-03-09,-7.1875,981.775,17.125,17.625,-999.0
1993-03-10,-5.875,974.125,17.25,15.5,-999.0
1993-03-11,-2.6,974.0,28.25,14.0,-999.0
1993-03-12,-4.1625,980.275,23.125,16.0,-999.0
1993-03-13,-7.9,979.4625,16.25,17.375,-999.0
1993-03-14,-9.95,981.6875,20.875,16.5,-999.0
1993-03-15,-10.0,985.0625,20.25,16.875,-999.0
1993-03-16,-11.9375,987.9375,16.375,16.75,-999.0
1993-03-17,-13.3125,990.2625,11.5,12.75,-999.0
1993-03-18,-13.1375,991.7625,10.5,14.125,-999.0
1993-03-19,-13.875,991.975,22.375,18.5,-999.0
1993-03-20,-9.8,988.6375,20.5,15.75,-999.0
1993-03-21,-10.2875,989.6125,16.25,18.5,-999.0
1993-03-22,-13.675,991.375,6.875,17.75,-999.0
1993-03-23,-12.125,983.7,25.0,16.75,-999.0
1993-03-24,-13.7375,981.7625,18.25,16.75,-999.0
1993-03-25,-16.875,983.1375,4.875,12.875,-999.0
1993-03-26,-10.3125,986.7,24.625,11.875,-999.0
1993-03-27,-4.125,984.8125,37.125,14.75,-999.0
1993-03-28,-4.375,987.025,24.125,18.0,-999.0
1993-03-29,-3.0375,995.3,28.5,16.25,-999.0
1993-03-30,-3.6125,994.1375,30.5,14.5,-999.0
1993-03-31,-2.775,973.9,33.75,15.0,-999.0
1993-04-01,-0.925,972.9625,31.125,11.125,-999.0
1993-04-02,-3.1125,987.7,25.0,10.375,-999.0
1993-04-03,-9.2625,987.6,16.875,16.5,-999.0
1993-04-04,-13.05,986.725,12.5,15.25,-999.0
1993-04-05,-13.4,985.425,15.375,23.0,-999.0
1993-04-06,-10.0125,986.9625,26.5,15.5,-999.0
1993-04-07,-8.8125,989.0,20.875,17.375,-999.0
1993-04-08,-14.2625,985.725,5.875,7.25,-999.0
1993-04-09,-12.15,983.8875,20.375,16.0,-999.0
1993-04-10,-11.0,989.1,18.875,19.375,-999.0
1993-04-11,-15.2,991.075,7.5,8.25,-999.0
1993-04-12,-14.025,992.375,27.0,17.75,-999.0
1993-04-13,-12.1375,985.425,26.625,18.25,-999.0
1993-04-14,-13.3375,982.7,25.875,18.5,-999.0
1993-04-15,-15.0125,983.65,29.125,20.0,-999.0
1993-04-16,-16.05,984.275,11.875,11.75,-999.0
1993-04-17,-16.3375,984.625,9.875,10.375,-999.0
1993-04-18,-15.175,985.35,18.875,12.75,-999.0
1993-04-19,-11.475,983.0375,26.75,19.25,-999.0
1993-04-20,-16.225,983.25,6.125,7.875,-999.0
1993-04-21,-22.275,985.7875,0.75,1.75,-999.0
1993-04-22,-14.6,989.45,8.125,7.5,-999.0
1993-04-23,-11.3125,984.2625,21.375,13.5,-999.0
1993-04-24,-10.4,973.0,34.0,13.125,-999.0
1993-04-25,-9.4,989.2,19.125,9.75,-999.0
1993-04-26,-13.5,993.8375,10.5,7.625,-999.0
1993-04-27,-17.2375,999.35,9.625,9.625,-999.0
1993-04-28,-12.525,997.5875,14.375,17.75,-999.0
1993-04-29,-13.875,998.3625,0.0,0.0,-999.0
1993-04-30,-10.0375,998.775,18.5,26.75,-999.0
1993-05-01,-7.3625,992.625,26.125,25.25,-999.0
1993-05-02,-8.25,992.925,19.375,14.125,-999.0
1993-05-03,-10.75,987.45,13.0,8.5,-999.0
1993-05-04,-14.3375,980.7125,4.5,7.625,-999.0
1993-05-05,-16.35,980.0,19.5,7.5,-999.0
1993-05-06,-15.5125,983.1125,17.25,6.875,-999.0
1993-05-07,-7.3125,971.85,33.75,11.0,-999.0
1993-05-08,-3.9625,970.775,30.875,10.125,-999.0
1993-05-09,-4.1875,980.0625,19.0,11.625,-999.0
1993-05-10,-9.65,987.8875,14.25,12.375,-999.0
1993-05-11,-12.7625,997.0625,9.875,11.75,-999.0
1993-05-12,-15.55,1009.0125,6.5,10.25,-999.0
1993-05-13,-10.65,994.7875,19.25,12.5,-999.0
1993-05-14,-16.3125,983.9375,9.375,14.75,-999.0
1993-05-15,-22.425,984.775,16.625,12.375,-999.0
1993-05-16,-19.975,984.2375,23.75,12.875,-999.0
1993-05-17,-17.575,979.1625,22.5,8.75,-999.0
1993-05-18,-16.325,973.4875,21.375,11.5,-999.0
1993-05-19,-18.4,974.825,9.0,11.25,-999.0
1993-05-20,-23.35,982.3875,2.25,5.0,-999.0
1993-05-21,-22.1125,982.5375,0.0,0.0,-999.0
1993-05-22,-20.925,984.225,0.0,0.0,-999.0
1993-05-23,-13.6375,985.8125,20.875,11.25,-999.0
1993-05-24,-14.425,988.125,18.0,10.25,-999.0
1993-05-25,-13.575,975.425,34.5,13.25,-999.0
1993-05-26,-12.625,983.5375,30.125,12.375,-999.0
1993-05-27,-9.6,984.5,26.625,15.0,-999.0
1993-05-28,-6.675,972.75,35.0,14.0,-999.0
1993-05-29,-5.075,981.975,31.0,13.625,-999.0
1993-05-30,-9.6,999.85,16.0,16.0,-999.0
1993-05-31,-9.425,1008.9,11.25,10.0,-999.0
1993-06-01,-10.2375,1011.6,7.75,7.875,-999.0
1993-06-02,-11.4625,1006.175,3.5,8.25,-999.0
1993-06-03,-14.3375,997.1,4.625,7.625,-999.0
1993-06-04,-12.8375,997.9125,14.25,22.125,-999.0
1993-06-05,-16.8625,1004.375,5.5,8.75,-999.0
1993-06-06,-17.925,996.1375,4.25,4.5,-999.0
1993-06-07,-18.7875,997.9625,12.75,14.25,-999.0
1993-06-08,-20.3375,1005.4375,14.75,14.5,-999.0
1993-06-09,-13.8875,1002.25,29.875,14.875,-999.0
1993-06-10,-10.9875,997.8875,43.0,11.625,-999.0
1993-06-11,-8.1,988.95,36.25,15.125,-999.0
1993-06-12,-7.75,970.975,42.0,15.25,-999.0
1993-06-13,-8.05,960.8625,30.375,11.375,-999.0
1993-06-14,-8.7375,969.6375,38.25,14.5,-999.0
1993-06-15,-13.0625,972.325,29.375,11.0,-999.0
1993-06-16,-18.6125,977.5,7.75,7.375,-999.0
1993-06-17,-21.35,977.825,7.75,7.875,-999.0
1993-06-18,-14.7375,979.3125,23.5,14.5,-999.0
1993-06-19,-15.75,978.125,22.125,15.25,-999.0
1993-06-20,-18.05,976.775,23.625,15.0,-999.0
1993-06-21,-16.575,977.8625,26.75,15.0,-999.0
1993-06-22,-22.275,982.2375,2.75,4.75,-999.0
1993-06-23,-21.6125,980.7375,11.375,11.875,-999.0
1993-06-24,-12.0375,984.15,28.5,15.0,-999.0
1993-06-25,-9.5125,987.0875,31.25,14.75,-999.0
1993-06-26,-8.2625,981.725,29.5,13.625,-999.0
1993-06-27,-16.2375,981.0,6.125,9.25,-999.0
1993-06-28,-20.175,979.6,2.375,4.25,-999.0
1993-06-29,-21.1,979.35,6.75,12.0,-999.0
1993-06-30,-25.3875,974.7625,3.125,9.25,-999.0
1993-07-01,-25.5,975.375,0.0,0.0,-999.0
1993-07-02,-10.15,984.2625,23.625,15.0,-999.0
1993-07-03,-13.5875,983.875,22.625,15.5,-999.0
1993-07-04,-11.25,978.325,34.5,14.0,-999.0
1993-07-05,-11.05,967.1,27.0,15.5,-999.0
1993-07-06,-12.275,986.3375,23.625,13.625,-999.0
1993-07-07,-14.4125,989.8875,22.0,17.25,-999.0
1993-07-08,-21.4,980.175,5.875,11.5,-999.0
1993-07-09,-13.325,994.0,28.25,13.625,-999.0
1993-07-10,-10.15,997.475,19.125,10.625,-999.0
1993-07-11,-17.725,980.575,5.875,8.75,-999.0
1993-07-12,-26.5375,982.9875,12.5,14.125,-999.0
1993-07-13,-26.7,984.85,18.75,16.25,-999.0
1993-07-14,-25.4625,971.1375,8.25,8.75,-999.0
1993-07-15,-25.7875,970.6125,6.75,7.625,-999.0
1993-07-16,-25.1,979.0625,5.25,4.75,-999.0
1993-07-17,-21.925,975.3,16.375,12.0,-999.0
1993-07-18,-18.7875,964.7375,26.5,14.875,-999.0
1993-07-19,-21.075,960.2,17.5,15.25,-999.0
1993-07-20,-28.3875,962.275,4.5,4.5,-999.0
1993-07-21,-21.8625,969.475,23.5,10.25,-999.0
1993-07-22,-14.8625,958.6,24.625,17.25,-999.0
1993-07-23,-16.7125,971.725,12.75,10.0,-999.0
1993-07-24,-23.4,986.275,10.5,26.125,-999.0
1993-07-25,-24.2875,993.825,6.5,10.5,-999.0
1993-07-26,-19.3125,1003.4875,19.875,13.25,-999.0
1993-07-27,-18.275,1003.3875,9.25,12.125,-999.0
1993-07-28,-23.625,987.9125,4.0,4.625,-999.0
1993-07-29,-27.2625,986.7,7.0,14.0,-999.0
1993-07-30,-24.2125,986.9625,7.5,7.5,-999.0
1993-07-31,-19.3125,984.025,24.625,12.75,-999.0
1993-08-01,-11.6875,962.625,50.5,18.875,-999.0
1993-08-02,-11.0,975.0375,35.375,16.25,-999.0
1993-08-03,-11.9625,968.025,38.75,17.75,-999.0
1993-08-04,-9.3,954.2,29.875,13.25,-999.0
1993-08-05,-10.975,969.9625,28.0,17.125,-999.0
1993-08-06,-11.9875,977.8375,19.0,12.875,-999.0
1993-08-07,-11.8625,982.1,30.125,12.625,-999.0
1993-08-08,-10.825,983.7125,27.625,16.0,-999.0
1993-08-09,-16.275,979.125,29.0,13.625,-999.0
1993-08-10,-18.4875,971.6625,23.375,17.25,-999.0
1993-08-11,-20.2375,979.6375,16.875,14.5,-999.0
1993-08-12,-17.0375,977.7125,31.625,13.125,-999.0
1993-08-13,-14.15,964.65,30.625,15.875,-999.0
1993-08-14,-9.3625,957.55,31.25,15.5,-999.0
1993-08-15,-8.0875,970.9,25.875,12.75,-999.0
1993-08-16,-14.1875,980.325,18.375,18.0,-999.0
1993-08-17,-17.2,979.05,12.0,10.375,-999.0
1993-08-18,-18.9875,982.1375,10.125,13.0,-999.0
1993-08-19,-21.475,989.1125,14.125,19.625,-999.0
1993-08-20,-21.225,992.325,15.5,16.125,-999.0
1993-08-21,-15.0875,980.425,28.875,12.875,-999.0
1993-08-22,-11.4875,965.6375,20.0,9.75,-999.0
1993-08-23,-17.7875,972.6875,9.125,12.125,-999.0
1993-08-24,-22.725,983.875,6.875,10.75,-999.0
1993-08-25,-24.7,984.0,0.0,0.0,-999.0
1993-08-26,-20.3875,983.0125,9.875,9.25,-999.0
1993-08-27,-26.5375,973.7125,0.0,0.0,-999.0
1993-08-28,-27.6875,987.7,4.25,11.125,-999.0
1993-08-29,-25.3125,996.575,1.25,2.0,-999.0
1993-08-30,-19.5625,987.9625,14.75,14.125,-999.0
1993-08-31,-24.0375,991.0625,4.75,8.25,-999.0
1993-09-01,-14.65,976.025,26.625,13.125,-999.0
1993-09-02,-13.2625,981.125,24.375,16.0,-999.0
1993-09-03,-13.5,974.1875,21.75,13.5,-999.0
1993-09-04,-13.85,965.3,18.625,15.625,-999.0
1993-09-05,-14.15,972.075,8.0,6.875,-999.0
1993-09-06,-17.7,981.4625,16.125,9.875,-999.0
1993-09-07,-12.65,974.825,25.25,12.125,-999.0
1993-09-08,-15.6625,978.55,18.0,9.25,-999.0
1993-09-09,-21.25,980.625,12.125,9.375,-999.0
1993-09-10,-21.5,982.4875,22.875,10.875,-999.0
1993-09-11,-20.2125,985.4875,6.875,10.75,-999.0
1993-09-12,-12.55,977.5625,16.75,13.875,-999.0
1993-09-13,-14.0625,980.325,12.625,8.125,-999.0
1993-09-14,-17.175,985.1875,17.75,15.125,-999.0
1993-09-15,-18.75,993.1375,23.625,15.75,-999.0
1993-09-16,-15.1,991.5,35.625,14.5,-999.0
1993-09-17,-11.1375,979.3625,46.625,14.0,-999.0
1993-09-18,-11.7125,978.8875,37.75,12.5,-999.0
1993-09-19,-14.075,980.5,15.625,12.0,-999.0
1993-09-20,-17.4,985.2375,5.25,6.5,-999.0
1993-09-21,-17.3375,988.3375,12.5,8.75,-999.0
1993-09-22,-14.1875,969.4125,39.5,12.125,-999.0
1993-09-23,-12.8375,964.075,30.5,13.25,-999.0
1993-09-24,-13.3875,970.075,18.75,10.875,-999.0
1993-09-25,-15.575,973.5,10.75,11.125,-999.0
1993-09-26,-14.8375,976.475,29.375,14.25,-999.0
1993-09-27,-14.9875,981.9,28.375,15.125,-999.0
1993-09-28,-13.3625,982.375,23.25,18.25,-999.0
1993-09-29,-12.425,987.2125,14.5,14.25,-999.0
1993-09-30,-11.0,989.4,22.125,13.75,-999.0
1993-10-01,-11.9875,994.5875,19.375,9.5,-999.0
1993-10-02,-12.125,997.7,14.25,10.0,-999.0
1993-10-03,-12.4125,992.025,10.625,10.625,-999.0
1993-10-04,-10.8875,982.7125,34.125,11.375,-999.0
1993-10-05,-8.375,966.775,45.5,11.625,-999.0
1993-10-06,-9.2625,975.9,26.625,15.375,-999.0
1993-10-07,-12.9125,990.4,17.75,17.5,-999.0
1993-10-08,-13.1125,984.3,11.875,23.875,-999.0
1993-10-09,-10.8,981.3875,19.5,11.75,-999.0
1993-10-10,-12.3875,985.7125,14.875,17.5,-999.0
1993-10-11,-10.175,971.65,27.625,13.125,-999.0
1993-10-12,-11.075,963.425,27.625,9.0,-999.0
1993-10-13,-12.075,969.8625,25.375,13.625,-999.0
1993-10-14,-9.5625,976.375,28.5,11.75,-999.0
1993-10-15,-7.1875,979.35,27.375,12.25,-999.0
1993-10-16,-7.5125,968.4375,21.625,14.125,-999.0
1993-10-17,-6.375,959.5,29.375,15.5,-999.0
1993-10-18,-9.675,965.1875,27.0,11.625,-999.0
1993-10-19,-10.975,970.225,19.0,13.875,-999.0
1993-10-20,-13.4,971.525,16.0,17.875,-999.0
1993-10-21,-13.025,979.4625,7.5,14.75,-999.0
1993-10-22,-13.9625,981.775,17.0,12.75,-999.0
1993-10-23,-11.7875,976.5125,34.75,12.0,-999.0
1993-10-24,-8.075,969.8875,12.75,12.125,-999.0
1993-10-25,-6.2,964.7375,21.25,13.625,-999.0
1993-10-26,-9.725,978.075,17.5,12.75,-999.0
1993-10-27,-10.7625,989.95,15.375,11.5,-999.0
1993-10-28,-8.8625,987.1375,25.25,13.25,-999.0
1993-10-29,-7.5625,987.125,18.75,12.375,-999.0
1993-10-30,-9.475,988.3875,15.25,15.625,-999.0
1993-10-31,-10.475,990.7875,22.625,14.625,-999.0
1993-11-01,-9.6625,990.075,26.5,13.25,-999.0
1993-11-02,-9.5125,989.4,32.25,15.25,-999.0
1993-11-03,-10.15,987.8125,25.25,14.75,-999.0
1993-11-04,-10.1125,988.4125,24.875,18.0,-999.0
1993-11-05,-11.125,989.15,16.875,11.375,-999.0
1993-11-06,-8.95,977.25,48.125,14.0,-999.0
1993-11-07,-5.7375,975.375,44.375,14.0,-999.0
1993-11-08,-3.7125,981.3875,26.125,15.125,-999.0
1993-11-09,-4.875,982.175,12.5,38.75,-999.0
1993-11-10,-6.1125,987.9875,12.5,27.25,-999.0
1993-11-11,-7.025,991.5,6.5,7.375,-999.0
1993-11-12,-4.4625,992.7375,19.375,8.5,-999.0
1993-11-13,-4.4625,987.8375,10.75,24.875,-999.0
1993-11-14,-0.75,980.9875,17.25,16.875,-999.0
1993-11-15,-4.7125,984.2625,16.875,21.5,-999.0
1993-11-16,-6.7875,990.525,14.5,19.5,-999.0
1993-11-17,-7.5125,988.625,15.0,18.125,-999.0
1993-11-18,-7.4625,983.2,17.375,12.125,-999.0
1993-11-19,-6.4625,987.425,18.125,19.5,-999.0
1993-11-20,-7.3875,991.9125,10.875,28.75,-999.0
1993-11-21,-5.6,985.7625,7.375,11.625,-999.0
1993-11-22,-6.35,989.5125,6.125,26.75,-999.0
1993-11-23,-1.8625,981.275,18.25,26.875,-999.0
1993-11-24,-0.275,978.4625,20.25,12.0,-999.0
1993-11-25,-1.7375,983.875,18.0,11.25,-999.0
1993-11-26,-1.35,984.0625,9.625,8.5,-999.0
1993-11-27,-3.6625,977.3125,10.125,11.625,-999.0
1993-11-28,-3.5875,976.7875,16.25,9.125,-999.0
1993-11-29,-3.1125,982.2125,17.375,12.25,-999.0
1993-11-30,-2.825,984.875,12.75,20.875,-999.0
1993-12-01,-2.9125,986.8,11.375,19.25,-999.0
1993-12-02,-3.4125,988.2125,11.75,9.125,-999.0
1993-12-03,-3.8875,986.025,5.5,32.25,-999.0
1993-12-04,-4.4125,981.45,20.25,13.25,-999.0
1993-12-05,-3.5625,981.475,25.25,15.125,-999.0
1993-12-06,-1.7125,978.525,28.75,15.625,-999.0
1993-12-07,-0.0875,973.0,31.75,12.25,-999.0
1993-12-08,1.225,968.625,30.75,12.375,-999.0
1993-12-09,0.3375,980.075,36.75,12.875,-999.0
1993-12-10,0.275,984.8125,23.5,11.625,-999.0
1993-12-11,-0.65,986.1875,18.5,13.875,-999.0
1993-12-12,-0.8375,986.4125,24.125,14.5,-999.0
1993-12-13,0.0875,975.9125,30.25,13.125,-999.0
1993-12-14,-0.1375,970.4125,26.625,13.25,-999.0
1993-12-15,0.15,971.6625,22.875,11.875,-999.0
1993-12-16,0.3125,973.15,24.375,13.5,-999.0
1993-12-17,-0.45,977.675,16.0,10.0,-999.0
1993-12-18,-1.05,981.8125,2.375,27.375,-999.0
1993-12-19,-0.3625,988.7875,12.375,11.625,-999.0
1993-12-20,-0.9875,990.175,12.25,9.375,-999.0
1993-12-21,0.425,984.35,7.5,37.75,-999.0
1993-12-22,1.75,982.275,11.875,13.5,-999.0
1993-12-23,0.0625,983.6375,20.875,9.25,-999.0
1993-12-24,2.65,979.6375,17.25,11.25,-999.0
1993-12-25,2.7375,970.8375,6.5,16.5,-999.0
1993-12-26,1.8375,972.825,12.625,8.5,-999.0
1993-12-27,-0.3375,985.2875,17.875,9.625,-999.0
1993-12-28,0.9,981.8,10.875,8.0,-999.0
1993-12-29,-0.75,986.6375,17.75,8.75,-999.0
1993-12-30,-0.2125,991.5875,11.0,7.875,-999.0
1993-12-31,0.95,979.575,12.5,11.125,-999.0
1994-01-01,1.2375,993.3125,12.375,9.5,-999.0
1994-01-02,0.8625,987.7625,13.625,11.375,-999.0
1994-01-03,-0.425,988.325,9.125,33.875,-999.0
1994-01-04,-0.9625,989.2375,8.5,31.0,-999.0
1994-01-05,1.6625,986.4875,13.75,6.25,-999.0
1994-01-06,2.125,986.025,21.5,9.0,-999.0
1994-01-07,1.0125,987.225,19.875,9.5,-999.0
1994-01-08,1.125,988.9875,15.375,9.625,-999.0
1994-01-09,1.525,987.3875,12.0,12.625,-999.0
1994-01-10,0.8125,990.3375,6.125,6.25,-999.0
1994-01-11,2.175,992.25,9.375,20.125,-999.0
1994-01-12,0.975,991.7625,11.5,23.625,-999.0
1994-01-13,-0.8375,992.575,9.25,10.875,-999.0
1994-01-14,-1.8125,993.6375,9.75,18.25,-999.0
1994-01-15,-1.25,988.0,7.375,23.375,-999.0
1994-01-16,-2.6125,989.6375,12.375,9.125,-999.0
1994-01-17,-2.325,987.8125,20.125,9.125,-999.0
1994-01-18,-2.0,982.3625,25.375,11.125,-999.0
1994-01-19,-0.95,982.65,15.0,14.625,-999.0
1994-01-20,1.025,984.325,19.5,10.25,-999.0
1994-01-21,1.625,987.175,16.5,9.625,-999.0
1994-01-22,1.6,987.5375,9.875,8.875,-999.0
1994-01-23,2.0,985.3125,9.5,10.5,-999.0
1994-01-24,1.2625,988.8875,6.75,10.75,-999.0
1994-01-25,2.45,988.9875,11.125,9.0,-999.0
1994-01-26,-1.25,986.15,4.625,9.75,-999.0
1994-01-27,-0.1,981.8875,13.625,11.0,-999.0
1994-01-28,-1.4125,980.1125,21.5,12.25,-999.0
1994-01-29,-2.3875,986.5875,20.25,8.25,-999.0
1994-01-30,-2.0875,988.5875,18.375,9.5,-999.0
1994-01-31,-3.5125,987.7875,12.375,11.125,-999.0
1994-02-01,-2.875,987.6125,11.75,7.625,-999.0
1994-02-02,-3.5625,983.925,22.0,11.25,-999.0
1994-02-03,-0.675,976.275,17.5,13.5,-999.0
1994-02-04,1.9125,983.8125,20.5,9.625,-999.0
1994-02-05,2.1625,984.0,17.625,8.5,-999.0
1994-02-06,-1.25,983.6625,11.375,9.75,-999.0
1994-02-07,-2.5625,983.3875,15.25,9.25,-999.0
1994-02-08,-1.625,981.525,13.875,8.875,-999.0
1994-02-09,-3.4625,982.55,7.625,19.5,-999.0
1994-02-10,-5.1625,985.95,2.5,15.0,-999.0
1994-02-11,-3.95,994.1375,6.375,3.5,-999.0
1994-02-12,-4.5125,987.525,3.125,14.625,-999.0
1994-02-13,-2.775,981.6625,8.125,19.875,-999.0
1994-02-14,-5.1375,984.7875,8.0,22.625,-999.0
1994-02-15,-5.8875,989.0625,8.0,41.5,-999.0
1994-02-16,-6.675,985.65,7.0,27.5,-999.0
1994-02-17,-4.8125,984.825,17.25,9.0,-999.0
1994-02-18,-5.775,983.15,13.125,11.5,-999.0
1994-02-19,-6.45,978.0125,12.0,9.125,-999.0
1994-02-20,-5.75,977.1625,26.25,7.75,-999.0
1994-02-21,-4.325,985.8625,23.375,9.5,-999.0
1994-02-22,-2.9,988.675,22.5,11.0,-999.0
1994-02-23,-3.8125,991.4125,14.5,10.125,-999.0
1994-02-24,-6.4125,994.025,2.75,9.75,-999.0
1994-02-25,-6.35,992.275,13.0,7.5,-999.0
1994-02-26,-4.125,983.35,28.75,10.0,-999.0
1994-02-27,-3.8875,981.6625,27.375,11.0,-999.0
1994-02-28,-3.7875,981.8625,19.75,10.5,-999.0
1994-03-01,-3.25,984.8125,23.75,9.25,-999.0
1994-03-02,-3.275,982.2625,8.75,6.25,-999.0
1994-03-03,-9.0625,980.25,5.25,5.5,-999.0
1994-03-04,-9.4375,977.125,16.0,9.625,-999.0
1994-03-05,-6.7125,981.3625,6.625,11.125,-999.0
1994-03-06,-8.6,985.725,2.75,3.125,-999.0
1994-03-07,-8.65,988.35,10.25,5.25,-999.0
1994-03-08,-6.475,985.6375,14.875,7.5,-999.0
1994-03-09,-10.5875,980.875,2.75,2.25,-999.0
1994-03-10,-9.95,983.1375,24.5,9.25,-999.0
1994-03-11,-7.4375,977.5375,38.5,9.0,-999.0
1994-03-12,-4.625,975.475,15.875,7.875,-999.0
1994-03-13,-8.5125,982.7,16.625,9.0,-999.0
1994-03-14,-7.75,982.275,26.625,9.0,-999.0
1994-03-15,-9.1625,982.15,16.875,9.0,-999.0
1994-03-16,-13.375,990.5125,5.0,16.875,-999.0
1994-03-17,-8.3625,987.6125,23.5,9.25,-999.0
1994-03-18,-4.975,968.9125,33.75,7.875,-999.0
1994-03-19,-5.3875,968.3125,25.625,9.0,-999.0
1994-03-20,-5.45,978.5375,17.75,9.0,-999.0
1994-03-21,-5.9375,987.725,17.125,9.0,-999.0
1994-03-22,-7.0625,979.625,8.125,4.5,-999.0
1994-03-23,-12.175,978.9875,1.0,14.625,-999.0
1994-03-24,-12.625,985.7625,7.875,16.875,-999.0
1994-03-25,-9.275,977.475,16.25,9.0,-999.0
1994-03-26,-8.8875,970.2375,19.0,9.0,-999.0
1994-03-27,-5.4375,978.8375,15.75,20.25,-999.0
1994-03-28,-7.65,977.65,21.625,9.0,-999.0
1994-03-29,-4.9625,980.6,19.375,10.25,-999.0
1994-03-30,-11.65,982.7875,3.25,3.5,-999.0
1994-03-31,-14.8625,980.0375,15.375,9.0,-999.0
1994-04-01,-12.0375,982.6375,24.375,9.0,-999.0
1994-04-02,-4.35,978.8875,28.375,9.0,-999.0
1994-04-03,-5.3875,982.3125,24.5,9.0,-999.0
1994-04-04,-6.85,982.375,27.625,9.0,-999.0
1994-04-05,-7.0,984.3625,22.625,7.875,-999.0
1994-04-06,-11.3,991.8125,10.0,6.75,-999.0
1994-04-07,-15.525,992.85,5.25,3.375,-999.0
1994-04-08,-17.25,999.0125,13.5,6.75,-999.0
1994-04-09,-11.225,991.625,30.625,11.125,-999.0
1994-04-10,-6.825,957.2,34.375,10.0,-999.0
1994-04-11,-7.35,959.5625,25.625,9.0,-999.0
1994-04-12,-6.425,972.45,21.875,10.875,-999.0
1994-04-13,-10.125,985.4,16.25,13.125,-999.0
1994-04-14,-11.8875,991.05,19.125,10.5,-999.0
1994-04-15,-15.675,992.4375,1.25,4.5,-999.0
1994-04-16,-19.2,990.6,3.5,2.75,-999.0
1994-04-17,-18.025,997.95,14.75,16.75,-999.0
1994-04-18,-13.425,1002.45,13.875,8.625,-999.0
1994-04-19,-9.25,997.2375,31.875,9.0,-999.0
1994-04-20,-6.625,992.375,24.375,9.0,-999.0
1994-04-21,-6.6,989.9125,21.5,9.0,-999.0
1994-04-22,-10.0,994.6375,6.125,20.25,-999.0
1994-04-23,-11.9,992.5875,8.625,19.125,-999.0
1994-04-24,-13.05,989.9125,10.375,8.125,-999.0
1994-04-25,-10.55,987.3625,16.625,13.25,-999.0
1994-04-26,-11.8,983.05,6.375,13.625,-999.0
1994-04-27,-16.4625,979.7375,1.0,1.375,-999.0
1994-04-28,-15.9,980.5375,18.375,13.75,-999.0
1994-04-29,-11.7375,974.9375,30.0,19.25,-999.0
1994-04-30,-14.4,971.0875,24.125,20.125,-999.0
1994-05-01,-11.7125,977.55,23.375,13.625,-999.0
1994-05-02,-9.7625,981.45,22.875,13.0,-999.0
1994-05-03,-16.75,977.5,3.125,4.5,-999.0
1994-05-04,-23.75,981.5375,0.25,12.375,-999.0
1994-05-05,-19.1125,984.9,9.375,9.25,-999.0
1994-05-06,-13.5125,984.5875,25.0,13.25,-999.0
1994-05-07,-12.65,987.625,22.75,11.625,-999.0
1994-05-08,-9.975,980.175,26.0,9.25,-999.0
1994-05-09,-8.5125,970.125,27.25,11.25,-999.0
1994-05-10,-13.875,972.9375,16.25,8.875,-999.0
1994-05-11,-13.125,974.1125,15.75,12.75,-999.0
1994-05-12,-14.425,977.1375,7.375,19.875,-999.0
1994-05-13,-16.5125,977.975,14.125,23.0,-999.0
1994-05-14,-15.6125,977.275,21.25,11.875,-999.0
1994-05-15,-13.8375,974.625,17.5,7.875,-999.0
1994-05-16,-8.5,970.2625,28.125,9.0,-999.0
1994-05-17,-5.6625,977.6875,28.75,9.0,-999.0
1994-05-18,-7.3375,995.725,33.75,10.125,-999.0
1994-05-19,-14.1875,995.475,6.25,4.5,-999.0
1994-05-20,-18.1,991.425,3.625,5.125,-999.0
1994-05-21,-21.5125,990.125,0.375,12.375,-999.0
1994-05-22,-20.175,995.5625,3.125,4.5,-999.0
1994-05-23,-16.975,999.575,16.625,9.875,-999.0
1994-05-24,-13.2125,1001.725,23.25,9.875,-999.0
1994-05-25,-10.85,1001.925,32.5,9.0,-999.0
1994-05-26,-7.7625,997.8625,36.25,9.0,-999.0
1994-05-27,-8.4125,1000.7125,14.125,10.125,-999.0
1994-05-28,-14.4,1003.3125,2.125,30.375,-999.0
1994-05-29,-15.175,1001.9375,7.625,21.5,-999.0
1994-05-30,-13.9375,999.075,23.125,11.5,-999.0
1994-05-31,-14.65,1000.125,27.625,9.0,-999.0
1994-06-01,-10.4,994.2125,29.375,9.0,-999.0
1994-06-02,-10.95,991.675,23.125,10.25,-999.0
1994-06-03,-11.8875,991.5375,15.375,12.0,-999.0
1994-06-04,-19.0125,996.8375,4.125,8.0,-999.0
1994-06-05,-20.05,994.6125,3.125,4.625,-999.0
1994-06-06,-15.55,994.6875,19.75,15.5,-999.0
1994-06-07,-15.25,1001.9375,8.375,15.0,-999.0
1994-06-08,-15.9875,1003.3125,26.25,13.625,-999.0
1994-06-09,-12.1125,987.375,29.375,11.75,-999.0
1994-06-10,-11.3,989.225,34.375,14.0,-999.0
1994-06-11,-10.9,991.0625,29.375,14.0,-999.0
1994-06-12,-13.8375,989.625,22.0,14.0,-999.0
1994-06-13,-12.4625,989.1375,22.125,14.25,-999.0
1994-06-14,-9.3875,988.3,25.75,14.0,-999.0
1994-06-15,-7.6375,994.3625,33.5,11.0,-999.0
1994-06-16,-7.2625,999.6375,22.0,11.0,-999.0
1994-06-17,-11.35,1002.9125,26.25,12.375,-999.0
1994-06-18,-14.1,1003.9625,22.5,11.375,-999.0
1994-06-19,-8.6875,1000.3,21.875,11.0,-999.0
1994-06-20,-9.8875,1000.2,28.875,11.0,-999.0
1994-06-21,-8.425,1004.2875,27.5,14.0,-999.0
1994-06-22,-7.6,1006.475,18.125,11.125,-999.0
1994-06-23,-8.8875,1001.2375,18.125,14.0,-999.0
1994-06-24,-12.8375,1003.9125,20.75,11.375,-999.0
1994-06-25,-13.775,999.5875,16.5,14.0,-999.0
1994-06-26,-9.8875,1003.45,15.25,14.5,-999.0
1994-06-27,-11.4,1005.2125,13.375,10.75,-999.0
1994-06-28,-10.675,999.5,14.125,26.125,-999.0
1994-06-29,-12.575,999.8375,8.625,10.75,-999.0
1994-06-30,-12.475,1004.3125,24.625,11.0,-999.0
1994-07-01,-12.5625,1000.9,22.5,11.0,-999.0
1994-07-02,-11.2125,986.025,33.75,11.0,-999.0
1994-07-03,-8.6125,979.1,36.25,11.0,-999.0
1994-07-04,-8.525,982.8625,22.875,11.0,-999.0
1994-07-05,-14.9625,986.7125,9.5,11.625,-999.0
1994-07-06,-15.9,987.7875,13.875,13.875,-999.0
1994-07-07,-18.1625,977.3,13.25,13.0,-999.0
1994-07-08,-16.175,979.4,17.125,11.0,-999.0
1994-07-09,-18.1,980.35,17.5,11.0,-999.0
1994-07-10,-14.775,976.125,30.625,11.0,-999.0
1994-07-11,-12.7125,985.425,28.625,11.0,-999.0
1994-07-12,-11.5375,983.7625,15.125,11.0,-999.0
1994-07-13,-15.0875,985.125,17.875,11.0,-999.0
1994-07-14,-14.9625,990.3,16.0,12.5,-999.0
1994-07-15,-15.075,996.8,22.25,14.625,-999.0
1994-07-16,-15.6,993.775,20.0,13.5,-999.0
1994-07-17,-15.9625,991.1875,16.125,12.125,-999.0
1994-07-18,-15.65,988.275,27.0,11.0,-999.0
1994-07-19,-12.7125,981.2875,36.25,11.0,-999.0
1994-07-20,-12.075,971.7875,35.0,12.5,-999.0
1994-07-21,-10.3875,978.3625,30.5,11.375,-999.0
1994-07-22,-11.1125,979.375,29.375,12.75,-999.0
1994-07-23,-14.55,991.0875,16.125,9.75,-999.0
1994-07-24,-19.8,989.5375,9.25,8.5,-999.0
1994-07-25,-19.6625,985.7875,22.0,18.25,-999.0
1994-07-26,-22.375,995.1,16.875,13.25,-999.0
1994-07-27,-22.4625,991.8875,14.625,22.75,-999.0
1994-07-28,-20.2,983.3,23.75,9.25,-999.0
1994-07-29,-21.2,979.05,18.125,10.125,-999.0
1994-07-30,-14.7125,971.1625,24.75,10.625,-999.0
1994-07-31,-14.175,982.05,25.75,10.25,-999.0
1994-08-01,-16.0,989.2125,22.75,9.25,-999.0
1994-08-02,-18.075,979.425,29.75,10.0,-999.0
1994-08-03,-20.775,976.4375,12.5,22.375,-999.0
1994-08-04,-20.9125,980.2875,16.5,11.75,-999.0
1994-08-05,-14.625,981.7875,30.375,12.875,-999.0
1994-08-06,-15.6875,982.15,5.625,2.75,-999.0
1994-08-07,-21.3375,976.9375,5.375,16.25,-999.0
1994-08-08,-24.325,978.95,8.625,18.75,-999.0
1994-08-09,-27.775,982.425,1.875,2.25,-999.0
1994-08-10,-22.3,988.3375,7.5,16.875,-999.0
1994-08-11,-16.3125,980.3,10.5,7.5,-999.0
1994-08-12,-13.8125,981.5,21.75,9.625,-999.0
1994-08-13,-17.55,993.35,1.0,1.375,-999.0
1994-08-14,-15.8125,982.15,12.625,8.0,-999.0
1994-08-15,-13.875,966.3625,38.125,11.0,-999.0
1994-08-16,-18.475,967.7375,20.375,10.0,-999.0
1994-08-17,-19.6875,979.85,27.625,10.5,-999.0
1994-08-18,-18.35,973.1125,5.375,28.25,-999.0
1994-08-19,-16.375,979.0,17.0,9.625,-999.0
1994-08-20,-16.5875,988.8625,20.875,22.0,-999.0
1994-08-21,-24.0375,987.8125,1.625,15.75,-999.0
1994-08-22,-23.6125,989.2625,0.375,12.375,-999.0
1994-08-23,-20.425,993.25,11.5,5.875,-999.0
1994-08-24,-15.65,996.575,26.25,10.75,-999.0
1994-08-25,-9.5,978.1125,51.25,11.0,-999.0
1994-08-26,-11.1,978.8875,38.125,9.75,-999.0
1994-08-27,-13.075,987.3,31.0,11.0,-999.0
1994-08-28,-16.975,989.9375,7.0,31.625,-999.0
1994-08-29,-18.0875,988.725,6.75,20.5,-999.0
1994-08-30,-21.8125,995.9375,13.125,33.75,-999.0
1994-08-31,-22.15,993.65,5.5,29.25,-999.0
1994-09-01,-20.1875,991.725,12.75,38.25,-999.0
1994-09-02,-13.5875,989.075,23.625,10.75,-999.0
1994-09-03,-16.7125,979.375,7.25,22.5,-999.0
1994-09-04,-21.2375,980.5625,0.5,12.375,-999.0
1994-09-05,-15.775,981.3,26.25,11.125,-999.0
1994-09-06,-15.6625,969.2625,33.75,12.5,-999.0
1994-09-07,-18.65,968.425,11.875,9.875,-999.0
1994-09-08,-17.3125,962.625,19.125,11.0,-999.0
1994-09-09,-22.4375,965.2,10.75,11.5,-999.0
1994-09-10,-22.9125,968.6125,8.25,7.375,-999.0
1994-09-11,-21.9375,963.675,11.375,6.75,-999.0
1994-09-12,-20.5125,978.3625,14.375,12.125,-999.0
1994-09-13,-19.1375,986.325,14.5,14.625,-999.0
1994-09-14,-21.8375,990.4375,2.25,25.875,-999.0
1994-09-15,-20.025,995.7625,3.25,17.375,-999.0
1994-09-16,-17.525,1000.1375,4.25,28.125,-999.0
1994-09-17,-15.225,1002.4125,7.5,7.375,-999.0
1994-09-18,-9.8875,1000.05,20.125,9.0,-999.0
1994-09-19,-10.0875,991.2625,32.875,9.0,-999.0
1994-09-20,-10.05,988.85,43.75,9.0,-999.0
1994-09-21,-8.0375,991.7875,27.875,9.0,-999.0
1994-09-22,-10.05,995.2,20.125,11.0,-999.0
1994-09-23,-12.825,994.1375,18.125,12.5,-999.0
1994-09-24,-17.675,1000.475,5.125,31.5,-999.0
1994-09-25,-21.775,1006.2,0.625,1.125,-999.0
1994-09-26,-21.9875,1005.2625,1.0,24.75,-999.0
1994-09-27,-16.5875,1019.1,2.75,14.625,-999.0
1994-09-28,-10.4875,1016.1,8.625,15.75,-999.0
1994-09-29,-5.6875,997.525,22.25,11.0,-999.0
1994-09-30,-12.2,984.0625,19.375,10.375,-999.0
1994-10-01,-15.3125,979.2,20.375,9.75,-999.0
1994-10-02,-10.2,975.675,22.75,9.0,-999.0
1994-10-03,-10.375,980.7,27.5,10.0,-999.0
1994-10-04,-12.125,983.5875,22.75,10.25,-999.0
1994-10-05,-11.1625,984.8,19.125,12.5,-999.0
1994-10-06,-13.4875,983.9,7.375,32.875,-999.0
1994-10-07,-16.5125,987.325,20.25,13.75,-999.0
1994-10-08,-13.5625,972.1625,45.0,11.0,-999.0
1994-10-09,-10.0625,975.9875,31.375,11.0,-999.0
1994-10-10,-7.8125,977.2375,27.875,11.0,-999.0
1994-10-11,-9.8625,986.4125,23.25,12.5,-999.0
1994-10-12,-10.575,990.025,20.375,12.5,-999.0
1994-10-13,-9.2,984.9125,14.875,11.0,-999.0
1994-10-14,-9.7,976.2125,19.0,11.0,-999.0
1994-10-15,-9.6,974.2375,1.125,13.75,-999.0
1994-10-16,-13.3625,982.025,0.0,0.0,-999.0
1994-10-17,-12.1875,987.9,6.625,3.75,-999.0
1994-10-18,-13.1375,988.2625,21.25,8.25,-999.0
1994-10-19,-10.675,988.175,21.875,11.375,-999.0
1994-10-20,-10.45,978.95,17.375,23.5,-999.0
1994-10-21,-7.8125,968.0125,28.375,12.875,-999.0
1994-10-22,-11.075,974.3,2.5,1.75,-999.0
1994-10-23,-10.8125,979.425,13.125,9.375,-999.0
1994-10-24,-10.25,979.8375,9.625,10.875,-999.0
1994-10-25,-10.5375,982.2,18.75,13.375,-999.0
1994-10-26,-9.3625,986.475,23.75,11.0,-999.0
1994-10-27,-6.825,987.5,24.5,11.0,-999.0
1994-10-28,-5.3,990.0875,26.0,11.0,-999.0
1994-10-29,-5.75,991.2625,15.25,11.75,-999.0
1994-10-30,-6.975,992.3375,8.25,10.625,-999.0
1994-10-31,-8.35,986.15,12.875,9.0,-999.0
1994-11-01,-8.95,986.075,27.0,14.375,-999.0
1994-11-02,-8.1875,991.325,21.0,14.5,-999.0
1994-11-03,-8.8,988.8125,18.125,8.875,-999.0
1994-11-04,-7.1375,976.6,23.125,13.625,-999.0
1994-11-05,-6.075,976.7,28.25,11.375,-999.0
1994-11-06,-3.7125,987.2875,25.625,11.0,-999.0
1994-11-07,-3.8625,994.1,19.125,35.0,-999.0
1994-11-08,-5.1375,1003.5875,12.375,39.125,-999.0
1994-11-09,-5.15,1003.5625,11.25,19.625,-999.0
1994-11-10,-3.9125,998.175,8.875,3.875,-999.0
1994-11-11,-4.575,998.0125,20.75,10.0,-999.0
1994-11-12,-3.75,987.7875,21.75,10.5,-999.0
1994-11-13,-4.775,984.8875,16.875,17.125,-999.0
1994-11-14,-6.25,993.3125,6.375,9.875,-999.0
1994-11-15,-4.7875,991.8,15.75,21.75,-999.0
1994-11-16,-4.175,994.7,20.875,11.0,-999.0
1994-11-17,-3.375,995.8,11.25,10.0,-999.0
1994-11-18,-4.0375,1000.6,8.0,23.75,-999.0
1994-11-19,-3.1125,997.95,5.875,12.125,-999.0
1994-11-20,-5.025,993.9375,6.25,51.75,-999.0
1994-11-21,-3.45,998.575,6.875,19.5,-999.0
1994-11-22,-4.075,989.5,10.875,12.25,-999.0
1994-11-23,-3.525,985.6375,11.375,19.625,-999.0
1994-11-24,-2.6375,982.55,16.125,13.25,-999.0
1994-11-25,-3.0375,984.8125,9.625,22.75,-999.0
1994-11-26,-3.475,989.5375,8.5,11.125,-999.0
1994-11-27,-3.5,991.3,15.25,12.5,-999.0
1994-11-28,-4.5,984.8375,27.875,10.75,-999.0
1994-11-29,-2.1,985.675,15.25,9.75,-999.0
1994-11-30,-2.0125,984.7625,11.625,38.0,-999.0
1994-12-01,-2.225,986.5,12.75,11.875,-999.0
1994-12-02,-2.4625,991.7,12.625,10.0,-999.0
1994-12-03,-1.65,995.275,21.5,11.0,-999.0
1994-12-04,-0.6375,988.1375,15.125,15.125,-999.0
1994-12-05,-0.075,985.1875,17.375,13.0,-999.0
1994-12-06,1.0375,986.5125,18.125,19.25,-999.0
1994-12-07,1.6875,980.4375,19.625,10.75,-999.0
1994-12-08,1.3375,970.2375,23.75,12.875,-999.0
1994-12-09,2.3375,974.0,17.25,11.875,-999.0
1994-12-10,2.5875,982.3875,13.5,18.5,-999.0
1994-12-11,1.9125,984.1125,9.375,23.375,-999.0
1994-12-12,1.575,985.675,8.25,20.5,-999.0
1994-12-13,-1.5,982.05,4.625,18.0,-999.0
1994-12-14,0.925,981.1125,13.375,15.875,-999.0
1994-12-15,0.725,983.5625,12.875,22.0,-999.0
1994-12-16,0.0875,983.4625,5.5,16.625,-999.0
1994-12-17,-2.275,980.775,8.125,12.75,-999.0
1994-12-18,-3.2875,977.45,6.0,46.5,-999.0
1994-12-19,-2.325,979.6625,8.5,9.0,-999.0
1994-12-20,-0.8625,986.2,5.75,37.125,-999.0
1994-12-21,-0.775,988.1,7.125,21.5,-999.0
1994-12-22,0.025,985.4625,6.0,38.875,-999.0
1994-12-23,-1.3,983.525,3.75,15.875,-999.0
1994-12-24,-0.2,981.5125,11.125,10.125,-999.0
1994-12-25,0.1875,977.0125,15.0,11.0,-999.0
1994-12-26,-0.8125,972.1625,28.375,10.0,-999.0
1994-12-27,-1.9125,968.1125,41.875,11.0,-999.0
1994-12-28,-1.575,976.725,33.5,11.0,-999.0
1994-12-29,-0.45,984.95,20.5,11.0,-999.0
1994-12-30,-0.4875,981.1,18.125,10.0,-999.0
1994-12-31,0.9125,978.675,25.125,12.375,-999.0
1995-01-01,1.8375,982.1,14.0,16.75,-999.0
1995-01-02,1.075,986.775,16.375,14.125,-999.0
1995-01-03,0.7875,990.025,10.75,18.375,-999.0
1995-01-04,-3.225,988.5375,5.75,36.0,-999.0
1995-01-05,-2.7125,990.1,3.0,19.375,-999.0
1995-01-06,-3.5625,991.0,3.5,18.875,-999.0
1995-01-07,-3.175,990.9125,4.125,29.0,-999.0
1995-01-08,-1.55,990.9,17.25,11.0,-999.0
1995-01-09,0.975,984.9125,28.375,11.0,-999.0
1995-01-10,2.1875,978.6125,28.125,11.0,-999.0
1995-01-11,1.8625,973.975,24.375,11.0,-999.0
1995-01-12,2.375,974.3125,22.5,11.0,-999.0
1995-01-13,3.1625,977.2,8.875,11.625,-999.0
1995-01-14,1.3125,979.4,4.5,22.25,-999.0
1995-01-15,-0.3125,983.975,8.875,10.0,-999.0
1995-01-16,0.625,982.5125,17.5,9.25,-999.0
1995-01-17,-0.8875,980.275,25.0,10.75,-999.0
1995-01-18,0.3625,977.8375,15.625,15.375,-999.0
1995-01-19,1.175,978.2125,15.375,11.0,-999.0
1995-01-20,1.4125,985.275,11.375,10.875,-999.0
1995-01-21,0.2875,983.825,13.0,12.125,-999.0
1995-01-22,0.275,983.475,11.0,13.375,-999.0
1995-01-23,1.075,984.825,12.375,19.25,-999.0
1995-01-24,-2.3875,986.35,5.25,16.25,-999.0
1995-01-25,-3.05,984.45,5.125,21.75,-999.0
1995-01-26,-2.175,986.0625,5.625,7.875,-999.0
1995-01-27,-1.4875,991.2625,10.125,12.625,-999.0
1995-01-28,-1.5125,992.375,10.375,12.25,-999.0
1995-01-29,-2.175,997.2875,8.75,8.875,-999.0
1995-01-30,-2.575,1000.2625,7.875,9.5,-999.0
1995-01-31,-4.3125,992.5875,8.125,14.875,-999.0
1995-02-01,-4.875,987.7875,12.625,10.75,-999.0
1995-02-02,-2.1875,985.0,13.875,16.625,-999.0
1995-02-03,-0.175,982.25,11.875,13.625,-999.0
1995-02-04,0.675,982.3,17.75,13.625,-999.0
1995-02-05,-0.3,986.7875,22.125,12.5,-999.0
1995-02-06,-0.825,987.975,13.0,12.25,-999.0
1995-02-07,-2.725,983.0,23.5,14.0,-999.0
1995-02-08,-1.6875,984.35,8.5,12.0,-999.0
1995-02-09,-2.875,984.4375,15.125,15.25,-999.0
1995-02-10,-1.725,981.7875,22.875,15.0,-999.0
1995-02-11,-2.1,982.8875,27.875,16.75,-999.0
1995-02-12,-0.45,980.0375,17.375,17.75,-999.0
1995-02-13,-1.025,981.7625,13.375,17.0,-999.0
1995-02-14,-2.275,985.9125,18.0,15.0,-999.0
1995-02-15,-2.625,985.55,10.125,13.625,-999.0
1995-02-16,-6.95,986.9875,14.625,16.875,-999.0
1995-02-17,-4.325,992.0125,11.375,13.5,-999.0
1995-02-18,-1.8625,992.825,10.125,16.625,-999.0
1995-02-19,-5.35,991.975,6.75,9.25,-999.0
1995-02-20,-4.4875,994.875,15.375,14.375,-999.0
1995-02-21,-2.4625,978.2125,22.875,16.0,-999.0
1995-02-22,-1.4625,970.5,11.0,9.25,-999.0
1995-02-23,-1.8,978.5,14.5,13.5,-999.0
1995-02-24,-3.2625,984.3875,28.0,14.75,-999.0
1995-02-25,-3.175,986.15,31.375,15.5,-999.0
1995-02-26,-3.7625,993.625,17.125,13.625,-999.0
1995-02-27,-5.425,992.55,27.5,15.0,-999.0
1995-02-28,-4.175,990.85,30.5,15.75,-999.0
1995-03-01,-5.6,987.3,10.375,17.75,-999.0
1995-03-02,-8.275,987.9625,4.5,8.75,-999.0
1995-03-03,-9.225,992.925,4.375,5.125,-999.0
1995-03-04,-5.8375,984.7375,23.0,13.5,-999.0
1995-03-05,-5.325,988.1375,26.25,15.0,-999.0
1995-03-06,-5.9375,990.7875,7.5,9.375,-999.0
1995-03-07,-6.9875,989.875,9.25,12.25,-999.0
1995-03-08,-5.825,984.85,8.125,21.5,-999.0
1995-03-09,-2.8,972.2375,16.375,19.75,-999.0
1995-03-10,-3.95,979.625,15.0,19.75,-999.0
1995-03-11,-6.8625,992.4375,11.5,12.875,-999.0
1995-03-12,-4.6625,995.0875,16.625,15.5,-999.0
1995-03-13,-2.575,992.4875,17.125,16.0,-999.0
1995-03-14,-2.9875,987.975,21.0,17.5,-999.0
1995-03-15,-6.7125,988.925,4.75,12.5,-999.0
1995-03-16,-8.4125,990.125,2.0,5.625,-999.0
1995-03-17,-7.4125,992.475,12.625,14.625,-999.0
1995-03-18,-6.6375,985.2125,15.25,13.125,-999.0
1995-03-19,-8.925,987.6125,2.875,7.875,-999.0
1995-03-20,-10.125,995.6625,12.375,15.25,-999.0
1995-03-21,-8.925,999.5,6.25,11.5,-999.0
1995-03-22,-7.1125,993.025,13.625,16.5,-999.0
1995-03-23,-9.0125,979.45,27.375,18.0,-999.0
1995-03-24,-9.875,978.7,26.875,20.5,-999.0
1995-03-25,-4.0,981.5875,26.0,20.25,-999.0
1995-03-26,-8.5,988.3875,4.5,12.0,-999.0
1995-03-27,-10.8375,985.325,20.5,20.625,-999.0
1995-03-28,-9.8,992.475,21.875,20.75,-999.0
1995-03-29,-10.75,1002.025,10.875,21.5,-999.0
1995-03-30,-9.275,992.2125,25.75,16.75,-999.0
1995-03-31,-11.2375,985.425,16.75,11.625,-999.0
1995-04-01,-5.3875,988.1625,24.75,14.875,-999.0
1995-04-02,-6.275,993.3875,28.125,15.125,-999.0
1995-04-03,-6.2125,996.725,22.25,13.75,-999.0
1995-04-04,-6.5875,999.6125,21.375,13.625,-999.0
1995-04-05,-11.0,989.3875,19.875,17.25,-999.0
1995-04-06,-14.075,985.4,15.75,13.125,-999.0
1995-04-07,-14.8875,991.3,11.625,16.125,-999.0
1995-04-08,-11.325,993.7125,20.5,16.25,-999.0
1995-04-09,-9.7,982.675,25.5,15.875,-999.0
1995-04-10,-8.675,984.3,28.875,17.25,-999.0
1995-04-11,-7.6875,979.825,36.625,16.0,-999.0
1995-04-12,-7.3875,983.1375,16.125,14.75,-999.0
1995-04-13,-10.9,983.4375,16.25,22.75,-999.0
1995-04-14,-9.525,978.6,17.75,17.25,-999.0
1995-04-15,-9.05,971.8625,15.875,17.5,-999.0
1995-04-16,-5.85,971.7625,22.625,17.25,-999.0
1995-04-17,-8.6625,983.925,21.25,18.5,-999.0
1995-04-18,-9.6125,990.1375,25.75,16.25,-999.0
1995-04-19,-9.1125,994.825,10.25,8.25,-999.0
1995-04-20,-11.7625,977.35,6.625,8.25,-999.0
1995-04-21,-20.625,969.4125,0.75,0.25,-999.0
1995-04-22,-16.2,970.2125,8.25,11.25,-999.0
1995-04-23,-12.225,974.6625,31.5,15.0,-999.0
1995-04-24,-9.55,971.1125,21.375,16.0,-999.0
1995-04-25,-7.7125,976.4125,29.0,12.625,-999.0
1995-04-26,-7.6125,988.4375,24.375,15.5,-999.0
1995-04-27,-14.0875,986.2375,13.375,11.125,-999.0
1995-04-28,-14.825,990.6875,26.5,16.75,-999.0
1995-04-29,-11.05,990.425,29.125,13.0,-999.0
1995-04-30,-9.325,993.275,43.375,12.75,-999.0
1995-05-01,-7.05,984.4,40.5,12.125,-999.0
1995-05-02,-7.95,976.725,34.5,12.125,-999.0
1995-05-03,-7.275,972.3625,18.25,15.25,-999.0
1995-05-04,-8.9625,983.9625,11.0,16.25,-999.0
1995-05-05,-13.1,978.275,14.875,8.875,-999.0
1995-05-06,-13.2,974.5,23.875,14.875,-999.0
1995-05-07,-13.8125,976.2,24.25,12.75,-999.0
1995-05-08,-17.75,978.025,15.125,15.75,-999.0
1995-05-09,-22.525,982.175,0.0,0.0,-999.0
1995-05-10,-17.025,990.9125,14.625,13.0,-999.0
1995-05-11,-20.425,996.475,1.75,1.75,-999.0
1995-05-12,-19.45,991.6875,12.25,13.625,-999.0
1995-05-13,-20.475,987.775,16.75,15.125,-999.0
1995-05-14,-22.6625,984.3625,16.375,11.0,-999.0
1995-05-15,-20.85,980.0375,26.125,11.0,-999.0
1995-05-16,-17.1,976.1625,44.125,11.75,-999.0
1995-05-17,-11.3,980.375,51.625,11.75,-999.0
1995-05-18,-7.975,985.9875,32.0,14.75,-999.0
1995-05-19,-11.2125,981.3375,22.75,18.375,-999.0
1995-05-20,-15.4125,982.3875,18.375,15.25,-999.0
1995-05-21,-15.5375,981.75,19.5,15.5,-999.0
1995-05-22,-18.9125,990.3625,11.25,13.75,-999.0
1995-05-23,-13.0625,992.75,22.5,12.125,-999.0
1995-05-24,-9.8375,983.4875,24.0,11.75,-999.0
1995-05-25,-10.8125,978.85,18.375,11.375,-999.0
1995-05-26,-13.4625,973.25,31.25,12.125,-999.0
1995-05-27,-12.775,972.325,28.0,11.75,-999.0
1995-05-28,-10.8625,971.625,34.875,12.125,-999.0
1995-05-29,-13.475,979.3,22.0,15.5,-999.0
1995-05-30,-12.7,978.6375,34.375,14.375,-999.0
1995-05-31,-10.8875,975.5875,32.75,12.75,-999.0
1995-06-01,-10.8125,977.9125,21.875,11.5,-999.0
1995-06-02,-13.0875,979.9125,19.25,15.75,-999.0
1995-06-03,-16.9375,978.925,26.0,17.75,-999.0
1995-06-04,-13.1125,986.0125,30.125,16.75,-999.0
1995-06-05,-14.375,995.3125,20.875,13.625,-999.0
1995-06-06,-11.975,991.9125,11.25,9.25,-999.0
1995-06-07,-15.9875,992.4125,19.625,11.75,-999.0
1995-06-08,-19.7125,998.3,8.0,11.0,-999.0
1995-06-09,-22.9875,1005.8125,2.0,2.25,-999.0
1995-06-10,-21.725,1003.275,0.0,0.0,-999.0
1995-06-11,-17.4625,1001.775,11.625,10.125,-999.0
1995-06-12,-21.825,1004.5,2.125,3.5,-999.0
1995-06-13,-14.475,1004.0875,7.375,4.125,-999.0
1995-06-14,-14.7375,999.5,9.125,16.625,-999.0
1995-06-15,-10.7875,986.4875,23.5,12.25,-999.0
1995-06-16,-13.425,990.2,21.75,11.0,-999.0
1995-06-17,-15.0625,993.6625,3.375,2.75,-999.0
1995-06-18,-15.7125,994.0,5.875,7.0,-999.0
1995-06-19,-13.4875,992.9625,14.0,8.0,-999.0
1995-06-20,-18.225,989.875,7.875,8.375,-999.0
1995-06-21,-20.9125,994.3,10.75,14.625,-999.0
1995-06-22,-23.5375,999.1,13.5,14.0,-999.0
1995-06-23,-22.6625,1009.1375,4.375,9.875,-999.0
1995-06-24,-19.7875,1009.7375,4.0,6.625,-999.0
1995-06-25,-20.225,996.1625,5.375,4.875,-999.0
1995-06-26,-16.025,982.7,31.875,12.875,-999.0
1995-06-27,-11.1625,992.1875,36.875,14.125,-999.0
1995-06-28,-16.4875,1003.775,19.625,17.0,-999.0
1995-06-29,-19.7125,995.5125,14.125,14.375,-999.0
1995-06-30,-19.9,1003.9375,12.75,18.75,-999.0
1995-07-01,-17.9375,1003.5875,17.75,14.375,-999.0
1995-07-02,-15.3375,992.375,25.0,16.25,-999.0
1995-07-03,-14.8625,993.7125,23.75,12.5,-999.0
1995-07-04,-15.7875,1000.4375,30.625,16.25,-999.0
1995-07-05,-20.3,994.2125,23.25,18.0,-999.0
1995-07-06,-17.6875,994.8,24.5,16.375,-999.0
1995-07-07,-14.8125,997.3875,20.375,19.75,-999.0
1995-07-08,-19.2625,996.7375,20.5,16.5,-999.0
1995-07-09,-19.5125,986.5625,5.625,5.875,-999.0
1995-07-10,-9.475,991.9125,24.375,12.75,-999.0
1995-07-11,-6.15,988.55,29.125,14.5,-999.0
1995-07-12,-8.275,987.5,34.0,14.0,-999.0
1995-07-13,-11.7375,991.8125,16.375,15.875,-999.0
1995-07-14,-14.6125,987.625,24.625,13.375,-999.0
1995-07-15,-9.2625,987.65,54.375,14.0,-999.0
1995-07-16,-9.2625,1000.675,41.75,14.0,-999.0
1995-07-17,-10.5625,998.5,25.375,13.5,-999.0
1995-07-18,-13.35,994.9625,28.0,14.25,-999.0
1995-07-19,-14.1,998.675,18.75,16.875,-999.0
1995-07-20,-18.6,1000.7625,13.25,17.0,-999.0
1995-07-21,-20.1375,1003.075,10.375,14.25,-999.0
1995-07-22,-21.8625,1001.95,7.0,14.625,-999.0
1995-07-23,-19.2625,1007.45,13.875,10.0,-999.0
1995-07-24,-14.775,1005.125,31.625,16.375,-999.0
1995-07-25,-10.95,1000.4375,29.125,14.0,-999.0
1995-07-26,-14.7875,997.3625,24.75,18.625,-999.0
1995-07-27,-16.1625,992.8,21.25,18.75,-999.0
1995-07-28,-17.675,985.775,12.0,16.25,-999.0
1995-07-29,-8.6,981.95,25.125,15.75,-999.0
1995-07-30,-21.45,998.625,4.25,5.25,-999.0
1995-07-31,-25.3625,1002.025,1.25,0.25,-999.0
1995-08-01,-11.0375,1001.075,24.125,13.25,-999.0
1995-08-02,-11.2625,1014.7375,41.5,13.25,-999.0
1995-08-03,-5.9,1012.925,25.75,11.875,-999.0
1995-08-04,-4.3,1001.3375,26.125,15.75,-999.0
1995-08-05,-11.425,997.7,6.75,11.0,-999.0
1995-08-06,-16.15,989.425,14.0,14.25,-999.0
1995-08-07,-17.5375,994.2125,24.125,14.375,-999.0
1995-08-08,-14.8125,998.65,27.375,15.0,-999.0
1995-08-09,-17.625,997.35,4.875,12.0,-999.0
1995-08-10,-24.4,1002.9,4.25,10.625,-999.0
1995-08-11,-29.1625,1001.7,2.75,4.375,-999.0
1995-08-12,-27.6375,1004.2,4.625,14.375,-999.0
1995-08-13,-12.0375,992.3875,31.25,14.5,-999.0
1995-08-14,-11.5625,979.1125,32.625,14.0,-999.0
1995-08-15,-15.8125,979.7875,13.375,12.875,-999.0
1995-08-16,-18.425,980.725,15.0,17.75,-999.0
1995-08-17,-20.425,976.375,18.625,18.875,-999.0
1995-08-18,-21.8,975.275,15.75,16.875,-999.0
1995-08-19,-22.125,989.475,16.125,13.875,-999.0
1995-08-20,-25.025,996.55,3.0,7.375,-999.0
1995-08-21,-24.775,996.925,5.0,17.75,-999.0
1995-08-22,-23.975,999.075,0.625,0.25,-999.0
1995-08-23,-18.175,987.5125,12.625,11.125,-999.0
1995-08-24,-21.1125,989.475,8.125,9.875,-999.0
1995-08-25,-16.0,978.1625,37.0,13.125,-999.0
1995-08-26,-18.325,976.375,31.375,13.625,-999.0
1995-08-27,-14.825,963.475,18.5,18.625,-999.0
1995-08-28,-16.5,985.7,23.875,16.875,-999.0
1995-08-29,-20.8625,992.975,8.0,10.375,-999.0
1995-08-30,-23.2625,994.7375,4.75,10.75,-999.0
1995-08-31,-24.2875,990.6375,0.625,1.125,-999.0
1995-09-01,-18.375,972.4125,14.625,12.25,-999.0
1995-09-02,-17.825,980.5625,9.75,20.0,-999.0
1995-09-03,-18.1,983.6625,3.75,8.125,-999.0
1995-09-04,-22.0,987.0125,1.5,8.25,-999.0
1995-09-05,-14.95,988.6375,15.375,18.375,-999.0
1995-09-06,-14.6125,989.2,14.625,16.75,-999.0
1995-09-07,-11.275,990.8125,18.625,16.25,-999.0
1995-09-08,-10.6,982.625,21.875,14.125,-999.0
1995-09-09,-10.3125,977.0625,35.5,16.5,-999.0
1995-09-10,-9.6625,984.1875,33.75,18.25,-999.0
1995-09-11,-12.2875,987.4375,15.375,15.0,-999.0
1995-09-12,-17.05,982.525,4.125,7.25,-999.0
1995-09-13,-17.75,977.4375,22.125,17.25,-999.0
1995-09-14,-12.225,960.3375,25.75,20.125,-999.0
1995-09-15,-16.6,971.625,5.375,10.125,-999.0
1995-09-16,-19.825,974.4125,8.75,10.375,-999.0
1995-09-17,-26.075,974.3375,3.875,7.5,-999.0
1995-09-18,-25.725,976.1,3.875,4.75,-999.0
1995-09-19,-21.575,975.075,12.875,19.375,-999.0
1995-09-20,-23.7625,970.1125,16.375,10.5,-999.0
1995-09-21,-21.0,960.725,22.875,16.75,-999.0
1995-09-22,-20.5875,971.7125,10.0,19.875,-999.0
1995-09-23,-21.9625,975.0,12.5,14.625,-999.0
1995-09-24,-23.1,978.6375,6.375,10.0,-999.0
1995-09-25,-21.55,974.45,19.875,17.5,-999.0
1995-09-26,-19.9625,971.5125,11.5,18.125,-999.0
1995-09-27,-22.7875,970.125,8.625,15.25,-999.0
1995-09-28,-20.475,978.7,10.75,11.75,-999.0
1995-09-29,-20.0375,987.7875,2.875,8.875,-999.0
1995-09-30,-16.6125,989.2625,10.0,13.0,-999.0
1995-10-01,-13.9875,977.0625,24.0,17.375,-999.0
1995-10-02,-13.4,973.0375,20.625,20.375,-999.0
1995-10-03,-11.2875,985.6625,11.0,19.25,-999.0
1995-10-04,-14.2375,987.925,16.0,17.5,-999.0
1995-10-05,-12.95,986.3375,26.25,15.625,-999.0
1995-10-06,-11.3375,995.275,26.625,15.25,-999.0
1995-10-07,-5.1125,991.25,34.875,16.25,-999.0
1995-10-08,-10.0375,993.1125,13.875,16.875,-999.0
1995-10-09,-13.05,993.35,13.125,20.0,-999.0
1995-10-10,-13.525,987.875,22.125,15.875,-999.0
1995-10-11,-12.65,993.2,20.5,18.75,-999.0
1995-10-12,-11.4875,987.0125,17.0,14.0,-999.0
1995-10-13,-9.3375,966.125,25.125,20.0,-999.0
1995-10-14,-10.9625,972.6625,9.875,12.75,-999.0
1995-10-15,-11.3,977.325,23.0,17.75,-999.0
1995-10-16,-13.175,978.0,17.875,23.25,-999.0
1995-10-17,-12.9875,977.175,19.625,18.25,-999.0
1995-10-18,-9.5,982.45,17.875,18.875,-999.0
1995-10-19,-13.775,989.025,1.0,1.375,-999.0
1995-10-20,-11.5,987.175,3.625,11.0,-999.0
1995-10-21,-10.4,989.8625,17.625,15.0,-999.0
1995-10-22,-5.3625,976.0125,37.125,17.875,-999.0
1995-10-23,-3.35,975.0125,32.625,17.25,-999.0
1995-10-24,-1.9625,984.9125,32.0,16.5,-999.0
1995-10-25,-2.65,989.7875,21.5,16.25,-999.0
1995-10-26,-3.625,996.5125,12.875,17.875,-999.0
1995-10-27,-5.675,1007.5,6.125,13.625,-999.0
1995-10-28,-7.525,997.975,4.25,18.375,-999.0
1995-10-29,-8.475,982.7125,33.125,15.0,-999.0
1995-10-30,-7.5125,978.8375,24.75,13.75,-999.0
1995-10-31,-11.775,977.4875,31.125,14.0,-999.0
1995-11-01,-9.425,980.575,29.5,15.0,-999.0
1995-11-02,-8.1125,981.075,14.25,10.0,-999.0
1995-11-03,-9.75,982.225,21.875,15.5,-999.0
1995-11-04,-9.65,983.8625,17.5,14.5,-999.0
1995-11-05,-8.9125,981.4,22.125,15.5,-999.0
1995-11-06,-7.2,979.1,28.25,15.25,-999.0
1995-11-07,-6.1375,978.5625,31.625,14.75,-999.0
1995-11-08,-3.8,982.5,35.0,14.5,-999.0
1995-11-09,-3.9375,993.7375,16.125,22.625,-999.0
1995-11-10,-7.05,993.975,19.875,13.25,-999.0
1995-11-11,-8.0375,991.85,31.75,11.0,-999.0
1995-11-12,-5.4125,982.35,23.625,11.0,-999.0
1995-11-13,-5.5875,977.6875,31.0,11.125,-999.0
1995-11-14,-5.9625,984.9375,24.75,11.0,-999.0
1995-11-15,-6.2375,982.4375,16.75,11.5,-999.0
1995-11-16,-7.3125,980.675,12.0,13.625,-999.0
1995-11-17,-6.0375,983.725,20.5,14.0,-999.0
1995-11-18,-4.25,985.8,19.0,10.625,-999.0
1995-11-19,-3.225,988.5,20.75,12.25,-999.0
1995-11-20,-3.1125,979.6375,16.5,11.75,-999.0
1995-11-21,-3.9125,983.675,10.25,8.375,-999.0
1995-11-22,-3.6,985.8625,15.25,13.0,-999.0
1995-11-23,-4.0375,986.8,14.25,23.125,-999.0
1995-11-24,-4.525,992.0,10.625,17.25,-999.0
1995-11-25,-5.3625,993.2625,4.875,13.5,-999.0
1995-11-26,-7.725,993.85,10.75,7.25,-999.0
1995-11-27,-7.4375,999.9,26.0,10.25,-999.0
1995-11-28,-5.9,998.7125,24.125,9.5,-999.0
1995-11-29,-3.1375,990.825,20.25,10.5,-999.0
1995-11-30,-3.0,992.15,28.125,11.0,-999.0
1995-12-01,-2.2625,990.0375,30.375,11.0,-999.0
1995-12-02,-3.275,987.575,30.25,11.125,-999.0
1995-12-03,-0.8,978.875,24.125,10.25,-999.0
1995-12-04,-0.225,975.0375,20.375,10.5,-999.0
1995-12-05,-0.7375,978.9375,12.875,9.25,-999.0
1995-12-06,-0.3875,984.825,8.125,13.875,-999.0
1995-12-07,-4.0625,990.6125,5.375,16.5,-999.0
1995-12-08,-2.6875,984.05,32.375,11.0,-999.0
1995-12-09,-2.3125,981.95,30.625,12.125,-999.0
1995-12-10,-0.85,978.425,20.25,8.625,-999.0
1995-12-11,-0.9625,971.325,21.5,10.75,-999.0
1995-12-12,-0.5125,974.625,15.125,11.375,-999.0
1995-12-13,1.625,980.325,11.875,11.0,-999.0
1995-12-14,0.0625,984.125,8.0,13.25,-999.0
1995-12-15,-0.15,985.9375,7.75,14.375,-999.0
1995-12-16,0.375,982.8375,13.875,15.25,-999.0
1995-12-17,3.4125,984.6,8.625,21.75,-999.0
1995-12-18,0.6375,989.2375,6.75,7.625,-999.0
1995-12-19,1.7875,993.6875,16.625,10.75,-999.0
1995-12-20,2.2875,1001.6625,9.125,11.25,-999.0
1995-12-21,1.55,986.425,12.125,8.75,-999.0
1995-12-22,3.9125,982.525,11.25,24.625,-999.0
1995-12-23,-0.3125,990.7,18.25,10.875,-999.0
1995-12-24,-0.5375,988.05,23.375,11.375,-999.0
1995-12-25,1.1125,978.2,22.625,12.25,-999.0
1995-12-26,0.3125,988.8125,13.625,13.375,-999.0
1995-12-27,-0.1,981.825,9.125,14.875,-999.0
1995-12-28,-1.4625,986.85,8.25,17.375,-999.0
1995-12-29,-2.7875,988.3875,8.5,12.0,-999.0
1995-12-30,-1.1375,990.2125,25.25,13.5,-999.0
1995-12-31,2.175,990.025,22.375,13.0,-999.0
1996-01-01,4.9125,981.15,17.5,13.875,-999.0
1996-01-02,3.0375,977.8625,14.375,18.125,-999.0
1996-01-03,1.8,978.7,12.0,11.5,-999.0
1996-01-04,2.675,985.475,10.375,15.125,-999.0
1996-01-05,2.2375,988.7625,8.375,14.5,-999.0
1996-01-06,0.6125,992.175,6.75,11.125,-999.0
1996-01-07,0.1125,996.45,3.25,7.75,-999.0
1996-01-08,0.075,999.95,7.375,10.5,-999.0
1996-01-09,-1.8125,998.275,2.75,5.875,-999.0
1996-01-10,0.3875,998.925,6.75,12.75,-999.0
1996-01-11,-1.6125,998.1125,5.5,14.625,-999.0
1996-01-12,-2.025,992.05,7.125,17.875,-999.0
1996-01-13,-0.925,988.3125,9.625,16.5,-999.0
1996-01-14,-3.05,990.5375,5.0,15.0,-999.0
1996-01-15,-3.775,990.4375,5.25,15.375,-999.0
1996-01-16,-2.65,992.3375,10.625,18.125,-999.0
1996-01-17,-2.2375,990.7625,15.875,18.5,-999.0
1996-01-18,-0.9875,984.775,9.75,18.0,-999.0
1996-01-19,-2.125,978.325,8.625,16.125,-999.0
1996-01-20,-2.4875,986.0875,8.875,12.5,-999.0
1996-01-21,0.2,995.25,11.5,13.875,-999.0
1996-01-22,1.575,990.425,15.375,15.125,-999.0
1996-01-23,-0.025,988.725,17.375,14.25,-999.0
1996-01-24,-0.375,988.6,16.75,12.875,-999.0
1996-01-25,-0.45,987.525,17.5,15.75,-999.0
1996-01-26,-0.475,997.075,15.375,11.625,-999.0
1996-01-27,2.1875,1003.9,17.625,16.0,-999.0
1996-01-28,2.75,1005.9875,24.25,16.75,-999.0
1996-01-29,5.1625,1002.0625,26.125,16.0,-999.0
1996-01-30,4.45,1003.3625,17.5,15.125,-999.0
1996-01-31,2.7875,996.725,28.875,15.5,-999.0
1996-02-01,2.675,999.2,32.75,15.0,-999.0
1996-02-02,4.0625,1000.2,25.5,14.625,-999.0
1996-02-03,9.35,996.3,21.5,15.75,-999.0
1996-02-04,4.9875,1000.55,14.0,12.375,-999.0
1996-02-05,2.6375,995.2375,11.75,14.625,-999.0
1996-02-06,2.775,991.125,27.875,16.75,-999.0
1996-02-07,1.975,994.0125,22.5,15.75,-999.0
1996-02-08,0.4875,996.3375,17.25,15.125,-999.0
1996-02-09,-0.3625,997.55,17.375,16.0,-999.0
1996-02-10,-1.2875,996.5375,14.5,17.375,-999.0
1996-02-11,-1.8125,996.5875,22.25,17.0,-999.0
1996-02-12,-1.4625,999.4,26.0,19.0,-999.0
1996-02-13,-2.2125,990.4375,27.25,19.25,-999.0
1996-02-14,-1.4875,968.5625,16.25,17.5,-999.0
1996-02-15,0.9125,983.2875,13.5,19.5,-999.0
1996-02-16,-1.975,987.55,11.0,12.625,-999.0
1996-02-17,-3.3875,987.1,11.75,17.25,-999.0
1996-02-18,-1.7,990.15,14.875,15.875,-999.0
1996-02-19,-3.1125,990.6375,18.25,17.25,-999.0
1996-02-20,-1.325,990.575,18.375,17.0,-999.0
1996-02-21,-1.3125,990.6875,12.625,17.5,-999.0
1996-02-22,-1.9875,990.3375,14.125,14.625,-999.0
1996-02-23,-3.375,976.925,26.5,20.375,-999.0
1996-02-24,-2.975,976.2,19.0,18.75,-999.0
1996-02-25,-4.3375,980.7875,23.875,19.375,-999.0
1996-02-26,-5.575,993.225,3.375,10.375,-999.0
1996-02-27,-3.175,993.2625,15.125,14.625,-999.0
1996-02-28,-4.7875,992.5125,5.375,13.875,-999.0
1996-02-29,-5.275,986.9125,12.75,15.75,-999.0
1996-03-01,-7.0375,985.1625,14.25,23.625,-999.0
1996-03-02,-6.2,986.8625,21.25,19.125,-999.0
1996-03-03,-4.7125,981.025,35.75,17.5,-999.0
1996-03-04,-1.75,975.2875,34.5,18.75,-999.0
1996-03-05,-0.2,979.1875,23.25,19.375,-999.0
1996-03-06,-2.7625,984.7125,7.75,14.125,-999.0
1996-03-07,-6.325,986.4625,13.125,20.75,-999.0
1996-03-08,-7.075,981.925,14.0,23.125,-999.0
1996-03-09,-6.825,988.6875,13.375,19.25,-999.0
1996-03-10,-8.4375,993.675,10.75,15.875,-999.0
1996-03-11,-7.5375,987.5625,22.125,23.75,-999.0
1996-03-12,-8.2125,985.2375,20.0,21.375,-999.0
1996-03-13,-5.9375,988.775,20.5,25.25,-999.0
1996-03-14,-7.9625,989.55,16.25,20.875,-999.0
1996-03-15,-11.2125,982.025,2.25,8.625,-999.0
1996-03-16,-13.3125,983.0375,1.25,0.875,-999.0
1996-03-17,-13.1,985.9125,9.75,11.25,-999.0
1996-03-18,-9.875,984.0875,13.5,10.0,-999.0
1996-03-19,-12.325,986.8125,13.625,12.0,-999.0
1996-03-20,-13.1625,978.95,7.75,10.875,-999.0
1996-03-21,-8.5625,980.8625,25.25,12.125,-999.0
1996-03-22,-9.35,980.8,14.5,19.125,-999.0
1996-03-23,-7.2875,979.65,13.0,16.625,-999.0
1996-03-24,-7.175,980.525,26.25,12.875,-999.0
1996-03-25,-7.9,983.4625,28.25,15.75,-999.0
1996-03-26,-9.075,979.15,30.125,16.25,-999.0
1996-03-27,-5.95,979.5875,24.25,14.5,-999.0
1996-03-28,-9.3,987.725,8.5,9.375,-999.0
1996-03-29,-11.2875,990.4625,1.25,9.625,-999.0
1996-03-30,-8.3125,981.1375,19.875,7.875,-999.0
1996-03-31,-8.1625,987.7,35.625,10.75,-999.0
1996-04-01,-6.35,986.3375,35.125,10.875,-999.0
1996-04-02,-7.3125,977.3625,19.375,14.375,-999.0
1996-04-03,-12.4625,980.6875,18.125,16.75,-999.0
1996-04-04,-7.6125,989.3625,19.125,12.75,-999.0
1996-04-05,-6.825,985.1375,33.25,10.5,-999.0
1996-04-06,-5.1875,974.4625,37.0,13.5,-999.0
1996-04-07,-6.6625,984.6375,16.75,17.5,-999.0
1996-04-08,-12.4625,983.15,12.625,16.375,-999.0
1996-04-09,-14.675,971.4125,6.25,9.875,-999.0
1996-04-10,-15.875,980.9375,14.5,17.0,-999.0
1996-04-11,-11.35,981.925,31.625,16.0,-999.0
1996-04-12,-11.125,982.8625,19.875,15.625,-999.0
1996-04-13,-11.7,987.5625,17.0,9.75,-999.0
1996-04-14,-11.25,979.125,31.0,11.0,-999.0
1996-04-15,-10.9125,976.575,40.25,11.0,-999.0
1996-04-16,-7.7375,962.875,31.75,11.875,-999.0
1996-04-17,-9.3875,980.3,17.25,10.5,-999.0
1996-04-18,-9.7125,997.95,30.875,11.0,-999.0
1996-04-19,-8.175,1001.8,25.75,14.625,-999.0
1996-04-20,-11.05,980.9375,27.0,14.75,-999.0
1996-04-21,-8.9875,983.675,27.0,13.25,-999.0
1996-04-22,-8.3875,988.2125,13.25,12.0,-999.0
1996-04-23,-9.7,987.4375,21.5,10.625,-999.0
1996-04-24,-11.5375,989.1875,20.5,12.375,-999.0
1996-04-25,-14.25,995.6125,13.25,14.5,-999.0
1996-04-26,-18.95,997.275,8.625,16.875,-999.0
1996-04-27,-19.9375,994.8125,14.375,11.75,-999.0
1996-04-28,-20.85,990.0375,17.0,11.5,-999.0
1996-04-29,-20.7625,981.7625,13.125,12.5,-999.0
1996-04-30,-19.2,984.775,18.375,17.75,-999.0
1996-05-01,-15.4375,990.125,26.5,13.0,-999.0
1996-05-02,-15.225,988.7,20.375,16.5,-999.0
1996-05-03,-17.3,987.2,23.875,17.75,-999.0
1996-05-04,-13.1,987.3125,28.5,16.5,-999.0
1996-05-05,-7.225,985.0375,19.75,9.625,-999.0
1996-05-06,-16.8125,983.3625,7.625,5.375,-999.0
1996-05-07,-17.3875,982.075,13.625,14.0,-999.0
1996-05-08,-15.475,975.7375,23.0,17.125,-999.0
1996-05-09,-16.0625,989.15,20.0,17.0,-999.0
1996-05-10,-14.9,988.15,11.5,16.125,-999.0
1996-05-11,-22.825,984.175,1.875,2.25,-999.0
1996-05-12,-24.1375,974.725,7.5,9.25,-999.0
1996-05-13,-23.0125,987.95,11.25,18.25,-999.0
1996-05-14,-19.925,992.6875,20.375,16.125,-999.0
1996-05-15,-13.5625,980.2875,34.75,13.25,-999.0
1996-05-16,-12.5625,975.0125,29.5,12.125,-999.0
1996-05-17,-13.1125,982.275,18.625,11.5,-999.0
1996-05-18,-16.425,986.5625,4.75,8.125,-999.0
1996-05-19,-20.225,980.9375,5.375,9.5,-999.0
1996-05-20,-21.9,990.35,12.0,13.0,-999.0
1996-05-21,-19.325,993.8375,9.25,16.125,-999.0
1996-05-22,-19.4375,994.4625,10.625,11.875,-999.0
1996-05-23,-21.4,998.95,4.375,11.25,-999.0
1996-05-24,-22.1,1000.725,3.375,7.0,-999.0
1996-05-25,-12.725,990.65,25.625,11.75,-999.0
1996-05-26,-14.325,980.95,38.125,14.125,-999.0
1996-05-27,-12.2125,964.25,30.375,17.5,-999.0
1996-05-28,-11.3,972.8625,32.625,16.0,-999.0
1996-05-29,-13.5,984.55,24.0,17.25,-999.0
1996-05-30,-15.2,984.3875,22.875,16.0,-999.0
1996-05-31,-12.1375,985.375,29.875,14.25,-999.0
1996-06-01,-14.2375,983.8875,27.25,12.125,-999.0
1996-06-02,-14.3875,980.025,20.25,13.75,-999.0
1996-06-03,-17.2875,975.95,10.5,11.75,-999.0
1996-06-04,-16.9,979.325,19.875,15.75,-999.0
1996-06-05,-14.1625,987.95,22.625,11.0,-999.0
1996-06-06,-17.175,983.025,9.875,8.625,-999.0
1996-06-07,-20.125,984.125,18.875,13.875,-999.0
1996-06-08,-14.55,994.4375,25.625,12.75,-999.0
1996-06-09,-10.3625,992.05,22.5,13.0,-999.0
1996-06-10,-7.8875,976.9875,34.125,12.5,-999.0
1996-06-11,-6.2625,973.7125,40.375,12.375,-999.0
1996-06-12,-7.0375,985.4125,38.25,14.75,-999.0
1996-06-13,-9.1375,989.7375,28.25,16.75,-999.0
1996-06-14,-8.4625,989.775,33.375,13.625,-999.0
1996-06-15,-11.5125,996.5125,23.125,14.75,-999.0
1996-06-16,-12.2625,997.7375,16.25,13.875,-999.0
1996-06-17,-14.8625,991.0625,7.875,11.0,-999.0
1996-06-18,-20.15,981.0,16.25,16.0,-999.0
1996-06-19,-19.0875,979.7625,15.375,21.25,-999.0
1996-06-20,-22.6625,982.45,1.75,1.125,-999.0
1996-06-21,-22.7375,985.0375,16.125,13.75,-999.0
1996-06-22,-22.6125,990.6875,19.75,15.25,-999.0
1996-06-23,-23.1875,995.5375,14.0,13.5,-999.0
1996-06-24,-24.75,999.55,9.25,10.75,-999.0
1996-06-25,-15.325,1003.9125,29.5,18.0,-999.0
1996-06-26,-12.75,1004.775,17.125,13.625,-999.0
1996-06-27,-13.95,1000.2875,18.875,13.625,-999.0
1996-06-28,-14.175,989.6375,34.0,14.75,-999.0
1996-06-29,-8.3375,968.9125,51.125,14.25,-999.0
1996-06-30,-5.7,981.025,42.5,14.0,-999.0
1996-07-01,-6.4875,986.8,34.0,12.25,-999.0
1996-07-02,-8.8375,988.8,22.375,12.875,-999.0
1996-07-03,-11.675,982.8875,19.125,14.0,-999.0
1996-07-04,-11.025,982.15,25.5,15.25,-999.0
1996-07-05,-8.15,978.3875,29.625,13.75,-999.0
1996-07-06,-9.6125,983.8625,42.125,14.0,-999.0
1996-07-07,-8.8375,978.075,36.625,16.0,-999.0
1996-07-08,-12.65,973.15,22.75,18.0,-999.0
1996-07-09,-18.9875,975.4375,15.75,15.25,-999.0
1996-07-10,-18.9625,987.1625,24.125,16.125,-999.0
1996-07-11,-15.8375,986.975,33.0,14.25,-999.0
1996-07-12,-11.7875,981.8125,34.625,12.875,-999.0
1996-07-13,-14.0875,989.25,16.75,6.625,-999.0
1996-07-14,-15.1125,994.0,10.625,9.625,-999.0
1996-07-15,-20.75,1000.35,5.25,6.25,-999.0
1996-07-16,-18.6375,994.975,25.25,12.625,-999.0
1996-07-17,-13.1625,983.0,46.375,14.0,-999.0
1996-07-18,-9.825,981.4,44.25,14.0,-999.0
1996-07-19,-8.425,992.1,29.125,12.5,-999.0
1996-07-20,-7.625,993.5875,37.0,14.0,-999.0
1996-07-21,-8.525,999.625,29.5,13.375,-999.0
1996-07-22,-11.0,990.8125,37.75,13.25,-999.0
1996-07-23,-11.6375,968.4375,55.75,14.0,-999.0
1996-07-24,-11.0,983.75,33.5,11.375,-999.0
1996-07-25,-12.5875,989.4125,32.125,11.0,-999.0
1996-07-26,-11.875,995.7625,34.875,14.25,-999.0
1996-07-27,-12.9,985.0625,32.875,14.5,-999.0
1996-07-28,-9.7125,974.8125,28.125,17.75,-999.0
1996-07-29,-7.8125,977.1875,32.0,14.375,-999.0
1996-07-30,-8.9625,993.425,20.5,18.875,-999.0
1996-07-31,-12.0875,996.15,6.5,13.125,-999.0
1996-08-01,-9.7125,981.7125,23.75,15.625,-999.0
1996-08-02,-12.825,990.3125,13.625,12.5,-999.0
1996-08-03,-11.375,992.5,25.125,11.75,-999.0
1996-08-04,-10.9125,983.65,33.25,11.0,-999.0
1996-08-05,-11.2625,978.15,38.75,13.25,-999.0
1996-08-06,-13.8375,983.3375,29.25,11.0,-999.0
1996-08-07,-17.6875,985.85,23.75,14.125,-999.0
1996-08-08,-13.575,967.6,14.625,18.0,-999.0
1996-08-09,-15.625,973.6375,11.5,7.125,-999.0
1996-08-10,-11.7625,982.15,25.75,12.625,-999.0
1996-08-11,-15.9875,979.725,7.125,10.75,-999.0
1996-08-12,-19.25,985.5875,17.75,17.0,-999.0
1996-08-13,-20.7625,995.0125,13.125,16.25,-999.0
1996-08-14,-20.3875,996.7625,15.5,14.125,-999.0
1996-08-15,-20.2,997.3625,14.125,17.0,-999.0
1996-08-16,-23.5125,993.1875,3.25,5.0,-999.0
1996-08-17,-16.8375,982.75,19.25,12.75,-999.0
1996-08-18,-16.6125,986.675,22.25,13.75,-999.0
1996-08-19,-16.775,984.625,15.0,9.625,-999.0
1996-08-20,-26.1125,982.5,1.625,1.75,-999.0
1996-08-21,-22.225,987.575,8.0,11.5,-999.0
1996-08-22,-25.95,987.35,0.0,0.0,-999.0
1996-08-23,-17.2125,1006.4,9.0,9.0,-999.0
1996-08-24,-4.325,1006.3875,35.25,14.75,-999.0
1996-08-25,-2.0875,1009.475,36.75,11.375,-999.0
1996-08-26,-6.9375,1005.05,33.0,11.0,-999.0
1996-08-27,-10.3375,998.55,44.375,11.0,-999.0
1996-08-28,-4.675,996.4,41.0,10.5,-999.0
1996-08-29,-3.175,991.075,42.0,11.0,-999.0
1996-08-30,-5.975,1002.1125,30.875,9.375,-999.0
1996-08-31,-6.0625,1003.775,24.625,8.375,-999.0
1996-09-01,-6.9875,1004.85,24.625,11.0,-999.0
1996-09-02,-7.6,1003.6625,25.25,11.0,-999.0
1996-09-03,-8.2375,997.75,23.125,11.0,-999.0
1996-09-04,-9.375,1002.075,19.0,9.75,-999.0
1996-09-05,-11.2875,1007.3125,12.25,8.25,-999.0
1996-09-06,-11.4375,1005.375,13.375,11.0,-999.0
1996-09-07,-12.3875,1002.525,12.125,15.0,-999.0
1996-09-08,-16.8875,996.275,6.625,8.5,-999.0
1996-09-09,-12.7,998.7375,15.5,13.125,-999.0
1996-09-10,-12.8375,1005.2375,16.875,16.375,-999.0
1996-09-11,-11.425,1011.1125,11.625,7.75,-999.0
1996-09-12,-8.275,1008.0875,20.75,12.125,-999.0
1996-09-13,-5.8625,1001.5125,27.375,13.875,-999.0
1996-09-14,-7.8875,998.2625,24.75,13.25,-999.0
1996-09-15,-8.525,997.425,14.25,12.25,-999.0
1996-09-16,-10.125,997.7125,20.375,14.0,-999.0
1996-09-17,-10.125,993.6625,26.875,13.625,-999.0
1996-09-18,-8.4625,984.525,25.25,11.625,-999.0
1996-09-19,-5.725,966.4875,37.0,15.125,-999.0
1996-09-20,-4.325,972.175,39.375,14.25,-999.0
1996-09-21,-7.175,975.0,31.875,13.625,-999.0
1996-09-22,-9.475,987.025,27.875,13.5,-999.0
1996-09-23,-13.025,989.1125,18.25,17.0,-999.0
1996-09-24,-18.35,978.6,0.0,0.0,-999.0
1996-09-25,-14.925,988.75,10.75,10.375,-999.0
1996-09-26,-15.2875,994.3,19.25,12.625,-999.0
1996-09-27,-10.075,984.175,33.5,11.75,-999.0
1996-09-28,-9.0125,968.675,41.25,11.375,-999.0
1996-09-29,-6.3875,979.5375,27.625,11.0,-999.0
1996-09-30,-7.0125,986.0875,21.25,9.625,-999.0
1996-10-01,-6.3625,990.8375,10.625,7.75,-999.0
1996-10-02,-8.2875,988.8875,7.625,8.25,-999.0
1996-10-03,-9.4875,983.2375,30.875,13.0,-999.0
1996-10-04,-8.3625,984.2625,31.5,11.0,-999.0
1996-10-05,-3.9375,987.475,28.625,11.75,-999.0
1996-10-06,-5.675,992.1625,13.625,14.125,-999.0
1996-10-07,-11.25,988.7375,5.625,6.5,-999.0
1996-10-08,-11.125,977.0625,15.0,9.75,-999.0
1996-10-09,-9.75,974.0,15.0,9.75,-999.0
1996-10-10,-8.975,972.725,18.75,12.875,-999.0
1996-10-11,-8.1875,978.35,13.75,11.625,-999.0
1996-10-12,-11.05,985.8125,16.125,12.875,-999.0
1996-10-13,-10.0125,986.575,24.125,14.0,-999.0
1996-10-14,-9.375,987.75,14.375,17.25,-999.0
1996-10-15,-11.45,974.5625,44.5,14.5,-999.0
1996-10-16,-7.175,969.275,34.875,10.25,-999.0
1996-10-17,-7.5375,968.1125,41.125,11.0,-999.0
1996-10-18,-6.3625,967.6,31.0,11.75,-999.0
1996-10-19,-8.6375,966.2375,16.75,10.5,-999.0
1996-10-20,-12.1875,966.5625,4.375,5.875,-999.0
1996-10-21,-13.1375,973.775,12.0,10.875,-999.0
1996-10-22,-10.5875,966.1625,34.375,14.0,-999.0
1996-10-23,-8.6375,961.75,21.0,13.75,-999.0
1996-10-24,-9.3875,969.1,9.75,16.375,-999.0
1996-10-25,-10.5375,972.9625,30.375,14.5,-999.0
1996-10-26,-7.925,976.075,39.75,15.5,-999.0
1996-10-27,-3.1125,976.1125,28.125,15.5,-999.0
1996-10-28,-2.325,975.9375,34.875,16.0,-999.0
1996-10-29,-3.8875,989.1625,30.25,16.5,-999.0
1996-10-30,-5.1125,995.55,27.375,17.125,-999.0
1996-10-31,-6.9875,989.8875,17.0,15.25,-999.0
1996-11-01,-6.8875,985.7625,16.375,17.125,-999.0
1996-11-02,-6.425,990.25,9.0,10.25,-999.0
1996-11-03,-8.5625,995.45,7.375,19.75,-999.0
1996-11-04,-11.1875,994.0,7.0,11.25,-999.0
1996-11-05,-12.7875,993.9625,1.5,2.25,-999.0
1996-11-06,-10.9625,996.775,5.25,9.875,-999.0
1996-11-07,-7.3875,993.4125,17.75,16.375,-999.0
1996-11-08,-8.8125,993.4,25.75,12.625,-999.0
1996-11-09,-7.3875,986.275,36.25,15.0,-999.0
1996-11-10,-3.9875,977.0125,33.75,15.75,-999.0
1996-11-11,-4.3625,972.3625,28.625,14.25,-999.0
1996-11-12,-3.675,990.2,28.25,15.0,-999.0
1996-11-13,-2.3125,1004.3875,15.5,13.375,-999.0
1996-11-14,-3.6375,993.5375,22.75,13.625,-999.0
1996-11-15,-4.1625,1007.2375,21.5,15.25,-999.0
1996-11-16,-2.775,1006.15,12.625,12.125,-999.0
1996-11-17,-1.525,991.9125,15.5,12.25,-999.0
1996-11-18,-3.4375,994.5625,23.875,14.5,-999.0
1996-11-19,-3.325,997.8375,21.625,15.5,-999.0
1996-11-20,-3.3875,994.4,20.375,15.625,-999.0
1996-11-21,-3.425,987.025,25.5,14.0,-999.0
1996-11-22,-2.1125,979.1375,31.375,15.25,-999.0
1996-11-23,-1.15,983.9625,27.75,15.5,-999.0
1996-11-24,-1.6375,992.3625,21.5,16.25,-999.0
1996-11-25,-1.4375,990.9625,21.125,14.0,-999.0
1996-11-26,-1.5625,978.7875,20.375,14.0,-999.0
1996-11-27,-2.2125,979.3625,13.0,21.5,-999.0
1996-11-28,-5.55,979.875,8.125,7.75,-999.0
1996-11-29,-4.4375,985.675,7.25,7.5,-999.0
1996-11-30,-3.275,994.1625,6.0,11.5,-999.0
1996-12-01,-2.2125,993.95,26.625,18.0,-999.0
1996-12-02,-1.175,992.3,20.125,14.125,-999.0
1996-12-03,-3.9375,984.5875,8.25,8.75,-999.0
1996-12-04,-4.2375,987.3875,15.75,13.5,-999.0
1996-12-05,-2.3,997.9,23.0,14.75,-999.0
1996-12-06,-1.3875,988.45,17.625,15.0,-999.0
1996-12-07,-2.325,992.3,9.875,13.75,-999.0
1996-12-08,-1.2875,995.0125,6.5,5.875,-999.0
1996-12-09,-0.4375,990.5,6.25,7.375,-999.0
1996-12-10,0.575,990.45,19.0,14.5,-999.0
1996-12-11,0.1125,994.3875,13.25,12.375,-999.0
1996-12-12,0.75,998.3625,12.875,13.75,-999.0
1996-12-13,-1.075,998.075,8.75,10.125,-999.0
1996-12-14,-2.6875,998.9,12.875,11.875,-999.0
1996-12-15,-1.0625,1000.1875,26.125,15.625,-999.0
1996-12-16,1.725,991.6125,30.125,16.0,-999.0
1996-12-17,0.4375,984.7875,25.375,15.625,-999.0
1996-12-18,0.2375,989.6375,23.5,14.0,-999.0
1996-12-19,1.125,989.4,26.125,15.75,-999.0
1996-12-20,2.7125,986.2875,13.5,15.5,-999.0
1996-12-21,1.0875,987.8,16.5,21.0,-999.0
1996-12-22,1.4125,990.325,17.75,17.375,-999.0
1996-12-23,1.6875,987.8125,18.25,20.125,-999.0
1996-12-24,1.6625,986.2375,16.5,21.0,-999.0
1996-12-25,0.8,989.3875,14.75,11.25,-999.0
1996-12-26,1.5,990.5,6.5,12.375,-999.0
1996-12-27,1.85,984.6,11.875,14.875,-999.0
1996-12-28,1.1125,983.8875,16.5,14.25,-999.0
1996-12-29,-1.075,986.5125,15.875,14.125,-999.0
1996-12-30,0.225,986.05,20.375,16.0,-999.0
1996-12-31,1.225,984.45,28.5,17.25,-999.0
1997-01-01,3.0875,990.2125,15.25,23.125,-999.0
1997-01-02,1.6375,990.75,12.875,17.125,-999.0
1997-01-03,2.0625,993.2125,17.25,18.0,-999.0
1997-01-04,1.6375,987.575,14.5,14.375,-999.0
1997-01-05,0.7,980.5625,9.125,11.75,-999.0
1997-01-06,2.0125,976.875,9.25,10.25,-999.0
1997-01-07,-1.9625,991.25,9.25,6.375,-999.0
1997-01-08,-0.4875,992.05,8.125,11.625,-999.0
1997-01-09,0.6375,987.05,15.25,10.375,-999.0
1997-01-10,0.525,987.6125,18.625,11.125,-999.0
1997-01-11,1.9875,987.2375,18.375,12.5,-999.0
1997-01-12,1.8125,985.85,21.25,11.25,-999.0
1997-01-13,0.8,990.8625,13.875,8.625,-999.0
1997-01-14,2.35,994.3125,11.0,14.75,-999.0
1997-01-15,0.925,993.6,13.625,11.375,-999.0
1997-01-16,-0.1875,996.8875,13.0,22.875,-999.0
1997-01-17,-1.4125,993.075,6.25,18.25,-999.0
1997-01-18,-1.95,993.0125,13.375,11.25,-999.0
1997-01-19,-1.25,994.65,14.5,14.5,-999.0
1997-01-20,-0.275,993.9125,10.875,10.875,-999.0
1997-01-21,1.475,992.025,12.375,11.125,-999.0
1997-01-22,2.1,994.4,13.125,9.75,-999.0
1997-01-23,3.0875,990.6625,12.0,10.625,-999.0
1997-01-24,2.575,985.6375,17.625,12.25,-999.0
1997-01-25,0.7,989.6,13.125,10.875,-999.0
1997-01-26,0.4875,993.8,14.25,13.25,-999.0
1997-01-27,-0.15,994.8625,14.25,11.875,-999.0
1997-01-28,-0.6375,990.4875,7.75,8.75,-999.0
1997-01-29,-0.75,993.9,14.375,12.75,-999.0
1997-01-30,-1.4875,994.9125,17.375,12.875,-999.0
1997-01-31,-2.3375,992.6,12.0,11.0,-999.0
1997-02-01,-0.7125,999.8125,12.875,13.75,-999.0
1997-02-02,3.0875,991.1875,24.375,16.25,-999.0
1997-02-03,2.9875,982.9375,28.625,15.5,-999.0
1997-02-04,1.9875,989.125,25.875,15.25,-999.0
1997-02-05,1.8,989.7125,20.125,14.375,-999.0
1997-02-06,1.0625,987.4,16.25,11.0,-999.0
1997-02-07,-0.6,986.775,16.125,9.375,-999.0
1997-02-08,-1.5875,981.9125,10.25,11.0,-999.0
1997-02-09,-0.875,983.6,16.875,13.25,-999.0
1997-02-10,-1.45,990.475,13.75,11.125,-999.0
1997-02-11,-3.05,994.6,6.25,25.25,-999.0
1997-02-12,-2.9875,983.15,17.875,10.5,-999.0
1997-02-13,-1.2,977.0,24.375,11.625,-999.0
1997-02-14,-2.45,986.9,16.875,11.375,-999.0
1997-02-15,-4.0875,989.1625,15.25,20.25,-999.0
1997-02-16,-4.15,987.675,21.125,18.5,-999.0
1997-02-17,-1.125,989.675,18.375,16.0,-999.0
1997-02-18,-3.6625,990.775,12.625,14.5,-999.0
1997-02-19,-5.975,986.4375,7.5,11.5,-999.0
1997-02-20,-4.9875,982.1875,10.0,14.75,-999.0
1997-02-21,-4.6875,986.6875,15.75,18.375,-999.0
1997-02-22,-3.1375,988.6,7.875,14.25,-999.0
1997-02-23,-5.7,982.75,15.375,23.875,-999.0
1997-02-24,-7.475,985.1125,11.125,11.875,-999.0
1997-02-25,-7.85,999.9,7.125,14.25,-999.0
1997-02-26,-4.9125,997.625,15.0,6.75,-999.0
1997-02-27,-3.8625,989.7875,29.25,9.25,-999.0
1997-02-28,-2.7375,983.375,26.125,8.75,-999.0
1997-03-01,-2.775,979.15,13.5,10.5,-999.0
1997-03-02,-4.4125,979.825,9.125,15.0,-999.0
1997-03-03,-6.6625,985.0125,9.75,15.125,-999.0
1997-03-04,-6.875,992.0875,14.25,9.875,-999.0
1997-03-05,-6.7875,980.3,23.25,13.625,-999.0
1997-03-06,-4.9625,974.2,34.5,13.375,-999.0
1997-03-07,-2.6125,973.675,18.0,10.0,-999.0
1997-03-08,-4.025,978.1,10.375,11.875,-999.0
1997-03-09,-3.825,983.4375,9.125,11.75,-999.0
1997-03-10,-5.0,981.0375,11.25,11.25,-999.0
1997-03-11,-6.8625,977.425,20.25,11.0,-999.0
1997-03-12,-4.2125,972.15,13.375,10.25,-999.0
1997-03-13,-5.375,968.25,13.5,9.0,-999.0
1997-03-14,-3.15,972.525,11.125,6.5,-999.0
1997-03-15,-4.7375,977.2375,9.25,14.875,-999.0
1997-03-16,-9.4,979.0125,5.875,7.625,-999.0
1997-03-17,-11.075,982.3125,14.625,14.375,-999.0
1997-03-18,-10.8125,983.5375,12.625,16.0,-999.0
1997-03-19,-7.9375,977.75,17.125,12.5,-999.0
1997-03-20,-7.4875,977.4625,28.5,12.125,-999.0
1997-03-21,-7.5125,979.0875,27.75,14.5,-999.0
1997-03-22,-4.45,980.975,15.375,15.5,-999.0
1997-03-23,-4.3125,984.525,4.75,11.625,-999.0
1997-03-24,-8.6375,984.1875,19.375,11.875,-999.0
1997-03-25,-8.9875,980.85,23.875,14.75,-999.0
1997-03-26,-7.3625,982.6375,24.5,14.375,-999.0
1997-03-27,-11.7875,984.8,8.625,10.5,-999.0
1997-03-28,-12.925,982.425,15.25,12.875,-999.0
1997-03-29,-13.575,982.4125,19.625,15.125,-999.0
1997-03-30,-12.9625,983.4125,18.5,16.75,-999.0
1997-03-31,-10.525,983.2,19.25,15.25,-999.0
1997-04-01,-9.675,980.55,29.875,15.75,-999.0
1997-04-02,-8.85,986.475,27.125,15.75,-999.0
1997-04-03,-7.85,993.375,23.875,10.875,-999.0
1997-04-04,-6.75,1000.6625,18.5,8.75,-999.0
1997-04-05,-4.9875,990.1375,25.25,10.75,-999.0
1997-04-06,-8.125,982.2625,26.625,13.375,-999.0
1997-04-07,-6.425,979.375,20.625,11.0,-999.0
1997-04-08,-9.1,972.825,10.5,12.5,-999.0
1997-04-09,-15.4,974.675,7.875,9.625,-999.0
1997-04-10,-11.3875,975.5875,23.375,11.0,-999.0
1997-04-11,-8.5875,978.9,23.625,10.625,-999.0
1997-04-12,-7.2125,977.2,31.0,11.5,-999.0
1997-04-13,-10.1375,976.4625,27.5,14.0,-999.0
1997-04-14,-11.1625,983.5625,29.5,12.875,-999.0
1997-04-15,-15.3125,990.3,3.25,7.0,-999.0
1997-04-16,-11.2,990.975,34.0,12.5,-999.0
1997-04-17,-12.1,990.4875,29.125,10.25,-999.0
1997-04-18,-7.3125,986.575,34.375,8.75,-999.0
1997-04-19,-4.6625,984.8875,33.75,6.75,-999.0
1997-04-20,-3.6625,985.1375,30.875,8.5,-999.0
1997-04-21,-3.725,986.3125,16.25,10.75,-999.0
1997-04-22,-5.4375,974.5375,16.5,9.875,-999.0
1997-04-23,-5.875,978.4625,25.875,12.125,-999.0
1997-04-24,-3.3375,982.7,21.625,13.125,-999.0
1997-04-25,-7.4625,976.6125,14.375,16.5,-999.0
1997-04-26,-5.925,980.475,23.75,15.5,-999.0
1997-04-27,-6.1875,973.4875,25.125,14.25,-999.0
1997-04-28,-7.05,978.7,17.375,11.75,-999.0
1997-04-29,-6.9875,989.55,34.625,14.25,-999.0
1997-04-30,-12.1375,976.625,30.75,15.125,-999.0
1997-05-01,-9.9125,980.8125,22.75,12.0,-999.0
1997-05-02,-10.4125,991.4125,8.75,12.125,-999.0
1997-05-03,-13.0875,994.5625,18.625,10.0,-999.0
1997-05-04,-10.6625,980.7,37.75,11.75,-999.0
1997-05-05,-11.1,977.65,23.0,13.75,-999.0
1997-05-06,-16.65,986.7875,4.875,8.75,-999.0
1997-05-07,-15.3,985.95,20.5,10.5,-999.0
1997-05-08,-11.175,969.4625,32.25,15.5,-999.0
1997-05-09,-17.0625,975.125,5.5,10.125,-999.0
1997-05-10,-20.05,985.6625,5.0,6.5,-999.0
1997-05-11,-16.9375,989.25,6.375,13.25,-999.0
1997-05-12,-16.85,985.2875,11.375,10.375,-999.0
1997-05-13,-15.4,989.85,20.125,13.75,-999.0
1997-05-14,-15.8625,984.3875,40.25,15.75,-999.0
1997-05-15,-12.075,983.9375,27.75,12.5,-999.0
1997-05-16,-9.7625,981.35,35.875,15.0,-999.0
1997-05-17,-6.1125,973.625,36.375,11.75,-999.0
1997-05-18,-8.225,969.525,34.75,11.75,-999.0
1997-05-19,-8.5125,972.75,33.375,10.75,-999.0
1997-05-20,-9.7375,976.2125,28.25,11.5,-999.0
1997-05-21,-9.4375,970.775,20.0,12.625,-999.0
1997-05-22,-10.825,983.6625,24.875,12.875,-999.0
1997-05-23,-14.15,983.6125,21.75,17.0,-999.0
1997-05-24,-20.3,983.675,4.875,18.375,-999.0
1997-05-25,-12.2875,986.2375,26.75,12.75,-999.0
1997-05-26,-9.5125,984.0375,39.125,11.0,-999.0
1997-05-27,-6.8125,979.65,32.375,12.25,-999.0
1997-05-28,-14.125,971.9375,4.0,9.75,-999.0
1997-05-29,-19.575,972.05,1.875,4.5,-999.0
1997-05-30,-17.125,969.8,16.875,11.5,-999.0
1997-05-31,-15.5875,968.4375,21.875,14.25,-999.0
1997-06-01,-14.2875,977.3625,24.0,13.875,-999.0
1997-06-02,-12.475,989.4,23.5,12.5,-999.0
1997-06-03,-14.775,992.7625,18.5,15.125,-999.0
1997-06-04,-14.625,991.875,20.875,13.875,-999.0
1997-06-05,-10.45,989.7,31.0,15.375,-999.0
1997-06-06,-6.3625,987.0625,22.125,11.5,-999.0
1997-06-07,-10.6375,981.1,11.75,9.875,-999.0
1997-06-08,-12.9625,984.1125,14.375,8.0,-999.0
1997-06-09,-15.5,987.9875,7.75,8.125,-999.0
1997-06-10,-18.7625,985.9375,2.75,5.125,-999.0
1997-06-11,-21.45,991.4375,12.75,9.0,-999.0
1997-06-12,-13.125,972.0375,34.875,9.75,-999.0
1997-06-13,-12.0875,979.6375,21.25,10.0,-999.0
1997-06-14,-12.775,983.65,34.75,11.75,-999.0
1997-06-15,-9.2125,974.8375,27.375,13.0,-999.0
1997-06-16,-13.55,982.65,22.25,9.875,-999.0
1997-06-17,-9.025,970.4125,34.375,9.5,-999.0
1997-06-18,-3.7875,975.725,41.25,11.375,-999.0
1997-06-19,-3.6125,999.6875,28.875,9.25,-999.0
1997-06-20,-8.675,1010.025,9.375,5.625,-999.0
1997-06-21,-6.6875,1011.475,20.75,12.375,-999.0
1997-06-22,-6.4375,1008.525,17.875,11.625,-999.0
1997-06-23,-9.4625,1009.975,6.125,9.5,-999.0
1997-06-24,-10.8,1003.35,8.75,9.625,-999.0
1997-06-25,-12.1,1004.65,13.5,14.125,-999.0
1997-06-26,-16.4875,999.875,16.375,15.5,-999.0
1997-06-27,-13.925,1000.9375,21.5,16.75,-999.0
1997-06-28,-15.375,1001.2875,8.875,8.5,-999.0
1997-06-29,-20.775,1002.5875,4.625,6.5,-999.0
1997-06-30,-18.4375,999.3625,9.875,8.0,-999.0
1997-07-01,-12.7625,994.125,18.0,11.375,-999.0
1997-07-02,-17.6375,997.85,4.0,6.75,-999.0
1997-07-03,-17.45,993.025,10.0,13.25,-999.0
1997-07-04,-20.0375,995.5375,2.75,5.375,-999.0
1997-07-05,-17.0625,994.4875,16.5,11.75,-999.0
1997-07-06,-15.25,988.8375,15.75,12.25,-999.0
1997-07-07,-19.3625,983.2625,8.75,16.25,-999.0
1997-07-08,-22.4875,980.2875,5.625,13.0,-999.0
1997-07-09,-24.125,980.1375,9.5,12.625,-999.0
1997-07-10,-19.825,978.8125,26.25,15.25,-999.0
1997-07-11,-15.8875,975.6375,22.625,13.875,-999.0
1997-07-12,-15.95,970.3125,23.0,15.5,-999.0
1997-07-13,-22.0875,970.925,17.875,13.375,-999.0
1997-07-14,-20.6625,980.275,11.5,14.625,-999.0
1997-07-15,-25.0625,995.75,3.875,11.875,-999.0
1997-07-16,-27.0875,993.325,1.5,4.5,-999.0
1997-07-17,-22.3125,986.0625,16.5,9.25,-999.0
1997-07-18,-17.25,986.925,26.375,15.25,-999.0
1997-07-19,-17.3625,987.3875,23.875,15.5,-999.0
1997-07-20,-19.125,982.5125,17.125,16.5,-999.0
1997-07-21,-22.35,980.475,14.0,12.0,-999.0
1997-07-22,-21.7625,984.375,23.0,15.5,-999.0
1997-07-23,-21.7625,994.4875,18.125,14.5,-999.0
1997-07-24,-22.5625,1001.0875,6.75,6.625,-999.0
1997-07-25,-16.575,1001.9625,21.5,12.5,-999.0
1997-07-26,-10.9375,993.3,22.25,11.0,-999.0
1997-07-27,-7.95,980.0375,16.75,8.875,-999.0
1997-07-28,-11.55,977.5625,11.875,9.75,-999.0
1997-07-29,-13.075,972.75,28.75,12.625,-999.0
1997-07-30,-10.975,965.9375,14.875,9.875,-999.0
1997-07-31,-14.025,979.675,7.875,11.375,-999.0
1997-08-01,-20.5375,984.7625,5.5,6.0,-999.0
1997-08-02,-16.6625,976.75,21.0,16.125,-999.0
1997-08-03,-19.9625,973.675,13.75,10.75,-999.0
1997-08-04,-19.8625,976.1875,18.0,12.5,-999.0
1997-08-05,-15.55,975.3625,39.125,14.625,-999.0
1997-08-06,-12.425,972.675,28.75,17.0,-999.0
1997-08-07,-15.4625,984.5375,17.25,16.25,-999.0
1997-08-08,-21.2375,977.8625,11.0,12.125,-999.0
1997-08-09,-12.8375,979.5375,34.5,14.0,-999.0
1997-08-10,-7.5375,982.225,33.75,15.0,-999.0
1997-08-11,-14.1875,987.1125,26.875,16.25,-999.0
1997-08-12,-16.9625,994.0875,23.75,17.0,-999.0
1997-08-13,-10.0875,998.0,27.875,13.25,-999.0
1997-08-14,-12.1875,997.7125,18.0,12.0,-999.0
1997-08-15,-17.7875,987.7875,4.25,3.875,-999.0
1997-08-16,-16.5125,987.7625,11.25,13.5,-999.0
1997-08-17,-13.9125,992.525,20.75,12.625,-999.0
1997-08-18,-12.25,984.8375,33.75,12.125,-999.0
1997-08-19,-6.5,976.725,42.25,12.5,-999.0
1997-08-20,-9.5,976.6125,19.75,13.5,-999.0
1997-08-21,-12.3875,980.8625,19.125,10.25,-999.0
1997-08-22,-14.6125,990.9625,18.875,12.0,-999.0
1997-08-23,-20.2875,988.45,6.25,5.75,-999.0
1997-08-24,-17.025,990.95,16.875,14.875,-999.0
1997-08-25,-17.6375,991.1125,11.25,10.375,-999.0
1997-08-26,-19.8125,985.0375,7.625,5.25,-999.0
1997-08-27,-19.4375,966.4625,15.25,8.625,-999.0
1997-08-28,-22.3875,967.4125,2.5,2.5,-999.0
1997-08-29,-20.4625,972.1875,9.125,13.875,-999.0
1997-08-30,-20.875,977.4625,15.0,12.875,-999.0
1997-08-31,-24.4,984.7625,10.75,16.5,-999.0
1997-09-01,-25.25,982.725,9.5,12.25,-999.0
1997-09-02,-23.8875,985.7875,9.125,8.0,-999.0
1997-09-03,-21.1375,984.55,11.625,10.25,-999.0
1997-09-04,-14.625,982.3,30.125,11.0,-999.0
1997-09-05,-15.075,988.7125,33.625,11.0,-999.0
1997-09-06,-11.375,992.375,19.375,11.0,-999.0
1997-09-07,-15.05,993.7625,5.0,13.375,-999.0
1997-09-08,-21.4,993.875,1.25,3.625,-999.0
1997-09-09,-18.1375,989.0125,5.5,6.75,-999.0
1997-09-10,-17.7625,989.375,14.0,14.0,-999.0
1997-09-11,-23.0625,995.1,5.75,5.75,-999.0
1997-09-12,-20.825,984.5375,19.75,13.875,-999.0
1997-09-13,-16.875,971.3,24.0,11.25,-999.0
1997-09-14,-21.975,983.45,10.5,10.0,-999.0
1997-09-15,-18.2375,998.1375,8.875,9.875,-999.0
1997-09-16,-12.575,990.4875,33.5,9.75,-999.0
1997-09-17,-14.2,989.1625,17.875,11.0,-999.0
1997-09-18,-17.575,987.45,2.625,2.75,-999.0
1997-09-19,-18.9875,988.8375,18.5,8.25,-999.0
1997-09-20,-16.1375,982.9125,30.0,10.0,-999.0
1997-09-21,-14.9,1000.0375,17.625,10.875,-999.0
1997-09-22,-16.375,997.0375,2.75,8.375,-999.0
1997-09-23,-18.7125,998.1875,2.5,5.625,-999.0
1997-09-24,-19.775,988.3875,7.0,6.75,-999.0
1997-09-25,-18.3875,986.9375,32.875,12.875,-999.0
1997-09-26,-12.7125,985.575,43.0,14.0,-999.0
1997-09-27,-10.5375,979.425,28.875,11.0,-999.0
1997-09-28,-14.1125,987.1125,34.125,11.0,-999.0
1997-09-29,-10.5375,982.3875,28.375,11.875,-999.0
1997-09-30,-10.0875,980.9375,34.125,11.0,-999.0
1997-10-01,-8.45,982.2125,24.0,12.25,-999.0
1997-10-02,-8.125,975.725,32.5,11.75,-999.0
1997-10-03,-12.6125,982.8125,27.375,12.5,-999.0
1997-10-04,-14.25,988.6875,14.375,14.0,-999.0
1997-10-05,-18.475,986.9375,4.125,5.375,-999.0
1997-10-06,-16.825,988.975,14.875,8.5,-999.0
1997-10-07,-14.025,991.2625,8.625,10.0,-999.0
1997-10-08,-19.775,986.2875,11.875,4.5,-999.0
1997-10-09,-14.35,990.825,9.125,7.5,-999.0
1997-10-10,-7.7375,991.6625,29.375,12.125,-999.0
1997-10-11,-9.7,990.775,32.5,11.375,-999.0
1997-10-12,-9.8125,986.7625,23.5,14.5,-999.0
1997-10-13,-10.65,988.7125,12.5,11.375,-999.0
1997-10-14,-13.5625,994.8625,2.75,6.25,-999.0
1997-10-15,-14.15,994.175,12.125,13.625,-999.0
1997-10-16,-17.55,992.125,2.0,3.625,-999.0
1997-10-17,-15.05,993.4,21.375,15.0,-999.0
1997-10-18,-15.1875,995.15,5.875,6.125,-999.0
1997-10-19,-16.8,991.25,2.125,18.875,-999.0
1997-10-20,-20.7125,982.1375,1.25,0.5,-999.0
1997-10-21,-16.6875,981.0875,11.625,8.5,-999.0
1997-10-22,-12.8125,983.5625,28.5,12.875,-999.0
1997-10-23,-11.5375,979.6875,10.25,22.875,-999.0
1997-10-24,-13.0875,975.9375,9.5,19.625,-999.0
1997-10-25,-12.2375,980.025,7.75,12.25,-999.0
1997-10-26,-10.075,982.0,14.875,16.875,-999.0
1997-10-27,-11.225,981.125,20.5,13.75,-999.0
1997-10-28,-11.4,980.675,33.25,14.25,-999.0
1997-10-29,-11.825,975.1375,14.5,17.5,-999.0
1997-10-30,-11.9,946.1,15.375,14.625,-999.0
1997-10-31,-13.425,977.5375,6.375,5.625,-999.0
1997-11-01,-16.4125,986.7125,0.0,0.0,-999.0
1997-11-02,-11.8,992.475,0.875,1.75,-999.0
1997-11-03,-9.7875,995.4875,0.0,0.0,-999.0
1997-11-04,-3.05,995.3875,7.75,9.875,-999.0
1997-11-05,-4.4125,1001.325,27.25,12.375,-999.0
1997-11-06,-5.775,1002.6625,20.125,12.125,-999.0
1997-11-07,-4.9375,997.0,18.625,15.0,-999.0
1997-11-08,-8.9875,1002.1625,23.375,12.875,-999.0
1997-11-09,-9.3,1003.1625,15.75,12.375,-999.0
1997-11-10,-9.1625,1002.0625,22.125,15.5,-999.0
1997-11-11,-9.4625,1001.8625,34.25,14.0,-999.0
1997-11-12,-7.425,998.15,34.125,13.75,-999.0
1997-11-13,-5.525,987.9,43.75,14.5,-999.0
1997-11-14,-5.0375,990.95,41.5,14.0,-999.0
1997-11-15,-3.5625,991.0125,32.5,13.25,-999.0
1997-11-16,-0.1375,984.2875,23.375,14.75,-999.0
1997-11-17,-2.425,995.1875,20.25,14.625,-999.0
1997-11-18,-1.8625,1004.4,22.875,14.125,-999.0
1997-11-19,-0.6875,1002.1375,22.25,13.125,-999.0
1997-11-20,-0.8,1003.55,17.0,13.625,-999.0
1997-11-21,-1.8125,1006.0375,6.25,5.25,-999.0
1997-11-22,-0.825,882.55,19.25,12.5,-999.0
1997-11-23,-2.1625,1002.925,24.0,13.25,-999.0
1997-11-24,-4.8875,1003.0875,19.125,14.0,-999.0
1997-11-25,-4.4875,1000.5,29.0,14.25,-999.0
1997-11-26,-4.0,996.6375,32.875,14.0,-999.0
1997-11-27,-3.2625,988.8125,11.5,9.5,-999.0
1997-11-28,-3.95,987.75,2.75,4.25,-999.0
1997-11-29,-2.2375,989.675,16.25,19.125,-999.0
1997-11-30,0.2875,984.55,22.625,17.0,-999.0
1997-12-01,4.775,987.6625,23.375,14.25,-999.0
1997-12-02,5.5125,994.7,22.875,15.0,-999.0
1997-12-03,5.375,993.725,15.75,16.0,-999.0
1997-12-04,2.875,992.6875,3.0,10.625,-999.0
1997-12-05,1.375,993.8375,5.0,7.5,-999.0
1997-12-06,-1.8,997.6125,2.5,11.5,-999.0
1997-12-07,-3.025,995.3125,3.875,13.75,-999.0
1997-12-08,-2.9125,992.625,3.25,13.625,-999.0
1997-12-09,-1.6,989.375,4.0,13.875,-999.0
1997-12-10,-2.625,992.75,4.75,4.75,-999.0
1997-12-11,-0.825,984.65,5.375,8.25,-999.0
1997-12-12,-1.5875,982.2125,14.5,14.75,-999.0
1997-12-13,-1.1,984.825,7.5,13.375,-999.0
1997-12-14,-0.4875,990.0,10.75,14.5,-999.0
1997-12-15,-1.325,988.0625,9.0,10.0,-999.0
1997-12-16,-1.4625,989.425,10.375,17.375,-999.0
1997-12-17,-1.0,992.5,9.75,12.625,-999.0
1997-12-18,0.85,978.25,15.25,9.25,-999.0
1997-12-19,0.5875,982.05,15.25,9.5,-999.0
1997-12-20,0.9625,990.6,17.625,12.5,-999.0
1997-12-21,1.6625,992.925,15.5,12.375,-999.0
1997-12-22,2.2125,991.5625,6.75,6.375,-999.0
1997-12-23,2.3375,995.35,14.25,14.125,-999.0
1997-12-24,2.0625,993.6875,15.0,12.625,-999.0
1997-12-25,-2.225,992.525,13.125,11.0,-999.0
1997-12-26,-0.3625,999.4125,15.75,12.5,-999.0
1997-12-27,1.225,991.125,20.875,13.125,-999.0
1997-12-28,-1.15,991.85,24.625,12.5,-999.0
1997-12-29,0.3,990.225,14.375,10.0,-999.0
1997-12-30,1.3125,988.7125,15.75,12.625,-999.0
1997-12-31,1.9375,986.55,13.25,14.375,-999.0
1998-01-01,2.9,985.475,18.25,13.375,-999.0
1998-01-02,5.0125,985.175,17.875,11.875,-999.0
1998-01-03,5.2,981.85,11.625,12.5,-999.0
1998-01-04,4.425,981.5,11.625,14.375,-999.0
1998-01-05,0.35,984.6,12.5,12.375,-999.0
1998-01-06,2.025,988.35,8.0,18.125,-999.0
1998-01-07,1.75,992.1125,9.5,10.25,-999.0
1998-01-08,2.25,998.525,12.5,15.375,-999.0
1998-01-09,1.825,994.0,12.75,11.25,-999.0
1998-01-10,1.2125,983.1875,15.125,13.75,-999.0
1998-01-11,-0.225,983.825,22.625,13.5,-999.0
1998-01-12,0.2625,988.575,21.75,13.5,-999.0
1998-01-13,1.0625,988.8875,23.125,12.5,-999.0
1998-01-14,1.95,984.5125,19.625,12.75,-999.0
1998-01-15,1.1875,985.3,20.375,13.625,-999.0
1998-01-16,1.5125,987.925,15.375,12.875,-999.0
1998-01-17,0.5375,988.2625,18.375,14.25,-999.0
1998-01-18,-0.175,988.575,17.125,14.5,-999.0
1998-01-19,0.125,988.175,14.625,13.375,-999.0
1998-01-20,-0.75,987.325,14.5,18.125,-999.0
1998-01-21,-1.6375,985.575,12.25,16.875,-999.0
1998-01-22,-1.2625,982.3625,16.375,14.0,-999.0
1998-01-23,-0.8625,980.675,23.625,14.0,-999.0
1998-01-24,-0.3375,974.525,32.25,14.0,-999.0
1998-01-25,1.425,973.675,34.75,14.0,-999.0
1998-01-26,1.825,981.9625,24.125,13.625,-999.0
1998-01-27,1.875,981.8,11.625,13.875,-999.0
1998-01-28,1.6375,984.275,13.0,11.25,-999.0
1998-01-29,1.35,987.175,13.375,12.5,-999.0
1998-01-30,0.35,989.2625,12.75,12.0,-999.0
1998-01-31,0.2,991.75,12.625,13.375,-999.0
1998-02-01,0.3375,993.8625,17.375,13.625,-999.0
1998-02-02,0.125,989.7,13.875,17.0,-999.0
1998-02-03,0.225,985.5375,19.875,15.125,-999.0
1998-02-04,-0.0625,984.3875,19.375,14.0,-999.0
1998-02-05,-0.9,979.3625,10.625,18.625,-999.0
1998-02-06,-2.725,977.9125,8.125,8.25,-999.0
1998-02-07,-3.1125,985.25,11.875,12.25,-999.0
1998-02-08,-2.275,985.1125,8.875,14.75,-999.0
1998-02-09,-3.55,985.1375,2.625,4.25,-999.0
1998-02-10,-2.75,990.575,16.25,14.0,-999.0
1998-02-11,-2.1875,985.275,17.5,15.25,-999.0
1998-02-12,-2.7125,976.0625,34.0,14.25,-999.0
1998-02-13,-0.6875,971.5625,39.25,11.5,-999.0
1998-02-14,0.5625,979.0375,11.875,11.25,-999.0
1998-02-15,0.25,978.3125,10.75,13.625,-999.0
1998-02-16,-1.4375,983.2375,18.0,13.375,-999.0
1998-02-17,-0.7875,979.0625,33.25,13.875,-999.0
1998-02-18,0.2875,980.15,37.0,14.0,-999.0
1998-02-19,0.225,982.0125,28.625,14.0,-999.0
1998-02-20,0.1375,981.275,18.625,14.5,-999.0
1998-02-21,0.425,984.425,15.375,16.5,-999.0
1998-02-22,-0.85,984.7,13.75,15.25,-999.0
1998-02-23,-1.8375,985.15,10.375,18.25,-999.0
1998-02-24,-3.9875,990.15,11.25,21.25,-999.0
1998-02-25,-5.2,989.6,1.375,7.0,-999.0
1998-02-26,-4.1875,987.875,8.125,11.625,-999.0
1998-02-27,-3.8125,989.425,22.375,18.0,-999.0
1998-02-28,-4.8375,991.575,21.125,18.0,-999.0
1998-03-01,-4.5625,986.375,20.875,16.25,-999.0
1998-03-02,-3.0625,982.825,39.375,15.0,-999.0
1998-03-03,0.6625,965.2625,45.625,14.0,-999.0
1998-03-04,1.325,973.375,31.0,11.75,-999.0
1998-03-05,0.625,978.975,23.125,11.0,-999.0
1998-03-06,-0.9375,977.4375,17.75,13.625,-999.0
1998-03-07,-1.1875,966.575,17.5,17.5,-999.0
1998-03-08,0.375,981.7875,21.375,15.75,-999.0
1998-03-09,-2.8375,986.725,14.25,12.375,-999.0
1998-03-10,-5.4875,984.2875,22.625,13.5,-999.0
1998-03-11,-4.6375,989.5625,21.375,16.25,-999.0
1998-03-12,-2.4,988.675,23.25,16.625,-999.0
1998-03-13,-3.7625,987.475,14.625,14.75,-999.0
1998-03-14,-7.2625,990.1375,8.25,16.25,-999.0
1998-03-15,-6.0875,988.575,22.25,13.0,-999.0
1998-03-16,-4.2875,984.4375,28.375,16.5,-999.0
1998-03-17,-4.5625,980.8875,21.875,17.5,-999.0
1998-03-18,-8.325,977.3125,15.5,17.0,-999.0
1998-03-19,-9.8125,974.4875,13.0,18.0,-999.0
1998-03-20,-6.025,966.2,22.125,17.75,-999.0
1998-03-21,-3.4,964.45,23.125,17.25,-999.0
1998-03-22,-1.5,967.2625,30.625,14.5,-999.0
1998-03-23,-5.9,973.925,8.5,9.0,-999.0
1998-03-24,-10.0625,972.775,8.25,13.0,-999.0
1998-03-25,-7.1625,977.125,13.875,17.5,-999.0
1998-03-26,-12.7125,986.2,17.625,18.0,-999.0
1998-03-27,-12.1,985.2875,18.125,18.0,-999.0
1998-03-28,-10.6875,979.875,20.25,15.0,-999.0
1998-03-29,-9.4625,981.9125,21.75,14.5,-999.0
1998-03-30,-7.4875,978.7375,22.375,13.875,-999.0
1998-03-31,-7.125,974.1125,28.25,15.0,-999.0
1998-04-01,-10.7625,973.7625,17.0,15.75,-999.0
1998-04-02,-4.925,980.05,20.375,15.125,-999.0
1998-04-03,-9.0,985.225,9.625,13.0,-999.0
1998-04-04,-10.4125,982.5125,16.75,17.0,-999.0
1998-04-05,-12.6875,981.125,11.875,12.5,-999.0
1998-04-06,-13.6625,974.0625,26.25,18.25,-999.0
1998-04-07,-13.5625,976.0,22.75,19.25,-999.0
1998-04-08,-10.9625,978.9625,26.25,18.0,-999.0
1998-04-09,-9.225,980.2625,28.125,18.875,-999.0
1998-04-10,-13.6375,977.5875,0.625,3.375,-999.0
1998-04-11,-16.9,978.825,14.5,28.375,-999.0
1998-04-12,-17.0625,979.7875,18.0,22.125,-999.0
1998-04-13,-16.75,977.5875,17.5,20.125,-999.0
1998-04-14,-16.0,974.9125,15.5,15.75,-999.0
1998-04-15,-16.5625,980.2875,7.125,13.5,-999.0
1998-04-16,-19.15,980.55,1.25,2.25,-999.0
1998-04-17,-18.3125,978.5375,2.5,5.375,-999.0
1998-04-18,-19.25,982.55,8.375,14.375,-999.0
1998-04-19,-17.75,979.6875,7.75,11.25,-999.0
1998-04-20,-20.6625,973.0125,0.0,0.0,-999.0
1998-04-21,-20.0,970.0125,0.0,0.0,-999.0
1998-04-22,-21.5875,966.4375,1.25,5.375,-999.0
1998-04-23,-23.3875,972.4625,5.625,16.75,-999.0
1998-04-24,-23.275,981.325,0.0,0.0,-999.0
1998-04-25,-19.7125,983.325,3.5,5.0,-999.0
1998-04-26,-20.3125,987.1375,2.5,8.0,-999.0
1998-04-27,-23.025,979.1875,0.625,3.375,-999.0
1998-04-28,-18.3875,969.9625,18.0,16.5,-999.0
1998-04-29,-9.95,977.85,30.125,18.0,-999.0
1998-04-30,-7.75,973.475,33.125,18.0,-999.0
1998-05-01,-6.6625,960.65,31.0,19.0,-999.0
1998-05-02,-5.95,963.05,30.875,20.0,-999.0
1998-05-03,-6.2875,972.3375,25.125,18.0,-999.0
1998-05-04,-8.35,972.3625,28.75,18.75,-999.0
1998-05-05,-5.175,978.0875,30.375,18.25,-999.0
1998-05-06,-7.15,991.1875,25.875,21.75,-999.0
1998-05-07,-13.8125,986.5625,0.625,2.25,-999.0
1998-05-08,-12.075,982.15,21.75,18.5,-999.0
1998-05-09,-18.775,989.0,12.0,17.625,-999.0
1998-05-10,-18.8625,989.475,3.375,12.625,-999.0
1998-05-11,-14.55,995.275,18.5,14.0,-999.0
1998-05-12,-9.3125,1003.8125,24.25,18.0,-999.0
1998-05-13,-6.075,1000.1,27.125,18.0,-999.0
1998-05-14,-7.425,998.5875,21.75,18.0,-999.0
1998-05-15,-5.425,982.925,20.5,15.75,-999.0
1998-05-16,-7.725,984.775,18.125,18.5,-999.0
1998-05-17,-8.7125,988.675,20.875,21.75,-999.0
1998-05-18,-12.4,988.25,12.875,13.375,-999.0
1998-05-19,-15.0,992.7625,16.75,18.5,-999.0
1998-05-20,-12.6,990.4125,22.75,18.0,-999.0
1998-05-21,-11.2875,985.8375,34.0,18.0,-999.0
1998-05-22,-7.55,975.85,21.625,22.0,-999.0
1998-05-23,-7.55,978.275,17.75,19.75,-999.0
1998-05-24,-4.9375,979.8125,21.375,21.375,-999.0
1998-05-25,-10.4125,982.35,9.25,12.5,-999.0
1998-05-26,-16.625,983.3,12.125,23.625,-999.0
1998-05-27,-6.525,983.6875,25.875,21.5,-999.0
1998-05-28,-4.7125,980.0,35.625,19.75,-999.0
1998-05-29,-6.6125,975.75,31.75,22.125,-999.0
1998-05-30,-12.275,968.7,25.25,24.5,-999.0
1998-05-31,-11.625,976.3875,19.25,24.25,-999.0
1998-06-01,-13.625,982.3625,19.5,23.875,-999.0
1998-06-02,-13.25,977.95,17.875,23.5,-999.0
1998-06-03,-13.7625,971.6125,18.0,19.125,-999.0
1998-06-04,-6.975,969.4125,32.625,20.75,-999.0
1998-06-05,-3.475,959.1,40.75,18.625,-999.0
1998-06-06,-7.725,985.6625,30.0,18.75,-999.0
1998-06-07,-10.575,984.3625,21.5,20.75,-999.0
1998-06-08,-12.125,986.1625,34.125,20.625,-999.0
1998-06-09,-7.6,977.05,44.625,18.75,-999.0
1998-06-10,-10.65,978.6375,19.375,18.0,-999.0
1998-06-11,-18.6625,980.5875,9.75,17.875,-999.0
1998-06-12,-10.475,980.2375,43.75,20.25,-999.0
1998-06-13,-6.825,979.6125,43.5,19.75,-999.0
1998-06-14,-8.2875,983.0,15.75,18.75,-999.0
1998-06-15,-12.6125,975.5,7.125,18.375,-999.0
1998-06-16,-15.775,975.4625,10.125,19.5,-999.0
1998-06-17,-13.1,978.5,24.875,21.0,-999.0
1998-06-18,-14.325,975.525,22.0,21.5,-999.0
1998-06-19,-15.25,979.2,26.0,24.25,-999.0
1998-06-20,-16.05,986.3375,22.75,24.25,-999.0
1998-06-21,-17.825,988.1875,5.75,10.75,-999.0
1998-06-22,-19.8,984.125,18.875,21.75,-999.0
1998-06-23,-21.9625,985.15,11.875,13.5,-999.0
1998-06-24,-23.4875,990.225,2.75,4.5,-999.0
1998-06-25,-23.7875,994.825,1.625,4.5,-999.0
1998-06-26,-24.125,997.025,0.0,0.0,-999.0
1998-06-27,-21.0375,1001.6,0.0,0.0,-999.0
1998-06-28,-15.6875,1002.8875,2.75,6.75,-999.0
1998-06-29,-11.7625,989.9125,29.125,17.0,-999.0
1998-06-30,-12.85,973.7375,26.875,22.875,-999.0
1998-07-01,-13.7625,972.5625,22.375,25.75,-999.0
1998-07-02,-10.75,986.575,30.5,20.875,-999.0
1998-07-03,-12.65,982.2,27.75,26.0,-999.0
1998-07-04,-13.7125,984.25,17.5,21.0,-999.0
1998-07-05,-13.7625,977.925,5.625,10.875,-999.0
1998-07-06,-13.7875,976.35,24.0,23.25,-999.0
1998-07-07,-11.35,981.55,37.375,27.375,-999.0
1998-07-08,-136.175,987.3,-107.5,-99.625,-999.0
1998-07-09,-18.3125,982.0625,12.625,30.875,-999.0
1998-07-10,-14.9125,971.6,28.25,19.75,-999.0
1998-07-11,-17.1,971.5625,9.25,11.5,-999.0
1998-07-12,-13.2625,975.9625,20.875,24.75,-999.0
1998-07-13,-15.675,986.25,8.625,14.125,-999.0
1998-07-14,-19.675,988.8,10.875,13.5,-999.0
1998-07-15,-21.95,994.5125,4.625,7.0,-999.0
1998-07-16,-19.25,995.3375,6.625,6.75,-999.0
1998-07-17,-23.7125,990.3875,0.625,2.875,-999.0
1998-07-18,-24.9625,997.775,0.0,0.0,-999.0
1998-07-19,-19.35,999.7625,1.25,2.25,-999.0
1998-07-20,-14.6,991.65,18.5,4.75,-999.0
1998-07-21,-10.1875,983.9625,27.25,18.0,-999.0
1998-07-22,-12.9625,979.925,21.875,18.0,-999.0
1998-07-23,-11.4625,979.2875,17.125,18.0,-999.0
1998-07-24,-12.475,985.85,23.125,18.0,-999.0
1998-07-25,-12.6875,988.9375,24.0,18.0,-999.0
1998-07-26,-13.7,982.3875,18.875,18.5,-999.0
1998-07-27,-14.8375,986.4625,16.375,21.0,-999.0
1998-07-28,-13.675,992.4625,22.375,23.25,-999.0
1998-07-29,-19.35,975.3875,16.375,20.875,-999.0
1998-07-30,-22.8,968.8,4.875,7.625,-999.0
1998-07-31,-22.85,976.4875,3.0,4.5,-999.0
1998-08-01,-19.0375,985.7,12.0,19.0,-999.0
1998-08-02,-21.6625,985.0875,12.0,14.75,-999.0
1998-08-03,-19.275,987.2125,15.375,17.75,-999.0
1998-08-04,-17.675,981.675,25.875,18.0,-999.0
1998-08-05,-17.0125,980.4375,17.0,14.375,-999.0
1998-08-06,-21.4875,976.775,16.5,24.5,-999.0
1998-08-07,-15.95,978.8875,20.625,23.5,-999.0
1998-08-08,-20.25,988.8375,8.875,16.375,-999.0
1998-08-09,-21.1625,975.5,11.25,14.375,-999.0
1998-08-10,-20.975,968.1375,12.5,16.5,-999.0
1998-08-11,-15.1875,970.4125,24.0,22.875,-999.0
1998-08-12,-15.7875,984.6375,22.25,21.75,-999.0
1998-08-13,-20.1875,986.4,6.625,9.125,-999.0
1998-08-14,-24.5625,991.2375,4.75,9.375,-999.0
1998-08-15,-19.0125,1000.7375,23.625,15.75,-999.0
1998-08-16,-12.9625,1001.9375,27.875,18.0,-999.0
1998-08-17,-10.45,988.2375,38.25,18.0,-999.0
1998-08-18,-10.875,981.95,35.0,18.0,-999.0
1998-08-19,-12.5375,993.0625,24.875,18.0,-999.0
1998-08-20,-15.375,989.2875,10.625,9.0,-999.0
1998-08-21,-19.075,998.25,6.125,23.125,-999.0
1998-08-22,-16.8125,1001.4375,26.625,18.0,-999.0
1998-08-23,-13.0,988.6625,29.5,18.0,-999.0
1998-08-24,-12.55,984.2125,31.0,18.0,-999.0
1998-08-25,-13.525,984.425,9.75,13.5,-999.0
1998-08-26,-16.3,977.175,15.125,16.25,-999.0
1998-08-27,-21.175,982.2,0.0,0.0,-999.0
1998-08-28,-27.175,977.2875,0.0,0.0,-999.0
1998-08-29,-28.6125,974.5,0.0,0.0,-999.0
1998-08-30,-31.3625,981.025,1.5,2.25,-999.0
1998-08-31,-29.3625,984.275,5.25,18.0,-999.0
1998-09-01,-27.425,981.175,9.5,16.625,-999.0
1998-09-02,-29.0875,981.65,16.125,11.875,-999.0
1998-09-03,-19.3875,982.375,40.125,18.0,-999.0
1998-09-04,-11.475,974.0875,29.25,19.125,-999.0
1998-09-05,-8.5625,965.5375,28.375,21.75,-999.0
1998-09-06,-8.325,981.2375,27.25,18.0,-999.0
1998-09-07,-7.4125,981.1375,27.25,21.75,-999.0
1998-09-08,-7.075,979.3875,39.125,18.0,-999.0
1998-09-09,-11.125,993.7625,24.125,18.0,-999.0
1998-09-10,-17.7375,1004.7625,6.75,15.25,-999.0
1998-09-11,-20.075,1005.5125,4.375,6.5,-999.0
1998-09-12,-13.8375,997.25,16.125,22.375,-999.0
1998-09-13,-19.1625,996.65,3.75,9.0,-999.0
1998-09-14,-14.875,982.75,17.25,18.75,-999.0
1998-09-15,-12.85,976.325,15.0,18.25,-999.0
1998-09-16,-16.3125,981.7375,22.125,25.375,-999.0
1998-09-17,-18.9625,981.3125,9.625,16.625,-999.0
1998-09-18,-23.725,985.2375,5.0,9.625,-999.0
1998-09-19,-14.25,972.625,27.25,22.375,-999.0
1998-09-20,-8.175,971.15,32.625,18.5,-999.0
1998-09-21,-9.0875,977.475,35.625,19.75,-999.0
1998-09-22,-13.7875,990.225,16.625,22.375,-999.0
1998-09-23,-18.0125,992.0375,8.5,22.875,-999.0
1998-09-24,-22.15,982.65,0.0,0.0,-999.0
1998-09-25,-20.85,977.3375,18.25,13.5,-999.0
1998-09-26,-15.8125,977.725,26.75,21.0,-999.0
1998-09-27,-14.95,981.8625,22.5,24.0,-999.0
1998-09-28,-16.975,982.6625,18.25,19.125,-999.0
1998-09-29,-21.675,975.6,12.875,18.625,-999.0
1998-09-30,-13.9,983.0625,18.25,15.75,-999.0
1998-10-01,-11.875,979.6625,21.25,24.625,-999.0
1998-10-02,-15.725,982.65,11.0,22.625,-999.0
1998-10-03,-16.2625,993.0625,10.75,27.625,-999.0
1998-10-04,-19.475,991.45,0.0,0.0,-999.0
1998-10-05,-15.6375,988.3625,0.625,0.375,-999.0
1998-10-06,-17.8,990.75,4.625,8.0,-999.0
1998-10-07,-21.9125,987.3875,3.875,9.25,-999.0
1998-10-08,-18.1125,976.25,21.625,24.125,-999.0
1998-10-09,-19.4125,970.8375,8.125,9.875,-999.0
1998-10-10,-16.1125,977.125,10.625,11.25,-999.0
1998-10-11,-14.9375,988.575,14.5,15.0,-999.0
1998-10-12,-12.625,989.3125,15.5,17.25,-999.0
1998-10-13,-8.0125,987.3375,24.0,20.125,-999.0
1998-10-14,-4.625,976.9875,32.125,20.875,-999.0
1998-10-15,-4.775,977.3125,32.25,18.5,-999.0
1998-10-16,-7.35,987.525,25.375,16.875,-999.0
1998-10-17,-11.8625,992.5,13.25,16.625,-999.0
1998-10-18,-138.225,991.1125,-119.0,11.375,-999.0
1998-10-19,-16.6125,982.25,2.5,6.25,-999.0
1998-10-20,-15.6875,970.3,12.875,15.5,-999.0
1998-10-21,-13.8125,979.975,24.125,18.0,-999.0
1998-10-22,-16.35,985.5875,6.875,13.75,-999.0
1998-10-23,-15.8625,994.1,3.125,8.5,-999.0
1998-10-24,-13.075,991.6125,19.375,15.875,-999.0
1998-10-25,-10.7875,973.3125,53.0,16.5,-999.0
1998-10-26,-8.6625,984.2125,32.125,19.75,-999.0
1998-10-27,-8.15,984.6625,15.0,23.875,-999.0
1998-10-28,-10.775,984.3375,29.125,15.875,-999.0
1998-10-29,-9.7875,983.3625,14.625,21.625,-999.0
1998-10-30,-8.8625,975.275,32.625,20.0,-999.0
1998-10-31,-5.575,969.3375,25.375,14.75,-999.0
1998-11-01,-9.2,985.15,5.0,10.875,-999.0
1998-11-02,-10.625,988.6,13.0,9.5,-999.0
1998-11-03,-10.225,993.6875,10.25,14.25,-999.0
1998-11-04,-11.15,991.275,11.875,20.875,-999.0
1998-11-05,-9.8125,983.5625,26.375,23.625,-999.0
1998-11-06,-8.575,982.075,27.875,24.5,-999.0
1998-11-07,-5.625,976.6,25.5,23.0,-999.0
1998-11-08,-4.4,974.275,15.625,19.25,-999.0
1998-11-09,-6.65,979.8125,7.625,3.5,-999.0
1998-11-10,-7.9125,982.9,7.875,7.125,-999.0
1998-11-11,-7.2,969.3375,9.5,13.375,-999.0
1998-11-12,-4.975,963.4375,17.5,19.375,-999.0
1998-11-13,-3.65,976.175,18.0,19.875,-999.0
1998-11-14,-6.1875,973.7125,14.75,19.875,-999.0
1998-11-15,-6.6625,975.6375,19.25,18.0,-999.0
1998-11-16,-4.65,974.2125,24.5,17.0,-999.0
1998-11-17,-2.675,971.85,20.125,17.5,-999.0
1998-11-18,-5.025,976.4625,12.0,12.5,-999.0
1998-11-19,-5.0,988.8125,5.75,13.375,-999.0
1998-11-20,-2.8625,982.475,23.125,17.875,-999.0
1998-11-21,-2.3125,979.025,27.25,12.0,-999.0
1998-11-22,-1.1375,982.3625,30.0,10.75,-999.0
1998-11-23,-0.2625,976.2,16.5,14.0,-999.0
1998-11-24,0.2625,972.5,23.125,10.625,-999.0
1998-11-25,0.125,973.975,19.0,15.875,-999.0
1998-11-26,5.55e-17,971.9375,14.125,18.5,-999.0
1998-11-27,-1.3125,978.475,9.25,11.5,-999.0
1998-11-28,-2.85,978.5375,7.0,5.125,-999.0
1998-11-29,-2.4,976.6,8.25,6.875,-999.0
1998-11-30,-2.2,981.7875,16.875,12.0,-999.0
1998-12-01,-2.3125,994.2625,5.5,4.25,-999.0
1998-12-02,-0.6375,990.5,21.875,15.75,-999.0
1998-12-03,0.5125,974.45,21.75,15.5,-999.0
1998-12-04,-2.175,978.6,22.625,14.125,-999.0
1998-12-05,-2.1,966.85,21.5,16.625,-999.0
1998-12-06,-4.5,972.4875,11.5,6.75,-999.0
1998-12-07,-2.9375,970.2,35.875,10.375,-999.0
1998-12-08,-1.925,971.45,27.125,16.0,-999.0
1998-12-09,-1.7,974.1875,12.75,13.625,-999.0
1998-12-10,-1.225,973.425,14.5,5.875,-999.0
1998-12-11,-1.1875,973.6375,10.5,13.375,-999.0
1998-12-12,-0.9,975.9,3.625,4.5,-999.0
1998-12-13,0.725,976.7625,9.5,6.75,-999.0
1998-12-14,-2.05,981.45,10.5,5.0,-999.0
1998-12-15,-2.15,985.5875,1.875,5.625,-999.0
1998-12-16,0.075,986.0625,9.125,9.5,-999.0
1998-12-17,0.025,985.575,0.625,3.375,-999.0
1998-12-18,-0.7875,980.6625,8.5,9.125,-999.0
1998-12-19,-0.775,983.3625,7.375,6.875,-999.0
1998-12-20,-1.45,987.9625,10.5,13.75,-999.0
1998-12-21,-2.45,989.6375,0.0,0.0,-999.0
1998-12-22,-0.9375,1000.425,12.125,26.625,-999.0
1998-12-23,-0.275,993.7,8.625,2.75,-999.0
1998-12-24,-2.325,985.55,9.75,11.25,-999.0
1998-12-25,-2.1125,990.975,4.125,10.25,-999.0
1998-12-26,-1.05,994.5625,0.625,0.625,-999.0
1998-12-27,-2.05,994.8375,2.75,4.5,-999.0
1998-12-28,-0.8125,997.7625,18.25,3.125,-999.0
1998-12-29,0.4875,993.4875,25.625,3.25,-999.0
1998-12-30,2.15,987.0,29.375,7.0,-999.0
1998-12-31,3.0875,985.3375,24.5,9.25,-999.0
1999-01-01,2.9,989.2625,16.75,8.875,-999.0
1999-01-02,3.3625,979.7625,15.75,21.375,-999.0
1999-01-03,3.675,979.0,21.625,27.625,-999.0
1999-01-04,1.125,984.175,19.375,27.25,-999.0
1999-01-05,0.45,987.1375,24.25,28.0,-999.0
1999-01-06,0.575,990.9625,14.5,24.5,-999.0
1999-01-07,0.875,983.5875,13.625,22.75,-999.0
1999-01-08,2.4125,979.2375,16.75,27.875,-999.0
1999-01-09,3.825,977.9,12.875,24.75,-999.0
1999-01-10,1.325,980.775,20.375,26.75,-999.0
1999-01-11,0.125,985.5375,19.5,15.875,-999.0
1999-01-12,0.9,989.1,4.25,9.0,-999.0
1999-01-13,1.9125,995.1375,17.625,9.5,-999.0
1999-01-14,2.975,988.65,34.875,10.375,-999.0
1999-01-15,2.4,989.4,32.375,13.625,-999.0
1999-01-16,5.4375,986.9625,17.5,12.125,-999.0
1999-01-17,3.075,992.1375,10.0,9.375,-999.0
1999-01-18,1.525,873.45,10.75,13.125,-999.0
1999-01-19,1.1875,126.175,8.625,10.375,-999.0
1999-01-20,-0.1625,624.075,19.25,15.375,-999.0
1999-01-21,-2.775,990.025,29.875,12.25,-999.0
1999-01-22,-2.4875,990.4375,33.5,10.0,-999.0
1999-01-23,-0.9875,990.4875,14.875,19.625,-999.0
1999-01-24,-1.825,990.975,5.375,14.125,-999.0
1999-01-25,-0.6625,989.4,12.0,12.25,-999.0
1999-01-26,-1.275,986.5375,25.75,14.25,-999.0
1999-01-27,-0.9375,983.5375,38.5,14.0,-999.0
1999-01-28,-0.2,981.4875,25.625,13.25,-999.0
1999-01-29,0.25,979.4375,20.375,13.75,-999.0
1999-01-30,1.3125,979.575,23.875,13.625,-999.0
1999-01-31,-0.375,979.4,24.125,13.625,-999.0
1999-02-01,-2.6375,984.3625,10.25,16.625,-999.0
1999-02-02,-2.875,985.9875,9.375,15.5,-999.0
1999-02-03,-1.5625,1000.125,9.375,20.75,-999.0
1999-02-04,-1.4,996.7625,1.875,32.375,-999.0
1999-02-05,-0.4875,990.7625,13.25,12.875,-999.0
1999-02-06,0.0625,978.8875,9.0,15.0,-999.0
1999-02-07,-2.4125,979.7,11.125,12.25,-999.0
1999-02-08,-3.425,982.3125,22.125,14.25,-999.0
1999-02-09,-2.625,989.25,27.0,14.0,-999.0
1999-02-10,-0.7875,993.375,19.125,13.625,-999.0
1999-02-11,-2.45,990.7625,11.25,16.125,-999.0
1999-02-12,-4.1,990.8625,15.75,17.5,-999.0
1999-02-13,-4.0625,993.1625,17.25,14.375,-999.0
1999-02-14,-5.175,987.1875,18.875,11.125,-999.0
1999-02-15,-2.7125,992.3375,18.125,13.5,-999.0
1999-02-16,-2.75,992.8,14.5,11.75,-999.0
1999-02-17,-4.0125,990.1625,10.125,10.375,-999.0
1999-02-18,-4.55,993.5375,8.625,9.375,-999.0
1999-02-19,-4.5,994.3625,15.875,10.75,-999.0
1999-02-20,-4.35,992.6625,25.5,14.25,-999.0
1999-02-21,-3.9125,989.9125,24.875,14.25,-999.0
1999-02-22,-2.7625,987.5625,28.875,13.25,-999.0
1999-02-23,-1.95,992.1625,19.5,11.5,-999.0
1999-02-24,-4.7375,988.1375,10.5,12.75,-999.0
1999-02-25,-7.0875,984.4,5.75,13.25,-999.0
1999-02-26,-5.4625,993.9125,17.375,13.0,-999.0
1999-02-27,-4.1375,994.1125,15.0,10.75,-999.0
1999-02-28,-3.3,988.0875,13.375,11.0,-999.0
1999-03-01,-4.125,991.025,21.5,10.75,-999.0
1999-03-02,-0.9,992.725,34.375,14.25,-999.0
1999-03-03,-0.5625,988.125,22.0,16.875,-999.0
1999-03-04,-1.5375,985.75,17.5,15.375,-999.0
1999-03-05,-0.175,980.55,19.125,16.25,-999.0
1999-03-06,-0.675,976.65,19.75,15.75,-999.0
1999-03-07,-4.875,978.3875,8.375,20.0,-999.0
1999-03-08,-7.325,978.675,9.625,14.125,-999.0
1999-03-09,-6.8125,984.4125,17.0,11.625,-999.0
1999-03-10,-5.925,983.4375,22.875,12.875,-999.0
1999-03-11,-6.85,981.1,18.125,13.25,-999.0
1999-03-12,-8.1875,982.7375,20.625,14.0,-999.0
1999-03-13,-8.0875,982.3125,26.875,13.625,-999.0
1999-03-14,-6.9375,984.7875,24.75,13.625,-999.0
1999-03-15,-6.0125,984.5375,24.125,13.625,-999.0
1999-03-16,-6.85,985.9125,21.0,14.0,-999.0
1999-03-17,-8.5125,988.0375,16.5,15.25,-999.0
1999-03-18,-7.5875,990.3625,15.75,16.375,-999.0
1999-03-19,-7.2125,992.55,25.0,13.5,-999.0
1999-03-20,-11.3375,996.5625,10.625,10.25,-999.0
1999-03-21,-13.125,993.825,29.375,15.0,-999.0
1999-03-22,-13.5,989.8125,9.75,12.375,-999.0
1999-03-23,-13.25,983.8125,34.875,15.75,-999.0
1999-03-24,-11.9375,984.875,21.5,17.75,-999.0
1999-03-25,-11.525,990.55,19.375,16.25,-999.0
1999-03-26,-9.8625,994.7,12.875,12.125,-999.0
1999-03-27,-9.675,991.0,8.625,11.75,-999.0
1999-03-28,-8.7625,994.3625,12.25,17.75,-999.0
1999-03-29,-11.1,1001.125,7.875,17.75,-999.0
1999-03-30,-8.775,990.4375,19.75,11.75,-999.0
1999-03-31,-11.525,986.2125,4.75,20.5,-999.0
1999-04-01,-12.9375,983.425,17.25,16.0,-999.0
1999-04-02,-11.3,985.3,23.5,15.0,-999.0
1999-04-03,-10.7125,987.1125,15.375,13.125,-999.0
1999-04-04,-15.725,984.6625,16.375,16.0,-999.0
1999-04-05,-16.9375,987.05,4.25,6.625,-999.0
1999-04-06,-18.125,985.425,3.5,7.0,-999.0
1999-04-07,-16.4625,986.3625,9.5,10.875,-999.0
1999-04-08,-15.9375,989.15,13.125,13.375,-999.0
1999-04-09,-14.1875,987.35,25.625,16.5,-999.0
1999-04-10,-14.8875,986.8625,14.625,15.0,-999.0
1999-04-11,-15.6375,983.9125,7.5,13.375,-999.0
1999-04-12,-17.675,985.9125,6.875,9.25,-999.0
1999-04-13,-17.325,989.2,24.375,17.25,-999.0
1999-04-14,-11.0,990.8625,23.375,14.625,-999.0
1999-04-15,-13.3,986.225,19.375,10.5,-999.0
1999-04-16,-16.5,976.9125,20.25,13.0,-999.0
1999-04-17,-13.7875,977.1,28.875,15.75,-999.0
1999-04-18,-12.2125,979.8125,28.125,15.5,-999.0
1999-04-19,-9.725,981.15,37.625,13.25,-999.0
1999-04-20,-10.3625,977.2,14.375,15.875,-999.0
1999-04-21,-8.1875,968.0,32.875,15.375,-999.0
1999-04-22,-7.575,980.1375,21.875,14.75,-999.0
1999-04-23,-15.2625,977.6125,3.125,8.5,-999.0
1999-04-24,-16.5125,976.8125,18.25,16.0,-999.0
1999-04-25,-12.2625,980.4,34.5,14.0,-999.0
1999-04-26,-10.3375,980.2625,39.125,14.0,-999.0
1999-04-27,-7.7375,967.05,33.75,16.0,-999.0
1999-04-28,-12.5375,970.8375,9.375,17.125,-999.0
1999-04-29,-13.925,970.5,17.875,17.75,-999.0
1999-04-30,-12.1,973.0625,23.375,13.25,-999.0
1999-05-01,-14.6875,982.15,20.0,15.75,-999.0
1999-05-02,-15.5125,980.95,31.75,16.25,-999.0
1999-05-03,-17.8,974.85,23.0,17.5,-999.0
1999-05-04,-12.025,983.575,27.375,15.875,-999.0
1999-05-05,-9.025,980.45,37.125,15.25,-999.0
1999-05-06,-8.8375,982.6625,36.25,14.0,-999.0
1999-05-07,-7.875,982.2375,35.375,15.5,-999.0
1999-05-08,-10.9875,979.925,29.875,14.875,-999.0
1999-05-09,-13.2375,974.6875,31.625,15.0,-999.0
1999-05-10,-11.4125,975.2875,24.875,14.25,-999.0
1999-05-11,-11.0375,976.625,13.875,12.625,-999.0
1999-05-12,-15.6625,975.2375,18.25,14.75,-999.0
1999-05-13,-17.7875,976.9875,25.75,17.75,-999.0
1999-05-14,-15.5125,984.725,17.875,16.25,-999.0
1999-05-15,-21.2625,981.5625,17.875,13.625,-999.0
1999-05-16,-15.9125,972.7875,22.125,14.125,-999.0
1999-05-17,-21.1,973.7,9.25,11.75,-999.0
1999-05-18,-16.9375,980.725,23.375,17.5,-999.0
1999-05-19,-11.8,978.55,27.5,14.0,-999.0
1999-05-20,-12.1875,980.7125,36.25,15.75,-999.0
1999-05-21,-15.1625,980.7,37.5,17.5,-999.0
1999-05-22,-16.05,977.375,31.125,17.75,-999.0
1999-05-23,-11.2125,967.6125,29.625,18.875,-999.0
1999-05-24,-8.0875,980.8875,30.0,14.25,-999.0
1999-05-25,-10.2,994.7,21.125,16.5,-999.0
1999-05-26,-17.9375,987.2375,11.5,13.0,-999.0
1999-05-27,-21.025,994.9625,10.875,15.75,-999.0
1999-05-28,-20.225,995.9125,10.75,11.75,-999.0
1999-05-29,-15.45,993.4,28.5,14.75,-999.0
1999-05-30,-10.0,981.2,41.75,14.75,-999.0
1999-05-31,-9.15,977.075,32.375,13.625,-999.0
1999-06-01,-14.7,980.3875,21.25,12.5,-999.0
1999-06-02,-17.875,973.6,25.5,12.5,-999.0
1999-06-03,-16.725,976.425,20.375,13.25,-999.0
1999-06-04,-19.45,981.9875,19.375,18.0,-999.0
1999-06-05,-17.3125,991.0375,17.375,12.75,-999.0
1999-06-06,-15.2,990.725,23.375,15.25,-999.0
1999-06-07,-10.7875,986.5,33.625,13.5,-999.0
1999-06-08,-9.775,989.7125,35.5,13.25,-999.0
1999-06-09,-12.175,995.05,37.5,14.0,-999.0
1999-06-10,-11.475,995.5125,25.25,14.0,-999.0
1999-06-11,-15.975,992.3,19.75,16.625,-999.0
1999-06-12,-10.425,996.6125,25.375,15.75,-999.0
1999-06-13,-10.5625,1000.1,19.5,14.875,-999.0
1999-06-14,-11.4125,995.5625,23.5,17.5,-999.0
1999-06-15,-7.6,1001.0375,29.75,14.25,-999.0
1999-06-16,-10.1125,1016.8125,33.125,16.0,-999.0
1999-06-17,-13.7875,1014.825,18.5,15.5,-999.0
1999-06-18,-12.825,1010.175,24.375,14.5,-999.0
1999-06-19,-9.675,1000.3,41.5,15.125,-999.0
1999-06-20,-5.8375,991.125,47.625,14.0,-999.0
1999-06-21,-4.9875,994.4625,39.875,12.5,-999.0
1999-06-22,-8.3375,996.0875,29.375,11.375,-999.0
1999-06-23,-10.1,997.7125,25.875,11.5,-999.0
1999-06-24,-9.075,993.1875,23.625,10.0,-999.0
1999-06-25,-4.6875,983.2,35.125,13.25,-999.0
1999-06-26,-7.075,980.025,34.625,11.0,-999.0
1999-06-27,-8.225,989.625,42.875,12.875,-999.0
1999-06-28,-9.3875,994.4,33.5,15.0,-999.0
1999-06-29,-11.775,994.35,21.25,16.25,-999.0
1999-06-30,-12.9625,995.9,21.625,17.125,-999.0
1999-07-01,-6.9375,984.65,30.125,14.5,-999.0
1999-07-02,-8.0,979.175,21.875,14.25,-999.0
1999-07-03,-12.1125,977.0125,29.0,14.0,-999.0
1999-07-04,-15.375,970.6125,32.25,11.75,-999.0
1999-07-05,-18.45,975.4125,19.625,13.125,-999.0
1999-07-06,-26.2875,978.1125,0.75,1.75,-999.0
1999-07-07,-27.6875,981.725,3.875,4.875,-999.0
1999-07-08,-29.3625,987.7875,0.625,3.375,-999.0
1999-07-09,-24.5375,989.4,1.25,1.75,-999.0
1999-07-10,-20.65,992.775,9.875,16.25,-999.0
1999-07-11,-21.875,993.675,8.0,13.625,-999.0
1999-07-12,-20.6875,994.1625,6.875,6.0,-999.0
1999-07-13,-22.175,995.3375,2.625,15.0,-999.0
1999-07-14,-24.5375,989.3625,1.0,5.625,-999.0
1999-07-15,-23.9625,993.8125,6.25,20.875,-999.0
1999-07-16,-26.8375,1002.175,1.625,6.75,-999.0
1999-07-17,-26.375,1002.85,3.5,3.125,-999.0
1999-07-18,-18.65,995.8625,22.25,11.125,-999.0
1999-07-19,-14.7375,987.2875,29.0,10.5,-999.0
1999-07-20,-16.6625,991.5625,31.75,11.0,-999.0
1999-07-21,-15.0875,1002.8,26.0,11.375,-999.0
1999-07-22,-11.55,988.4125,47.375,13.25,-999.0
1999-07-23,-6.3375,967.1875,60.0,12.5,-999.0
1999-07-24,-12.625,987.85,35.625,15.0,-999.0
1999-07-25,-14.4625,985.775,21.75,15.625,-999.0
1999-07-26,-12.9375,973.4625,24.625,16.0,-999.0
1999-07-27,-14.4875,981.6,15.625,15.875,-999.0
1999-07-28,-15.2625,985.025,6.5,6.75,-999.0
1999-07-29,-22.8375,989.7125,3.25,11.125,-999.0
1999-07-30,-21.625,990.1,6.375,11.875,-999.0
1999-07-31,-21.4125,997.35,9.125,12.375,-999.0
1999-08-01,-18.9625,1009.1625,11.0,11.5,-999.0
1999-08-02,-18.2375,1006.6375,3.25,9.625,-999.0
1999-08-03,-18.8375,1009.35,2.125,2.875,-999.0
1999-08-04,-14.3875,1001.325,6.375,6.25,-999.0
1999-08-05,-17.65,998.2,24.0,13.125,-999.0
1999-08-06,-19.725,999.25,41.75,10.75,-999.0
1999-08-07,-12.7,986.75,38.125,13.25,-999.0
1999-08-08,-10.375,984.425,33.625,11.75,-999.0
1999-08-09,-11.7625,982.675,18.625,11.375,-999.0
1999-08-10,-9.525,983.6375,15.75,10.125,-999.0
1999-08-11,-12.175,982.55,7.75,15.625,-999.0
1999-08-12,-15.0,986.4625,6.875,5.875,-999.0
1999-08-13,-11.6625,985.4625,31.75,11.75,-999.0
1999-08-14,-8.9625,954.8125,53.0,13.625,-999.0
1999-08-15,-14.3,964.4875,20.75,8.75,-999.0
1999-08-16,-15.15,978.4375,21.5,11.875,-999.0
1999-08-17,-18.8375,974.05,5.125,3.875,-999.0
1999-08-18,-27.6,971.2875,3.375,7.125,-999.0
1999-08-19,-26.6375,980.6,9.125,8.125,-999.0
1999-08-20,-27.725,992.3875,5.125,7.375,-999.0
1999-08-21,-28.925,988.325,0.625,3.375,-999.0
1999-08-22,-20.1125,987.5,18.125,14.0,-999.0
1999-08-23,-12.7625,990.2875,37.125,14.25,-999.0
1999-08-24,-12.3125,987.95,43.0,12.5,-999.0
1999-08-25,-11.2375,985.05,41.375,12.625,-999.0
1999-08-26,-11.7125,975.3625,23.875,12.125,-999.0
1999-08-27,-18.7625,979.325,26.0,10.75,-999.0
1999-08-28,-15.35,983.9625,28.75,14.0,-999.0
1999-08-29,-15.1,976.45,41.875,11.75,-999.0
1999-08-30,-10.45,966.9625,51.0,12.5,-999.0
1999-08-31,-9.9125,960.375,46.125,11.125,-999.0
1999-09-01,-11.825,978.95,16.125,10.5,-999.0
1999-09-02,-12.5,973.075,21.625,11.375,-999.0
1999-09-03,-14.775,973.25,26.0,12.125,-999.0
1999-09-04,-14.7,961.7,40.625,12.25,-999.0
1999-09-05,-21.1875,977.7,7.25,7.25,-999.0
1999-09-06,-16.85,993.35,27.625,12.875,-999.0
1999-09-07,-12.425,994.2125,24.875,13.25,-999.0
1999-09-08,-12.85,987.05,23.25,11.875,-999.0
1999-09-09,-15.25,988.075,23.125,11.375,-999.0
1999-09-10,-15.3,972.625,53.375,12.5,-999.0
1999-09-11,-15.05,980.975,38.25,10.75,-999.0
1999-09-12,-14.6125,997.1625,19.0,13.25,-999.0
1999-09-13,-13.025,994.0875,21.25,11.0,-999.0
1999-09-14,-18.6625,993.8375,30.5,11.375,-999.0
1999-09-15,-18.95,993.4,21.375,11.75,-999.0
1999-09-16,-16.3125,992.175,10.125,10.625,-999.0
1999-09-17,-12.1875,994.825,23.25,13.875,-999.0
1999-09-18,-7.7375,990.5375,17.125,16.5,-999.0
1999-09-19,-10.9375,988.0375,22.25,14.0,-999.0
1999-09-20,-13.25,992.35,15.625,18.25,-999.0
1999-09-21,-16.4375,990.6875,11.375,14.875,-999.0
1999-09-22,-16.9875,990.025,23.375,16.5,-999.0
1999-09-23,-19.6875,994.3,11.625,10.75,-999.0
1999-09-24,-20.9875,993.0625,4.625,8.75,-999.0
1999-09-25,-16.625,986.6375,28.25,13.625,-999.0
1999-09-26,-15.8125,987.3625,22.25,12.875,-999.0
1999-09-27,-19.3625,991.95,10.625,12.875,-999.0
1999-09-28,-22.425,998.0125,3.125,4.25,-999.0
1999-09-29,-16.8875,986.3,15.875,10.875,-999.0
1999-09-30,-13.05,979.75,15.5,15.5,-999.0
1999-10-01,-17.0625,978.7125,27.25,13.625,-999.0
1999-10-02,-13.0,963.3875,25.625,15.125,-999.0
1999-10-03,-20.475,981.725,9.625,9.625,-999.0
1999-10-04,-17.85,976.425,19.5,13.625,-999.0
1999-10-05,-12.9375,958.6375,26.0,14.875,-999.0
1999-10-06,-13.0375,963.1375,25.375,16.5,-999.0
1999-10-07,-15.325,977.85,20.0,13.875,-999.0
1999-10-08,-15.8875,975.9625,24.375,12.5,-999.0
1999-10-09,-15.1,975.325,17.75,15.75,-999.0
1999-10-10,-18.8,980.5875,5.625,11.0,-999.0
1999-10-11,-17.55,980.4375,11.125,14.625,-999.0
1999-10-12,-17.6875,972.7875,7.5,13.75,-999.0
1999-10-13,-17.6875,975.8875,17.0,13.625,-999.0
1999-10-14,-19.375,982.4,3.75,8.625,-999.0
1999-10-15,-11.5,978.9625,15.875,16.25,-999.0
1999-10-16,-13.5125,982.775,10.125,13.5,-999.0
1999-10-17,-10.125,988.2125,10.875,15.25,-999.0
1999-10-18,-6.95,990.9,19.625,12.25,-999.0
1999-10-19,-8.7375,981.25,45.25,14.0,-999.0
1999-10-20,-9.8375,975.25,40.0,14.0,-999.0
1999-10-21,-6.7375,971.0625,14.125,18.875,-999.0
1999-10-22,-9.15,977.4,11.25,17.5,-999.0
1999-10-23,-10.8875,982.8625,16.375,12.125,-999.0
1999-10-24,-9.175,973.475,22.25,12.125,-999.0
1999-10-25,-8.925,973.9875,22.125,12.5,-999.0
1999-10-26,-8.0375,972.2625,9.125,13.375,-999.0
1999-10-27,-9.35,973.1625,14.25,10.5,-999.0
1999-10-28,-9.7125,970.8,10.625,13.875,-999.0
1999-10-29,-11.725,965.2875,11.875,11.0,-999.0
1999-10-30,-11.275,978.675,11.875,15.125,-999.0
1999-10-31,-12.1125,978.975,14.625,10.0,-999.0
1999-11-01,-11.2,973.1125,16.75,13.875,-999.0
1999-11-02,-9.0625,972.575,30.625,12.5,-999.0
1999-11-03,-4.475,964.9,38.625,12.5,-999.0
1999-11-04,-1.9,967.2875,27.875,13.75,-999.0
1999-11-05,-2.425,978.1125,26.875,11.875,-999.0
1999-11-06,-3.35,991.9875,18.25,10.875,-999.0
1999-11-07,-2.8625,993.7625,36.0,12.125,-999.0
1999-11-08,-1.9375,990.5125,43.125,11.75,-999.0
1999-11-09,1.2375,989.1875,35.875,11.375,-999.0
1999-11-10,-2.7625,988.2875,12.0,8.75,-999.0
1999-11-11,-7.6875,986.0875,10.875,9.5,-999.0
1999-11-12,-6.8125,984.725,17.625,8.25,-999.0
1999-11-13,-7.65,872.425,8.5,16.875,-999.0
1999-11-14,-7.425,978.225,9.375,10.5,-999.0
1999-11-15,-6.0375,981.975,13.75,13.625,-999.0
1999-11-16,-5.8125,983.95,14.75,16.75,-999.0
1999-11-17,-4.8375,980.8625,19.0,11.875,-999.0
1999-11-18,-4.775,984.9625,21.625,12.0,-999.0
1999-11-19,-3.3125,981.875,16.625,16.875,-999.0
1999-11-20,-4.3375,976.8625,13.125,16.875,-999.0
1999-11-21,-5.4875,980.2625,11.375,16.125,-999.0
1999-11-22,-5.7125,982.2875,9.125,13.375,-999.0
1999-11-23,-6.6875,984.4875,4.125,5.25,-999.0
1999-11-24,-6.5375,985.2125,8.125,6.875,-999.0
1999-11-25,-6.7375,987.5125,8.875,19.75,-999.0
1999-11-26,-7.525,985.7125,6.625,21.125,-999.0
1999-11-27,-7.5875,984.85,8.5,8.125,-999.0
1999-11-28,-6.25,983.9375,16.75,10.875,-999.0
1999-11-29,-6.125,977.1625,14.375,10.375,-999.0
1999-11-30,-5.5625,974.1375,10.125,9.125,-999.0
1999-12-01,-5.5875,975.85,8.375,15.0,-999.0
1999-12-02,-6.3375,978.2625,9.25,10.375,-999.0
1999-12-03,-4.7375,978.3875,10.25,15.25,-999.0
1999-12-04,-4.375,973.3,11.5,23.875,-999.0
1999-12-05,-7.7,975.4375,3.75,8.0,-999.0
1999-12-06,-6.0375,975.3875,7.5,14.625,-999.0
1999-12-07,-4.8875,965.0375,6.125,10.0,-999.0
1999-12-08,-4.0625,967.2375,4.875,10.125,-999.0
1999-12-09,-0.5875,975.4,16.75,13.375,-999.0
1999-12-10,-3.0375,976.2875,6.75,18.125,-999.0
1999-12-11,-2.7,976.7625,19.0,10.5,-999.0
1999-12-12,-1.6125,972.125,20.0,12.75,-999.0
1999-12-13,-2.3375,971.5875,17.25,15.0,-999.0
1999-12-14,0.4125,976.6,12.125,13.125,-999.0
1999-12-15,-0.3375,979.875,14.75,16.125,-999.0
1999-12-16,-0.725,984.3,13.5,15.75,-999.0
1999-12-17,-1.7625,987.1375,7.5,12.625,-999.0
1999-12-18,-0.7375,986.2875,14.125,17.375,-999.0
1999-12-19,-2.5875,985.4375,21.375,10.0,-999.0
1999-12-20,-4.625,978.2875,38.625,11.0,-999.0
1999-12-21,-2.8,984.9125,31.375,11.375,-999.0
1999-12-22,-0.4875,982.8125,30.625,12.125,-999.0
1999-12-23,1.0125,981.8375,13.75,23.125,-999.0
1999-12-24,1.4125,979.4125,10.0,14.75,-999.0
1999-12-25,-0.0125,989.5,5.375,11.875,-999.0
1999-12-26,-2.55,990.125,8.25,29.875,-999.0
1999-12-27,-3.1125,986.7125,7.375,6.75,-999.0
1999-12-28,-1.95,984.175,8.5,11.0,-999.0
1999-12-29,-3.825,987.075,11.375,8.875,-999.0
1999-12-30,-3.575,985.8375,12.125,23.0,-999.0
1999-12-31,-1.5625,989.6375,12.25,20.5,-999.0
2000-01-01,-1.8625,989.1,5.5,11.625,-999.0
2000-01-02,-1.0125,977.225,8.75,6.875,-999.0
2000-01-03,-3.125,973.925,9.75,8.0,-999.0
2000-01-04,-1.7125,974.3125,15.5,10.5,-999.0
2000-01-05,-1.475,978.5125,25.625,11.5,-999.0
2000-01-06,1.35,980.1,16.625,11.75,-999.0
2000-01-07,0.1,979.3875,9.75,18.125,-999.0
2000-01-08,-0.425,984.4375,13.25,12.875,-999.0
2000-01-09,1.3125,985.6375,12.75,11.75,-999.0
2000-01-10,2.1,976.2375,13.625,14.5,-999.0
2000-01-11,2.05,973.85,10.0,15.875,-999.0
2000-01-12,-0.85,975.275,5.625,9.125,-999.0
2000-01-13,1.9625,981.05,7.125,15.375,-999.0
2000-01-14,1.1,973.4,15.75,10.5,-999.0
2000-01-15,-0.025,972.2875,12.875,10.75,-999.0
2000-01-16,-0.425,977.975,17.375,11.0,-999.0
2000-01-17,-0.5625,979.1625,12.5,15.5,-999.0
2000-01-18,0.8875,978.65,18.125,16.125,-999.0
2000-01-19,1.9,988.325,22.125,12.375,-999.0
2000-01-20,1.775,988.6625,14.25,11.125,-999.0
2000-01-21,0.2125,982.6,20.625,11.25,-999.0
2000-01-22,-0.6,985.25,21.75,10.25,-999.0
2000-01-23,-1.55,985.0875,16.375,10.0,-999.0
2000-01-24,-2.4625,983.2875,12.875,10.125,-999.0
2000-01-25,-2.175,984.8,11.0,10.375,-999.0
2000-01-26,-2.025,984.5,6.75,4.75,-999.0
2000-01-27,-2.55,984.875,10.25,10.125,-999.0
2000-01-28,-3.3,981.825,12.25,8.625,-999.0
2000-01-29,-4.7125,986.8125,5.75,25.5,-999.0
2000-01-30,-3.425,990.95,15.0,12.25,-999.0
2000-01-31,-2.775,993.6625,19.375,14.5,-999.0
2000-02-01,-0.1625,987.9625,30.375,12.875,-999.0
2000-02-02,0.0375,991.7125,34.0,11.75,-999.0
2000-02-03,1.3875,991.0875,16.375,8.125,-999.0
2000-02-04,-0.725,987.7,14.25,13.75,-999.0
2000-02-05,-0.8375,980.025,20.5,15.75,-999.0
2000-02-06,-0.65,978.0125,17.875,15.875,-999.0
2000-02-07,0.45,985.95,15.375,20.75,-999.0
2000-02-08,-1.7125,988.0,8.625,17.875,-999.0
2000-02-09,-3.5125,985.55,10.375,19.375,-999.0
2000-02-10,-4.4,990.4625,8.875,17.5,-999.0
2000-02-11,-4.1875,989.4,24.375,11.625,-999.0
2000-02-12,-2.05,983.9875,14.75,10.0,-999.0
2000-02-13,-2.75,980.775,15.0,10.875,-999.0
2000-02-14,-1.9375,987.25,12.375,20.375,-999.0
2000-02-15,-3.85,989.6125,14.375,11.75,-999.0
2000-02-16,-5.2125,990.55,14.625,11.0,-999.0
2000-02-17,-5.9125,977.375,2.25,20.5,-999.0
2000-02-18,-3.125,975.275,14.5,11.5,-999.0
2000-02-19,-3.8375,978.2375,9.875,17.5,-999.0
2000-02-20,-6.1375,978.3875,9.375,17.25,-999.0
2000-02-21,-7.25,976.6125,14.75,12.25,-999.0
2000-02-22,-8.65,987.2625,14.5,14.375,-999.0
2000-02-23,-8.3,989.3375,22.375,15.25,-999.0
2000-02-24,-8.7,984.1875,21.0,14.25,-999.0
2000-02-25,-7.125,985.175,20.5,15.125,-999.0
2000-02-26,-5.5625,982.05,26.125,15.75,-999.0
2000-02-27,-3.1125,978.275,21.0,15.0,-999.0
2000-02-28,-6.1875,970.5375,14.625,17.5,-999.0
2000-02-29,-5.0,980.9125,14.625,13.375,-999.0
2000-03-01,-6.275,981.625,17.25,11.625,-999.0
2000-03-02,-6.7,981.025,21.875,14.875,-999.0
2000-03-03,-10.1,983.4,14.25,17.0,-999.0
2000-03-04,-9.5875,988.425,15.625,14.625,-999.0
2000-03-05,-8.2,991.3,23.0,14.75,-999.0
2000-03-06,-5.5375,988.525,35.5,14.25,-999.0
2000-03-07,-7.9375,985.0375,12.625,22.25,-999.0
2000-03-08,-10.775,985.4875,16.25,15.0,-999.0
2000-03-09,-11.2375,984.8625,16.25,17.125,-999.0
2000-03-10,-8.375,986.7875,18.75,16.0,-999.0
2000-03-11,-7.875,988.925,25.0,14.75,-999.0
2000-03-12,-7.7,993.725,24.625,16.25,-999.0
2000-03-13,-10.5375,993.225,16.125,16.375,-999.0
2000-03-14,-12.4875,990.325,16.875,12.375,-999.0
2000-03-15,-10.3625,988.25,16.25,11.75,-999.0
2000-03-16,-8.3875,988.875,28.5,13.0,-999.0
2000-03-17,-8.6,989.95,25.125,16.875,-999.0
2000-03-18,-14.95,991.8375,19.5,14.25,-999.0
2000-03-19,-13.3625,992.65,18.125,12.75,-999.0
2000-03-20,-13.525,984.0,15.875,17.0,-999.0
2000-03-21,-14.55,981.3,18.5,15.0,-999.0
2000-03-22,-10.0625,981.6125,30.25,14.25,-999.0
2000-03-23,-8.1,981.65,25.5,15.0,-999.0
2000-03-24,-15.6,985.2,5.75,12.875,-999.0
2000-03-25,-14.2875,996.2625,6.375,10.5,-999.0
2000-03-26,-14.25,988.4875,1.5,8.125,-999.0
2000-03-27,-9.3625,976.8875,15.5,13.25,-999.0
2000-03-28,-12.2125,981.75,13.125,13.625,-999.0
2000-03-29,-11.425,980.8625,18.0,13.5,-999.0
2000-03-30,-11.125,984.025,21.375,11.0,-999.0
2000-03-31,-11.375,984.7,24.0,13.625,-999.0
2000-04-01,-9.5375,982.825,36.625,14.0,-999.0
2000-04-02,-6.55,982.3875,36.625,14.0,-999.0
2000-04-03,-6.425,984.35,17.5,18.5,-999.0
2000-04-04,-10.725,974.5125,13.375,13.0,-999.0
2000-04-05,-7.0125,973.3625,26.25,15.25,-999.0
2000-04-06,-9.9875,978.15,13.25,17.125,-999.0
2000-04-07,-14.0125,979.175,17.25,13.375,-999.0
2000-04-08,-14.1875,976.3375,19.625,18.0,-999.0
2000-04-09,-14.95,973.1,21.5,16.5,-999.0
2000-04-10,-14.0875,980.6875,21.75,16.25,-999.0
2000-04-11,-16.5,986.975,21.125,18.0,-999.0
2000-04-12,-14.475,991.4875,27.875,16.5,-999.0
2000-04-13,-13.625,993.05,20.375,14.375,-999.0
2000-04-14,-15.325,989.2375,26.375,16.0,-999.0
2000-04-15,-10.1375,988.4,30.0,15.25,-999.0
2000-04-16,-10.075,991.075,25.25,18.0,-999.0
2000-04-17,-14.7625,993.6,16.5,19.0,-999.0
2000-04-18,-16.0375,996.875,14.5,19.375,-999.0
2000-04-19,-13.475,1001.2875,16.375,17.5,-999.0
2000-04-20,-12.7625,1000.9125,9.5,10.875,-999.0
2000-04-21,-13.6375,995.325,21.25,16.0,-999.0
2000-04-22,-9.9625,991.7125,26.25,15.0,-999.0
2000-04-23,-7.3875,986.175,25.75,16.5,-999.0
2000-04-24,-11.0125,987.925,29.875,17.5,-999.0
2000-04-25,-8.95,1000.1,25.75,18.25,-999.0
2000-04-26,-10.95,1002.7375,6.5,8.75,-999.0
2000-04-27,-13.85,995.8375,8.25,14.25,-999.0
2000-04-28,-11.6,980.8,25.875,14.25,-999.0
2000-04-29,-6.5125,964.2375,26.625,16.75,-999.0
2000-04-30,-9.2875,975.425,14.125,16.0,-999.0
2000-05-01,-16.1375,989.6375,2.625,5.875,-999.0
2000-05-02,-12.4875,982.7,18.25,10.75,-999.0
2000-05-03,-8.8375,975.0125,41.5,14.5,-999.0
2000-05-04,-7.75,981.4625,28.875,14.75,-999.0
2000-05-05,-8.5125,980.1375,26.0,14.0,-999.0
2000-05-06,-12.3125,979.2,16.625,15.75,-999.0
2000-05-07,-13.9375,980.45,21.0,15.375,-999.0
2000-05-08,-14.7875,980.15,12.375,14.5,-999.0
2000-05-09,-23.3625,972.1875,1.625,9.625,-999.0
2000-05-10,-23.2625,979.825,2.375,5.625,-999.0
2000-05-11,-17.5375,975.7625,13.75,16.125,-999.0
2000-05-12,-21.5,976.175,15.875,15.5,-999.0
2000-05-13,-17.2625,971.55,19.25,15.25,-999.0
2000-05-14,-21.2875,979.0375,9.25,18.5,-999.0
2000-05-15,-24.7875,978.2625,2.5,4.5,-999.0
2000-05-16,-23.2625,976.7875,20.25,16.75,-999.0
2000-05-17,-24.475,977.175,15.625,15.75,-999.0
2000-05-18,-22.35,970.25,19.0,17.5,-999.0
2000-05-19,-24.4375,979.6,13.875,15.0,-999.0
2000-05-20,-25.2875,980.1875,6.125,13.375,-999.0
2000-05-21,-22.3625,984.5625,16.625,15.5,-999.0
2000-05-22,-20.8375,980.45,23.875,18.25,-999.0
2000-05-23,-18.475,996.625,16.125,16.0,-999.0
2000-05-24,-15.3,992.575,12.375,11.625,-999.0
2000-05-25,-16.0125,1001.1625,1.75,8.5,-999.0
2000-05-26,-12.825,1007.225,6.5,8.75,-999.0
2000-05-27,-7.8875,1009.9875,23.0,14.75,-999.0
2000-05-28,-6.5125,1006.975,33.75,14.0,-999.0
2000-05-29,-5.975,1005.05,33.125,13.875,-999.0
2000-05-30,-6.225,1000.95,23.0,17.625,-999.0
2000-05-31,-8.9,995.625,14.5,16.75,-999.0
2000-06-01,-11.85,990.2375,26.125,17.0,-999.0
2000-06-02,-8.9125,995.15,28.625,14.0,-999.0
2000-06-03,-9.525,988.5375,32.5,14.0,-999.0
2000-06-04,-6.7875,980.0875,38.625,11.875,-999.0
2000-06-05,-7.175,989.0375,32.0,10.5,-999.0
2000-06-06,-6.25,983.0875,33.25,15.0,-999.0
2000-06-07,-10.425,985.6375,20.5,19.5,-999.0
2000-06-08,-11.625,994.9625,18.875,17.5,-999.0
2000-06-09,-9.6375,1003.075,24.125,16.5,-999.0
2000-06-10,-13.6125,997.775,13.125,28.125,-999.0
2000-06-11,-12.875,990.1,18.5,15.25,-999.0
2000-06-12,-14.6,978.5125,10.75,9.625,-999.0
2000-06-13,-19.4375,979.8,3.375,6.25,-999.0
2000-06-14,-14.55,986.3125,15.0,10.875,-999.0
2000-06-15,-12.825,991.2375,11.25,13.125,-999.0
2000-06-16,-17.65,989.25,8.875,11.25,-999.0
2000-06-17,-14.7125,977.0125,23.75,14.375,-999.0
2000-06-18,-12.175,975.8,23.75,14.25,-999.0
2000-06-19,-12.6375,983.8125,19.875,13.25,-999.0
2000-06-20,-12.525,987.8625,21.375,16.0,-999.0
2000-06-21,-10.05,985.0125,24.0,14.25,-999.0
2000-06-22,-9.7,984.0625,27.0,14.0,-999.0
2000-06-23,-9.225,984.2375,29.75,15.0,-999.0
2000-06-24,-9.25,986.825,27.25,14.0,-999.0
2000-06-25,-13.8625,985.7125,24.375,10.875,-999.0
2000-06-26,-16.475,994.7125,20.25,12.25,-999.0
2000-06-27,-17.8,989.425,8.5,11.375,-999.0
2000-06-28,-19.425,974.5875,13.25,17.5,-999.0
2000-06-29,-19.925,983.8625,13.625,13.125,-999.0
2000-06-30,-14.1625,981.975,37.5,14.0,-999.0
2000-07-01,-8.7875,961.1625,39.0,14.0,-999.0
2000-07-02,-6.6875,956.05,37.75,12.5,-999.0
2000-07-03,-11.6625,976.8875,25.375,12.5,-999.0
2000-07-04,-14.45,980.3875,11.0,12.125,-999.0
2000-07-05,-19.1625,988.225,15.0,15.375,-999.0
2000-07-06,-21.2875,992.6625,7.375,15.5,-999.0
2000-07-07,-25.7125,992.1375,3.75,9.75,-999.0
2000-07-08,-26.65,987.15,5.75,10.25,-999.0
2000-07-09,-24.725,994.4125,14.5,18.75,-999.0
2000-07-10,-21.3625,989.175,13.625,10.5,-999.0
2000-07-11,-17.725,972.1625,25.125,18.0,-999.0
2000-07-12,-12.7125,976.575,25.125,14.25,-999.0
2000-07-13,-15.6125,988.9625,16.375,17.0,-999.0
2000-07-14,-14.2625,994.4125,26.375,14.75,-999.0
2000-07-15,-10.0625,998.55,23.75,12.375,-999.0
2000-07-16,-15.9625,997.075,6.5,12.625,-999.0
2000-07-17,-21.9,997.4125,1.25,8.375,-999.0
2000-07-18,-20.6,1002.925,7.5,15.625,-999.0
2000-07-19,-20.3375,999.9,5.875,13.125,-999.0
2000-07-20,-19.275,998.5125,14.625,13.25,-999.0
2000-07-21,-21.9125,993.3375,8.5,11.125,-999.0
2000-07-22,-19.025,984.575,35.0,14.0,-999.0
2000-07-23,-14.85,996.75,15.625,16.25,-999.0
2000-07-24,-17.25,996.3875,19.0,17.5,-999.0
2000-07-25,-14.75,984.45,27.875,14.0,-999.0
2000-07-26,-7.3875,972.2375,27.625,14.125,-999.0
2000-07-27,-8.2625,977.275,19.0,17.5,-999.0
2000-07-28,-13.425,983.95,9.875,16.5,-999.0
2000-07-29,-15.8,987.175,10.625,16.375,-999.0
2000-07-30,-19.9125,992.925,6.125,7.75,-999.0
2000-07-31,-21.3,998.0375,2.5,8.25,-999.0
2000-08-01,-22.1625,994.1375,6.875,12.75,-999.0
2000-08-02,-24.6875,999.825,13.875,17.25,-999.0
2000-08-03,-25.275,1001.1625,10.0,13.5,-999.0
2000-08-04,-24.0125,995.6125,11.25,14.375,-999.0
2000-08-05,-19.25,987.45,18.625,17.25,-999.0
2000-08-06,-28.3625,989.9375,1.625,7.5,-999.0
2000-08-07,-30.75,990.5125,0.0,0.0,-999.0
2000-08-08,-16.3875,980.0,32.625,13.625,-999.0
2000-08-09,-15.1,969.9125,49.875,14.0,-999.0
2000-08-10,-15.8625,974.825,19.75,8.875,-999.0
2000-08-11,-23.025,985.8625,7.125,9.375,-999.0
2000-08-12,-24.625,977.05,0.625,2.5,-999.0
2000-08-13,-20.55,967.05,9.625,5.875,-999.0
2000-08-14,-14.6375,973.525,20.25,9.75,-999.0
2000-08-15,-18.95,982.5875,7.875,5.25,-999.0
2000-08-16,-14.75,986.3,19.375,12.5,-999.0
2000-08-17,-15.5625,987.6375,15.125,20.5,-999.0
2000-08-18,-27.25,984.8125,1.0,0.625,-999.0
2000-08-19,-28.625,989.85,0.625,4.0,-999.0
2000-08-20,-23.9125,989.5375,3.875,11.875,-999.0
2000-08-21,-22.6875,996.2375,8.625,8.0,-999.0
2000-08-22,-17.2125,981.25,24.75,12.5,-999.0
2000-08-23,-14.65,979.825,28.375,14.0,-999.0
2000-08-24,-11.6,987.5875,40.75,14.0,-999.0
2000-08-25,-10.9125,977.1125,38.0,14.0,-999.0
2000-08-26,-11.325,970.4125,38.0,14.0,-999.0
2000-08-27,-6.55,959.4,39.625,13.25,-999.0
2000-08-28,-9.9875,971.7125,35.75,14.0,-999.0
2000-08-29,-11.7375,984.1375,25.0,13.25,-999.0
2000-08-30,-12.6875,988.875,18.125,13.5,-999.0
2000-08-31,-11.8625,998.1625,17.0,15.25,-999.0
2000-09-01,-8.5625,1009.25,27.0,14.75,-999.0
2000-09-02,-6.4125,1007.025,27.875,17.5,-999.0
2000-09-03,-9.5875,1001.5625,20.5,14.5,-999.0
2000-09-04,-13.0625,1002.95,10.0,10.375,-999.0
2000-09-05,-15.625,1008.1875,17.75,13.875,-999.0
2000-09-06,-12.8625,1007.7,18.0,13.625,-999.0
2000-09-07,-13.0875,1005.3125,18.375,11.75,-999.0
2000-09-08,-12.875,997.0625,19.625,13.625,-999.0
2000-09-09,-15.0125,1001.7875,14.625,9.5,-999.0
2000-09-10,-13.8375,1006.75,22.5,14.75,-999.0
2000-09-11,-16.5,1005.7375,11.375,19.25,-999.0
2000-09-12,-22.6375,1004.2125,0.5,3.375,-999.0
2000-09-13,-24.525,1000.2,4.375,6.5,-999.0
2000-09-14,-11.4875,983.225,22.375,12.5,-999.0
2000-09-15,-11.5,974.325,18.125,10.875,-999.0
2000-09-16,-15.45,973.0,24.375,12.875,-999.0
2000-09-17,-16.0125,985.1375,27.375,14.0,-999.0
2000-09-18,-14.325,981.1125,30.25,14.0,-999.0
2000-09-19,-14.9375,973.25,20.75,16.375,-999.0
2000-09-20,-23.6375,976.3875,2.875,14.0,-999.0
2000-09-21,-22.1,986.8875,6.25,6.125,-999.0
2000-09-22,-18.9375,1000.95,3.625,6.75,-999.0
2000-09-23,-19.05,995.7875,14.875,13.25,-999.0
2000-09-24,-16.3,988.625,20.375,14.0,-999.0
2000-09-25,-13.9875,989.5375,25.0,14.5,-999.0
2000-09-26,-9.3125,981.3875,42.375,14.0,-999.0
2000-09-27,-7.475,985.6875,21.375,14.75,-999.0
2000-09-28,-12.825,985.0125,13.25,13.625,-999.0
2000-09-29,-18.3875,987.875,5.125,9.0,-999.0
2000-09-30,-18.9,990.9,3.125,2.375,-999.0
2000-10-01,-14.5375,976.075,20.0,11.375,-999.0
2000-10-02,-14.8,972.6,19.375,12.375,-999.0
2000-10-03,-10.25,972.2,24.375,14.75,-999.0
2000-10-04,-8.875,976.8625,28.25,14.0,-999.0
2000-10-05,-8.125,977.0625,28.125,15.0,-999.0
2000-10-06,-10.85,976.7875,20.0,15.75,-999.0
2000-10-07,-12.85,979.4625,18.25,14.75,-999.0
2000-10-08,-13.35,980.8875,24.5,15.5,-999.0
2000-10-09,-12.5875,980.075,14.875,13.875,-999.0
2000-10-10,-12.7625,977.2,11.375,16.25,-999.0
2000-10-11,-15.3375,977.7625,8.25,17.25,-999.0
2000-10-12,-18.0375,980.3125,4.625,10.125,-999.0
2000-10-13,-15.9125,983.5,7.0,9.625,-999.0
2000-10-14,-13.625,987.475,12.875,11.5,-999.0
2000-10-15,-13.5375,980.3125,35.625,12.5,-999.0
2000-10-16,-11.8875,987.975,15.5,14.375,-999.0
2000-10-17,-11.65,985.6875,23.375,14.5,-999.0
2000-10-18,-12.85,980.7125,13.25,13.0,-999.0
2000-10-19,-11.475,982.4,21.375,13.625,-999.0
2000-10-20,-11.2125,983.85,20.625,13.625,-999.0
2000-10-21,-11.7,979.3125,19.375,14.25,-999.0
2000-10-22,-10.425,980.05,19.0,15.0,-999.0
2000-10-23,-9.375,990.375,11.75,18.0,-999.0
2000-10-24,-12.2625,989.5625,22.5,13.875,-999.0
2000-10-25,-9.6625,982.5875,26.5,12.875,-999.0
2000-10-26,-9.725,981.6125,28.875,12.875,-999.0
2000-10-27,-9.4625,983.7125,17.25,12.625,-999.0
2000-10-28,-12.5,978.1625,12.25,16.75,-999.0
2000-10-29,-15.225,971.3625,22.0,12.5,-999.0
2000-10-30,-10.8625,960.1125,38.5,13.25,-999.0
2000-10-31,-7.6875,978.5875,19.625,12.875,-999.0
2000-11-01,-9.325,998.325,3.0,4.75,-999.0
2000-11-02,-7.4125,993.45,19.75,10.0,-999.0
2000-11-03,-7.7,977.325,32.5,13.875,-999.0
2000-11-04,-10.4125,981.1375,38.375,14.0,-999.0
2000-11-05,-8.175,988.85,25.25,11.75,-999.0
2000-11-06,-7.7875,990.45,22.875,15.875,-999.0
2000-11-07,-6.6625,993.1875,24.25,16.0,-999.0
2000-11-08,-5.0625,993.7875,16.75,10.375,-999.0
2000-11-09,-7.375,991.75,7.125,9.5,-999.0
2000-11-10,-6.1875,982.2125,11.5,15.75,-999.0
2000-11-11,-6.05,984.025,13.375,11.875,-999.0
2000-11-12,-4.5375,990.575,17.5,13.875,-999.0
2000-11-13,-5.9,993.4375,15.25,19.125,-999.0
2000-11-14,-5.9625,991.4375,17.125,19.125,-999.0
2000-11-15,-4.625,994.275,10.125,17.0,-999.0
2000-11-16,-5.9625,993.7875,20.25,13.875,-999.0
2000-11-17,-5.225,992.6375,39.0,14.0,-999.0
2000-11-18,-5.1625,984.6875,37.125,13.625,-999.0
2000-11-19,-5.0125,984.375,34.875,14.0,-999.0
2000-11-20,-2.3875,992.1,26.625,12.5,-999.0
2000-11-21,-2.45,992.025,20.625,12.5,-999.0
2000-11-22,0.0625,985.25,15.625,11.25,-999.0
2000-11-23,0.1375,989.15,14.625,12.0,-999.0
2000-11-24,-0.8,990.0,20.625,12.75,-999.0
2000-11-25,1.4375,987.0375,15.125,13.75,-999.0
2000-11-26,1.0375,985.0625,13.0,8.75,-999.0
2000-11-27,-0.1625,991.3125,17.125,11.75,-999.0
2000-11-28,-0.4875,992.0625,20.875,13.875,-999.0
2000-11-29,-0.9625,992.4125,21.5,11.5,-999.0
2000-11-30,-1.5625,994.7375,14.375,11.375,-999.0
2000-12-01,1.0375,992.4625,12.875,8.75,-999.0
2000-12-02,1.2875,989.2,8.5,17.875,-999.0
2000-12-03,-1.5375,988.85,7.125,9.375,-999.0
2000-12-04,-1.6625,991.7375,3.0,11.875,-999.0
2000-12-05,-1.9,993.3875,11.75,11.625,-999.0
2000-12-06,-1.275,995.1625,11.0,11.5,-999.0
2000-12-07,-1.775,992.475,8.5,10.25,-999.0
2000-12-08,-3.15,992.0,10.75,18.0,-999.0
2000-12-09,-4.3875,996.8125,4.375,15.375,-999.0
2000-12-10,-0.775,994.175,7.5,32.75,-999.0
2000-12-11,-3.425,1002.3125,4.75,20.375,-999.0
2000-12-12,-5.925,1003.4125,4.0,17.125,-999.0
2000-12-13,0.25,996.675,22.25,16.25,-999.0
2000-12-14,-0.4,1000.1375,14.125,17.25,-999.0
2000-12-15,-0.3,997.2875,10.25,9.0,-999.0
2000-12-16,0.65,996.5,18.125,13.125,-999.0
2000-12-17,1.1,995.325,12.75,13.625,-999.0
2000-12-18,0.7375,994.1,10.125,11.0,-999.0
2000-12-19,1.0625,991.4,7.75,12.5,-999.0
2000-12-20,-0.4,985.1625,6.0,20.25,-999.0
2000-12-21,-2.775,986.65,7.375,21.875,-999.0
2000-12-22,-1.4375,985.3,4.5,7.875,-999.0
2000-12-23,-1.025,992.45,4.875,17.625,-999.0
2000-12-24,-0.85,997.25,9.875,12.75,-999.0
2000-12-25,-1.125,1000.625,19.5,13.25,-999.0
2000-12-26,-0.5375,1002.3875,18.0,11.5,-999.0
2000-12-27,0.3875,1000.925,15.0,13.375,-999.0
2000-12-28,1.35,997.5375,17.5,13.125,-999.0
2000-12-29,3.525,995.3375,17.125,14.875,-999.0
2000-12-30,2.975,996.2875,18.625,12.125,-999.0
2000-12-31,3.0125,996.5375,8.75,14.875,-999.0
2001-01-01,2.7,992.675,17.75,13.0,-999.0
2001-01-02,-0.35,992.65,12.25,11.25,-999.0
2001-01-03,0.1625,992.1125,8.75,10.875,-999.0
2001-01-04,-1.625,992.45,11.125,7.375,-999.0
2001-01-05,0.3,985.85,13.5,13.25,-999.0
2001-01-06,1.6625,982.575,9.875,12.125,-999.0
2001-01-07,2.15,984.4125,12.0,11.625,-999.0
2001-01-08,2.7375,981.375,12.0,13.125,-999.0
2001-01-09,1.65,980.2,16.125,13.375,-999.0
2001-01-10,2.2625,985.8,18.75,12.875,-999.0
2001-01-11,2.5625,984.9125,11.875,11.5,-999.0
2001-01-12,1.5,985.9875,4.5,8.75,-999.0
2001-01-13,0.8375,987.025,6.5,26.5,-999.0
2001-01-14,-0.075,982.775,13.5,16.75,-999.0
2001-01-15,-2.2125,984.8,7.5,7.625,-999.0
2001-01-16,-0.9625,989.2375,7.625,10.75,-999.0
2001-01-17,-0.9625,989.9,16.75,10.625,-999.0
2001-01-18,-1.1875,986.825,9.75,13.0,-999.0
2001-01-19,-1.7,992.3,10.5,12.625,-999.0
2001-01-20,-0.0625,996.0375,13.375,12.25,-999.0
2001-01-21,1.45,993.95,9.5,10.25,-999.0
2001-01-22,1.15,987.5875,15.5,18.375,-999.0
2001-01-23,0.925,983.7125,15.875,14.5,-999.0
2001-01-24,-0.0625,988.4,14.625,15.75,-999.0
2001-01-25,1.0375,986.7125,12.875,14.125,-999.0
2001-01-26,-0.8375,981.1,17.875,12.5,-999.0
2001-01-27,-1.4375,986.175,26.25,13.25,-999.0
2001-01-28,-0.0375,992.0,25.375,14.0,-999.0
2001-01-29,0.5625,988.225,22.375,19.5,-999.0
2001-01-30,-0.275,989.6875,20.0,14.875,-999.0
2001-01-31,-0.875,998.275,17.625,13.5,-999.0
2001-02-01,-0.2125,1003.4875,13.5,13.125,-999.0
2001-02-02,-0.4875,1001.3,16.75,14.25,-999.0
2001-02-03,0.7375,998.45,22.5,13.0,-999.0
2001-02-04,1.475,995.1125,13.25,11.875,-999.0
2001-02-05,-0.0375,986.2875,3.875,8.0,-999.0
2001-02-06,-0.7375,991.4375,10.625,10.375,-999.0
2001-02-07,-1.375,995.75,20.625,12.125,-999.0
2001-02-08,-0.9875,997.7625,18.375,12.5,-999.0
2001-02-09,-0.875,991.15,17.625,11.5,-999.0
2001-02-10,-0.5,989.6875,9.75,13.25,-999.0
2001-02-11,-0.5875,985.1,10.25,12.75,-999.0
2001-02-12,-1.8625,988.625,9.0,6.875,-999.0
2001-02-13,-1.4125,995.3125,14.75,13.0,-999.0
2001-02-14,0.5125,980.5,17.125,15.25,-999.0
2001-02-15,-0.075,976.0,23.75,12.375,-999.0
2001-02-16,0.225,981.5875,26.375,13.625,-999.0
2001-02-17,-0.525,988.675,21.125,12.125,-999.0
2001-02-18,-2.2625,989.0,18.875,14.75,-999.0
2001-02-19,-2.4125,991.6,15.875,11.625,-999.0
2001-02-20,-2.9375,990.5375,17.5,12.5,-999.0
2001-02-21,-3.8,989.175,17.875,12.625,-999.0
2001-02-22,-5.65,986.8875,18.375,14.625,-999.0
2001-02-23,-4.975,989.4875,16.125,15.0,-999.0
2001-02-24,-4.55,989.2125,20.625,14.875,-999.0
2001-02-25,-4.5,989.325,16.125,13.75,-999.0
2001-02-26,-6.2125,988.475,13.375,15.25,-999.0
2001-02-27,-9.675,986.525,9.625,11.375,-999.0
2001-02-28,-8.425,982.9,15.5,13.625,-999.0
2001-03-01,-7.3,978.0375,23.625,12.875,-999.0
2001-03-02,-5.3375,984.9125,19.375,13.625,-999.0
2001-03-03,-8.25,987.8125,21.5,14.25,-999.0
2001-03-04,-9.325,980.5,27.25,15.25,-999.0
2001-03-05,-6.4875,978.7875,18.5,15.125,-999.0
2001-03-06,-4.3,986.8375,17.25,15.25,-999.0
2001-03-07,-4.0375,990.4,18.875,15.75,-999.0
2001-03-08,-5.35,989.2625,18.625,15.75,-999.0
2001-03-09,-5.8125,987.55,12.125,12.125,-999.0
2001-03-10,-8.125,983.8375,5.5,11.75,-999.0
2001-03-11,-8.35,984.9375,8.0,10.5,-999.0
2001-03-12,-6.8875,989.075,17.375,12.0,-999.0
2001-03-13,-5.825,984.5875,28.5,12.5,-999.0
2001-03-14,-7.1875,980.275,20.375,15.75,-999.0
2001-03-15,-9.7875,987.2,6.875,17.0,-999.0
2001-03-16,-8.675,988.125,17.25,13.625,-999.0
2001-03-17,-8.8,993.625,19.625,12.75,-999.0
2001-03-18,-7.4625,984.5125,25.375,11.125,-999.0
2001-03-19,-6.9875,976.125,32.375,11.125,-999.0
2001-03-20,-5.2875,982.15,27.625,10.75,-999.0
2001-03-21,-5.0,984.8375,24.625,10.0,-999.0
2001-03-22,-6.075,984.6125,14.75,11.0,-999.0
2001-03-23,-7.4375,992.125,15.25,10.5,-999.0
2001-03-24,-6.8375,996.95,18.625,10.875,-999.0
2001-03-25,-8.175,995.9,18.125,13.25,-999.0
2001-03-26,-10.15,998.7,9.0,14.5,-999.0
2001-03-27,-10.3375,992.2125,14.25,10.875,-999.0
2001-03-28,-11.2875,987.6625,14.375,12.875,-999.0
2001-03-29,-6.425,986.8,17.125,14.0,-999.0
2001-03-30,-6.6125,982.45,17.5,15.75,-999.0
2001-03-31,-6.125,982.2875,27.125,13.375,-999.0
2001-04-01,-5.4,981.5375,40.0,12.875,-999.0
2001-04-02,-3.2875,977.575,32.0,12.875,-999.0
2001-04-03,-3.5125,972.65,27.25,12.875,-999.0
2001-04-04,-2.775,969.0125,27.25,11.375,-999.0
2001-04-05,-4.1,969.7,32.75,10.0,-999.0
2001-04-06,-6.125,965.575,24.25,14.875,-999.0
2001-04-07,-9.85,979.575,11.625,13.125,-999.0
2001-04-08,-10.0625,986.825,17.0,12.0,-999.0
2001-04-09,-13.4125,988.075,0.0,0.0,-999.0
2001-04-10,-16.1625,987.2375,11.5,7.375,-999.0
2001-04-11,-10.2625,975.25,27.0,15.125,-999.0
2001-04-12,-13.375,974.9,3.25,6.5,-999.0
2001-04-13,-8.6625,978.325,21.0,14.625,-999.0
2001-04-14,-12.975,979.675,11.25,13.5,-999.0
2001-04-15,-12.1375,977.175,21.625,11.75,-999.0
2001-04-16,-12.2875,979.9625,23.875,12.25,-999.0
2001-04-17,-14.8125,980.7875,24.75,15.75,-999.0
2001-04-18,-16.15,978.5625,16.875,16.125,-999.0
2001-04-19,-16.5375,977.375,7.5,10.0,-999.0
2001-04-20,-21.0,980.525,5.625,9.0,-999.0
2001-04-21,-20.075,985.7,15.375,13.75,-999.0
2001-04-22,-18.0625,983.6375,15.875,15.0,-999.0
2001-04-23,-13.875,980.7625,22.5,16.5,-999.0
2001-04-24,-14.7125,990.65,21.125,16.5,-999.0
2001-04-25,-18.375,989.9875,3.5,8.75,-999.0
2001-04-26,-13.9375,973.225,24.5,9.0,-999.0
2001-04-27,-8.8625,975.3875,38.125,11.125,-999.0
2001-04-28,-6.1125,983.4375,35.125,11.0,-999.0
2001-04-29,-7.8375,986.2625,25.875,12.5,-999.0
2001-04-30,-8.1625,981.0625,26.875,11.625,-999.0
2001-05-01,-7.1,970.4375,24.125,11.75,-999.0
2001-05-02,-4.875,972.1375,29.0,11.375,-999.0
2001-05-03,-4.775,976.7125,32.625,13.625,-999.0
2001-05-04,-8.5375,988.3875,8.375,10.5,-999.0
2001-05-05,-11.55,997.225,20.25,13.375,-999.0
2001-05-06,-7.1,988.7375,35.375,14.5,-999.0
2001-05-07,-7.3625,986.8125,38.25,15.5,-999.0
2001-05-08,-6.3375,992.0125,29.875,14.75,-999.0
2001-05-09,-9.05,998.475,9.75,10.875,-999.0
2001-05-10,-9.8125,994.7875,26.0,14.5,-999.0
2001-05-11,-12.575,989.6625,20.25,15.5,-999.0
2001-05-12,-10.9,987.1125,24.25,12.875,-999.0
2001-05-13,-11.675,990.4125,22.875,14.0,-999.0
2001-05-14,-11.6875,989.05,23.125,16.625,-999.0
2001-05-15,-13.825,985.875,17.75,13.0,-999.0
2001-05-16,-14.1875,977.975,24.625,16.0,-999.0
2001-05-17,-9.7,974.4375,29.75,15.0,-999.0
2001-05-18,-7.6,982.9125,30.0,14.5,-999.0
2001-05-19,-8.9,988.9125,17.75,14.75,-999.0
2001-05-20,-9.6875,998.15,20.25,14.25,-999.0
2001-05-21,-15.2125,1000.5,8.75,8.75,-999.0
2001-05-22,-18.5375,989.2125,12.5,14.0,-999.0
2001-05-23,-17.875,996.2875,18.875,14.0,-999.0
2001-05-24,-14.85,1004.1375,22.0,15.75,-999.0
2001-05-25,-13.85,1008.3125,15.375,15.0,-999.0
2001-05-26,-11.075,996.15,28.5,15.0,-999.0
2001-05-27,-9.7,982.7,27.125,14.125,-999.0
2001-05-28,-7.825,972.9625,27.625,13.875,-999.0
2001-05-29,-9.7375,977.625,16.375,14.125,-999.0
2001-05-30,-11.075,989.4875,16.5,17.25,-999.0
2001-05-31,-13.575,995.0375,7.625,10.375,-999.0
2001-06-01,-14.9875,995.7875,9.125,12.5,-999.0
2001-06-02,-19.2375,988.0875,5.625,12.375,-999.0
2001-06-03,-22.2,982.1125,7.75,19.25,-999.0
2001-06-04,-25.225,983.65,9.75,11.25,-999.0
2001-06-05,-27.0375,992.2375,3.625,12.625,-999.0
2001-06-06,-22.675,1002.925,5.125,11.75,-999.0
2001-06-07,-17.6375,998.85,5.625,7.25,-999.0
2001-06-08,-17.1,988.7375,9.0,7.5,-999.0
2001-06-09,-12.3125,982.3375,28.5,14.625,-999.0
2001-06-10,-7.675,985.5375,41.875,16.0,-999.0
2001-06-11,-7.275,993.875,37.375,16.25,-999.0
2001-06-12,-6.55,1001.8375,27.75,14.0,-999.0
2001-06-13,-7.1875,1000.8125,29.375,14.5,-999.0
2001-06-14,-7.7,1001.9125,24.25,13.625,-999.0
2001-06-15,-10.5625,1000.8125,22.25,12.5,-999.0
2001-06-16,-15.1875,1001.1375,28.75,14.5,-999.0
2001-06-17,-13.975,1000.1375,30.25,14.0,-999.0
2001-06-18,-12.875,980.4375,40.875,13.25,-999.0
2001-06-19,-13.1875,982.8625,34.875,14.125,-999.0
2001-06-20,-11.0625,986.0125,28.5,15.0,-999.0
2001-06-21,-9.5375,986.075,23.875,13.125,-999.0
2001-06-22,-16.6875,991.1125,18.375,12.875,-999.0
2001-06-23,-15.5875,980.4,37.5,14.25,-999.0
2001-06-24,-9.6375,971.25,21.875,12.5,-999.0
2001-06-25,-13.85,981.8375,29.375,13.625,-999.0
2001-06-26,-10.8125,967.0375,48.75,13.375,-999.0
2001-06-27,-12.8625,980.725,8.25,6.75,-999.0
2001-06-28,-11.7,1002.225,17.75,25.125,-999.0
2001-06-29,-7.6125,1007.6125,19.75,12.5,-999.0
2001-06-30,-12.375,998.3125,3.625,19.375,-999.0
2001-07-01,-12.0625,986.6875,21.5,13.75,-999.0
2001-07-02,-19.2125,986.0125,9.375,11.25,-999.0
2001-07-03,-15.2875,987.85,22.875,16.25,-999.0
2001-07-04,-14.925,984.9375,20.0,13.25,-999.0
2001-07-05,-19.1125,984.4375,11.125,13.625,-999.0
2001-07-06,-19.8125,977.525,19.625,14.625,-999.0
2001-07-07,-22.75,980.125,17.875,19.125,-999.0
2001-07-08,-21.25,992.075,18.625,19.75,-999.0
2001-07-09,-22.2875,997.85,10.0,13.75,-999.0
2001-07-10,-16.6875,992.3375,22.375,12.75,-999.0
2001-07-11,-10.7625,978.075,47.25,14.0,-999.0
2001-07-12,-10.25,974.5,39.5,14.0,-999.0
2001-07-13,-7.3375,981.7125,27.5,14.0,-999.0
2001-07-14,-10.15,986.7875,29.625,14.0,-999.0
2001-07-15,-9.5875,996.925,25.0,12.5,-999.0
2001-07-16,-12.3125,1001.8625,11.75,14.0,-999.0
2001-07-17,-19.8625,1008.0375,2.875,8.75,-999.0
2001-07-18,-21.6,1008.4,6.375,12.75,-999.0
2001-07-19,-10.3125,1000.3875,20.875,14.0,-999.0
2001-07-20,-9.7875,991.5625,32.0,13.625,-999.0
2001-07-21,-8.4625,979.9125,37.0,14.0,-999.0
2001-07-22,-9.025,983.4625,14.375,14.0,-999.0
2001-07-23,-9.3375,984.9125,16.375,13.625,-999.0
2001-07-24,-11.675,987.3875,16.125,14.125,-999.0
2001-07-25,-19.7625,981.425,7.875,11.5,-999.0
2001-07-26,-23.6125,989.15,13.5,14.25,-999.0
2001-07-27,-25.725,997.3,20.375,16.75,-999.0
2001-07-28,-27.025,996.275,12.0,12.5,-999.0
2001-07-29,-25.35,992.7125,15.625,12.75,-999.0
2001-07-30,-16.525,981.1625,31.75,16.0,-999.0
2001-07-31,-15.7125,971.425,9.625,12.75,-999.0
2001-08-01,-20.225,969.4375,10.625,16.75,-999.0
2001-08-02,-20.1625,968.075,12.125,17.5,-999.0
2001-08-03,-21.875,967.3375,8.75,12.25,-999.0
2001-08-04,-27.4125,969.25,2.0,6.125,-999.0
2001-08-05,-27.4875,971.225,4.75,4.0,-999.0
2001-08-06,-23.8375,982.1375,13.0,16.625,-999.0
2001-08-07,-23.0125,990.275,13.875,15.5,-999.0
2001-08-08,-19.55,985.6625,14.625,14.0,-999.0
2001-08-09,-18.0125,982.2875,27.375,14.0,-999.0
2001-08-10,-14.925,960.0875,44.25,14.0,-999.0
2001-08-11,-11.975,954.9875,29.125,14.0,-999.0
2001-08-12,-12.2875,971.7,30.25,14.25,-999.0
2001-08-13,-14.775,981.9125,18.125,15.75,-999.0
2001-08-14,-19.675,983.0125,14.625,17.5,-999.0
2001-08-15,-14.1,984.9125,21.875,18.0,-999.0
2001-08-16,-14.6,990.3875,23.875,18.0,-999.0
2001-08-17,-20.75,996.5625,21.875,13.625,-999.0
2001-08-18,-21.55,1004.05,15.625,13.5,-999.0
2001-08-19,-23.0875,999.7125,7.75,10.75,-999.0
2001-08-20,-24.8625,1001.2625,4.125,9.375,-999.0
2001-08-21,-24.9375,995.8625,2.5,3.75,-999.0
2001-08-22,-16.3875,989.6,17.75,15.25,-999.0
2001-08-23,-14.4125,989.4375,23.625,14.0,-999.0
2001-08-24,-14.225,981.85,19.25,14.0,-999.0
2001-08-25,-16.2625,986.4625,18.25,13.25,-999.0
2001-08-26,-14.4875,990.3375,23.125,14.5,-999.0
2001-08-27,-11.55,987.625,22.875,17.0,-999.0
2001-08-28,-19.2,993.9875,2.0,7.0,-999.0
2001-08-29,-21.9625,997.325,6.0,21.125,-999.0
2001-08-30,-23.7125,987.975,2.375,6.5,-999.0
2001-08-31,-23.6375,988.6625,17.25,15.125,-999.0
2001-09-01,-21.6625,992.1875,11.0,14.5,-999.0
2001-09-02,-21.9125,992.4625,4.75,17.25,-999.0
2001-09-03,-26.4875,985.2875,2.25,8.125,-999.0
2001-09-04,-23.15,990.95,4.875,15.0,-999.0
2001-09-05,-19.7,999.3875,5.125,22.875,-999.0
2001-09-06,-12.775,1003.1625,12.0,15.75,-999.0
2001-09-07,-16.1625,996.475,2.125,6.875,-999.0
2001-09-08,-12.575,985.9,14.125,17.5,-999.0
2001-09-09,-15.0875,993.35,17.75,18.25,-999.0
2001-09-10,-16.9375,998.3,5.0,12.375,-999.0
2001-09-11,-9.8125,992.425,19.25,16.0,-999.0
2001-09-12,-15.425,993.025,14.0,16.125,-999.0
2001-09-13,-14.9125,994.0375,12.25,14.5,-999.0
2001-09-14,-14.9875,979.95,24.5,14.0,-999.0
2001-09-15,-17.6,981.25,23.625,14.0,-999.0
2001-09-16,-17.65,985.125,16.625,13.625,-999.0
2001-09-17,-18.4,980.05,26.125,14.0,-999.0
2001-09-18,-14.6375,965.8875,30.875,15.5,-999.0
2001-09-19,-6.925,949.125,36.625,14.25,-999.0
2001-09-20,-12.0125,974.8125,10.125,20.25,-999.0
2001-09-21,-16.625,981.9875,8.5,18.25,-999.0
2001-09-22,-18.125,981.0125,8.375,14.0,-999.0
2001-09-23,-18.925,974.475,8.375,14.0,-999.0
2001-09-24,-22.175,979.125,22.875,14.75,-999.0
2001-09-25,-21.575,987.375,18.0,17.625,-999.0
2001-09-26,-22.25,989.9625,11.375,18.375,-999.0
2001-09-27,-22.8125,984.8125,8.5,16.25,-999.0
2001-09-28,-19.3125,973.4375,10.0,11.0,-999.0
2001-09-29,-13.5875,970.825,19.125,15.5,-999.0
2001-09-30,-15.975,975.8875,4.625,6.75,-999.0
2001-10-01,-19.425,967.0625,15.875,12.25,-999.0
2001-10-02,-16.225,964.1,23.75,15.25,-999.0
2001-10-03,-13.6,969.575,14.625,15.0,-999.0
2001-10-04,-14.2375,977.1,27.5,14.0,-999.0
2001-10-05,-12.1,980.325,34.875,14.5,-999.0
2001-10-06,-7.6875,979.0375,28.375,14.0,-999.0
2001-10-07,-6.3,985.025,17.625,14.75,-999.0
2001-10-08,-6.8,987.8,15.5,14.0,-999.0
2001-10-09,-8.4,984.0625,9.25,12.125,-999.0
2001-10-10,-13.125,982.0625,5.25,12.875,-999.0
2001-10-11,-16.575,982.225,10.125,13.875,-999.0
2001-10-12,-16.0875,977.1,17.75,14.0,-999.0
2001-10-13,-17.9125,981.5875,3.375,13.125,-999.0
2001-10-14,-17.575,985.3875,3.75,6.75,-999.0
2001-10-15,-16.2,992.275,3.625,12.0,-999.0
2001-10-16,-13.5875,991.0,11.125,13.25,-999.0
2001-10-17,-11.225,984.825,11.375,12.5,-999.0
2001-10-18,-15.25,979.9375,3.75,17.25,-999.0
2001-10-19,-16.4,973.65,11.875,12.5,-999.0
2001-10-20,-16.7625,987.75,2.75,6.375,-999.0
2001-10-21,-15.95,990.025,3.125,3.875,-999.0
2001-10-22,-12.4375,981.6,10.75,18.125,-999.0
2001-10-23,-12.8125,980.3875,9.0,14.125,-999.0
2001-10-24,-11.4375,994.5375,4.75,10.75,-999.0
2001-10-25,-8.925,991.3,6.375,13.125,-999.0
2001-10-26,-10.4,984.625,10.5,13.625,-999.0
2001-10-27,-11.3875,976.95,24.0,14.0,-999.0
2001-10-28,-8.925,988.975,10.625,13.25,-999.0
2001-10-29,-7.9375,997.1875,23.25,14.0,-999.0
2001-10-30,-7.4625,994.05,35.25,14.0,-999.0
2001-10-31,-4.15,1000.475,23.625,14.0,-999.0
2001-11-01,-4.375,991.575,30.75,14.0,-999.0
2001-11-02,-3.4125,986.6375,26.125,14.0,-999.0
2001-11-03,-3.6125,988.5375,21.125,12.875,-999.0
2001-11-04,-4.9375,987.6125,14.125,12.125,-999.0
2001-11-05,-7.5125,982.4375,6.625,16.625,-999.0
2001-11-06,-7.1875,984.225,13.125,12.75,-999.0
2001-11-07,-8.3625,981.0125,12.75,17.125,-999.0
2001-11-08,-11.75,977.6125,1.75,3.5,-999.0
2001-11-09,-10.875,974.0875,15.0,14.0,-999.0
2001-11-10,-6.8125,970.8625,11.625,13.75,-999.0
2001-11-11,-6.1,976.125,14.125,16.0,-999.0
2001-11-12,-4.95,980.3125,13.0,18.25,-999.0
2001-11-13,-7.05,985.4,7.75,13.0,-999.0
2001-11-14,-7.3125,988.95,10.5,12.5,-999.0
2001-11-15,-6.3375,985.675,14.75,14.5,-999.0
2001-11-16,-5.7375,981.2875,15.125,22.5,-999.0
2001-11-17,-4.6875,974.4625,12.25,16.25,-999.0
2001-11-18,-2.475,983.0625,15.5,15.375,-999.0
2001-11-19,-2.9625,992.9875,11.875,21.25,-999.0
2001-11-20,-3.1,989.675,17.125,15.0,-999.0
2001-11-21,-3.35,988.4625,24.0,13.875,-999.0
2001-11-22,-2.45,993.5875,11.125,19.5,-999.0
2001-11-23,-4.0125,981.4875,18.625,16.25,-999.0
2001-11-24,-4.7125,982.125,22.625,14.75,-999.0
2001-11-25,-3.975,985.625,13.75,17.125,-999.0
2001-11-26,-4.05,981.1875,13.625,14.375,-999.0
2001-11-27,-2.5125,976.1875,16.125,14.0,-999.0
2001-11-28,-0.6875,987.475,16.875,14.75,-999.0
2001-11-29,-0.9,974.625,15.0,17.125,-999.0
2001-11-30,-2.5375,968.275,25.0,14.75,-999.0
2001-12-01,-2.7,978.65,23.5,13.625,-999.0
2001-12-02,-2.7625,974.775,13.875,13.125,-999.0
2001-12-03,-2.0375,976.6125,6.0,10.25,-999.0
2001-12-04,-0.8875,977.9875,7.375,11.5,-999.0
2001-12-05,0.4625,972.15,14.75,20.375,-999.0
2001-12-06,-0.4125,987.75,10.0,22.0,-999.0
2001-12-07,1.9125,996.9375,7.375,14.25,-999.0
2001-12-08,-0.525,981.3,7.125,11.375,-999.0
2001-12-09,0.7625,968.5875,18.25,13.625,-999.0
2001-12-10,0.05,970.825,7.5,14.875,-999.0
2001-12-11,-1.1625,976.675,11.25,10.25,-999.0
2001-12-12,-2.4,978.1375,17.625,13.375,-999.0
2001-12-13,-2.625,980.725,21.625,14.0,-999.0
2001-12-14,-3.0875,973.5375,26.625,14.0,-999.0
2001-12-15,-2.2125,971.85,26.875,14.0,-999.0
2001-12-16,-1.6625,974.6875,16.75,13.625,-999.0
2001-12-17,-1.1375,969.875,7.5,17.25,-999.0
2001-12-18,-2.3125,970.95,9.25,12.125,-999.0
2001-12-19,-0.225,978.1125,6.75,12.5,-999.0
2001-12-20,2.6625,984.2125,11.5,16.125,-999.0
2001-12-21,1.925,982.9125,15.25,17.0,-999.0
2001-12-22,3.45,985.1375,15.125,17.375,-999.0
2001-12-23,3.175,987.175,13.75,14.75,-999.0
2001-12-24,4.3375,994.15,10.5,15.375,-999.0
2001-12-25,2.8,989.75,7.0,17.625,-999.0
2001-12-26,0.75,980.3875,7.0,20.75,-999.0
2001-12-27,1.175,986.0375,6.75,10.5,-999.0
2001-12-28,0.925,994.7,11.25,15.0,-999.0
2001-12-29,1.7125,994.3125,18.75,14.0,-999.0
2001-12-30,0.6875,991.95,24.75,14.0,-999.0
2001-12-31,0.475,991.8875,32.375,14.0,-999.0
2002-01-01,3.75,989.1,15.625,15.125,-999.0
2002-01-02,2.775,991.2375,15.125,13.875,-999.0
2002-01-03,2.45,997.35,8.875,17.875,-999.0
2002-01-04,3.25,987.95,12.5,17.75,-999.0
2002-01-05,0.0875,989.025,5.125,12.25,-999.0
2002-01-06,1.4375,992.675,2.5,14.5,-999.0
2002-01-07,1.4375,995.6625,11.25,14.125,-999.0
2002-01-08,2.225,995.125,8.25,17.125,-999.0
2002-01-09,1.7125,995.8625,7.875,13.875,-999.0
2002-01-10,3.6125,996.2,9.125,18.125,-999.0
2002-01-11,4.6125,999.8375,12.75,16.75,-999.0
2002-01-12,6.0,991.5125,12.5,14.875,-999.0
2002-01-13,5.5125,992.6,12.75,15.375,-999.0
2002-01-14,1.3875,989.9625,7.0,15.625,-999.0
2002-01-15,-0.7875,992.675,6.5,5.875,-999.0
2002-01-16,-0.475,988.2875,15.125,13.25,-999.0
2002-01-17,1.0625,981.5,15.5,13.625,-999.0
2002-01-18,0.8625,972.6,24.625,14.0,-999.0
2002-01-19,0.6875,975.5375,21.5,14.0,-999.0
2002-01-20,0.7125,980.5,16.625,14.0,-999.0
2002-01-21,-0.0875,983.5625,18.875,14.0,-999.0
2002-01-22,-0.15,984.225,8.25,18.875,-999.0
2002-01-23,-1.6125,984.225,8.25,10.75,-999.0
2002-01-24,-1.35,982.4,9.75,14.625,-999.0
2002-01-25,-0.925,977.6625,8.625,16.375,-999.0
2002-01-26,-2.825,976.6,12.5,13.875,-999.0
2002-01-27,-2.0875,978.9375,13.125,14.25,-999.0
2002-01-28,-2.4625,979.15,13.375,14.75,-999.0
2002-01-29,-1.525,980.4,10.5,14.25,-999.0
2002-01-30,-3.7625,981.6125,7.0,19.375,-999.0
2002-01-31,-4.375,980.95,3.875,7.75,-999.0
2002-02-01,-2.9875,976.8125,11.25,16.5,-999.0
2002-02-02,-4.075,975.1375,10.375,14.375,-999.0
2002-02-03,-4.0875,977.8125,19.5,15.5,-999.0
2002-02-04,-2.35,980.225,15.5,14.5,-999.0
2002-02-05,-3.0375,983.5875,14.625,15.25,-999.0
2002-02-06,-4.575,984.1375,16.0,17.75,-999.0
2002-02-07,-3.9875,980.375,19.75,15.125,-999.0
2002-02-08,-3.3375,974.6125,24.875,14.25,-999.0
2002-02-09,-3.7375,971.75,12.0,17.125,-999.0
2002-02-10,-5.9,975.3375,5.875,14.25,-999.0
2002-02-11,-4.75,980.425,25.0,16.25,-999.0
2002-02-12,-3.375,986.85,24.375,16.5,-999.0
2002-02-13,-3.65,970.1625,20.25,17.25,-999.0
2002-02-14,0.3,972.1875,25.75,15.5,-999.0
2002-02-15,0.3125,984.9375,28.75,15.5,-999.0
2002-02-16,-2.375,991.2,15.75,16.75,-999.0
2002-02-17,-2.75,987.2625,22.75,14.5,-999.0
2002-02-18,-1.0625,971.7625,34.25,15.25,-999.0
2002-02-19,-1.7875,984.5375,15.125,16.75,-999.0
2002-02-20,-2.0375,985.925,21.125,14.5,-999.0
2002-02-21,-0.875,974.7625,15.0,13.5,-999.0
2002-02-22,-2.4875,972.2625,17.0,13.625,-999.0
2002-02-23,-2.4125,970.5,14.25,19.5,-999.0
2002-02-24,-1.05,979.8625,14.125,13.75,-999.0
2002-02-25,-4.4125,977.6,3.5,16.25,-999.0
2002-02-26,-7.05,979.2,12.0,12.5,-999.0
2002-02-27,-5.7875,987.4,17.625,19.0,-999.0
2002-02-28,-6.65,988.85,18.125,15.25,-999.0
2002-03-01,-6.075,986.4875,27.75,14.0,-999.0
2002-03-02,-5.7625,985.075,14.125,12.875,-999.0
2002-03-03,-7.9,985.8375,25.875,14.5,-999.0
2002-03-04,-7.2875,980.5625,21.875,18.0,-999.0
2002-03-05,-4.375,975.825,24.625,15.5,-999.0
2002-03-06,-4.45,983.6625,18.75,13.5,-999.0
2002-03-07,-6.6875,987.75,12.5,11.0,-999.0
2002-03-08,-6.925,982.925,26.875,16.0,-999.0
2002-03-09,-3.0875,980.6375,32.5,16.0,-999.0
2002-03-10,-1.8875,976.9375,22.0,18.25,-999.0
2002-03-11,-3.725,979.05,35.375,14.75,-999.0
2002-03-12,-5.225,989.7625,21.625,14.25,-999.0
2002-03-13,-6.4,993.075,13.75,13.5,-999.0
2002-03-14,-6.6,988.3375,27.75,15.0,-999.0
2002-03-15,-3.7875,990.9875,27.75,15.0,-999.0
2002-03-16,-2.575,995.6875,22.0,11.125,-999.0
2002-03-17,-6.2875,998.9625,12.375,11.375,-999.0
2002-03-18,-7.075,993.925,13.625,13.25,-999.0
2002-03-19,-8.4875,997.1875,17.125,17.25,-999.0
2002-03-20,-7.7375,1000.225,21.5,17.5,-999.0
2002-03-21,-7.7875,995.775,17.875,16.0,-999.0
2002-03-22,-8.325,994.45,10.125,15.0,-999.0
2002-03-23,-12.325,1000.975,17.125,18.0,-999.0
2002-03-24,-13.0875,1005.6625,11.625,17.125,-999.0
2002-03-25,-13.0625,1001.6375,12.5,21.875,-999.0
2002-03-26,-10.7125,998.0,7.625,16.5,-999.0
2002-03-27,-7.35,997.9625,13.25,14.125,-999.0
2002-03-28,-5.7125,998.6125,12.5,12.875,-999.0
2002-03-29,-10.65,994.1875,10.625,10.25,-999.0
2002-03-30,-8.9875,994.8375,32.125,13.875,-999.0
2002-03-31,-4.775,990.375,26.875,15.375,-999.0
2002-04-01,-7.125,985.125,22.625,13.875,-999.0
2002-04-02,-4.2375,975.1125,45.5,15.0,-999.0
2002-04-03,-3.2125,970.0125,40.125,14.75,-999.0
2002-04-04,-5.6375,984.375,15.375,20.5,-999.0
2002-04-05,-11.3625,977.625,8.75,8.75,-999.0
2002-04-06,-11.2125,977.3125,7.25,5.625,-999.0
2002-04-07,-15.675,983.6125,5.625,10.5,-999.0
2002-04-08,-14.075,981.225,17.0,7.375,-999.0
2002-04-09,-3.5375,969.9125,45.0,14.0,-999.0
2002-04-10,-1.7875,982.425,33.375,14.0,-999.0
2002-04-11,0.3375,974.925,27.5,14.25,-999.0
2002-04-12,-1.6625,987.05,10.125,15.25,-999.0
2002-04-13,-6.1875,994.9625,2.625,9.125,-999.0
2002-04-14,-6.1,992.625,10.75,13.0,-999.0
2002-04-15,-7.0375,986.825,36.25,14.0,-999.0
2002-04-16,-6.3625,992.3,16.5,14.25,-999.0
2002-04-17,-10.325,999.4,11.5,15.5,-999.0
2002-04-18,-12.3625,994.725,11.375,14.0,-999.0
2002-04-19,-11.9,990.0625,15.75,12.875,-999.0
2002-04-20,-15.375,991.5875,16.625,14.0,-999.0
2002-04-21,-15.9375,987.375,30.125,16.25,-999.0
2002-04-22,-10.85,981.625,30.75,13.5,-999.0
2002-04-23,-10.2625,977.8125,35.625,14.25,-999.0
2002-04-24,-7.225,981.7375,30.375,15.25,-999.0
2002-04-25,-7.575,988.45,21.375,18.0,-999.0
2002-04-26,-7.0375,990.9375,18.625,14.75,-999.0
2002-04-27,-7.7375,998.2,22.625,14.5,-999.0
2002-04-28,-10.3,993.875,25.875,16.75,-999.0
2002-04-29,-12.6125,983.125,32.125,18.25,-999.0
2002-04-30,-7.2125,981.575,36.25,17.0,-999.0
2002-05-01,-4.3,990.9125,42.0,14.0,-999.0
2002-05-02,-5.575,989.2375,21.0,10.5,-999.0
2002-05-03,-10.675,978.125,8.5,13.75,-999.0
2002-05-04,-9.1875,973.3875,22.625,18.0,-999.0
2002-05-05,-8.5375,985.675,21.875,15.0,-999.0
2002-05-06,-13.5,995.3625,17.125,11.625,-999.0
2002-05-07,-10.15,987.5125,54.0,14.0,-999.0
2002-05-08,-8.8875,997.275,34.0,14.0,-999.0
2002-05-09,-9.4125,1003.5125,10.75,23.125,-999.0
2002-05-10,-15.3375,998.2625,8.875,12.125,-999.0
2002-05-11,-15.55,998.925,16.5,16.5,-999.0
2002-05-12,-10.3375,999.8625,21.75,16.375,-999.0
2002-05-13,-13.2625,997.525,13.125,17.125,-999.0
2002-05-14,-13.6625,990.75,32.5,16.5,-999.0
2002-05-15,-12.175,993.0625,39.875,14.0,-999.0
2002-05-16,-10.975,989.6625,39.25,15.75,-999.0
2002-05-17,-11.9625,985.6875,24.5,14.5,-999.0
2002-05-18,-11.9375,982.5125,31.625,16.5,-999.0
2002-05-19,-5.7375,988.8625,30.75,14.0,-999.0
2002-05-20,-5.6125,986.2375,30.5,14.5,-999.0
2002-05-21,-8.4875,988.525,28.125,15.75,-999.0
2002-05-22,-13.325,997.1625,20.0,19.0,-999.0
2002-05-23,-11.1875,1001.075,28.25,16.25,-999.0
2002-05-24,-5.5875,988.0875,55.375,14.0,-999.0
2002-05-25,-6.1875,982.85,51.0,14.0,-999.0
2002-05-26,-6.2375,1001.025,35.5,14.0,-999.0
2002-05-27,-5.1125,1008.2375,30.625,14.0,-999.0
2002-05-28,-7.55,1009.45,25.0,14.0,-999.0
2002-05-29,-8.5875,1002.9,22.0,15.75,-999.0
2002-05-30,-4.325,986.675,43.375,14.25,-999.0
2002-05-31,-4.675,989.625,39.125,14.0,-999.0
2002-06-01,-8.7875,992.3,34.125,13.625,-999.0
2002-06-02,-7.4875,991.55,28.25,14.0,-999.0
2002-06-03,-11.8875,994.75,16.875,15.5,-999.0
2002-06-04,-13.8,996.9375,32.25,14.0,-999.0
2002-06-05,-10.0625,994.8875,25.25,11.375,-999.0
2002-06-06,-10.3375,988.3625,29.875,13.25,-999.0
2002-06-07,-10.6625,983.375,22.75,16.5,-999.0
2002-06-08,-9.5875,988.85,27.125,14.0,-999.0
2002-06-09,-10.825,994.6625,23.875,15.0,-999.0
2002-06-10,-9.6375,988.1625,9.875,5.5,-999.0
2002-06-11,-4.0875,980.6375,42.875,14.0,-999.0
2002-06-12,-5.125,987.275,35.625,14.0,-999.0
2002-06-13,-5.8375,986.025,44.125,14.0,-999.0
2002-06-14,-4.5625,988.025,44.875,14.0,-999.0
2002-06-15,-6.275,997.7625,39.375,13.75,-999.0
2002-06-16,-8.925,999.2,20.75,12.375,-999.0
2002-06-17,-12.8,992.5125,16.625,14.375,-999.0
2002-06-18,-17.5375,993.075,14.875,13.125,-999.0
2002-06-19,-17.1,984.7125,21.125,15.0,-999.0
2002-06-20,-13.575,973.85,33.5,13.625,-999.0
2002-06-21,-11.25,980.6,26.0,13.25,-999.0
2002-06-22,-11.4,982.3875,25.25,14.0,-999.0
2002-06-23,-11.3625,976.9875,29.75,14.25,-999.0
2002-06-24,-15.975,976.5,6.0,8.875,-999.0
2002-06-25,-19.35,981.1375,13.375,15.875,-999.0
2002-06-26,-18.275,984.7375,17.75,14.375,-999.0
2002-06-27,-17.2,981.525,18.25,15.0,-999.0
2002-06-28,-20.9,979.125,8.125,14.625,-999.0
2002-06-29,-18.3625,984.75,22.875,17.0,-999.0
2002-06-30,-11.8,981.55,40.75,14.0,-999.0
2002-07-01,-10.675,984.1125,29.25,14.0,-999.0
2002-07-02,-10.2875,988.9625,17.0,11.75,-999.0
2002-07-03,-8.95,989.5625,29.25,14.0,-999.0
2002-07-04,-8.9,987.375,20.5,14.125,-999.0
2002-07-05,-13.35,987.9875,22.0,16.625,-999.0
2002-07-06,-15.95,996.7625,17.5,13.625,-999.0
2002-07-07,-15.9375,1000.8625,18.375,14.0,-999.0
2002-07-08,-14.875,1001.1375,5.25,6.875,-999.0
2002-07-09,-16.4125,1004.7375,17.5,19.75,-999.0
2002-07-10,-9.0625,1003.85,25.125,16.5,-999.0
2002-07-11,-10.25,999.9,21.375,12.375,-999.0
2002-07-12,-13.5375,995.5125,24.0,13.0,-999.0
2002-07-13,-15.8,996.1875,32.25,14.0,-999.0
2002-07-14,-12.0125,991.8625,52.0,14.0,-999.0
2002-07-15,-12.475,989.7625,30.875,16.0,-999.0
2002-07-16,-14.625,991.1625,23.125,16.625,-999.0
2002-07-17,-11.0375,995.8375,34.125,14.0,-999.0
2002-07-18,-10.6875,972.95,50.125,14.0,-999.0
2002-07-19,-12.9375,973.4875,43.25,14.0,-999.0
2002-07-20,-11.45,982.275,33.25,13.625,-999.0
2002-07-21,-14.625,983.275,28.125,15.5,-999.0
2002-07-22,-16.2875,977.4625,22.375,17.25,-999.0
2002-07-23,-14.7,982.5125,29.125,14.5,-999.0
2002-07-24,-16.425,979.775,23.5,15.5,-999.0
2002-07-25,-11.825,980.3375,38.25,14.5,-999.0
2002-07-26,-11.5875,982.5125,33.375,15.25,-999.0
2002-07-27,-7.85,972.1875,39.75,14.0,-999.0
2002-07-28,-11.1625,977.3625,38.75,14.0,-999.0
2002-07-29,-12.85,974.9125,27.375,17.5,-999.0
2002-07-30,-10.65,980.7,29.5,14.0,-999.0
2002-07-31,-12.5625,980.75,19.5,14.875,-999.0
2002-08-01,-16.55,982.2125,11.75,18.0,-999.0
2002-08-02,-21.5,994.9375,6.0,11.875,-999.0
2002-08-03,-20.15,989.4625,4.125,8.0,-999.0
2002-08-04,-20.475,984.1375,8.625,9.75,-999.0
2002-08-05,-18.1375,981.7,24.25,14.75,-999.0
2002-08-06,-14.075,970.4625,24.375,15.0,-999.0
2002-08-07,-12.7,972.0125,35.875,18.25,-999.0
2002-08-08,-13.5375,975.05,24.5,15.0,-999.0
2002-08-09,-15.7,980.375,33.25,14.75,-999.0
2002-08-10,-17.775,982.925,25.0,19.25,-999.0
2002-08-11,-16.0,987.1625,35.25,17.25,-999.0
2002-08-12,-14.675,1004.4875,16.0,12.125,-999.0
2002-08-13,-16.7875,997.7125,1.875,5.875,-999.0
2002-08-14,-9.2,992.575,18.25,11.25,-999.0
2002-08-15,-8.5875,982.65,29.0,14.0,-999.0
2002-08-16,-9.9,974.1,31.75,14.0,-999.0
2002-08-17,-13.225,971.4875,25.625,14.0,-999.0
2002-08-18,-16.825,975.3625,9.0,14.625,-999.0
2002-08-19,-18.6,982.3875,12.375,18.125,-999.0
2002-08-20,-18.0375,988.6375,12.625,19.25,-999.0
2002-08-21,-19.725,993.175,0.0,0.0,-999.0
2002-08-22,-18.1,990.9,10.0,19.375,-999.0
2002-08-23,-20.6125,983.95,9.125,10.75,-999.0
2002-08-24,-20.55,977.825,24.25,14.5,-999.0
2002-08-25,-16.6875,976.6375,21.75,18.875,-999.0
2002-08-26,-15.025,979.3625,24.375,16.5,-999.0
2002-08-27,-13.2625,983.15,30.625,13.625,-999.0
2002-08-28,-13.475,981.3875,19.25,18.25,-999.0
2002-08-29,-13.9,994.2625,25.0,16.0,-999.0
2002-08-30,-15.425,996.7375,23.25,17.0,-999.0
2002-08-31,-17.8625,993.175,22.5,12.75,-999.0
2002-09-01,-18.75,989.1875,22.5,13.0,-999.0
2002-09-02,-19.3875,979.9375,5.375,20.125,-999.0
2002-09-03,-11.9125,982.8875,22.125,18.75,-999.0
2002-09-04,-15.975,988.25,1.875,5.875,-999.0
2002-09-05,-18.95,987.4125,14.5,17.0,-999.0
2002-09-06,-19.65,984.275,15.5,13.625,-999.0
2002-09-07,-20.7375,988.4375,10.5,19.25,-999.0
2002-09-08,-22.275,1000.6,5.375,6.5,-999.0
2002-09-09,-17.7875,1004.6,21.0,14.25,-999.0
2002-09-10,-13.3125,978.45,55.875,14.0,-999.0
2002-09-11,-12.1375,975.6625,45.125,14.0,-999.0
2002-09-12,-12.4,980.425,28.75,12.25,-999.0
2002-09-13,-10.65,991.35,14.75,11.25,-999.0
2002-09-14,-15.125,986.0875,21.5,13.625,-999.0
2002-09-15,-10.6875,958.0125,33.875,16.25,-999.0
2002-09-16,-12.05,957.6625,39.625,14.0,-999.0
2002-09-17,-14.7875,973.1875,37.25,14.0,-999.0
2002-09-18,-16.4375,975.825,29.25,14.0,-999.0
2002-09-19,-15.0,982.825,19.5,14.875,-999.0
2002-09-20,-14.8,984.1,12.0,15.75,-999.0
2002-09-21,-16.0,984.35,9.25,12.375,-999.0
2002-09-22,-17.05,983.6375,15.125,13.5,-999.0
2002-09-23,-13.425,996.8875,19.5,18.0,-999.0
2002-09-24,-14.8125,1003.0625,14.5,17.5,-999.0
2002-09-25,-17.6,994.45,4.125,7.5,-999.0
2002-09-26,-17.2,994.7875,18.625,13.25,-999.0
2002-09-27,-16.3375,989.225,28.25,14.75,-999.0
2002-09-28,-14.3125,982.9375,22.875,15.75,-999.0
2002-09-29,-11.95,986.775,23.625,18.0,-999.0
2002-09-30,-12.125,993.1875,17.75,16.25,-999.0
2002-10-01,-13.1375,996.1625,19.25,15.0,-999.0
2002-10-02,-12.775,1004.075,18.125,13.875,-999.0
2002-10-03,-8.6625,1000.4625,9.75,9.875,-999.0
2002-10-04,-8.45,999.225,23.0,12.5,-999.0
2002-10-05,-9.775,1000.6375,31.0,13.25,-999.0
2002-10-06,-7.4,995.35,40.5,13.25,-999.0
2002-10-07,-9.9125,1001.3625,26.0,11.375,-999.0
2002-10-08,-11.375,1002.8875,26.5,13.625,-999.0
2002-10-09,-11.05,992.6,22.75,12.875,-999.0
2002-10-10,-10.1,986.3,32.0,14.0,-999.0
2002-10-11,-9.375,1000.5625,27.625,13.625,-999.0
2002-10-12,-5.35,987.9625,33.75,14.25,-999.0
2002-10-13,-5.275,984.55,39.375,14.0,-999.0
2002-10-14,-3.9875,981.4875,41.875,14.0,-999.0
2002-10-15,-4.5125,984.525,20.375,13.125,-999.0
2002-10-16,-6.575,990.3,19.75,14.25,-999.0
2002-10-17,-8.75,992.4375,18.375,14.125,-999.0
2002-10-18,-7.8625,987.6,27.875,15.25,-999.0
2002-10-19,-5.425,986.5125,27.875,14.75,-999.0
2002-10-20,-5.6125,987.2625,22.75,15.75,-999.0
2002-10-21,-6.6375,985.325,13.125,13.625,-999.0
2002-10-22,-10.0875,985.525,4.0,5.125,-999.0
2002-10-23,-11.2625,998.0625,7.75,9.875,-999.0
2002-10-24,-11.075,996.8625,10.875,17.25,-999.0
2002-10-25,-11.2,988.6875,25.125,13.25,-999.0
2002-10-26,-9.6875,989.2375,20.5,14.25,-999.0
2002-10-27,-8.6875,991.5875,11.25,14.75,-999.0
2002-10-28,-8.075,994.0875,13.375,17.75,-999.0
2002-10-29,-9.0625,998.0375,14.375,12.0,-999.0
2002-10-30,-9.0125,997.9625,20.25,13.375,-999.0
2002-10-31,-8.575,1000.2125,21.0,13.75,-999.0
2002-11-01,-9.7625,995.65,13.0,14.75,-999.0
2002-11-02,-9.8,998.825,11.875,13.5,-999.0
2002-11-03,-9.675,1002.8375,10.0,14.25,-999.0
2002-11-04,-10.35,999.825,7.75,9.375,-999.0
2002-11-05,-11.25,997.05,5.125,17.75,-999.0
2002-11-06,-12.1875,994.2375,8.0,9.0,-999.0
2002-11-07,-9.75,990.6625,3.375,18.625,-999.0
2002-11-08,-9.5,992.1125,7.0,8.75,-999.0
2002-11-09,-6.575,992.4,8.125,8.25,-999.0
2002-11-10,-4.6125,991.0875,14.5,19.25,-999.0
2002-11-11,-4.9125,987.3875,10.875,9.625,-999.0
2002-11-12,-5.8125,986.425,19.75,12.625,-999.0
2002-11-13,-6.1875,990.075,16.75,13.125,-999.0
2002-11-14,-4.1375,989.35,11.75,11.25,-999.0
2002-11-15,-3.375,988.625,19.25,14.125,-999.0
2002-11-16,-3.7,987.275,19.0,13.625,-999.0
2002-11-17,-4.2125,986.4625,9.875,14.375,-999.0
2002-11-18,-6.15,979.6125,9.0,22.875,-999.0
2002-11-19,-5.225,982.3125,12.25,10.125,-999.0
2002-11-20,-7.7,984.75,4.75,9.75,-999.0
2002-11-21,-11.4875,983.825,8.5,18.5,-999.0
2002-11-22,-7.9625,975.9625,8.125,23.5,-999.0
2002-11-23,-7.7875,977.2,8.5,20.75,-999.0
2002-11-24,-8.2625,976.8875,12.125,11.625,-999.0
2002-11-25,-7.7375,981.025,13.125,12.125,-999.0
2002-11-26,-5.775,980.2375,8.875,12.75,-999.0
2002-11-27,-4.125,982.6625,13.0,12.375,-999.0
2002-11-28,-4.05,984.475,3.75,20.5,-999.0
2002-11-29,-2.6625,982.45,14.5,12.0,-999.0
2002-11-30,-3.8625,984.65,24.125,12.5,-999.0
2002-12-01,-2.875,980.625,15.5,9.625,-999.0
2002-12-02,-1.95,972.05,27.5,13.0,-999.0
2002-12-03,-3.8,976.8125,16.375,11.875,-999.0
2002-12-04,-2.875,980.125,15.375,12.5,-999.0
2002-12-05,-4.1,982.35,7.25,16.25,-999.0
2002-12-06,-3.5875,983.75,17.0,12.5,-999.0
2002-12-07,-3.1625,983.15,17.625,13.25,-999.0
2002-12-08,-3.2625,975.45,14.875,16.75,-999.0
2002-12-09,-4.4375,971.05,10.5,16.5,-999.0
2002-12-10,-4.7125,972.875,16.25,12.5,-999.0
2002-12-11,-2.425,972.5,14.5,9.875,-999.0
2002-12-12,-0.075,975.6125,12.875,10.25,-999.0
2002-12-13,-2.8375,985.275,12.75,12.0,-999.0
2002-12-14,-0.6125,987.2625,13.25,11.875,-999.0
2002-12-15,-0.675,986.3875,15.125,11.625,-999.0
2002-12-16,-0.65,982.575,24.125,12.875,-999.0
2002-12-17,-1.1125,982.3,32.0,14.0,-999.0
2002-12-18,0.5375,979.1375,19.875,14.0,-999.0
2002-12-19,1.2875,972.425,24.5,14.0,-999.0
2002-12-20,0.275,978.75,25.0,14.0,-999.0
2002-12-21,0.2625,983.65,10.5,13.5,-999.0
2002-12-22,1.1625,992.7625,7.625,17.75,-999.0
2002-12-23,0.9625,986.625,15.5,20.0,-999.0
2002-12-24,-0.2125,977.3875,5.375,11.25,-999.0
2002-12-25,1.075,982.75,11.75,13.75,-999.0
2002-12-26,1.0375,990.7125,10.0,13.5,-999.0
2002-12-27,-0.3875,990.1,5.25,17.875,-999.0
2002-12-28,-1.9375,990.25,3.75,24.75,-999.0
2002-12-29,-1.4625,990.675,1.75,11.75,-999.0
2002-12-30,-1.5875,991.7375,7.875,12.375,-999.0
2002-12-31,0.9125,990.3125,16.75,10.875,-999.0
2003-01-01,0.225,988.3375,24.625,13.625,-999.0
2003-01-02,0.8625,989.1375,23.125,13.125,-999.0
2003-01-03,0.6625,991.0125,19.625,14.25,-999.0
2003-01-04,0.775,994.925,10.0,14.5,-999.0
2003-01-05,-0.375,993.4875,11.25,19.875,-999.0
2003-01-06,0.15,996.8875,5.875,19.75,-999.0
2003-01-07,1.35,996.9,1.875,15.5,-999.0
2003-01-08,0.7625,994.525,1.875,20.25,-999.0
2003-01-09,-1.8125,996.975,3.125,10.0,-999.0
2003-01-10,-2.0625,997.7125,3.625,20.25,-999.0
2003-01-11,-1.4625,997.8,13.5,11.625,-999.0
2003-01-12,0.925,998.9625,10.25,8.875,-999.0
2003-01-13,1.225,994.3875,4.0,10.5,-999.0
2003-01-14,-0.5625,988.6,14.625,12.75,-999.0
2003-01-15,-0.0125,997.0375,15.125,11.875,-999.0
2003-01-16,2.875,997.0875,16.625,14.0,-999.0
2003-01-17,1.7,995.925,13.5,12.75,-999.0
2003-01-18,1.2,1000.6125,12.5,13.625,-999.0
2003-01-19,1.9875,1004.8625,9.125,11.875,-999.0
2003-01-20,2.175,1002.5375,8.625,12.0,-999.0
2003-01-21,1.375,994.975,5.75,9.625,-999.0
2003-01-22,1.5375,989.9,12.0,13.5,-999.0
2003-01-23,1.1,993.8625,22.125,14.0,-999.0
2003-01-24,1.3375,990.3625,20.625,13.875,-999.0
2003-01-25,1.1875,989.975,16.75,13.625,-999.0
2003-01-26,1.5375,989.55,18.0,13.625,-999.0
2003-01-27,2.325,987.0625,14.25,15.375,-999.0
2003-01-28,1.375,983.175,13.625,16.375,-999.0
2003-01-29,1.65,978.975,11.375,14.5,-999.0
2003-01-30,1.6125,977.1625,10.25,16.25,-999.0
2003-01-31,0.3625,981.175,6.25,11.5,-999.0
2003-02-01,-0.3375,981.7875,8.0,10.875,-999.0
2003-02-02,-1.05,981.85,12.5,13.125,-999.0
2003-02-03,-0.45,986.2625,13.875,13.625,-999.0
2003-02-04,-1.1125,990.625,7.875,13.5,-999.0
2003-02-05,-2.7625,993.575,3.25,18.75,-999.0
2003-02-06,-0.4875,994.15,4.875,18.5,-999.0
2003-02-07,-1.075,990.7125,5.5,14.125,-999.0
2003-02-08,-1.7875,991.625,10.875,16.125,-999.0
2003-02-09,-2.35,992.9875,7.25,15.875,-999.0
2003-02-10,-4.125,993.125,6.125,14.125,-999.0
2003-02-11,-3.0625,991.8125,14.75,13.625,-999.0
2003-02-12,-2.4,993.35,9.5,22.75,-999.0
2003-02-13,-3.8,994.825,11.125,22.625,-999.0
2003-02-14,-4.0375,999.4375,14.0,15.75,-999.0
2003-02-15,-3.875,1003.4625,7.125,18.625,-999.0
2003-02-16,-3.4375,995.8375,25.5,14.25,-999.0
2003-02-17,-2.7,981.15,28.625,17.0,-999.0
2003-02-18,0.2875,978.575,28.75,15.25,-999.0
2003-02-19,1.275,989.2375,21.75,13.5,-999.0
2003-02-20,-0.0625,985.95,14.25,13.625,-999.0
2003-02-21,-1.0875,988.575,19.25,14.875,-999.0
2003-02-22,1.2,998.5875,19.875,14.5,-999.0
2003-02-23,-0.15,1001.2625,17.625,18.75,-999.0
2003-02-24,-0.3125,1001.2625,5.25,25.875,-999.0
2003-02-25,-0.7125,1000.6875,3.0,22.875,-999.0
2003-02-26,-2.75,998.7125,1.25,35.75,-999.0
2003-02-27,-0.775,995.7,3.75,25.0,-999.0
2003-02-28,-0.1625,996.3,14.625,15.25,-999.0
2003-03-01,-0.325,995.8125,10.0,17.75,-999.0
2003-03-02,-2.8375,988.8125,10.625,19.25,-999.0
2003-03-03,-2.6625,995.8625,21.625,15.375,-999.0
2003-03-04,-3.3375,1001.7,22.375,15.125,-999.0
2003-03-05,-3.475,993.25,22.875,13.5,-999.0
2003-03-06,-2.6625,989.0375,31.125,14.5,-999.0
2003-03-07,-1.225,990.525,30.375,14.25,-999.0
2003-03-08,-3.425,982.3125,22.875,17.0,-999.0
2003-03-09,-3.9625,984.1125,16.875,15.25,-999.0
2003-03-10,-3.825,989.675,10.125,14.25,-999.0
2003-03-11,-6.625,989.775,10.25,19.125,-999.0
2003-03-12,-6.875,988.425,15.0,15.125,-999.0
2003-03-13,-6.8625,990.725,14.5,15.5,-999.0
2003-03-14,-6.35,992.1875,6.5,22.125,-999.0
2003-03-15,-8.625,984.35,5.625,18.5,-999.0
2003-03-16,-8.3125,980.5,15.125,15.375,-999.0
2003-03-17,-4.6125,976.0875,15.375,16.25,-999.0
2003-03-18,-8.6,977.7375,18.5,19.75,-999.0
2003-03-19,-8.0,975.1375,25.5,16.375,-999.0
2003-03-20,-7.95,976.1,23.625,15.875,-999.0
2003-03-21,-11.7375,987.6,5.75,22.125,-999.0
2003-03-22,-11.25,988.8125,13.0,14.75,-999.0
2003-03-23,-9.625,979.9875,40.625,13.875,-999.0
2003-03-24,-4.9125,980.05,38.5,14.625,-999.0
2003-03-25,-7.6375,979.5125,23.5,16.75,-999.0
2003-03-26,-8.9,975.375,14.0,14.25,-999.0
2003-03-27,-7.3625,979.2,19.875,15.75,-999.0
2003-03-28,-8.3,983.8125,26.0,16.25,-999.0
2003-03-29,-10.425,980.975,12.0,16.125,-999.0
2003-03-30,-10.05,982.95,16.875,14.25,-999.0
2003-03-31,-7.3875,983.05,32.875,14.5,-999.0
2003-04-01,-7.65,977.575,32.375,16.5,-999.0
2003-04-02,-9.225,978.325,20.75,17.25,-999.0
2003-04-03,-7.5875,983.0375,23.125,13.875,-999.0
2003-04-04,-5.225,985.225,34.375,15.0,-999.0
2003-04-05,-6.7625,988.675,25.0,13.875,-999.0
2003-04-06,-9.375,980.45,20.125,18.25,-999.0
2003-04-07,-12.3375,980.775,10.25,11.25,-999.0
2003-04-08,-11.5375,989.2625,19.0,14.0,-999.0
2003-04-09,-11.025,992.0875,23.75,16.25,-999.0
2003-04-10,-10.8,982.9,26.125,15.75,-999.0
2003-04-11,-9.925,973.8,36.25,17.0,-999.0
2003-04-12,-7.65,964.225,22.875,18.25,-999.0
2003-04-13,-6.275,978.125,26.375,14.75,-999.0
2003-04-14,-9.8625,972.2,30.5,15.0,-999.0
2003-04-15,-7.2125,968.4375,32.625,14.0,-999.0
2003-04-16,-6.925,964.525,31.375,17.5,-999.0
2003-04-17,-7.125,963.9125,23.5,14.5,-999.0
2003-04-18,-15.425,972.55,0.0,0.0,-999.0
2003-04-19,-14.225,978.625,19.0,15.0,-999.0
2003-04-20,-11.9875,966.675,19.0,18.75,-999.0
2003-04-21,-8.65,974.0375,27.5,14.75,-999.0
2003-04-22,-6.8875,969.5,30.875,17.5,-999.0
2003-04-23,-7.25,975.8375,22.5,16.5,-999.0
2003-04-24,-11.7375,981.55,13.75,15.5,-999.0
2003-04-25,-16.175,980.3,9.0,15.25,-999.0
2003-04-26,-19.475,990.6625,1.75,9.0,-999.0
2003-04-27,-14.6375,995.5125,14.125,12.0,-999.0
2003-04-28,-11.125,985.8375,36.5,16.5,-999.0
2003-04-29,-12.2875,982.7625,27.375,14.5,-999.0
2003-04-30,-12.2625,994.325,25.875,13.625,-999.0
2003-05-01,-8.9625,991.25,31.125,14.0,-999.0
2003-05-02,-7.775,995.375,33.5,14.0,-999.0
2003-05-03,-4.6375,999.7625,24.75,14.0,-999.0
2003-05-04,-10.45,1004.275,6.0,5.75,-999.0
2003-05-05,-17.125,993.4125,1.25,2.0,-999.0
2003-05-06,-16.7875,989.2625,2.375,8.75,-999.0
2003-05-07,-19.225,990.1125,14.875,9.875,-999.0
2003-05-08,-14.4625,992.9125,21.75,16.875,-999.0
2003-05-09,-16.8375,990.75,10.75,11.75,-999.0
2003-05-10,-18.45,980.125,23.5,18.375,-999.0
2003-05-11,-16.65,977.75,31.625,19.125,-999.0
2003-05-12,-16.3,971.375,19.625,21.5,-999.0
2003-05-13,-19.125,973.5,4.5,12.5,-999.0
2003-05-14,-17.9,981.775,21.375,19.0,-999.0
2003-05-15,-14.9625,980.6,15.125,13.75,-999.0
2003-05-16,-16.0625,982.2,15.375,12.375,-999.0
2003-05-17,-16.625,981.2875,25.0,13.25,-999.0
2003-05-18,-12.8625,982.825,35.5,15.5,-999.0
2003-05-19,-10.775,987.6875,35.0,16.5,-999.0
2003-05-20,-13.2625,979.6875,21.125,15.25,-999.0
2003-05-21,-18.625,984.575,16.375,12.25,-999.0
2003-05-22,-12.925,990.625,47.25,14.25,-999.0
2003-05-23,-9.4,997.7375,42.375,14.5,-999.0
2003-05-24,-9.6875,986.2375,48.5,14.5,-999.0
2003-05-25,-10.4875,978.9125,31.875,14.5,-999.0
2003-05-26,-9.7625,982.875,40.0,15.5,-999.0
2003-05-27,-8.825,987.1625,37.25,14.75,-999.0
2003-05-28,-5.5375,975.375,45.125,15.25,-999.0
2003-05-29,-7.525,986.3,31.5,15.5,-999.0
2003-05-30,-11.6,994.075,17.0,15.5,-999.0
2003-05-31,-14.7,987.5375,20.125,17.75,-999.0
2003-06-01,-18.0875,996.825,11.125,17.0,-999.0
2003-06-02,-15.7125,1003.0875,12.375,14.75,-999.0
2003-06-03,-15.025,1006.025,19.125,14.5,-999.0
2003-06-04,-16.075,1001.6125,15.625,12.875,-999.0
2003-06-05,-12.8875,989.075,29.375,13.875,-999.0
2003-06-06,-16.825,991.2375,11.375,12.25,-999.0
2003-06-07,-16.05,990.5125,21.25,15.625,-999.0
2003-06-08,-12.2375,989.5125,20.375,16.25,-999.0
2003-06-09,-14.8125,987.9375,16.375,14.5,-999.0
2003-06-10,-13.475,989.275,22.0,14.75,-999.0
2003-06-11,-13.3625,988.9125,17.75,13.5,-999.0
2003-06-12,-12.6625,992.9375,21.625,13.625,-999.0
2003-06-13,-12.05,996.4125,23.75,14.0,-999.0
2003-06-14,-12.1625,996.175,22.625,17.5,-999.0
2003-06-15,-8.45,992.2875,27.0,14.0,-999.0
2003-06-16,-7.6375,991.15,34.5,14.0,-999.0
2003-06-17,-9.55,988.8125,36.0,13.75,-999.0
2003-06-18,-13.8,996.9,26.375,15.75,-999.0
2003-06-19,-17.4375,1002.7125,13.25,16.25,-999.0
2003-06-20,-18.2625,999.6875,11.375,15.75,-999.0
2003-06-21,-15.675,999.9375,25.5,14.875,-999.0
2003-06-22,-10.6125,982.8125,20.625,17.5,-999.0
2003-06-23,-5.9,974.0875,38.875,15.75,-999.0
2003-06-24,-8.3375,984.675,16.5,14.5,-999.0
2003-06-25,-13.9,984.5375,19.375,19.25,-999.0
2003-06-26,-17.2375,998.7625,14.0,20.0,-999.0
2003-06-27,-18.8375,1005.675,9.125,11.5,-999.0
2003-06-28,-15.9625,999.5,9.375,13.0,-999.0
2003-06-29,-17.8125,993.6875,2.875,2.5,-999.0
2003-06-30,-20.825,994.3125,2.625,4.5,-999.0
2003-07-01,-18.2875,992.725,10.0,9.875,-999.0
2003-07-02,-15.0375,996.7375,14.25,25.0,-999.0
2003-07-03,-17.5625,1009.1125,6.125,13.25,-999.0
2003-07-04,-16.15,1007.8875,7.0,10.875,-999.0
2003-07-05,-20.1875,998.6375,14.125,11.875,-999.0
2003-07-06,-16.075,999.1625,22.875,14.0,-999.0
2003-07-07,-12.3625,1002.4875,33.375,14.0,-999.0
2003-07-08,-10.8375,997.375,23.875,15.0,-999.0
2003-07-09,-14.9,992.75,7.75,16.125,-999.0
2003-07-10,-19.7625,999.6125,4.25,6.25,-999.0
2003-07-11,-16.425,984.9,11.375,11.0,-999.0
2003-07-12,-16.4625,967.6125,9.75,9.25,-999.0
2003-07-13,-13.9375,982.1125,12.75,12.0,-999.0
2003-07-14,-13.05,981.5625,23.0,14.5,-999.0
2003-07-15,-13.45,974.05,21.875,14.0,-999.0
2003-07-16,-12.225,969.825,25.5,14.5,-999.0
2003-07-17,-16.6875,970.625,11.125,14.75,-999.0
2003-07-18,-19.275,976.25,17.375,19.5,-999.0
2003-07-19,-20.5375,977.4,9.375,10.0,-999.0
2003-07-20,-21.4375,982.0625,11.125,13.0,-999.0
2003-07-21,-24.15,990.8375,1.875,3.625,-999.0
2003-07-22,-24.475,987.7,0.0,0.0,-999.0
2003-07-23,-23.75,973.2875,0.0,0.0,-999.0
2003-07-24,-27.6125,966.9,0.0,0.0,-999.0
2003-07-25,-23.1125,983.8625,14.0,7.375,-999.0
2003-07-26,-15.05,989.1375,34.875,15.0,-999.0
2003-07-27,-12.9375,986.6,21.0,14.25,-999.0
2003-07-28,-20.1125,985.55,0.0,0.0,-999.0
2003-07-29,-23.4,989.45,5.5,10.25,-999.0
2003-07-30,-17.275,990.425,30.125,14.0,-999.0
2003-07-31,-9.675,970.4875,44.125,14.0,-999.0
2003-08-01,-7.35,962.4875,41.875,14.5,-999.0
2003-08-02,-6.0375,964.675,36.5,14.0,-999.0
2003-08-03,-14.2125,977.5375,15.5,13.625,-999.0
2003-08-04,-18.9375,972.9875,20.25,13.25,-999.0
2003-08-05,-16.1625,979.4625,37.875,14.0,-999.0
2003-08-06,-13.45,985.1625,34.75,14.0,-999.0
2003-08-07,-10.625,967.375,33.125,14.0,-999.0
2003-08-08,-12.325,966.8375,20.5,17.5,-999.0
2003-08-09,-17.1125,983.2375,10.5,26.375,-999.0
2003-08-10,-19.1,980.3375,18.25,16.0,-999.0
2003-08-11,-21.8375,978.725,5.875,9.375,-999.0
2003-08-12,-18.0,968.575,32.75,13.25,-999.0
2003-08-13,-12.0875,959.225,28.375,15.75,-999.0
2003-08-14,-12.85,972.2625,21.75,16.5,-999.0
2003-08-15,-13.9,983.55,17.75,16.5,-999.0
2003-08-16,-16.1625,980.6,18.25,16.0,-999.0
2003-08-17,-18.125,979.475,17.125,15.0,-999.0
2003-08-18,-17.5125,992.525,13.125,15.5,-999.0
2003-08-19,-20.0,1004.875,7.0,15.75,-999.0
2003-08-20,-19.5875,994.9,6.125,10.75,-999.0
2003-08-21,-13.4875,985.0625,16.25,15.75,-999.0
2003-08-22,-16.6,986.4375,3.625,5.375,-999.0
2003-08-23,-17.225,995.25,2.5,4.75,-999.0
2003-08-24,-16.4625,993.0125,3.625,4.25,-999.0
2003-08-25,-13.8375,987.4125,19.625,14.25,-999.0
2003-08-26,-15.8875,989.7875,21.25,10.75,-999.0
2003-08-27,-13.1625,990.725,32.75,14.25,-999.0
2003-08-28,-16.875,978.1375,0.5,2.0,-999.0
2003-08-29,-14.05,972.1875,21.75,15.0,-999.0
2003-08-30,-12.8625,979.7,18.625,16.375,-999.0
2003-08-31,-15.35,977.85,5.25,9.75,-999.0
2003-09-01,-17.5625,979.7875,10.375,14.625,-999.0
2003-09-02,-18.7125,973.6625,16.0,16.25,-999.0
2003-09-03,-13.6875,722.95,14.375,14.75,-999.0
2003-09-04,-10.3375,971.9875,20.875,15.5,-999.0
2003-09-05,-13.85,979.0125,15.25,17.25,-999.0
2003-09-06,-18.225,984.3375,7.25,18.0,-999.0
2003-09-07,-19.6125,984.9125,24.25,15.25,-999.0
2003-09-08,-22.775,987.4125,15.25,12.5,-999.0
2003-09-09,-21.8875,994.025,11.875,14.5,-999.0
2003-09-10,-20.0,987.725,6.25,5.75,-999.0
2003-09-11,-16.7125,973.5875,15.25,20.125,-999.0
2003-09-12,-15.975,981.75,12.75,16.25,-999.0
2003-09-13,-19.1625,983.875,12.25,15.5,-999.0
2003-09-14,-17.825,975.2125,28.375,15.0,-999.0
2003-09-15,-14.9875,963.3125,24.75,14.0,-999.0
2003-09-16,-12.95,958.85,17.625,11.125,-999.0
2003-09-17,-11.8125,974.7,21.75,10.5,-999.0
2003-09-18,-13.0375,982.625,24.0,13.375,-999.0
2003-09-19,-14.2125,987.2,18.125,18.25,-999.0
2003-09-20,-13.375,988.6875,18.5,17.75,-999.0
2003-09-21,-13.9125,992.0375,6.875,10.125,-999.0
2003-09-22,-16.875,990.275,6.125,14.625,-999.0
2003-09-23,-17.425,994.2,15.75,18.125,-999.0
2003-09-24,-18.225,999.625,9.75,10.0,-999.0
2003-09-25,-19.35,999.6625,1.625,3.75,-999.0
2003-09-26,-17.8625,992.1,2.375,5.375,-999.0
2003-09-27,-17.7625,991.2625,6.25,5.375,-999.0
2003-09-28,-19.6875,991.1625,0.25,1.125,-999.0
2003-09-29,-12.15,990.1375,14.0,15.375,-999.0
2003-09-30,-9.6875,1002.85,6.875,9.5,-999.0
2003-10-01,-8.925,999.5125,5.375,8.375,-999.0
2003-10-02,-13.875,997.675,3.75,10.5,-999.0
2003-10-03,-13.98571429,989.2,26.28571429,14.0,-999.0
2003-10-04,-15.7875,989.15,23.125,13.25,-999.0
2003-10-05,-17.9375,990.375,1.25,5.75,-999.0
2003-10-06,-16.2625,992.725,1.875,8.25,-999.0
2003-10-07,-17.175,993.575,2.375,10.75,-999.0
2003-10-08,-17.0,989.55,5.5,7.125,-999.0
2003-10-09,-19.4625,984.4625,2.5,5.125,-999.0
2003-10-10,-17.9875,974.8625,9.25,9.375,-999.0
2003-10-11,-14.5,978.7375,5.875,8.625,-999.0
2003-10-12,-12.9,985.5,7.25,13.625,-999.0
2003-10-13,-14.6875,989.075,9.375,12.5,-999.0
2003-10-14,-16.775,991.0875,18.25,14.0,-999.0
2003-10-15,-13.6125,991.0125,22.625,13.25,-999.0
2003-10-16,-11.175,984.6125,13.5,13.875,-999.0
2003-10-17,-11.5375,980.4875,20.75,14.75,-999.0
2003-10-18,-7.575,976.2125,25.25,14.625,-999.0
2003-10-19,-6.95,977.0625,14.75,12.375,-999.0
2003-10-20,-7.0,980.8375,13.25,12.375,-999.0
2003-10-21,-11.5625,981.0375,4.25,12.875,-999.0
2003-10-22,-12.8375,976.2625,12.625,11.0,-999.0
2003-10-23,-11.925,985.8625,5.25,10.75,-999.0
2003-10-24,-14.9,986.7375,1.375,6.5,-999.0
2003-10-25,-11.2625,985.5875,15.375,16.25,-999.0
2003-10-26,-10.2375,990.55,23.25,13.25,-999.0
2003-10-27,-9.8625,995.0875,23.0,13.25,-999.0
2003-10-28,-7.5,993.4125,11.0,10.625,-999.0
2003-10-29,-9.15,996.0625,12.625,14.125,-999.0
2003-10-30,-9.775,984.3625,36.875,14.75,-999.0
2003-10-31,-6.6,978.8375,44.25,16.0,-999.0
2003-11-01,-3.85,979.55,38.75,15.0,-999.0
2003-11-02,-3.25,980.6625,25.875,14.25,-999.0
2003-11-03,-3.0,980.625,22.25,14.0,-999.0
2003-11-04,-3.4625,984.675,22.375,14.75,-999.0
2003-11-05,-4.025,985.425,8.5,11.875,-999.0
2003-11-06,-4.4,987.2125,6.25,8.5,-999.0
2003-11-07,-5.6375,985.55,5.875,8.375,-999.0
2003-11-08,-8.7,989.7875,7.125,9.625,-999.0
2003-11-09,-10.45,989.45,4.0,9.875,-999.0
2003-11-10,-10.175,988.1625,5.75,7.5,-999.0
2003-11-11,-8.1875,987.925,9.75,19.75,-999.0
2003-11-12,-5.7875,990.5125,9.875,13.25,-999.0
2003-11-13,-4.775,984.925,23.5,14.125,-999.0
2003-11-14,-3.8625,983.5875,27.375,14.0,-999.0
2003-11-15,-4.15,986.4375,16.0,10.125,-999.0
2003-11-16,-4.5625,976.0625,14.0,14.25,-999.0
2003-11-17,-4.6375,976.5,20.5,16.0,-999.0
2003-11-18,-3.7875,985.5875,14.375,12.25,-999.0
2003-11-19,-4.0,985.575,15.5,15.5,-999.0
2003-11-20,-4.0875,985.7,9.625,13.875,-999.0
2003-11-21,-4.225,981.0375,20.0,13.0,-999.0
2003-11-22,-4.0125,973.425,34.25,14.0,-999.0
2003-11-23,-2.625,980.0,17.875,15.875,-999.0
2003-11-24,-4.6125,982.925,8.625,15.625,-999.0
2003-11-25,-5.225,982.3125,10.125,11.5,-999.0
2003-11-26,-4.05,988.3625,23.75,13.0,-999.0
2003-11-27,1.2125,984.8625,27.75,14.0,-999.0
2003-11-28,1.95,985.4,28.25,13.625,-999.0
2003-11-29,0.875,990.8375,12.75,12.5,-999.0
2003-11-30,0.675,991.675,11.625,16.25,-999.0
2003-12-01,1.6625,990.6,14.875,15.25,-999.0
2003-12-02,0.2625,987.3625,17.875,14.25,-999.0
2003-12-03,-1.875,983.8125,19.375,14.875,-999.0
2003-12-04,-3.2625,987.2875,29.25,15.25,-999.0
2003-12-05,-0.7,994.45,12.0,13.375,-999.0
2003-12-06,0.2125,996.2875,6.125,24.75,-999.0
2003-12-07,0.35,988.1625,7.625,10.625,-999.0
2003-12-08,0.6375,983.8375,22.875,14.0,-999.0
2003-12-09,0.1875,991.9125,11.375,15.625,-999.0
2003-12-10,1.5625,997.6625,7.25,13.875,-999.0
2003-12-11,1.5,999.9625,7.875,14.25,-999.0
2003-12-12,-2.5,1003.3375,2.5,12.375,-999.0
2003-12-13,-0.7875,1006.6125,3.75,15.375,-999.0
2003-12-14,4.0625,1005.475,18.125,14.5,-999.0
2003-12-15,4.375,1001.8,19.25,15.25,-999.0
2003-12-16,3.9,998.6125,13.125,13.75,-999.0
2003-12-17,2.7625,999.1,12.625,11.375,-999.0
2003-12-18,3.275,1001.1,5.375,19.75,-999.0
2003-12-19,2.975,994.4875,7.75,16.375,-999.0
2003-12-20,3.175,991.125,5.625,11.0,-999.0
2003-12-21,3.4875,994.125,14.25,15.125,-999.0
2003-12-22,2.325,996.75,9.75,13.5,-999.0
2003-12-23,-0.1375,995.6,2.25,15.0,-999.0
2003-12-24,-0.225,1001.975,3.625,20.0,-999.0
2003-12-25,-0.3,1000.675,2.125,6.0,-999.0
2003-12-26,1.1125,990.3625,7.125,7.625,-999.0
2003-12-27,0.6625,988.9125,26.625,12.25,-999.0
2003-12-28,0.1875,992.15,29.625,12.875,-999.0
2003-12-29,3.05,995.575,25.5,11.75,-999.0
2003-12-30,5.625,987.9125,17.125,14.375,-999.0
2003-12-31,4.8625,990.15,6.375,15.625,-999.0
2004-01-01,5.4375,992.3125,9.0,28.625,-999.0
2004-01-02,5.4875,988.175,15.625,16.5,-999.0
2004-01-03,4.75,991.85,6.375,10.375,-999.0
2004-01-04,4.875,985.8,8.25,12.625,-999.0
2004-01-05,0.7625,988.65,9.25,8.125,-999.0
2004-01-06,0.6375,989.425,7.0,10.25,-999.0
2004-01-07,1.8125,985.15,6.125,12.75,-999.0
2004-01-08,1.3,987.2,5.75,20.375,-999.0
2004-01-09,2.375,990.3125,6.375,14.875,-999.0
2004-01-10,2.25,985.05,4.75,29.125,-999.0
2004-01-11,0.5125,983.3125,5.375,6.625,-999.0
2004-01-12,-0.525,982.1,4.125,10.75,-999.0
2004-01-13,-1.6875,981.775,21.625,11.875,-999.0
2004-01-14,-0.0625,977.4125,27.125,11.75,-999.0
2004-01-15,1.75,983.4875,20.5,11.75,-999.0
2004-01-16,3.175,984.35,15.375,12.875,-999.0
2004-01-17,3.5,977.475,11.0,18.75,-999.0
2004-01-18,2.0,970.55,21.0,13.25,-999.0
2004-01-19,1.7,978.75,19.625,12.5,-999.0
2004-01-20,1.75,976.4625,9.75,8.875,-999.0
2004-01-21,1.8875,975.5875,13.625,11.0,-999.0
2004-01-22,2.05,974.25,13.75,10.625,-999.0
2004-01-23,1.3375,982.1,10.0,9.875,-999.0
2004-01-24,1.95,982.3,16.25,13.125,-999.0
2004-01-25,0.6,982.0625,3.0,2.0,-999.0
2004-01-26,-1.375,986.65,3.125,4.375,-999.0
2004-01-27,-0.65,991.9,1.75,3.5,-999.0
2004-01-28,-1.4875,991.6625,6.25,8.125,-999.0
2004-01-29,-0.975,984.475,18.375,13.375,-999.0
2004-01-30,-0.225,982.55,29.0,14.0,-999.0
2004-01-31,0.575,987.9125,38.875,12.875,-999.0
2004-02-01,1.0875,988.0375,27.5,12.25,-999.0
2004-02-02,0.0875,983.5,10.625,12.0,-999.0
2004-02-03,0.5375,979.4,17.75,13.0,-999.0
2004-02-04,1.5375,985.8125,21.0,12.25,-999.0
2004-02-05,-0.575,996.2375,8.875,10.0,-999.0
2004-02-06,-1.4625,995.0625,7.375,5.875,-999.0
2004-02-07,-1.4,992.7125,0.0,0.0,-999.0
2004-02-08,-1.975,991.375,6.625,5.375,-999.0
2004-02-09,-2.775,986.675,13.5,11.75,-999.0
2004-02-10,-4.25,987.4125,14.75,13.75,-999.0
2004-02-11,-2.575,990.6875,14.0,13.125,-999.0
2004-02-12,-3.725,990.15,23.375,13.25,-999.0
2004-02-13,-2.4875,986.5625,28.625,12.875,-999.0
2004-02-14,-2.7125,988.0625,27.125,11.75,-999.0
2004-02-15,-1.6,981.725,36.75,13.25,-999.0
2004-02-16,-0.3875,973.6625,32.5,13.5,-999.0
2004-02-17,0.275,988.7125,22.375,12.125,-999.0
2004-02-18,-0.675,986.8375,14.25,15.75,-999.0
2004-02-19,0.2625,987.575,21.375,11.75,-999.0
2004-02-20,-0.9625,988.825,16.875,10.5,-999.0
2004-02-21,-1.15,990.5625,27.125,10.0,-999.0
2004-02-22,-1.4875,992.9,24.875,9.75,-999.0
2004-02-23,-0.875,994.0,22.375,11.75,-999.0
2004-02-24,-0.6875,993.025,18.875,11.5,-999.0
2004-02-25,-3.2,995.875,22.625,13.25,-999.0
2004-02-26,-2.8,993.0,20.25,12.625,-999.0
2004-02-27,-3.475,984.8625,22.75,14.375,-999.0
2004-02-28,-1.125,980.25,25.5,12.875,-999.0
2004-02-29,-1.6375,981.3,25.25,14.25,-999.0
2004-03-01,-1.225,982.1375,22.375,14.625,-999.0
2004-03-02,-2.725,979.725,18.875,16.25,-999.0
2004-03-03,-6.075,977.45,8.5,8.25,-999.0
2004-03-04,-5.525,981.9125,15.25,12.125,-999.0
2004-03-05,-4.7625,984.2875,17.125,14.0,-999.0
2004-03-06,-9.2,977.925,1.0,4.5,-999.0
2004-03-07,-10.45,976.9875,19.125,14.125,-999.0
2004-03-08,-6.4875,972.15,15.375,9.0,-999.0
2004-03-09,-10.05,970.0875,16.0,14.375,-999.0
2004-03-10,-8.5625,970.9,17.5,14.125,-999.0
2004-03-11,-8.1875,964.2625,6.625,6.75,-999.0
2004-03-12,-6.3625,969.7125,4.0,14.125,-999.0
2004-03-13,-6.525,974.6375,10.75,12.0,-999.0
2004-03-14,-4.175,970.425,23.75,14.75,-999.0
2004-03-15,-3.9375,972.4625,20.0,15.25,-999.0
2004-03-16,-4.075,978.9875,19.0,15.0,-999.0
2004-03-17,-7.375,979.5875,14.25,17.25,-999.0
2004-03-18,-7.8125,979.975,17.5,14.125,-999.0
2004-03-19,-6.5375,981.8,34.75,13.625,-999.0
2004-03-20,-4.45,975.825,43.25,13.625,-999.0
2004-03-21,-3.625,980.9375,30.0,11.0,-999.0
2004-03-22,-4.2375,986.1375,9.625,11.125,-999.0
2004-03-23,-8.9,982.9875,0.875,2.25,-999.0
2004-03-24,-7.425,981.85,19.125,13.125,-999.0
2004-03-25,-6.775,985.275,25.0,15.125,-999.0
2004-03-26,-7.8375,985.575,16.125,12.25,-999.0
2004-03-27,-9.425,988.8,19.125,16.75,-999.0
2004-03-28,-7.3375,983.975,14.875,14.5,-999.0
2004-03-29,-10.5625,976.2875,1.375,2.5,-999.0
2004-03-30,-10.875,978.975,5.875,14.5,-999.0
2004-03-31,-13.0,981.075,2.375,7.25,-999.0
2004-04-01,-12.725,976.575,18.0,12.875,-999.0
2004-04-02,-9.1125,986.3875,26.0,15.0,-999.0
2004-04-03,-13.1125,984.0375,14.75,13.5,-999.0
2004-04-04,-14.3125,981.775,30.375,14.25,-999.0
2004-04-05,-8.6,972.5625,35.25,16.75,-999.0
2004-04-06,-8.7875,959.35,19.625,19.5,-999.0
2004-04-07,-9.825,962.0875,12.5,17.5,-999.0
2004-04-08,-9.125,980.9375,24.375,14.375,-999.0
2004-04-09,-7.1375,988.8375,24.375,15.75,-999.0
2004-04-10,-13.6875,976.3875,13.0,9.375,-999.0
2004-04-11,-16.4,971.8875,21.25,12.625,-999.0
2004-04-12,-14.7125,977.6,5.75,7.625,-999.0
2004-04-13,-11.875,977.45,18.5,10.125,-999.0
2004-04-14,-10.3125,971.525,29.625,14.5,-999.0
2004-04-15,-8.85,972.15,28.375,16.5,-999.0
2004-04-16,-14.0125,980.2875,5.375,9.5,-999.0
2004-04-17,-19.2125,993.1625,1.875,5.125,-999.0
2004-04-18,-19.5625,1002.7625,1.5,1.75,-999.0
2004-04-19,-20.8,994.2375,0.0,0.0,-999.0
2004-04-20,-19.625,993.8,19.5,17.0,-999.0
2004-04-21,-17.8125,995.275,24.0,18.25,-999.0
2004-04-22,-16.2625,990.1125,18.625,17.75,-999.0
2004-04-23,-17.1625,985.8125,19.875,19.25,-999.0
2004-04-24,-17.7875,990.2125,20.25,20.25,-999.0
2004-04-25,-18.7125,997.25,4.625,9.0,-999.0
2004-04-26,-19.375,989.4,4.75,8.75,-999.0
2004-04-27,-21.7625,990.15,5.0,8.5,-999.0
2004-04-28,-19.9625,994.1125,5.375,6.5,-999.0
2004-04-29,-14.4125,991.6125,16.75,12.5,-999.0
2004-04-30,-19.775,989.45,2.375,7.0,-999.0
2004-05-01,-23.5625,987.9875,2.5,5.0,-999.0
2004-05-02,-18.325,982.65,21.375,16.25,-999.0
2004-05-03,-16.675,984.375,20.75,14.5,-999.0
2004-05-04,-14.7,986.2625,12.0,13.25,-999.0
2004-05-05,-20.325,987.95,1.25,4.5,-999.0
2004-05-06,-15.7625,990.45,14.5,10.75,-999.0
2004-05-07,-13.8,987.4,12.25,13.0,-999.0
2004-05-08,-16.8375,988.7,6.875,10.0,-999.0
2004-05-09,-14.4625,988.7,23.75,16.75,-999.0
2004-05-10,-13.2875,987.075,21.875,14.125,-999.0
2004-05-11,-15.85,992.5,9.375,11.25,-999.0
2004-05-12,-21.075,998.1125,0.875,2.5,-999.0
2004-05-13,-21.925,996.125,1.625,1.125,-999.0
2004-05-14,-19.175,1001.2625,2.625,4.875,-999.0
2004-05-15,-15.6375,1010.825,13.875,10.625,-999.0
2004-05-16,-10.75,996.8625,32.25,14.75,-999.0
2004-05-17,-12.025,983.8625,18.375,15.0,-999.0
2004-05-18,-14.9125,980.95,29.125,15.5,-999.0
2004-05-19,-10.0125,980.0125,25.25,14.75,-999.0
2004-05-20,-13.3125,979.9,18.875,15.625,-999.0
2004-05-21,-14.3125,981.075,1.5,1.75,-999.0
2004-05-22,-16.2,979.4125,9.625,12.25,-999.0
2004-05-23,-12.4125,981.9,15.75,12.75,-999.0
2004-05-24,-10.875,985.075,13.875,13.875,-999.0
2004-05-25,-16.85,989.025,2.75,9.5,-999.0
2004-05-26,-18.0375,988.65,7.0,9.0,-999.0
2004-05-27,-18.825,986.425,15.375,17.25,-999.0
2004-05-28,-18.15,976.175,19.5,17.75,-999.0
2004-05-29,-12.2625,971.15,15.625,12.0,-999.0
2004-05-30,-9.45,972.5375,35.625,14.0,-999.0
2004-05-31,-10.7125,959.675,25.25,16.25,-999.0
2004-06-01,-15.8125,957.025,16.375,17.5,-999.0
2004-06-02,-12.625,972.375,11.875,12.5,-999.0
2004-06-03,-18.1,974.875,5.375,3.875,-999.0
2004-06-04,-16.7625,942.25,21.875,12.5,-999.0
2004-06-05,-24.3375,963.9625,5.875,11.75,-999.0
2004-06-06,-25.9125,969.7625,3.625,7.125,-999.0
2004-06-07,-22.2,982.4375,9.75,11.375,-999.0
2004-06-08,-25.8,978.85,0.0,0.0,-999.0
2004-06-09,-21.3375,973.775,5.625,7.125,-999.0
2004-06-10,-21.0,989.25,5.5,12.625,-999.0
2004-06-11,-22.2125,991.0125,3.875,5.375,-999.0
2004-06-12,-15.2375,988.9875,36.25,17.25,-999.0
2004-06-13,-7.4125,981.675,33.0,14.25,-999.0
2004-06-14,-8.675,989.175,13.375,11.75,-999.0
2004-06-15,-9.2875,993.85,10.875,14.0,-999.0
2004-06-16,-13.95,988.9375,3.5,6.75,-999.0
2004-06-17,-15.15,981.6625,14.75,9.125,-999.0
2004-06-18,-13.575,977.0625,36.25,13.25,-999.0
2004-06-19,-10.3875,971.1,26.625,11.375,-999.0
2004-06-20,-7.925,980.1125,24.75,10.375,-999.0
2004-06-21,-16.7,980.2625,6.875,5.625,-999.0
2004-06-22,-17.1375,988.5,28.75,13.25,-999.0
2004-06-23,-12.6125,984.5875,37.375,14.25,-999.0
2004-06-24,-7.9875,963.025,48.25,15.25,-999.0
2004-06-25,-8.7,961.675,24.75,15.75,-999.0
2004-06-26,-13.6125,970.5,12.875,15.25,-999.0
2004-06-27,-21.825,976.25,4.5,11.0,-999.0
2004-06-28,-23.925,976.8375,11.875,14.375,-999.0
2004-06-29,-23.3125,981.525,4.0,9.125,-999.0
2004-06-30,-25.675,982.375,2.75,9.5,-999.0
2004-07-01,-22.45,983.7625,12.875,11.875,-999.0
2004-07-02,-23.8875,994.3375,4.75,7.25,-999.0
2004-07-03,-24.15,990.5,6.25,9.875,-999.0
2004-07-04,-22.3,978.425,12.125,22.875,-999.0
2004-07-05,-16.725,978.3375,23.0,18.0,-999.0
2004-07-06,-22.5875,980.9125,1.75,4.5,-999.0
2004-07-07,-24.45,980.15,1.5,4.25,-999.0
2004-07-08,-22.8875,988.075,0.625,2.5,-999.0
2004-07-09,-24.0375,982.2625,0.0,0.0,-999.0
2004-07-10,-22.375,985.525,21.5,13.125,-999.0
2004-07-11,-24.4125,990.5125,21.375,17.75,-999.0
2004-07-12,-22.65,992.625,8.125,9.5,-999.0
2004-07-13,-19.725,988.6875,25.875,9.75,-999.0
2004-07-14,-14.375,977.85,34.625,14.0,-999.0
2004-07-15,-14.425,976.4875,15.625,16.25,-999.0
2004-07-16,-13.2,972.975,22.25,13.625,-999.0
2004-07-17,-17.2625,970.325,3.875,6.5,-999.0
2004-07-18,-22.4625,976.1875,3.375,14.875,-999.0
2004-07-19,-22.6875,982.0125,4.5,5.375,-999.0
2004-07-20,-24.7125,983.75,0.875,2.5,-999.0
2004-07-21,-22.525,969.7625,11.625,5.5,-999.0
2004-07-22,-21.4375,973.45,15.25,9.875,-999.0
2004-07-23,-22.85,970.925,11.375,9.75,-999.0
2004-07-24,-15.4875,957.3125,25.5,15.25,-999.0
2004-07-25,-16.3125,958.275,23.0,11.25,-999.0
2004-07-26,-19.4625,966.725,12.625,13.75,-999.0
2004-07-27,-24.6375,979.8375,6.5,9.875,-999.0
2004-07-28,-28.15,980.975,0.0,0.0,-999.0
2004-07-29,-26.3375,982.5,9.5,6.75,-999.0
2004-07-30,-25.7375,986.7,6.0,8.125,-999.0
2004-07-31,-27.2625,983.45,0.0,0.0,-999.0
2004-08-01,-23.0,979.5125,13.25,10.375,-999.0
2004-08-02,-23.575,982.9625,15.75,12.375,-999.0
2004-08-03,-26.3,987.4875,7.625,13.125,-999.0
2004-08-04,-22.475,990.4625,7.875,11.125,-999.0
2004-08-05,-19.5375,985.6875,18.875,16.75,-999.0
2004-08-06,-16.1,977.1125,18.0,13.0,-999.0
2004-08-07,-15.225,979.725,11.375,10.75,-999.0
2004-08-08,-18.65,987.4375,17.75,11.125,-999.0
2004-08-09,-18.0,982.2125,31.625,11.375,-999.0
2004-08-10,-15.2125,976.6625,47.25,15.0,-999.0
2004-08-11,-11.6625,969.8875,23.0,15.25,-999.0
2004-08-12,-17.825,975.65,3.375,8.75,-999.0
2004-08-13,-23.8375,968.8125,2.0,9.625,-999.0
2004-08-14,-22.65,979.4625,24.0,13.75,-999.0
2004-08-15,-15.7875,974.375,44.375,14.0,-999.0
2004-08-16,-11.675,960.975,50.75,13.625,-999.0
2004-08-17,-12.6375,960.8625,22.625,11.0,-999.0
2004-08-18,-14.025,962.425,21.375,14.125,-999.0
2004-08-19,-15.15,976.5125,20.5,15.0,-999.0
2004-08-20,-16.6,978.8375,1.875,6.25,-999.0
2004-08-21,-19.0625,990.4375,5.25,6.875,-999.0
2004-08-22,-14.175,993.4,25.625,11.625,-999.0
2004-08-23,-12.925,980.525,43.875,11.0,-999.0
2004-08-24,-13.275,973.7375,26.75,12.25,-999.0
2004-08-25,-19.15,972.2875,8.625,15.5,-999.0
2004-08-26,-16.425,978.825,22.75,12.25,-999.0
2004-08-27,-13.5875,988.4125,14.75,15.75,-999.0
2004-08-28,-19.1375,984.35,0.0,0.0,-999.0
2004-08-29,-20.8375,971.8375,0.0,0.0,-999.0
2004-08-30,-23.0,971.85,4.25,7.625,-999.0
2004-08-31,-25.05,994.9125,0.875,6.75,-999.0
2004-09-01,-19.5625,996.3375,11.0,7.875,-999.0
2004-09-02,-9.525,989.525,34.625,15.25,-999.0
2004-09-03,-8.8125,985.0,17.375,12.75,-999.0
2004-09-04,-13.5875,986.55,5.5,14.375,-999.0
2004-09-05,-18.5125,989.125,0.625,4.5,-999.0
2004-09-06,-14.3375,979.9875,13.5,15.25,-999.0
2004-09-07,-17.8,986.8125,6.75,13.375,-999.0
2004-09-08,-16.55,985.15,17.25,12.875,-999.0
2004-09-09,-17.4,975.3625,27.5,11.0,-999.0
2004-09-10,-19.3,965.975,19.375,8.5,-999.0
2004-09-11,-17.1875,968.175,28.75,10.25,-999.0
2004-09-12,-14.8625,970.8375,8.125,12.75,-999.0
2004-09-13,-18.25,974.975,5.5,7.625,-999.0
2004-09-14,-20.8125,976.8125,26.375,9.25,-999.0
2004-09-15,-21.9125,984.175,8.625,13.0,-999.0
2004-09-16,-22.275,984.8875,13.875,13.75,-999.0
2004-09-17,-19.9,989.3375,14.5,11.375,-999.0
2004-09-18,-22.225,989.9625,4.25,12.75,-999.0
2004-09-19,-19.0375,982.8875,6.625,11.625,-999.0
2004-09-20,-16.3375,993.0125,9.875,16.25,-999.0
2004-09-21,-14.0625,992.275,14.25,16.75,-999.0
2004-09-22,-16.025,983.3375,7.125,8.375,-999.0
2004-09-23,-16.0,982.5875,5.375,7.375,-999.0
2004-09-24,-19.1125,985.2625,8.75,11.625,-999.0
2004-09-25,-19.0125,982.4125,2.5,14.625,-999.0
2004-09-26,-13.7625,971.7375,18.625,14.875,-999.0
2004-09-27,-12.775,978.1625,27.75,14.75,-999.0
2004-09-28,-15.8875,997.125,1.25,3.625,-999.0
2004-09-29,-13.65,987.325,26.625,8.75,-999.0
2004-09-30,-15.8125,987.0625,14.375,13.375,-999.0
2004-10-01,-17.0125,992.775,8.125,18.0,-999.0
2004-10-02,-17.2625,997.6875,4.375,10.75,-999.0
2004-10-03,-16.3125,994.125,7.875,14.375,-999.0
2004-10-04,-14.375,990.1625,18.875,14.75,-999.0
2004-10-05,-16.15,990.2875,31.5,12.375,-999.0
2004-10-06,-13.0,988.625,39.125,15.5,-999.0
2004-10-07,-12.6,989.7375,23.75,17.0,-999.0
2004-10-08,-9.9,982.6,29.0,17.5,-999.0
2004-10-09,-4.6875,971.725,33.375,14.375,-999.0
2004-10-10,-4.525,975.7125,32.5,14.0,-999.0
2004-10-11,-6.7875,980.075,19.125,13.25,-999.0
2004-10-12,-8.0875,976.6375,29.875,14.0,-999.0
2004-10-13,-9.9,982.5125,21.25,15.0,-999.0
2004-10-14,-12.9125,986.475,6.0,12.375,-999.0
2004-10-15,-14.0625,986.025,12.0,11.625,-999.0
2004-10-16,-13.3875,989.225,9.125,14.25,-999.0
2004-10-17,-12.475,981.6125,1.0,0.875,-999.0
2004-10-18,-14.45,979.475,0.625,0.875,-999.0
2004-10-19,-10.15,982.75,19.5,12.125,-999.0
2004-10-20,-8.4875,979.9625,8.0,12.75,-999.0
2004-10-21,-10.0875,972.6,8.375,6.5,-999.0
2004-10-22,-5.6375,968.8375,24.125,14.25,-999.0
2004-10-23,-2.1125,963.6,12.0,13.75,-999.0
2004-10-24,-5.2375,968.8125,9.0,11.375,-999.0
2004-10-25,-7.7625,975.6875,8.375,12.0,-999.0
2004-10-26,-9.05,980.2375,6.25,15.875,-999.0
2004-10-27,-4.9375,976.875,21.875,14.375,-999.0
2004-10-28,-3.1875,979.8625,15.375,12.125,-999.0
2004-10-29,-6.4875,984.2,2.25,9.875,-999.0
2004-10-30,-9.0625,987.65,9.625,9.625,-999.0
2004-10-31,-9.2875,984.4125,20.25,10.875,-999.0
2004-11-01,-8.75,975.625,12.125,7.125,-999.0
2004-11-02,-10.2375,971.4375,3.125,7.25,-999.0
2004-11-03,-11.3125,970.3125,7.125,5.0,-999.0
2004-11-04,-10.8125,982.1375,5.625,14.5,-999.0
2004-11-05,-10.1875,980.525,3.75,11.75,-999.0
2004-11-06,-10.975,981.45,9.5,15.75,-999.0
2004-11-07,-11.3875,988.125,6.375,7.5,-999.0
2004-11-08,-11.4875,986.0375,13.75,9.75,-999.0
2004-11-09,-9.0125,985.8125,23.875,10.25,-999.0
2004-11-10,-8.0875,988.775,12.125,10.625,-999.0
2004-11-11,-8.025,990.775,7.25,9.75,-999.0
2004-11-12,-7.875,993.9125,5.625,5.875,-999.0
2004-11-13,-6.5875,988.875,20.75,11.125,-999.0
2004-11-14,-3.7375,981.3875,22.5,9.75,-999.0
2004-11-15,-2.9625,982.4375,17.5,13.0,-999.0
2004-11-16,-4.1875,983.1625,13.875,12.625,-999.0
2004-11-17,-3.7,985.8125,16.0,10.875,-999.0
2004-11-18,-4.1125,981.7625,14.625,17.25,-999.0
2004-11-19,-5.25,977.85,15.875,13.125,-999.0
2004-11-20,-4.2875,978.625,20.125,13.125,-999.0
2004-11-21,-1.825,977.3,31.625,11.0,-999.0
2004-11-22,-1.475,976.05,27.75,12.125,-999.0
2004-11-23,-2.7,982.8875,29.875,12.875,-999.0
2004-11-24,-1.9625,988.1625,16.5,10.875,-999.0
2004-11-25,-1.4125,992.525,20.0,13.25,-999.0
2004-11-26,-0.0125,992.35,8.625,13.25,-999.0
2004-11-27,-0.2125,992.6625,13.75,14.25,-999.0
2004-11-28,0.125,991.6875,26.0,13.25,-999.0
2004-11-29,1.525,996.2375,22.125,12.625,-999.0
2004-11-30,0.6125,995.2625,23.125,12.875,-999.0
2004-12-01,0.85,987.9375,18.875,12.0,-999.0
2004-12-02,1.9375,979.95,22.5,12.0,-999.0
2004-12-03,1.8375,980.725,13.625,12.625,-999.0
2004-12-04,0.6875,982.8,12.875,8.375,-999.0
2004-12-05,-0.3125,982.825,10.625,13.0,-999.0
2004-12-06,-2.075,985.6625,19.0,11.25,-999.0
2004-12-07,-0.6375,984.5625,13.75,8.375,-999.0
2004-12-08,0.4625,984.5875,7.75,8.875,-999.0
2004-12-09,1.9125,989.45,15.25,9.5,-999.0
2004-12-10,1.7375,994.1125,20.75,12.25,-999.0
2004-12-11,0.85,992.35,19.875,11.375,-999.0
2004-12-12,-0.2,987.6125,11.125,8.375,-999.0
2004-12-13,0.025,991.075,9.875,9.25,-999.0
2004-12-14,1.225,996.075,15.25,11.75,-999.0
2004-12-15,2.3375,994.6,20.25,12.625,-999.0
2004-12-16,0.9,988.0625,35.625,11.375,-999.0
2004-12-17,2.2125,991.975,34.375,10.75,-999.0
2004-12-18,3.4875,989.8,34.0,11.75,-999.0
2004-12-19,2.425,989.0375,23.25,12.125,-999.0
2004-12-20,2.675,991.7875,15.5,8.75,-999.0
2004-12-21,1.7375,990.9875,3.75,19.5,-999.0
2004-12-22,1.3125,992.1375,2.5,6.625,-999.0
2004-12-23,2.3625,994.2625,4.125,4.875,-999.0
2004-12-24,-0.225,990.65,2.125,4.625,-999.0
2004-12-25,0.875,987.15,4.25,4.5,-999.0
2004-12-26,1.45,987.925,2.75,5.625,-999.0
2004-12-27,4.85,981.275,6.625,10.25,-999.0
2004-12-28,3.85,984.0875,17.375,13.5,-999.0
2004-12-29,4.5875,988.6125,10.5,12.125,-999.0
2004-12-30,3.7875,987.8625,18.875,12.375,-999.0
2004-12-31,3.15,980.6,17.375,13.625,-999.0
2005-01-01,3.2,982.3625,14.25,12.875,-999.0
2005-01-02,3.675,987.875,17.75,12.5,-999.0
2005-01-03,4.0625,985.8625,8.875,8.625,-999.0
2005-01-04,2.875,983.05,14.25,13.5,-999.0
2005-01-05,2.8875,989.7625,13.375,9.75,-999.0
2005-01-06,3.0,986.95,10.875,12.5,-999.0
2005-01-07,2.6625,985.925,8.125,10.0,-999.0
2005-01-08,2.525,986.125,11.0,14.25,-999.0
2005-01-09,3.6,988.2125,13.125,11.125,-999.0
2005-01-10,3.575,989.6125,8.875,10.25,-999.0
2005-01-11,3.6,994.4,7.25,6.75,-999.0
2005-01-12,3.25,995.1,3.25,7.375,-999.0
2005-01-13,2.625,992.6125,11.25,6.875,-999.0
2005-01-14,2.271428571,994.0571428999999,3.857142857,3.285714286,-999.0
2005-01-15,-0.025,990.8,8.0,8.25,-999.0
2005-01-16,-0.6625,882.3,26.375,14.5,-999.0
2005-01-17,0.15,987.475,13.5,11.125,-999.0
2005-01-18,0.825,986.7625,12.625,12.5,-999.0
2005-01-19,2.0375,986.9125,11.375,11.625,-999.0
2005-01-20,2.025,986.625,1.875,6.0,-999.0
2005-01-21,0.725,992.0375,1.25,2.875,-999.0
2005-01-22,0.5,991.775,4.5,6.25,-999.0
2005-01-23,-0.5125,991.6875,5.375,8.0,-999.0
2005-01-24,-0.6625,993.15,9.0,11.0,-999.0
2005-01-25,-1.95,995.0875,7.625,10.5,-999.0
2005-01-26,-0.175,995.1,8.625,13.125,-999.0
2005-01-27,0.0875,992.9875,3.5,3.875,-999.0
2005-01-28,-0.2125,993.3625,5.25,3.375,-999.0
2005-01-29,-0.35,983.6875,26.625,10.0,-999.0
2005-01-30,1.225,970.9375,17.375,10.5,-999.0
2005-01-31,0.2375,984.8375,18.625,12.375,-999.0
2005-02-01,-0.4625,971.95,22.75,11.0,-999.0
2005-02-02,0.0625,928.75,27.125,12.125,-999.0
2005-02-03,0.7857142859999999,973.7571429,16.28571429,14.42857143,-999.0
2005-02-04,0.2625,978.725,15.0,10.875,-999.0
2005-02-05,-1.4375,982.25,10.625,9.125,-999.0
2005-02-06,-1.1875,987.0875,110.625,10.0,-999.0
2005-02-07,-1.2375,989.125,10.375,10.25,-999.0
2005-02-08,-1.9625,990.3625,11.125,13.5,-999.0
2005-02-09,-2.6625,983.0125,7.5,7.375,-999.0
2005-02-10,0.5,980.2,9.125,8.875,-999.0
2005-02-11,0.725,978.9375,8.125,11.5,-999.0
2005-02-12,-0.675,973.225,10.875,13.125,-999.0
2005-02-13,-1.975,969.9875,14.625,12.375,-999.0
2005-02-14,-1.875,973.125,11.125,16.75,-999.0
2005-02-15,-2.9375,977.1375,15.0,9.5,-999.0
2005-02-16,-4.825,972.6125,31.0,10.375,-999.0
2005-02-17,-2.1375,969.9625,21.75,11.375,-999.0
2005-02-18,-0.3,966.925,10.125,8.25,-999.0
2005-02-19,0.05,976.6125,14.375,11.0,-999.0
2005-02-20,-2.7375,975.0875,16.25,12.5,-999.0
2005-02-21,-3.3375,974.1875,15.375,10.875,-999.0
2005-02-22,-3.2625,975.6375,13.25,12.25,-999.0
2005-02-23,-2.575,982.525,23.0,12.125,-999.0
2005-02-24,-3.15,974.35,21.125,16.0,-999.0
2005-02-25,-1.1125,966.325,29.75,16.375,-999.0
2005-02-26,1.75,970.7875,25.375,11.0,-999.0
2005-02-27,-2.825,993.3625,15.0,12.25,-999.0
2005-02-28,-5.8625,988.925,23.125,11.875,-999.0
2005-03-01,-8.5625,986.2625,9.25,10.25,-999.0
2005-03-02,-9.025,990.875,13.25,11.0,-999.0
2005-03-03,-6.2375,979.4375,26.25,11.875,-999.0
2005-03-04,-3.15,973.525,26.375,11.625,-999.0
2005-03-05,-4.5,980.375,25.5,11.375,-999.0
2005-03-06,-4.9,988.3875,37.0,12.5,-999.0
2005-03-07,-2.875,993.45,17.125,10.0,-999.0
2005-03-08,-1.625,989.95,14.25,12.125,-999.0
2005-03-09,-2.6125,979.6,21.375,12.375,-999.0
2005-03-10,-1.1625,983.0,25.125,12.5,-999.0
2005-03-11,-1.6625,977.0375,20.25,15.875,-999.0
2005-03-12,-3.5625,980.2125,13.5,17.0,-999.0
2005-03-13,-5.5625,987.2625,2.625,4.25,-999.0
2005-03-14,-8.3375,979.425,8.0,6.5,-999.0
2005-03-15,-4.375,971.125,34.375,12.875,-999.0
2005-03-16,-1.35,982.0625,21.125,14.875,-999.0
2005-03-17,-5.6,982.325,16.375,14.0,-999.0
2005-03-18,-3.2375,970.225,24.5,12.5,-999.0
2005-03-19,-1.7,968.1875,25.625,12.25,-999.0
2005-03-20,-3.75,979.375,20.125,12.0,-999.0
2005-03-21,-5.675,970.05,15.0,16.625,-999.0
2005-03-22,-8.75,965.9125,8.5,11.0,-999.0
2005-03-23,-9.125,986.1875,9.375,11.625,-999.0
2005-03-24,-9.5625,992.9,0.0,0.0,-999.0
2005-03-25,-10.35,995.7,2.0,3.375,-999.0
2005-03-26,-8.8125,996.25,6.0,7.25,-999.0
2005-03-27,-9.825,996.5,0.0,0.0,-999.0
2005-03-28,-136.15,988.0625,0.625,2.25,-999.0
2005-03-29,-12.0625,988.35,9.0,11.125,-999.0
2005-03-30,-12.675,991.9875,14.375,17.5,-999.0
2005-03-31,-12.8125,980.1875,5.875,5.125,-999.0
2005-04-01,-11.175,991.3,7.875,7.75,-999.0
2005-04-02,-11.6875,995.1,5.75,6.5,-999.0
2005-04-03,-13.1375,988.775,0.625,1.125,-999.0
2005-04-04,-13.1,981.5625,15.375,7.625,-999.0
2005-04-05,-10.825,978.7625,24.125,11.375,-999.0
2005-04-06,-8.2625,970.25,22.0,15.75,-999.0
2005-04-07,-10.275,964.9875,13.25,9.125,-999.0
2005-04-08,-10.8,972.8875,17.5,11.875,-999.0
2005-04-09,-13.4625,985.6875,6.875,13.5,-999.0
2005-04-10,-15.825,989.3375,2.5,4.5,-999.0
2005-04-11,-16.3375,986.7125,2.0,2.75,-999.0
2005-04-12,-14.7875,981.3375,10.25,6.625,-999.0
2005-04-13,-10.225,975.5625,33.25,12.875,-999.0
2005-04-14,-8.05,967.05,20.125,13.0,-999.0
2005-04-15,-15.2625,972.7625,1.0,2.0,-999.0
2005-04-16,-14.2625,983.0875,15.375,16.5,-999.0
2005-04-17,-15.1125,989.4125,2.25,4.0,-999.0
2005-04-18,-10.55,979.8125,27.5,13.625,-999.0
2005-04-19,-13.5625,987.575,5.625,9.0,-999.0
2005-04-20,-11.7875,986.8625,17.875,5.875,-999.0
2005-04-21,-12.925,983.7125,23.375,10.5,-999.0
2005-04-22,-8.8,981.6,24.0,11.0,-999.0
2005-04-23,-7.6125,990.5125,17.875,10.625,-999.0
2005-04-24,-5.9375,981.7,31.25,11.0,-999.0
2005-04-25,-3.3375,977.65,22.0,10.375,-999.0
2005-04-26,-7.725,993.425,6.25,8.25,-999.0
2005-04-27,-9.2625,995.675,6.625,5.25,-999.0
2005-04-28,-8.6125,995.2125,13.0,12.0,-999.0
2005-04-29,-8.7875,989.1625,25.375,11.375,-999.0
2005-04-30,-9.1125,945.6625,34.625,12.5,-999.0
2005-05-01,-10.7875,979.9125,18.375,12.375,-999.0
2005-05-02,-13.7625,980.7625,11.125,12.125,-999.0
2005-05-03,-13.475,971.0125,19.25,14.25,-999.0
2005-05-04,-9.0125,966.7,23.375,12.5,-999.0
2005-05-05,-7.6625,982.7625,34.125,14.0,-999.0
2005-05-06,-6.775,974.5,30.75,11.875,-999.0
2005-05-07,-6.225,976.425,35.5,13.25,-999.0
2005-05-08,-6.7875,984.75,30.0,11.375,-999.0
2005-05-09,-9.5375,988.575,13.25,13.5,-999.0
2005-05-10,-13.225,990.1125,4.25,4.75,-999.0
2005-05-11,-17.4375,991.4375,2.75,4.0,-999.0
2005-05-12,-15.9,997.45,19.5,15.5,-999.0
2005-05-13,-13.925,998.6125,13.0,15.5,-999.0
2005-05-14,-17.2125,993.625,4.25,7.875,-999.0
2005-05-15,-12.175,984.8875,15.75,11.75,-999.0
2005-05-16,-9.1625,986.9875,20.5,14.375,-999.0
2005-05-17,-9.85,990.275,20.875,14.625,-999.0
2005-05-18,-12.2375,985.15,11.5,10.0,-999.0
2005-05-19,-16.2,984.3125,9.375,14.5,-999.0
2005-05-20,-18.6,986.4875,14.0,16.0,-999.0
2005-05-21,-21.725,983.475,8.0,10.25,-999.0
2005-05-22,-22.0125,979.3625,8.375,10.25,-999.0
2005-05-23,-19.85,982.0375,19.0,16.5,-999.0
2005-05-24,-15.85,976.8875,19.0,18.0,-999.0
2005-05-25,-14.5625,972.125,12.875,16.5,-999.0
2005-05-26,-18.38571429,984.2285714,17.85714286,14.57142857,-999.0
2005-05-27,-18.7875,993.4875,10.625,16.625,-999.0
2005-05-28,-13.8125,987.5625,30.125,12.125,-999.0
2005-05-29,-14.325,987.1625,10.5,14.125,-999.0
2005-05-30,-17.8875,987.5875,8.75,7.125,-999.0
2005-05-31,-19.45,984.9,13.5,8.0,-999.0
2005-06-01,-25.1125,991.7375,4.25,6.0,-999.0
2005-06-02,-29.43333333,989.7,0.0,0.0,-999.0
2005-06-03,-27.14285714,982.7428571,0.0,0.0,-999.0
2005-06-04,-10.7,972.8125,14.75,15.5,-999.0
2005-06-05,-7.9,983.7375,19.75,11.875,-999.0
2005-06-06,-9.175,986.875,13.875,15.5,-999.0
2005-06-07,-11.3625,989.7,13.375,9.5,-999.0
2005-06-08,-11.8875,991.45,18.875,13.25,-999.0
2005-06-09,-11.2625,987.7875,22.75,13.625,-999.0
2005-06-10,-16.2625,982.975,7.0,5.75,-999.0
2005-06-11,-16.725,989.575,23.625,12.5,-999.0
2005-06-12,-8.2125,994.5875,28.125,13.25,-999.0
2005-06-13,-18.425,989.1,2.5,3.5,-999.0
2005-06-14,-16.0,992.7125,16.375,10.125,-999.0
2005-06-15,-11.625,1001.6625,15.25,10.875,-999.0
2005-06-16,-18.5625,999.6125,1.625,1.375,-999.0
2005-06-17,-14.8875,1002.7125,18.125,12.125,-999.0
2005-06-18,-14.5125,1002.2125,22.875,14.125,-999.0
2005-06-19,-10.5375,988.6375,30.75,14.0,-999.0
2005-06-20,-9.15,977.35,33.0,14.0,-999.0
2005-06-21,-8.525,975.95,26.125,12.125,-999.0
2005-06-22,-10.7375,983.6,21.375,10.75,-999.0
2005-06-23,-13.7125,994.15,13.875,11.75,-999.0
2005-06-24,-15.575,994.4875,25.125,13.625,-999.0
2005-06-25,-12.9,990.925,32.625,13.625,-999.0
2005-06-26,-11.0,990.075,28.0,11.0,-999.0
2005-06-27,-10.7625,989.475,31.25,11.0,-999.0
2005-06-28,-8.4625,982.4125,41.125,10.25,-999.0
2005-06-29,-10.9875,991.025,26.25,10.375,-999.0
2005-06-30,-12.3125,984.6,35.25,10.75,-999.0
2005-07-01,-10.2375,960.9375,44.125,12.5,-999.0
2005-07-02,-10.0125,980.675,22.75,11.75,-999.0
2005-07-03,-13.8625,979.7875,37.0,11.75,-999.0
2005-07-04,-10.975,970.975,33.125,13.625,-999.0
2005-07-05,-14.7625,969.625,13.25,14.25,-999.0
2005-07-06,-17.9125,976.8125,16.25,15.25,-999.0
2005-07-07,-22.175,981.95,0.0,0.0,-999.0
2005-07-08,-20.825,982.075,19.75,9.25,-999.0
2005-07-09,-13.3625,972.675,35.5,12.875,-999.0
2005-07-10,-10.1375,966.95,21.0,13.375,-999.0
2005-07-11,-16.875,973.2625,14.875,11.0,-999.0
2005-07-12,-13.5875,984.375,3.75,5.875,-999.0
2005-07-13,-17.2,984.725,8.125,10.75,-999.0
2005-07-14,-20.0875,977.2,9.125,11.25,-999.0
2005-07-15,-17.1,992.5625,9.0,5.25,-999.0
2005-07-16,-12.0625,993.45,28.375,11.5,-999.0
2005-07-17,-11.15,986.5,30.125,11.0,-999.0
2005-07-18,-12.5125,978.8375,26.5,14.5,-999.0
2005-07-19,-22.6625,988.6375,4.125,11.0,-999.0
2005-07-20,-27.15714286,993.0428571,3.714285714,7.714285714,-999.0
2005-07-21,-30.65714286,993.9428571000001,0.0,0.0,-999.0
2005-07-22,-28.7125,1005.0125,0.0,0.0,-999.0
2005-07-23,-22.425,997.825,19.0,14.5,-999.0
2005-07-24,-19.45,989.0125,23.625,17.75,-999.0
2005-07-25,-14.0625,989.05,25.5,15.5,-999.0
2005-07-26,-14.1375,990.6125,13.0,10.75,-999.0
2005-07-27,-20.0625,992.15,18.375,18.25,-999.0
2005-07-28,-20.1375,994.325,24.125,16.0,-999.0
2005-07-29,-18.05,987.5875,23.5,16.25,-999.0
2005-07-30,-22.175,980.8375,6.25,7.625,-999.0
2005-07-31,-26.725,984.4625,6.125,11.0,-999.0
2005-08-01,-27.6625,987.775,3.5,3.375,-999.0
2005-08-02,-19.2,981.5625,29.5,11.125,-999.0
2005-08-03,-16.5,974.0875,37.75,11.125,-999.0
2005-08-04,-19.5625,986.8125,6.0,6.25,-999.0
2005-08-05,-15.5875,983.4875,26.0,17.25,-999.0
2005-08-06,-11.3125,983.375,25.875,15.875,-999.0
2005-08-07,-16.5375,982.1125,16.625,17.5,-999.0
2005-08-08,-19.25,972.1875,19.5,13.875,-999.0
2005-08-09,-20.525,954.325,16.0,9.875,-999.0
2005-08-10,-6.8666666670000005,948.3666667000001,40.66666667,14.0,-999.0
2005-08-11,-15.4625,977.8875,10.25,4.0,-999.0
2005-08-12,-15.5125,984.95,7.75,11.875,-999.0
2005-08-13,-17.7125,986.875,3.0,4.5,-999.0
2005-08-14,-20.6375,993.95,7.625,12.375,-999.0
2005-08-15,-20.9125,989.3625,3.75,2.25,-999.0
2005-08-16,-14.125,989.1875,22.625,16.75,-999.0
2005-08-17,-14.725,988.8375,18.625,15.375,-999.0
2005-08-18,-18.3875,992.2125,9.375,13.5,-999.0
2005-08-19,-20.2625,997.6375,5.875,11.5,-999.0
2005-08-20,-18.3875,989.95,11.875,11.25,-999.0
2005-08-21,-19.4125,987.25,16.875,14.5,-999.0
2005-08-22,-17.1,976.1375,23.625,14.625,-999.0
2005-08-23,-19.2,978.475,12.0,13.25,-999.0
2005-08-24,-14.575,985.7625,28.0,13.875,-999.0
2005-08-25,-9.4125,970.425,22.25,12.875,-999.0
2005-08-26,-8.9875,978.325,21.5,13.625,-999.0
2005-08-27,-13.325,993.95,25.875,13.5,-999.0
2005-08-28,-13.1125,969.75,26.375,16.25,-999.0
2005-08-29,-10.725,969.2375,28.875,14.0,-999.0
2005-08-30,-16.7375,985.325,9.875,11.0,-999.0
2005-08-31,-20.8125,973.975,5.0,7.0,-999.0
2005-09-01,-16.375,973.8,17.875,14.25,-999.0
2005-09-02,-17.6625,984.95,16.75,14.625,-999.0
2005-09-03,-20.7125,988.9,14.875,14.75,-999.0
2005-09-04,-21.4125,988.9625,17.75,13.25,-999.0
2005-09-05,-21.375,991.7375,21.625,11.625,-999.0
2005-09-06,-19.8125,990.7,21.0,11.125,-999.0
2005-09-07,-15.8,982.975,26.125,10.75,-999.0
2005-09-08,-16.5625,967.9625,26.875,15.0,-999.0
2005-09-09,-14.6625,962.7625,27.5,13.0,-999.0
2005-09-10,-10.9125,970.6625,27.375,11.625,-999.0
2005-09-11,-10.4625,978.1375,20.875,15.25,-999.0
2005-09-12,-10.375,986.175,21.625,15.75,-999.0
2005-09-13,-10.15,986.475,33.0,11.375,-999.0
2005-09-14,-11.9875,979.3,35.5,11.0,-999.0
2005-09-15,-10.9875,983.6,35.875,12.875,-999.0
2005-09-16,-12.6125,985.4625,21.125,13.0,-999.0
2005-09-17,-17.3125,977.0875,6.0,6.75,-999.0
2005-09-18,-20.8375,977.2125,6.125,6.75,-999.0
2005-09-19,-18.825,983.1625,5.5,4.875,-999.0
2005-09-20,-14.7875,977.15,10.0,10.5,-999.0
2005-09-21,-15.225,969.5,12.625,8.875,-999.0
2005-09-22,-15.2875,975.8625,17.375,8.125,-999.0
2005-09-23,-16.3625,979.9,0.0,0.0,-999.0
2005-09-24,-18.6,981.75,1.625,2.75,-999.0
2005-09-25,-19.0375,981.55,12.375,7.25,-999.0
2005-09-26,-16.9375,973.2625,22.625,11.375,-999.0
2005-09-27,-17.1625,976.7875,18.875,15.25,-999.0
2005-09-28,-17.7375,975.775,6.75,9.0,-999.0
2005-09-29,-20.4125,978.575,0.0,0.0,-999.0
2005-09-30,-19.25,977.9625,14.25,9.875,-999.0
2005-10-01,-15.4,979.7875,21.625,9.75,-999.0
2005-10-02,-16.4875,979.95,4.625,9.0,-999.0
2005-10-03,-13.6875,975.075,7.5,10.625,-999.0
2005-10-04,-14.95714286,966.7714286,14.28571429,11.0,-999.0
2005-10-05,-16.2125,972.4875,3.0,3.0,-999.0
2005-10-06,-19.1125,966.1,1.375,4.5,-999.0
2005-10-07,-22.95,972.525,0.625,1.375,-999.0
2005-10-08,-20.425,982.325,0.0,0.0,-999.0
2005-10-09,-15.65,995.25,0.75,1.75,-999.0
2005-10-10,-10.5625,998.9125,12.0,8.5,-999.0
2005-10-11,-6.3375,999.95,16.125,12.25,-999.0
2005-10-12,-8.3125,989.2,5.625,4.0,-999.0
2005-10-13,-8.9125,987.6875,1.875,5.625,-999.0
2005-10-14,-12.3625,993.7875,4.375,7.125,-999.0
2005-10-15,-14.85,991.7875,4.125,4.5,-999.0
2005-10-16,-11.55,975.5125,16.5,13.25,-999.0
2005-10-17,-14.0375,977.0375,14.5,7.625,-999.0
2005-10-18,-15.0,983.5875,13.625,8.5,-999.0
2005-10-19,-13.4,990.4125,11.25,11.125,-999.0
2005-10-20,-10.0375,992.9625,17.5,12.875,-999.0
2005-10-21,-6.7,991.625,21.5,14.25,-999.0
2005-10-22,-6.75,991.05,18.125,16.625,-999.0
2005-10-23,-6.65,987.95,11.25,12.5,-999.0
2005-10-24,-6.3375,982.35,15.875,13.875,-999.0
2005-10-25,-7.3,979.6375,17.125,12.625,-999.0
2005-10-26,-9.575,989.2375,17.75,14.875,-999.0
2005-10-27,-9.6,986.8375,16.375,12.125,-999.0
2005-10-28,-9.7875,979.6125,11.0,9.125,-999.0
2005-10-29,-10.1625,976.425,4.5,4.5,-999.0
2005-10-30,-8.0,972.85,17.625,11.25,-999.0
2005-10-31,-9.3875,974.275,14.125,10.375,-999.0
2005-11-01,-10.8375,982.475,9.125,10.75,-999.0
2005-11-02,-13.45,984.7125,9.25,16.5,-999.0
2005-11-03,-13.675,981.825,6.25,9.5,-999.0
2005-11-04,-16.78571429,978.7428571,4.1428571430000005,8.285714286000001,-999.0
2005-11-05,-15.15,973.55,25.0,12.125,-999.0
2005-11-06,-13.21428571,972.3285714,11.85714286,11.71428571,-999.0
2005-11-07,-12.5,979.9125,4.375,3.875,-999.0
2005-11-08,-12.21428571,977.8428571000001,6.428571429,13.57142857,-999.0
2005-11-09,-13.925,982.3,0.5,1.125,-999.0
2005-11-10,-12.575,982.875,85.25,11.0,-999.0
2005-11-11,-12.55,975.8,0.875,5.875,-999.0
2005-11-12,-11.425,976.4125,7.5,8.75,-999.0
2005-11-13,-9.6,982.575,17.0,12.375,-999.0
2005-11-14,-4.35,991.0875,13.625,10.75,-999.0
2005-11-15,-2.4875,996.8625,12.75,9.125,-999.0
2005-11-16,-3.675,992.2125,26.875,11.375,-999.0
2005-11-17,-5.0625,993.55,24.625,10.75,-999.0
2005-11-18,-5.0125,987.8625,24.5,11.0,-999.0
2005-11-19,-5.1875,986.425,14.75,11.875,-999.0
2005-11-20,-5.0125,990.825,15.25,11.0,-999.0
2005-11-21,-4.1875,993.0875,11.625,12.75,-999.0
2005-11-22,-5.3875,990.5375,4.25,19.75,-999.0
2005-11-23,-6.1625,993.6125,5.375,8.5,-999.0
2005-11-24,-6.6625,991.9875,6.625,11.0,-999.0
2005-11-25,-5.55,996.275,7.25,7.875,-999.0
2005-11-26,-5.25,997.85,8.125,11.875,-999.0
2005-11-27,-5.0,993.65,9.875,11.375,-999.0
2005-11-28,-5.0375,977.325,7.875,17.75,-999.0
2005-11-29,-6.475,986.45,11.75,9.25,-999.0
2005-11-30,-4.8375,994.15,5.5,8.25,-999.0
2005-12-01,-1.4625,986.725,11.875,18.75,-999.0
2005-12-02,-3.125,991.775,9.625,7.25,-999.0
2005-12-03,-3.925,997.8875,6.5,8.75,-999.0
2005-12-04,-2.375,1003.775,1.875,3.625,-999.0
2005-12-05,0.8625,1002.4375,6.75,11.625,-999.0
2005-12-06,1.4125,990.9,16.75,16.25,-999.0
2005-12-07,2.0625,988.3875,7.0,14.25,-999.0
2005-12-08,0.6875,1001.65,9.375,11.125,-999.0
2005-12-09,-1.35,1002.675,2.75,2.625,-999.0
2005-12-10,-0.9375,1002.7625,3.0,6.875,-999.0
2005-12-11,-1.4125,1002.9,0.625,2.25,-999.0
2005-12-12,-1.5,998.2,0.5,0.625,-999.0
2005-12-13,-1.8625,995.5625,9.0,6.25,-999.0
2005-12-14,-1.9375,998.3,11.375,8.375,-999.0
2005-12-15,0.225,993.1875,6.125,9.25,-999.0
2005-12-16,1.3625,988.7875,9.25,11.25,-999.0
2005-12-17,0.0,997.8875,5.0,6.125,-999.0
2005-12-18,-1.35,1002.4625,0.0,0.0,-999.0
2005-12-19,-3.325,999.025,2.625,3.625,-999.0
2005-12-20,-1.8875,1005.8875,14.875,10.0,-999.0
2005-12-21,-2.3375,1006.9375,9.625,9.0,-999.0
2005-12-22,-1.475,1005.8,2.5,12.75,-999.0
2005-12-23,-1.4625,1003.25,5.75,5.875,-999.0
2005-12-24,-1.3375,1002.225,0.0,0.0,-999.0
2005-12-25,-1.0125,1003.1375,3.875,4.875,-999.0
2005-12-26,-0.525,1001.1375,2.875,6.5,-999.0
2005-12-27,0.675,998.2375,7.75,6.25,-999.0
2005-12-28,-0.475,996.925,3.75,7.375,-999.0
2005-12-29,-0.1625,993.7625,10.75,8.625,-999.0
2005-12-30,-0.15,992.0625,17.75,10.5,-999.0
2005-12-31,0.8875,987.1,4.0,7.625,-999.0
2006-01-01,0.6625,980.6625,8.75,9.875,-999.0
2006-01-02,-1.5,987.2875,7.375,7.125,-999.0
2006-01-03,-0.95,986.9875,2.5,4.25,-999.0
2006-01-04,-1.0625,986.5125,2.25,7.0,-999.0
2006-01-05,0.1875,990.35,10.375,11.375,-999.0
2006-01-06,0.5,985.9375,4.25,9.0,-999.0
2006-01-07,1.3625,983.35,3.75,8.75,-999.0
2006-01-08,1.35,987.725,4.5,14.125,-999.0
2006-01-09,1.9375,988.975,2.0,5.375,-999.0
2006-01-10,-0.6875,990.625,0.0,0.0,-999.0
2006-01-11,1.9625,993.2625,3.125,4.375,-999.0
2006-01-12,1.7625,995.525,11.25,9.75,-999.0
2006-01-13,2.6125,995.35,3.625,13.0,-999.0
2006-01-14,1.3125,994.3125,8.125,10.375,-999.0
2006-01-15,1.3875,986.45,8.5,15.375,-999.0
2006-01-16,1.0625,984.4875,6.75,9.875,-999.0
2006-01-17,0.2,990.7125,17.5,13.375,-999.0
2006-01-18,0.85,992.05,13.375,12.0,-999.0
2006-01-19,0.2125,989.9,5.5,7.5,-999.0
2006-01-20,-0.825,990.2375,10.375,10.25,-999.0
2006-01-21,-0.3625,992.9875,17.0,11.375,-999.0
2006-01-22,-0.575,991.0875,7.375,11.125,-999.0
2006-01-23,-1.8375,985.2375,5.25,10.125,-999.0
2006-01-24,-1.85,984.1875,7.875,18.75,-999.0
2006-01-25,-1.6125,989.6375,4.625,10.875,-999.0
2006-01-26,0.5,992.2625,4.875,11.25,-999.0
2006-01-27,1.325,993.6375,7.0,10.625,-999.0
2006-01-28,-0.25,980.8875,2.0,8.125,-999.0
2006-01-29,-0.25,980.3125,12.125,9.375,-999.0
2006-01-30,-0.8875,989.1375,16.875,10.75,-999.0
2006-01-31,-0.6875,987.4,16.75,10.75,-999.0
2006-02-01,-1.675,983.4375,27.125,11.75,-999.0
2006-02-02,-0.125,986.875,15.375,12.0,-999.0
2006-02-03,-0.45,987.0125,7.0,9.75,-999.0
2006-02-04,-1.225,986.6125,6.25,6.875,-999.0
2006-02-05,-1.7125,989.075,10.5,12.375,-999.0
2006-02-06,-1.275,988.05,18.0,11.75,-999.0
2006-02-07,-2.425,987.525,9.75,12.125,-999.0
2006-02-08,-3.35,982.0125,7.375,9.875,-999.0
2006-02-09,-4.6875,979.9125,4.375,6.75,-999.0
2006-02-10,-5.025,983.8375,3.875,7.125,-999.0
2006-02-11,-4.7625,984.75,11.125,12.5,-999.0
2006-02-12,-3.7875,982.825,12.375,13.625,-999.0
2006-02-13,-3.8625,985.2875,15.0,11.875,-999.0
2006-02-14,-4.4,987.8125,19.75,12.875,-999.0
2006-02-15,-4.7375,987.6375,23.125,13.25,-999.0
2006-02-16,-3.6,985.35,28.5,14.0,-999.0
2006-02-17,-2.5625,980.95,34.125,13.375,-999.0
2006-02-18,-3.0875,986.625,27.25,11.25,-999.0
2006-02-19,-2.3,989.675,13.375,12.0,-999.0
2006-02-20,-3.05,986.9625,6.25,7.25,-999.0
2006-02-21,-3.55,982.5,13.25,14.25,-999.0
2006-02-22,-1.625,985.55,12.0,16.0,-999.0
2006-02-23,-3.1625,986.1375,4.625,6.75,-999.0
2006-02-24,-5.0625,989.475,12.625,11.625,-999.0
2006-02-25,-5.1375,986.9,11.375,12.375,-999.0
2006-02-26,-5.8875,991.7875,21.25,14.0,-999.0
2006-02-27,-6.8,992.6375,5.25,8.375,-999.0
2006-02-28,-7.3375,999.8375,4.0,6.0,-999.0
2006-03-01,-7.4875,998.725,5.125,9.0,-999.0
2006-03-02,-7.5625,996.85,19.875,15.75,-999.0
2006-03-03,-7.475,983.7875,21.25,13.75,-999.0
2006-03-04,-6.6125,969.075,16.875,11.25,-999.0
2006-03-05,-6.825,973.975,18.75,11.125,-999.0
2006-03-06,-5.5125,983.3875,21.625,11.0,-999.0
2006-03-07,-5.825,986.6125,13.0,11.0,-999.0
2006-03-08,-6.3,985.375,16.875,14.125,-999.0
2006-03-09,-2.475,986.5,14.875,13.25,-999.0
2006-03-10,-3.275,986.5375,10.25,11.125,-999.0
2006-03-11,-5.5375,988.325,5.375,11.625,-999.0
2006-03-12,-5.875,990.6375,21.875,16.5,-999.0
2006-03-13,-5.4625,984.0875,20.25,12.5,-999.0
2006-03-14,-6.85,985.375,17.375,16.25,-999.0
2006-03-15,-7.35,984.3875,4.125,8.25,-999.0
2006-03-16,-9.6125,977.825,6.375,11.375,-999.0
2006-03-17,-9.675,978.25,15.375,16.5,-999.0
2006-03-18,-7.675,985.925,6.625,6.5,-999.0
2006-03-19,-10.8,992.9625,0.375,2.25,-999.0
2006-03-20,-9.2875,984.4375,0.0,0.0,-999.0
2006-03-21,-6.7375,986.0625,2.125,6.75,-999.0
2006-03-22,-7.7125,984.9375,3.75,7.75,-999.0
2006-03-23,-7.9375,983.0625,6.125,7.375,-999.0
2006-03-24,-9.95,986.0,12.25,5.875,-999.0
2006-03-25,-9.95,983.85,6.375,12.0,-999.0
2006-03-26,-10.7,985.7,12.625,13.25,-999.0
2006-03-27,-8.575,982.5,4.875,8.375,-999.0
2006-03-28,-7.9125,978.9,7.5,13.25,-999.0
2006-03-29,-11.4875,981.8125,2.25,4.25,-999.0
2006-03-30,-11.675,980.825,15.5,13.75,-999.0
2006-03-31,-10.2125,979.275,10.75,11.5,-999.0
2006-04-01,-12.575,981.5875,7.75,6.75,-999.0
2006-04-02,-15.2625,987.0875,0.0,0.0,-999.0
2006-04-03,-13.175,991.7125,14.0,13.875,-999.0
2006-04-04,-14.1375,993.8,12.875,15.5,-999.0
2006-04-05,-15.675,986.75,11.5,14.75,-999.0
2006-04-06,-11.9875,983.3875,11.25,16.375,-999.0
2006-04-07,-9.225,992.075,20.625,17.25,-999.0
2006-04-08,-7.6125,993.6625,19.5,12.125,-999.0
2006-04-09,-9.4125,978.9625,26.5,13.0,-999.0
2006-04-10,-5.4125,978.9,26.625,11.75,-999.0
2006-04-11,-3.675,985.425,25.875,10.75,-999.0
2006-04-12,-4.9,991.4,29.25,11.875,-999.0
2006-04-13,-7.425,985.625,11.625,10.375,-999.0
2006-04-14,-13.475,984.4125,18.125,12.75,-999.0
2006-04-15,-11.025,986.5625,17.25,12.0,-999.0
2006-04-16,-17.425,995.4625,1.0,2.25,-999.0
2006-04-17,-17.1625,991.8875,4.25,6.25,-999.0
2006-04-18,-15.6625,990.925,6.25,6.0,-999.0
2006-04-19,-10.525,990.925,22.75,16.75,-999.0
2006-04-20,-13.5125,982.6625,4.5,7.625,-999.0
2006-04-21,-13.1125,977.95,28.75,10.25,-999.0
2006-04-22,-9.1625,976.3,26.75,11.625,-999.0
2006-04-23,-9.025,982.425,15.25,15.375,-999.0
2006-04-24,-5.7125,985.275,23.0,12.0,-999.0
2006-04-25,-9.3125,983.7625,15.0,13.875,-999.0
2006-04-26,-12.0875,985.5875,8.75,9.125,-999.0
2006-04-27,-12.55,992.475,4.125,11.875,-999.0
2006-04-28,-16.8125,992.775,1.875,6.75,-999.0
2006-04-29,-21.225,988.125,0.0,0.0,-999.0
2006-04-30,-20.6375,988.125,6.25,4.125,-999.0
2006-05-01,-14.9875,980.0875,22.75,13.875,-999.0
2006-05-02,-14.4,971.3375,14.125,17.0,-999.0
2006-05-03,-9.5625,969.95,20.375,12.5,-999.0
2006-05-04,-10.4375,974.7875,9.375,6.375,-999.0
2006-05-05,-12.2125,982.6875,14.375,13.625,-999.0
2006-05-06,-14.2875,989.8875,17.125,16.75,-999.0
2006-05-07,-13.3625,978.05,20.0,14.125,-999.0
2006-05-08,-9.3625,956.8875,33.875,11.375,-999.0
2006-05-09,-8.45,958.1,35.25,11.25,-999.0
2006-05-10,-6.8,962.7,30.875,11.375,-999.0
2006-05-11,-9.95,964.1625,17.125,15.75,-999.0
2006-05-12,-10.7,974.7875,17.625,11.5,-999.0
2006-05-13,-14.375,983.725,6.0,12.125,-999.0
2006-05-14,-20.1125,987.5375,1.25,2.25,-999.0
2006-05-15,-14.3375,987.1,7.0,5.625,-999.0
2006-05-16,-16.925,983.3875,12.0,7.0,-999.0
2006-05-17,-15.8875,978.3625,7.25,3.625,-999.0
2006-05-18,-16.25,981.5125,3.5,4.75,-999.0
2006-05-19,-13.6875,981.6375,25.625,10.625,-999.0
2006-05-20,-9.7875,979.9375,16.5,13.125,-999.0
2006-05-21,-12.4375,982.5375,15.875,16.5,-999.0
2006-05-22,-10.5375,971.275,9.125,10.5,-999.0
2006-05-23,-9.7375,972.2375,22.0,11.75,-999.0
2006-05-24,-9.0875,982.7,15.25,12.625,-999.0
2006-05-25,-12.2,984.075,10.375,10.75,-999.0
2006-05-26,-11.3,981.0,25.375,13.25,-999.0
2006-05-27,-12.35,980.2125,21.0,15.875,-999.0
2006-05-28,-15.2625,980.3375,15.0,17.0,-999.0
2006-05-29,-16.4375,985.375,19.25,11.625,-999.0
2006-05-30,-15.425,986.475,15.5,13.625,-999.0
2006-05-31,-10.925,986.125,19.0,10.75,-999.0
2006-06-01,-6.75,987.2,25.625,11.75,-999.0
2006-06-02,-8.8625,989.4125,28.25,10.75,-999.0
2006-06-03,-16.1375,991.2875,12.875,11.75,-999.0
2006-06-04,-15.4125,983.9625,19.0,13.5,-999.0
2006-06-05,-17.275,976.1,13.0,13.875,-999.0
2006-06-06,-12.7625,978.2125,20.75,12.375,-999.0
2006-06-07,-15.2625,982.0125,11.0,14.25,-999.0
2006-06-08,-18.65,987.675,5.875,13.25,-999.0
2006-06-09,-19.6375,1001.275,3.75,6.75,-999.0
2006-06-10,-20.4375,1007.5375,0.0,0.0,-999.0
2006-06-11,-10.35,1003.6,3.5,4.5,-999.0
2006-06-12,-12.8375,1002.1125,4.375,4.25,-999.0
2006-06-13,-14.6125,1005.4375,0.0,0.0,-999.0
2006-06-14,-8.375,998.2375,14.375,9.125,-999.0
2006-06-15,-12.2375,999.4,20.125,10.0,-999.0
2006-06-16,-16.9625,997.825,9.875,9.25,-999.0
2006-06-17,-19.8125,993.6125,9.75,14.75,-999.0
2006-06-18,-18.2375,989.65,15.5,12.0,-999.0
2006-06-19,-14.3375,984.9,7.5,10.5,-999.0
2006-06-20,-14.3625,988.475,5.625,7.625,-999.0
2006-06-21,-16.8625,983.8875,23.875,9.75,-999.0
2006-06-22,-16.475,969.2125,46.375,10.75,-999.0
2006-06-23,-12.7875,970.6,36.75,11.0,-999.0
2006-06-24,-17.4125,989.9625,7.0,4.125,-999.0
2006-06-25,-13.95,972.8875,41.0,11.0,-999.0
2006-06-26,-11.2625,974.8,34.0,10.25,-999.0
2006-06-27,-8.8625,962.3625,33.0,10.75,-999.0
2006-06-28,-12.7375,965.125,15.125,9.75,-999.0
2006-06-29,-9.075,965.9875,14.25,11.875,-999.0
2006-06-30,-17.075,964.8125,0.0,0.0,-999.0
2006-07-01,-18.85,974.3875,18.25,12.75,-999.0
2006-07-02,-22.675,987.075,2.25,4.25,-999.0
2006-07-03,-20.425,986.375,4.375,5.25,-999.0
2006-07-04,-18.0125,982.1375,5.375,4.75,-999.0
2006-07-05,-19.425,975.325,5.5,6.125,-999.0
2006-07-06,-11.2375,986.25,7.875,9.25,-999.0
2006-07-07,-26.5125,997.8375,1.5,2.5,-999.0
2006-07-08,-28.3125,998.4125,0.0,0.0,-999.0
2006-07-09,-26.7625,987.5875,0.0,0.0,-999.0
2006-07-10,-24.7375,975.2625,11.875,11.0,-999.0
2006-07-11,-11.95,971.175,20.0,19.25,-999.0
2006-07-12,-16.65,991.4875,7.75,12.0,-999.0
2006-07-13,-21.15,983.0625,6.25,4.75,-999.0
2006-07-14,-20.825,975.4125,11.5,14.875,-999.0
2006-07-15,-25.6125,978.65,6.375,14.75,-999.0
2006-07-16,-26.175,977.125,5.0,7.25,-999.0
2006-07-17,-23.0375,980.675,8.125,12.125,-999.0
2006-07-18,-25.125,980.125,0.0,0.0,-999.0
2006-07-19,-29.7875,987.0375,0.0,0.0,-999.0
2006-07-20,-27.9875,984.9625,1.0,2.25,-999.0
2006-07-21,-28.2,971.3,2.0,5.0,-999.0
2006-07-22,-28.15,974.95,2.125,4.75,-999.0
2006-07-23,-32.7625,984.7625,0.0,0.0,-999.0
2006-07-24,-30.2875,985.0375,2.0,1.75,-999.0
2006-07-25,-25.375,982.0,4.625,6.25,-999.0
2006-07-26,-19.025,975.6875,12.875,11.5,-999.0
2006-07-27,-18.1375,991.925,18.75,15.5,-999.0
2006-07-28,-20.0125,992.375,0.5,2.25,-999.0
2006-07-29,-26.2625,984.5375,0.0,0.0,-999.0
2006-07-30,-22.2375,996.8,6.75,10.75,-999.0
2006-07-31,-25.4375,996.25,2.75,5.625,-999.0
2006-08-01,-18.0625,999.2125,19.375,13.125,-999.0
2006-08-02,-14.2,1002.5625,30.75,13.625,-999.0
2006-08-03,-12.6125,1004.1375,29.875,15.25,-999.0
2006-08-04,-8.1,1002.525,19.125,14.125,-999.0
2006-08-05,-10.4625,1000.6125,13.125,17.25,-999.0
2006-08-06,-9.9625,995.05,28.25,13.5,-999.0
2006-08-07,-10.275,984.4875,37.125,14.0,-999.0
2006-08-08,-8.95,983.475,25.5,15.5,-999.0
2006-08-09,-10.15,992.1,18.875,15.0,-999.0
2006-08-10,-10.6125,1003.5,20.25,14.125,-999.0
2006-08-11,-9.475,996.2625,42.75,14.25,-999.0
2006-08-12,-10.0875,986.7,47.625,14.125,-999.0
2006-08-13,-12.525,994.6875,32.25,13.375,-999.0
2006-08-14,-7.4625,973.15,40.875,15.0,-999.0
2006-08-15,-12.1625,980.8375,42.75,13.75,-999.0
2006-08-16,-8.35,978.4125,54.25,14.75,-999.0
2006-08-17,-8.2,988.725,27.625,14.25,-999.0
2006-08-18,-11.1125,990.8,27.625,13.5,-999.0
2006-08-19,-14.85,995.7125,28.0,14.125,-999.0
2006-08-20,-13.65,984.6875,41.875,15.0,-999.0
2006-08-21,-11.0375,970.5125,39.75,15.5,-999.0
2006-08-22,-14.575,984.9875,6.625,5.75,-999.0
2006-08-23,-14.7625,993.4375,11.25,15.0,-999.0
2006-08-24,-21.0625,994.2625,2.75,4.5,-999.0
2006-08-25,-17.6375,979.4125,19.75,11.5,-999.0
2006-08-26,-12.6,967.9125,29.25,14.0,-999.0
2006-08-27,-12.825,975.2,28.75,14.875,-999.0
2006-08-28,-16.0125,995.3125,24.875,16.75,-999.0
2006-08-29,-21.8875,988.025,5.25,7.25,-999.0
2006-08-30,-15.0,981.1625,21.375,16.25,-999.0
2006-08-31,-10.8125,977.4625,27.875,15.0,-999.0
2006-09-01,-14.4125,978.0125,8.125,9.875,-999.0
2006-09-02,-21.8125,976.4625,0.375,1.375,-999.0
2006-09-03,-23.2375,973.125,10.5,13.5,-999.0
2006-09-04,-25.8,978.3625,6.125,16.75,-999.0
2006-09-05,-28.0375,990.15,0.75,23.0,-999.0
2006-09-06,-19.0375,988.3125,19.25,10.75,-999.0
2006-09-07,-17.4375,992.5125,5.875,6.625,-999.0
2006-09-08,-20.825,995.0125,0.0,0.0,-999.0
2006-09-09,-20.7875,980.3125,4.5,12.25,-999.0
2006-09-10,-18.3125,977.8125,15.5,16.125,-999.0
2006-09-11,-23.825,987.1625,10.375,9.625,-999.0
2006-09-12,-25.625,977.8375,4.625,9.875,-999.0
2006-09-13,-24.5125,981.1375,4.25,9.5,-999.0
2006-09-14,-16.8,982.3125,17.75,17.5,-999.0
2006-09-15,-16.65,986.1,3.375,9.5,-999.0
2006-09-16,-15.7625,992.425,10.0,8.0,-999.0
2006-09-17,-13.95,994.45,13.625,15.25,-999.0
2006-09-18,-12.675,997.1375,6.75,12.0,-999.0
2006-09-19,-13.925,995.7375,3.75,7.5,-999.0
2006-09-20,-14.5,998.625,10.375,9.375,-999.0
2006-09-21,-11.425,998.6625,27.75,13.5,-999.0
2006-09-22,-8.9,999.0,26.625,16.75,-999.0
2006-09-23,-8.8,993.35,18.375,16.75,-999.0
2006-09-24,-8.6375,990.975,19.0,14.75,-999.0
2006-09-25,-10.6625,994.5625,15.625,15.0,-999.0
2006-09-26,-11.5375,990.6,18.5,16.25,-999.0
2006-09-27,-11.9375,985.975,24.25,16.25,-999.0
2006-09-28,-13.1125,985.7,17.25,19.75,-999.0
2006-09-29,-13.8625,991.9625,1.625,6.125,-999.0
2006-09-30,-19.5125,998.95,1.0,2.5,-999.0
2006-10-01,-16.125,996.4,12.25,11.5,-999.0
2006-10-02,-13.0625,986.1125,18.5,13.25,-999.0
2006-10-03,-15.8,984.0,4.375,5.125,-999.0
2006-10-04,-10.95,981.75,16.125,14.375,-999.0
2006-10-05,-12.05,986.5375,10.875,15.875,-999.0
2006-10-06,-12.2625,995.35,19.125,13.75,-999.0
2006-10-07,-9.4375,976.225,39.375,16.0,-999.0
2006-10-08,-9.4,954.075,31.0,13.25,-999.0
2006-10-09,-14.6125,960.9375,3.75,7.875,-999.0
2006-10-10,-18.6125,971.475,8.75,9.875,-999.0
2006-10-11,-17.7375,980.325,5.875,9.25,-999.0
2006-10-12,-19.325,982.75,7.375,12.5,-999.0
2006-10-13,-17.9375,985.95,11.875,15.125,-999.0
2006-10-14,-20.5375,979.55,0.0,0.0,-999.0
2006-10-15,-19.2125,976.2875,6.125,13.375,-999.0
2006-10-16,-18.7,978.075,12.75,12.375,-999.0
2006-10-17,-17.9,976.1375,6.0,9.0,-999.0
2006-10-18,-18.5,967.6375,4.75,8.625,-999.0
2006-10-19,-11.15,975.725,10.0,14.0,-999.0
2006-10-20,-15.4375,977.975,7.0,6.125,-999.0
2006-10-21,-18.425,982.5,1.25,2.0,-999.0
2006-10-22,-17.475,985.8875,0.0,0.0,-999.0
2006-10-23,-14.325,981.975,2.25,20.0,-999.0
2006-10-24,-15.225,979.8,2.75,5.875,-999.0
2006-10-25,-15.5875,980.4125,6.25,9.125,-999.0
2006-10-26,-17.525,966.7125,2.0,5.75,-999.0
2006-10-27,-17.4125,966.0875,24.0,15.125,-999.0
2006-10-28,-9.5375,975.7,24.125,15.5,-999.0
2006-10-29,-3.4625,988.25,8.75,9.5,-999.0
2006-10-30,-7.9875,988.125,5.625,17.5,-999.0
2006-10-31,-9.4375,986.7125,4.5,9.125,-999.0
2006-11-01,-10.775,985.725,0.0,0.0,-999.0
2006-11-02,-8.8375,985.3375,8.75,14.625,-999.0
2006-11-03,-8.525,982.6,6.25,8.125,-999.0
2006-11-04,-10.4,984.4375,0.0,0.0,-999.0
2006-11-05,-11.45,987.675,11.625,9.875,-999.0
2006-11-06,-10.875,991.275,18.125,12.375,-999.0
2006-11-07,-7.05,981.3125,19.875,16.5,-999.0
2006-11-08,-8.1625,973.275,12.625,11.875,-999.0
2006-11-09,-9.4375,986.1,1.0,2.5,-999.0
2006-11-10,-4.1875,981.9625,6.25,7.5,-999.0
2006-11-11,-3.6125,985.875,13.875,16.125,-999.0
2006-11-12,-4.0625,988.6125,24.625,14.875,-999.0
2006-11-13,-5.725,988.325,29.625,13.5,-999.0
2006-11-14,-1.25,986.1125,29.25,15.0,-999.0
2006-11-15,-0.6875,976.3875,42.5,14.75,-999.0
2006-11-16,-2.075,978.4375,21.875,14.5,-999.0
2006-11-17,-2.275,980.2375,16.75,12.125,-999.0
2006-11-18,-3.2,977.05,7.125,9.875,-999.0
2006-11-19,-4.65,974.875,3.875,8.0,-999.0
2006-11-20,-5.5125,986.3125,10.75,10.5,-999.0
2006-11-21,-5.1375,989.075,13.375,13.375,-999.0
2006-11-22,-4.675,984.0625,22.0,15.125,-999.0
2006-11-23,-3.325,984.6,32.75,14.375,-999.0
2006-11-24,0.025,986.25,22.375,14.375,-999.0
2006-11-25,1.125,986.6,10.5,12.25,-999.0
2006-11-26,0.2875,985.5375,6.625,11.625,-999.0
2006-11-27,-0.225,980.625,21.25,14.625,-999.0
2006-11-28,-1.375,980.9625,23.0,14.5,-999.0
2006-11-29,-0.55,985.1625,21.5,14.125,-999.0
2006-11-30,0.225,987.4875,4.25,8.5,-999.0
2006-12-01,-0.15,988.0625,9.0,14.875,-999.0
2006-12-02,-1.25,987.225,7.125,12.375,-999.0
2006-12-03,-2.0375,990.275,1.75,2.5,-999.0
2006-12-04,-3.1125,993.0,6.0,10.75,-999.0
2006-12-05,-1.3,991.85,11.625,14.375,-999.0
2006-12-06,-2.9,985.425,7.125,13.125,-999.0
2006-12-07,0.1,984.5375,18.125,15.375,-999.0
2006-12-08,1.0,986.6125,9.875,12.75,-999.0
2006-12-09,0.2625,980.5625,8.625,13.625,-999.0
2006-12-10,0.9125,980.4375,6.875,11.5,-999.0
2006-12-11,-1.2875,983.9625,5.625,9.75,-999.0
2006-12-12,-2.5375,984.3875,0.0,0.0,-999.0
2006-12-13,-1.5125,985.6375,4.0,5.875,-999.0
2006-12-14,-3.05,987.7875,9.25,10.0,-999.0
2006-12-15,-0.7625,984.3125,14.625,12.5,-999.0
2006-12-16,-0.95,979.575,19.75,13.75,-999.0
2006-12-17,-0.0375,981.95,22.875,14.25,-999.0
2006-12-18,1.775,987.3,10.125,11.0,-999.0
2006-12-19,-0.975,987.2125,0.375,0.25,-999.0
2006-12-20,-3.275,990.225,0.0,0.0,-999.0
2006-12-21,-2.9125,991.8625,0.75,2.25,-999.0
2006-12-22,0.475,985.0875,12.5,14.625,-999.0
2006-12-23,-1.3125,985.2625,5.125,12.375,-999.0
2006-12-24,0.1,982.5875,3.75,9.25,-999.0
2006-12-25,-1.6,980.2,2.5,6.5,-999.0
2006-12-26,-3.0875,986.6125,5.75,7.5,-999.0
2006-12-27,-1.9375,987.8125,4.25,10.125,-999.0
2006-12-28,-2.9125,985.375,0.375,2.25,-999.0
2006-12-29,-0.8875,991.6375,4.875,9.875,-999.0
2006-12-30,0.2875,992.65,4.75,12.0,-999.0
2006-12-31,0.6375,988.9375,7.375,10.375,-999.0
2007-01-01,-0.675,985.55,0.0,0.0,-999.0
2007-01-02,1.2875,987.6375,5.0,7.5,-999.0
2007-01-03,2.9125,987.55,17.375,14.125,-999.0
2007-01-04,2.6,987.425,12.75,14.125,-999.0
2007-01-05,1.825,982.7375,4.25,8.875,-999.0
2007-01-06,-0.5125,990.0375,0.0,0.0,-999.0
2007-01-07,1.65,988.8375,4.125,4.625,-999.0
2007-01-08,1.0375,983.725,8.5,11.875,-999.0
2007-01-09,0.175,986.9125,2.875,7.375,-999.0
2007-01-10,0.425,991.4375,9.375,11.5,-999.0
2007-01-11,1.3375,996.35,18.0,13.25,-999.0
2007-01-12,0.475,994.7,10.125,12.375,-999.0
2007-01-13,1.3625,987.0,17.25,16.125,-999.0
2007-01-14,2.2125,988.625,13.625,13.75,-999.0
2007-01-15,3.025,990.6375,22.0,13.25,-999.0
2007-01-16,3.3625,988.9875,10.375,11.75,-999.0
2007-01-17,3.1625,1397.8125,3.625,7.125,-999.0
2007-01-18,0.7,993.725,4.375,8.75,-999.0
2007-01-19,-2.5625,992.5375,1.625,3.125,-999.0
2007-01-20,-2.3375,1000.4125,2.625,4.0,-999.0
2007-01-21,-1.1625,994.2,2.5,6.875,-999.0
2007-01-22,-0.4625,985.5,12.0,13.0,-999.0
2007-01-23,-0.3,986.75,9.25,4.0,-999.0
2007-01-24,2.9625,986.85,11.5,13.625,-999.0
2007-01-25,0.1875,986.5,3.625,6.0,-999.0
2007-01-26,0.4625,986.4,1.0,4.5,-999.0
2007-01-27,-123.325,986.7,10.875,13.0,-999.0
2007-01-28,-0.1625,990.6875,14.125,13.125,-999.0
2007-01-29,1.5875,990.3125,13.25,13.625,-999.0
2007-01-30,1.075,986.45,8.5,11.875,-999.0
2007-01-31,0.0625,989.1125,9.875,13.625,-999.0
2007-02-01,-0.3625,991.025,18.25,14.375,-999.0
2007-02-02,1.4125,986.0,9.875,12.125,-999.0
2007-02-03,0.55,982.3,14.0,14.625,-999.0
2007-02-04,1.0125,984.275,21.375,14.375,-999.0
2007-02-05,0.15,983.35,8.75,11.75,-999.0
2007-02-06,-0.1625,981.25,6.5,9.375,-999.0
2007-02-07,-2.4875,982.75,1.625,5.75,-999.0
2007-02-08,-3.4875,994.2875,0.75,3.125,-999.0
2007-02-09,-3.025,990.525,4.0,5.375,-999.0
2007-02-10,-3.5625,986.075,5.0,7.5,-999.0
2007-02-11,-3.9125,991.55,12.5,12.75,-999.0
2007-02-12,-2.975,995.8,19.625,14.0,-999.0
2007-02-13,-2.3125,981.575,3.875,6.5,-999.0
2007-02-14,-3.8875,980.775,8.375,11.625,-999.0
2007-02-15,-0.8625,982.375,9.0,14.375,-999.0
2007-02-16,-1.775,982.225,11.125,14.125,-999.0
2007-02-17,-2.3,985.6625,12.875,15.25,-999.0
2007-02-18,-0.9875,992.725,13.0,17.0,-999.0
2007-02-19,-3.0625,990.6125,7.125,11.25,-999.0
2007-02-20,-6.55,985.275,5.625,9.5,-999.0
2007-02-21,-6.1875,990.15,8.75,14.0,-999.0
2007-02-22,-6.35,990.9375,8.25,17.25,-999.0
2007-02-23,-7.6875,983.0375,8.5,17.5,-999.0
2007-02-24,-8.2625,979.6625,11.75,16.625,-999.0
2007-02-25,-6.3,983.7,14.375,18.25,-999.0
2007-02-26,-7.0375,989.4,13.75,18.75,-999.0
2007-02-27,-7.6125,985.375,5.0,12.125,-999.0
2007-02-28,-9.3125,986.525,19.375,17.5,-999.0
2007-03-01,-7.5,988.2625,21.5,18.75,-999.0
2007-03-02,-7.65,997.675,17.875,19.75,-999.0
2007-03-03,-6.9875,997.15,6.875,14.625,-999.0
2007-03-04,-5.1375,980.875,9.75,13.625,-999.0
2007-03-05,-7.225,977.5,8.375,13.625,-999.0
2007-03-06,-5.5625,986.525,16.25,17.25,-999.0
2007-03-07,-8.825,984.375,2.125,6.25,-999.0
2007-03-08,-7.85,983.2875,16.625,16.25,-999.0
2007-03-09,-5.1,992.075,16.25,15.5,-999.0
2007-03-10,-6.775,993.525,10.0,17.0,-999.0
2007-03-11,-7.5375,989.15,17.5,17.25,-999.0
2007-03-12,-6.4375,992.65,27.375,17.25,-999.0
2007-03-13,-4.2375,999.075,25.875,17.25,-999.0
2007-03-14,-5.1875,999.1875,14.25,15.5,-999.0
2007-03-15,-6.4625,994.875,6.375,12.75,-999.0
2007-03-16,-9.8,996.175,0.5,1.375,-999.0
2007-03-17,-9.25,1000.775,2.25,4.25,-999.0
2007-03-18,-9.7125,990.0375,30.75,15.75,-999.0
2007-03-19,-6.1375,985.2,18.5,16.5,-999.0
2007-03-20,-8.875,996.5875,14.875,20.625,-999.0
2007-03-21,-11.95,999.1625,0.0,0.0,-999.0
2007-03-22,-10.3875,989.3,1.625,4.0,-999.0
2007-03-23,-12.7,992.475,2.875,8.25,-999.0
2007-03-24,-9.3625,995.85,12.75,13.0,-999.0
2007-03-25,-7.0875,993.7,27.75,15.0,-999.0
2007-03-26,-6.8375,987.9125,27.0,14.5,-999.0
2007-03-27,-4.9,980.9,29.75,15.0,-999.0
2007-03-28,-3.375,975.35,13.625,18.875,-999.0
2007-03-29,-1.7,984.4,21.75,17.0,-999.0
2007-03-30,-6.425,995.675,4.75,12.5,-999.0
2007-03-31,-9.5625,1001.125,6.875,14.5,-999.0
2007-04-01,-11.825,999.125,2.0,6.0,-999.0
2007-04-02,-11.15,994.05,13.875,18.5,-999.0
2007-04-03,-10.9375,993.0375,14.375,19.0,-999.0
2007-04-04,-10.5,994.975,2.0,5.0,-999.0
2007-04-05,-10.75,994.475,14.0,14.875,-999.0
2007-04-06,-13.9875,991.45,8.625,10.375,-999.0
2007-04-07,-17.65,990.45,0.0,0.0,-999.0
2007-06-01,-12.65,987.425,36.75,16.5,-999.0
2007-06-02,-9.025,979.375,28.375,16.25,-999.0
2007-06-03,-9.525,978.625,8.125,9.25,-999.0
2007-06-04,-15.5,996.9875,3.375,4.875,-999.0
2007-06-05,-19.9625,998.2875,0.625,2.5,-999.0
2007-06-06,-14.875,1005.4375,3.0,4.0,-999.0
2007-06-07,-9.3125,1009.65,18.125,13.0,-999.0
2007-06-08,-10.7625,1006.225,12.75,16.75,-999.0
2007-06-09,-12.75,994.4125,23.125,18.0,-999.0
2007-06-10,-13.175,993.875,15.625,16.0,-999.0
2007-06-11,-10.6875,995.5,26.125,17.75,-999.0
2007-06-12,-9.7625,1000.2625,21.375,18.625,-999.0
2007-06-13,-8.3375,993.275,15.875,19.125,-999.0
2007-06-14,-6.8,992.8,19.75,18.0,-999.0
2007-06-15,-5.4875,994.225,22.25,16.5,-999.0
2007-06-16,-8.1125,1001.225,23.25,16.25,-999.0
2007-06-17,-9.8625,1001.2,21.875,16.25,-999.0
2007-06-18,-8.3,998.75,23.125,15.75,-999.0
2007-06-19,-5.35,988.1125,27.375,15.75,-999.0
2007-06-20,-10.375,988.1375,5.875,5.375,-999.0
2007-06-21,-17.8125,1009.475,0.0,0.0,-999.0
2007-06-22,-19.125,1013.4625,4.375,6.0,-999.0
2007-06-23,-16.7625,1007.175,16.0,12.25,-999.0
2007-06-24,-10.625,994.4125,41.5,15.75,-999.0
2007-06-25,-7.3125,981.2125,20.5,14.875,-999.0
2007-06-26,-12.6625,982.525,6.625,8.25,-999.0
2007-06-27,-12.2875,995.725,15.75,17.25,-999.0
2007-06-28,-13.425,999.1,14.5,14.0,-999.0
2007-06-29,-18.3,998.05,5.25,8.0,-999.0
2007-06-30,-18.15,1002.4375,19.625,20.375,-999.0
2007-07-01,-11.1375,1004.7125,14.875,15.375,-999.0
2007-07-02,-14.5125,1003.7625,22.0,15.75,-999.0
2007-07-03,-18.225,1008.8875,12.875,16.75,-999.0
2007-07-04,-19.3625,1007.6875,23.375,18.5,-999.0
2007-07-05,-11.8375,999.3,30.125,18.5,-999.0
2007-07-06,-7.0875,995.15,19.0,16.75,-999.0
2007-07-07,-10.0375,995.1875,9.875,18.125,-999.0
2007-07-08,-11.5625,991.9625,15.875,15.75,-999.0
2007-07-09,-13.2375,990.9125,19.875,17.0,-999.0
2007-07-10,-14.8,994.0625,23.875,16.0,-999.0
2007-07-11,-14.85,998.1,17.25,18.0,-999.0
2007-07-12,-17.25,1002.55,8.25,9.0,-999.0
2007-07-13,-16.15,996.9375,12.625,15.0,-999.0
2007-07-14,-14.025,989.6,29.5,16.5,-999.0
2007-07-15,-11.575,988.0625,35.625,17.75,-999.0
2007-07-16,-15.7,992.2625,26.875,15.25,-999.0
2007-07-17,-15.9125,994.325,28.625,17.0,-999.0
2007-07-18,-15.5625,991.9625,24.625,18.0,-999.0
2007-07-19,-14.4,993.5625,15.875,17.25,-999.0
2007-07-20,-12.8125,996.6375,32.875,17.75,-999.0
2007-07-21,-10.025,994.4625,25.125,18.75,-999.0
2007-07-22,-6.625,985.9375,29.125,17.0,-999.0
2007-07-23,-7.9625,985.5875,32.625,16.0,-999.0
2007-07-24,-8.6375,990.6125,37.25,14.625,-999.0
2007-07-25,-8.9375,1001.125,30.0,14.25,-999.0
2007-07-26,-8.8625,1006.0625,20.0,16.0,-999.0
2007-07-27,-8.6875,1018.5875,28.25,16.25,-999.0
2007-07-28,-6.85,1021.675,23.625,14.25,-999.0
2007-07-29,-4.9,1016.875,25.75,14.0,-999.0
2007-07-30,-4.9625,1013.6875,17.25,12.0,-999.0
2007-07-31,-14.775,1012.7375,1.25,2.0,-999.0
2007-08-01,-19.15,1004.9625,16.5,19.375,-999.0
2007-08-02,-21.3625,995.5375,12.5,15.375,-999.0
2007-08-03,-22.0875,999.9375,7.0,6.75,-999.0
2007-08-04,-18.7625,1000.2375,23.125,17.75,-999.0
2007-08-05,-13.55,981.1,25.375,18.0,-999.0
2007-08-06,-11.0625,983.6125,14.5,18.5,-999.0
2007-08-07,-13.175,994.075,5.0,8.5,-999.0
2007-08-08,-20.825,999.375,1.625,2.25,-999.0
2007-08-09,-13.95,993.6375,6.125,5.25,-999.0
2007-08-10,-11.55,978.3375,28.875,14.75,-999.0
2007-08-11,-13.2875,982.2,15.125,16.75,-999.0
2007-08-12,-17.4625,984.7625,15.125,12.25,-999.0
2007-08-13,-15.675,966.925,21.0,19.0,-999.0
2007-08-14,-22.625,974.225,2.0,1.125,-999.0
2007-08-15,-18.3375,972.5125,26.875,14.0,-999.0
2007-08-16,-16.8125,975.1375,25.75,14.0,-999.0
2007-08-17,-14.9375,979.5125,16.0,14.0,-999.0
2007-08-18,-11.525,980.9875,21.375,14.0,-999.0
2007-08-19,-10.7125,984.8625,24.0,14.0,-999.0
2007-08-20,-14.6125,986.9,12.125,10.125,-999.0
2007-08-21,-16.9625,984.0625,6.625,9.0,-999.0
2007-08-22,-9.825,977.75,30.625,15.75,-999.0
2007-08-23,-6.9125,984.675,20.125,10.75,-999.0
2007-08-24,-12.7375,995.025,0.0,0.0,-999.0
2007-08-25,-16.225,997.4625,0.0,0.0,-999.0
2007-08-26,-20.4375,1005.6375,3.625,6.25,-999.0
2007-08-27,-18.5875,1008.1625,12.875,6.125,-999.0
2007-08-28,-12.2875,1000.625,25.25,9.5,-999.0
2007-08-29,-13.125,997.8875,14.0,7.875,-999.0
2007-08-30,-18.85,998.3625,0.0,0.0,-999.0
2007-08-31,-16.225,1001.9375,16.75,15.75,-999.0
2007-09-01,-11.425,998.4125,26.625,14.5,-999.0
2007-09-02,-9.175,990.675,36.375,16.25,-999.0
2007-09-03,-7.525,982.3125,35.875,17.0,-999.0
2007-09-04,-8.7125,978.075,25.125,16.75,-999.0
2007-09-05,-12.1375,982.375,6.625,6.875,-999.0
2007-09-06,-15.15,990.625,12.0,13.875,-999.0
2007-09-07,-16.7375,989.55,9.875,11.125,-999.0
2007-09-08,-13.9125,982.3875,13.125,14.0,-999.0
2007-09-09,-15.7625,984.9125,22.25,15.25,-999.0
2007-09-10,-16.45,995.3,21.375,14.5,-999.0
2007-09-11,-15.4625,1002.05,10.5,16.25,-999.0
2007-09-12,-15.3,999.95,7.375,14.25,-999.0
2007-09-13,-17.8125,996.175,6.625,12.625,-999.0
2007-09-14,-17.425,999.325,6.5,14.75,-999.0
2007-09-15,-16.225,1005.0,5.375,10.25,-999.0
2007-09-16,-16.3375,1003.225,7.75,15.25,-999.0
2007-09-17,-17.2625,998.4625,14.125,19.75,-999.0
2007-09-18,-18.675,1004.05,10.25,11.0,-999.0
2007-09-19,-19.6875,999.2125,6.125,14.875,-999.0
2007-09-20,-21.8625,993.3,0.0,0.0,-999.0
2007-09-21,-21.6125,997.325,0.375,3.625,-999.0
2007-09-22,-24.5375,996.95,1.375,6.5,-999.0
2007-09-23,-24.2,991.975,8.75,11.875,-999.0
2007-09-24,-20.5625,989.3,8.125,11.625,-999.0
2007-09-25,-19.625,992.975,7.625,7.0,-999.0
2007-09-26,-23.0375,996.6625,0.0,0.0,-999.0
2007-09-27,-20.65,999.8875,1.5,6.25,-999.0
2007-09-28,-18.55,998.0375,2.75,5.125,-999.0
2007-09-29,-21.4625,995.6625,0.5,2.5,-999.0
2007-09-30,-22.025,990.7625,3.25,9.625,-999.0
2007-10-01,-20.1,990.7,9.75,11.625,-999.0
2007-10-02,-22.775,985.0625,0.0,0.0,-999.0
2007-10-03,-17.075,975.2625,15.25,14.125,-999.0
2007-10-04,-14.7,980.075,23.125,15.25,-999.0
2007-10-05,-15.5375,984.125,17.25,16.75,-999.0
2007-10-06,-15.875,980.8125,6.25,8.625,-999.0
2007-10-07,-12.9875,972.875,21.125,15.75,-999.0
2007-10-08,-13.975,981.2,9.25,11.125,-999.0
2007-10-09,-11.925,989.25,6.125,10.5,-999.0
2007-10-10,-8.725,999.0875,6.125,9.875,-999.0
2007-10-11,-6.6375,990.425,27.25,17.125,-999.0
2007-10-12,-12.725,990.2,46.25,17.75,-999.0
2007-10-13,-8.9125,992.6125,30.375,18.0,-999.0
2007-10-14,-7.0,985.4125,41.125,18.0,-999.0
2007-10-15,-5.6,972.5,43.25,17.5,-999.0
2007-10-16,-9.575,991.9625,13.625,15.75,-999.0
2007-10-17,-9.575,995.45,14.25,15.75,-999.0
2007-10-18,-6.5375,986.975,16.75,17.75,-999.0
2007-10-19,-6.3375,994.225,6.375,8.75,-999.0
2007-10-20,-12.325,1002.35,2.0,1.75,-999.0
2007-10-21,-10.4,981.625,34.75,15.25,-999.0
2007-10-22,-7.3,976.6875,37.125,17.5,-999.0
2007-10-23,-4.1,984.1875,12.875,16.625,-999.0
2007-10-24,-7.2875,994.925,5.0,14.125,-999.0
2007-10-25,-7.1125,994.0,9.5,8.0,-999.0
2007-10-26,-3.825,983.9,23.875,15.875,-999.0
2007-10-27,-6.575,982.5875,17.625,14.25,-999.0
2007-10-28,-6.275,983.8375,9.875,12.75,-999.0
2007-10-29,-4.1625,990.925,14.375,15.25,-999.0
2007-10-30,-7.725,987.575,4.5,12.0,-999.0
2007-10-31,-7.4375,982.1,1.875,11.625,-999.0
2007-11-01,-9.5125,984.95,28.375,9.375,-999.0
2007-11-02,-11.3625,990.0875,0.875,1.25,-999.0
2007-11-03,-7.85,1003.075,11.875,16.0,-999.0
2007-11-04,-5.5375,1006.95,20.75,15.75,-999.0
2007-11-05,-1.5625,1009.9875,31.0,16.25,-999.0
2007-11-06,-0.3375,1009.45,30.375,16.25,-999.0
2007-11-07,2.3125,1006.2625,15.125,16.0,-999.0
2007-11-08,3.9875,1001.5,7.25,12.625,-999.0
2007-11-09,4.6875,999.8625,0.375,2.0,-999.0
2007-11-10,1.125,995.5125,2.75,3.125,-999.0
2007-11-11,0.8375,993.475,16.625,13.75,-999.0
2007-11-12,0.15,999.4125,20.625,16.25,-999.0
2007-11-13,-2.78e-17,998.025,12.75,9.625,-999.0
2007-11-14,-0.9,989.975,5.625,7.625,-999.0
2007-11-15,-2.675,989.025,2.625,8.25,-999.0
2007-11-16,-3.4875,991.125,1.75,5.0,-999.0
2007-11-17,-5.775,992.1625,2.375,7.75,-999.0
2007-11-18,-4.2625,989.675,1.25,1.625,-999.0
2007-11-19,-5.45,992.2875,0.125,0.625,-999.0
2007-11-20,-4.5375,991.075,4.25,3.75,-999.0
2007-11-21,-2.3875,984.4625,8.75,6.75,-999.0
2007-11-22,-1.8625,979.9875,9.0,14.625,-999.0
2007-11-23,-4.4125,985.825,6.0,11.25,-999.0
2007-11-24,-3.75,989.025,8.625,14.875,-999.0
2007-11-25,-4.0,993.2625,11.0,14.25,-999.0
2007-11-26,-4.2,996.725,5.125,9.625,-999.0
2007-11-27,-3.475,987.8625,19.25,14.125,-999.0
2007-11-28,-2.4375,980.65,24.5,14.125,-999.0
2007-11-29,-1.0375,982.6625,20.125,14.75,-999.0
2007-11-30,-0.7,981.925,9.125,11.5,-999.0
2007-12-01,-0.9375,979.15,5.75,8.0,-999.0
2007-12-02,-2.325,981.15,1.0,4.625,-999.0
2007-12-03,-1.7125,989.5375,2.125,6.0,-999.0
2007-12-04,-0.925,985.125,4.0,15.125,-999.0
2007-12-05,-5.9625,987.2125,15.0,9.5,-999.0
2007-12-06,-2.1375,986.325,16.75,16.125,-999.0
2007-12-07,-2.6375,982.7,6.25,9.25,-999.0
2007-12-08,-1.5,976.8875,22.625,16.25,-999.0
2007-12-09,1.825,983.3375,17.375,18.5,-999.0
2007-12-10,1.2875,990.15,13.375,17.375,-999.0
2007-12-11,0.7375,985.5625,14.0,12.5,-999.0
2007-12-12,1.2625,983.7,11.125,8.375,-999.0
2007-12-13,2.2875,984.2,16.25,13.75,-999.0
2007-12-14,2.325,986.6625,17.0,13.25,-999.0
2007-12-15,0.8375,988.225,17.75,12.0,-999.0
2007-12-16,-0.0125,988.7,13.125,11.25,-999.0
2007-12-17,0.5875,989.225,6.5,10.625,-999.0
2007-12-18,0.1,985.825,7.375,8.75,-999.0
2007-12-19,0.2,981.825,17.25,14.375,-999.0
2007-12-20,0.7,979.55,13.875,13.125,-999.0
2007-12-21,-0.6125,978.2,8.375,18.375,-999.0
2007-12-22,-1.1375,979.0125,17.375,10.375,-999.0
2007-12-23,0.2,972.8375,24.125,13.625,-999.0
2007-12-24,1.9375,974.0375,8.5,10.25,-999.0
2007-12-25,2.2,979.55,6.125,19.5,-999.0
2007-12-26,1.7,982.65,9.5,24.375,-999.0
2007-12-27,2.0,980.1,9.125,19.0,-999.0
2007-12-28,-0.225,990.9,6.125,11.375,-999.0
2007-12-29,-1.5,987.975,5.25,22.5,-999.0
2007-12-30,-1.275,984.0125,5.25,12.5,-999.0
2007-12-31,0.3875,990.8125,5.0,8.75,-999.0
2008-01-01,-0.175,988.125,4.125,11.5,-999.0
2008-01-02,0.3,982.0875,8.75,11.375,-999.0
2008-01-03,-0.925,987.2625,6.25,15.25,-999.0
2008-01-04,1.8375,992.575,8.625,14.125,-999.0
2008-01-05,0.9875,987.3375,13.5,17.25,-999.0
2008-01-06,-1.575,988.125,7.5,14.0,-999.0
2008-01-07,-0.6125,990.0875,2.875,9.875,-999.0
2008-01-08,0.26,989.06,8.2,11.0,-999.0
2008-01-09,0.75,984.225,17.75,13.75,-999.0
2008-01-10,-0.0125,988.9125,6.625,11.625,-999.0
2008-01-11,-0.7375,989.9875,5.5,8.25,-999.0
2008-01-12,0.0875,991.3875,10.25,21.875,-999.0
2008-01-13,-0.8,986.55,19.625,14.75,-999.0
2008-01-14,-1.525,983.1375,22.25,15.0,-999.0
2008-01-15,-1.175,983.2375,9.375,12.5,-999.0
2008-01-16,-1.6875,982.4,5.875,8.375,-999.0
2008-01-17,-1.1625,985.6,2.25,5.75,-999.0
2008-01-18,-1.7875,987.2125,3.875,15.875,-999.0
2008-01-19,-2.1875,986.45,1.5,4.75,-999.0
2008-01-20,-2.575,987.125,7.25,11.0,-999.0
2008-01-21,-2.75,986.8875,9.5,11.375,-999.0
2008-01-22,-1.9625,988.2,15.5,12.875,-999.0
2008-01-23,-1.775,988.8625,24.0,13.625,-999.0
2008-01-24,-2.625,984.45,28.0,13.625,-999.0
2008-01-25,-2.35,983.4375,26.75,14.0,-999.0
2008-01-26,-2.1375,983.675,29.0,14.0,-999.0
2008-01-27,-1.7125,978.025,27.75,13.625,-999.0
2008-01-28,-1.8,980.4875,20.25,12.875,-999.0
2008-01-29,-1.775,981.3,21.125,13.625,-999.0
2008-01-30,-1.0875,983.35,11.375,13.25,-999.0
2008-01-31,-1.9875,981.125,10.75,19.75,-999.0
2008-02-01,0.3875,978.15,10.0,11.625,-999.0
2008-02-02,0.6875,980.575,7.625,14.0,-999.0
2008-02-03,-1.2125,983.5375,3.25,11.5,-999.0
2008-02-04,-2.1875,984.325,4.75,10.875,-999.0
2008-02-05,-4.05,974.5125,2.125,5.875,-999.0
2008-02-06,-2.9125,979.2,7.75,11.625,-999.0
2008-02-07,-5.485714286,983.3571429,2.142857143,3.428571429,-999.0
2008-02-08,-2.6875,973.9625,21.25,13.25,-999.0
2008-02-09,-1.075,971.8,29.125,13.625,-999.0
2008-02-10,-0.8,975.55,16.875,12.375,-999.0
2008-02-11,-0.2125,973.6625,21.5,12.625,-999.0
2008-02-12,-1.8875,973.4625,19.0,11.75,-999.0
2008-02-13,-3.625,978.3,10.625,21.625,-999.0
2008-02-14,-4.4125,985.0625,11.5,13.125,-999.0
2008-02-15,-3.65,989.2375,19.125,14.875,-999.0
2008-02-16,-1.5875,983.525,16.75,15.375,-999.0
2008-02-17,-3.0125,979.475,12.75,17.125,-999.0
2008-02-18,-2.3,980.075,18.375,16.75,-999.0
2008-02-19,-3.775,991.1125,7.125,11.875,-999.0
2008-02-20,-2.6,993.35,11.0,8.625,-999.0
2008-02-21,-3.5375,986.6125,7.625,8.125,-999.0
2008-02-22,-5.9625,984.675,10.75,8.625,-999.0
2008-02-23,-5.8125,987.3125,9.875,20.0,-999.0
2008-02-24,-5.7875,987.85,18.75,12.0,-999.0
2008-02-25,-6.0875,991.95,6.875,12.5,-999.0
2008-02-26,-7.875,995.9625,8.625,6.75,-999.0
2008-02-27,-6.5875,994.55,11.5,12.125,-999.0
2008-02-28,-5.4125,992.4625,15.875,11.125,-999.0
2008-03-01,-5.6,989.5375,15.375,10.0,-999.0
2008-03-02,-4.55,982.4375,7.125,14.75,-999.0
2008-03-03,-2.4,971.75,25.875,9.875,-999.0
2008-03-04,-2.55,978.925,21.875,8.75,-999.0
2008-03-05,-3.175,867.175,17.875,9.0,-999.0
2008-03-06,-8.775,981.3125,16.125,10.0,-999.0
2008-03-07,-8.0125,981.7,20.75,11.875,-999.0
2008-03-08,-5.625,985.525,15.375,11.75,-999.0
2008-03-09,-7.4375,987.8,13.5,10.625,-999.0
2008-03-10,-3.8875,978.5625,30.125,12.25,-999.0
2008-03-11,-1.525,962.8625,11.625,15.75,-999.0
2008-03-12,-126.6875,978.5375,17.375,9.75,-999.0
2008-03-13,-4.075,980.6,14.0,12.875,-999.0
2008-03-14,-9.4375,987.75,5.75,8.375,-999.0
2008-03-15,-7.725,989.425,26.875,10.5,-999.0
2008-03-16,-7.425,979.6375,40.375,9.0,-999.0
2008-03-17,-6.225,973.575,46.375,10.0,-999.0
2008-03-18,-4.0375,976.9,34.75,9.5,-999.0
2008-03-19,-2.6375,981.8625,21.75,9.25,-999.0
2008-03-20,-3.45,993.75,16.375,10.5,-999.0
2008-03-21,-4.8875,988.3,3.75,3.625,-999.0
2008-03-22,-7.85,982.8375,15.5,7.5,-999.0
2008-03-23,-8.6375,993.325,13.875,8.25,-999.0
2008-03-24,-12.4125,996.5125,0.875,3.875,-999.0
2008-03-25,-14.3,1000.3,0.25,1.125,-999.0
2008-03-26,-10.95,995.9,12.5,10.75,-999.0
2008-03-27,-8.6875,992.2,16.25,7.5,-999.0
2008-03-28,-10.4625,996.25,10.875,8.375,-999.0
2008-03-29,-8.55,1001.7875,18.125,8.75,-999.0
2008-03-30,-6.45,994.7,28.125,9.75,-999.0
2008-03-31,-6.6625,995.95,20.625,7.75,-999.0
2008-04-01,-6.4625,977.9375,41.125,8.0,-999.0
2008-04-02,-5.4125,959.25,28.5,7.5,-999.0
2008-04-03,-5.575,973.0125,25.375,9.5,-999.0
2008-04-04,-6.275,982.1375,18.25,11.75,-999.0
2008-04-05,-10.5,987.9875,8.875,10.0,-999.0
2008-04-06,-9.55,988.2,14.625,14.5,-999.0
2008-04-07,-2.5375,974.8375,33.0,11.25,-999.0
2008-04-08,-3.975,968.775,28.125,8.5,-999.0
2008-04-09,-3.9375,983.575,26.625,9.0,-999.0
2008-04-10,-4.6625,988.1625,23.5,8.0,-999.0
2008-04-11,-4.85,985.4625,24.375,9.25,-999.0
2008-04-12,-3.9875,981.5,18.75,8.5,-999.0
2008-04-13,-5.3,984.55,4.125,6.625,-999.0
2008-04-14,-11.95,989.9625,1.625,6.0,-999.0
2008-04-15,-20.45,988.5125,0.0,0.0,-999.0
2008-04-16,-20.65,996.5875,0.375,4.0,-999.0
2008-04-17,-21.75,1000.15,2.375,7.625,-999.0
2008-04-18,-23.4375,994.025,1.875,7.625,-999.0
2008-04-19,-19.75,986.5375,15.625,7.25,-999.0
2008-04-20,-16.8375,985.8625,11.75,11.0,-999.0
2008-04-21,-12.45,983.075,30.25,14.0,-999.0
2008-04-22,-11.075,987.0125,7.125,27.75,-999.0
2008-04-23,-10.575,1000.1625,5.875,27.75,-999.0
2008-04-24,-10.0125,1010.4625,8.25,19.375,-999.0
2008-04-25,-5.2,1002.2875,26.625,13.875,-999.0
2008-04-26,-7.3375,992.475,18.625,12.75,-999.0
2008-04-27,-12.25,999.5625,19.125,12.0,-999.0
2008-04-28,-5.6,999.2,32.625,12.625,-999.0
2008-04-29,-5.5375,995.85,27.375,10.5,-999.0
2008-04-30,-6.275,989.6625,26.375,11.0,-999.0
2008-05-01,-8.3875,989.05,36.625,10.5,-999.0
2008-05-02,-9.9625,995.0875,21.875,10.875,-999.0
2008-05-03,-12.425,997.8125,9.125,14.0,-999.0
2008-05-04,-10.2625,1005.0125,15.375,9.25,-999.0
2008-05-05,-10.8625,1009.8375,13.875,11.75,-999.0
2008-05-06,-14.7375,1006.4,4.0,9.125,-999.0
2008-05-07,-17.6,1007.3875,1.0,4.0,-999.0
2008-05-08,-20.2125,1004.55,3.25,4.0,-999.0
2008-05-09,-16.7625,999.65,7.25,11.625,-999.0
2008-05-10,-17.1375,1000.35,7.875,10.625,-999.0
2008-05-11,-16.7375,999.4875,12.0,10.0,-999.0
2008-05-12,-17.125,991.4125,4.25,6.25,-999.0
2008-05-13,-21.3875,995.825,3.75,9.25,-999.0
2008-05-14,-23.8125,1003.7625,1.25,2.0,-999.0
2008-05-15,-17.825,997.6625,2.625,7.125,-999.0
2008-05-16,-20.275,991.275,3.875,15.25,-999.0
2008-05-17,-21.3,986.4375,9.25,9.125,-999.0
2008-05-18,-13.6875,970.775,24.75,15.25,-999.0
2008-05-19,-12.4625,982.75,21.875,13.5,-999.0
2008-05-20,-18.7375,991.5375,7.375,12.75,-999.0
2008-05-21,-13.9875,983.8875,28.75,10.75,-999.0
2008-05-22,-12.325,981.1625,14.125,15.5,-999.0
2008-05-23,-11.3375,986.2,6.375,10.125,-999.0
2008-05-24,-12.7625,992.5375,6.875,14.75,-999.0
2008-05-25,-15.2,985.5125,11.125,10.0,-999.0
2008-05-26,-16.6,978.0625,9.75,12.125,-999.0
2008-05-27,-19.425,985.4625,3.75,5.625,-999.0
2008-05-28,-19.9,983.6125,2.0,4.0,-999.0
2008-05-29,-19.375,982.1125,19.5,14.125,-999.0
2008-05-30,-18.35,993.3375,11.75,8.5,-999.0
2008-05-31,-15.5875,980.0125,43.0,9.25,-999.0
2008-06-01,-13.1875,987.8875,22.125,9.25,-999.0
2008-06-02,-13.4375,987.3875,27.375,10.0,-999.0
2008-06-03,-17.025,983.85,14.875,5.625,-999.0
2008-06-04,-22.9375,995.0375,1.625,6.625,-999.0
2008-06-05,-15.225,997.4,22.625,7.25,-999.0
2008-06-06,-9.575,992.6375,38.625,9.75,-999.0
2008-06-07,-9.5,986.225,45.75,10.25,-999.0
2008-06-08,-16.3875,987.5,29.875,11.0,-999.0
2008-06-09,-13.1375,985.3625,26.25,10.75,-999.0
2008-06-10,-13.6,988.4375,19.875,10.0,-999.0
2008-06-11,-12.725,992.675,41.75,11.375,-999.0
2008-06-12,-6.925,983.85,40.375,10.75,-999.0
2008-06-13,-5.2375,973.85,37.75,9.75,-999.0
2008-06-14,-9.875,994.75,16.125,9.5,-999.0
2008-06-15,-19.7875,991.325,0.25,1.125,-999.0
2008-06-16,-21.25,988.8,7.0,3.875,-999.0
2008-06-17,-19.5625,982.85,11.875,8.625,-999.0
2008-06-18,-21.95,980.6,11.75,10.5,-999.0
2008-06-19,-22.9125,982.1875,8.625,14.375,-999.0
2008-06-20,-25.68571429,985.7285714,4.714285714,4.714285714,-999.0
2008-06-21,-25.37142857,990.4857142999999,6.285714286,37.42857143,-999.0
2008-06-22,-28.63333333,989.4166667000002,3.0,11.0,-999.0
2008-06-23,-28.75,994.7666667000001,12.66666667,6.666666667,-999.0
2008-06-24,-26.375,990.0,29.0,8.75,-999.0
2008-06-25,-19.85,974.5375,24.125,11.0,-999.0
2008-06-26,-13.0,957.825,21.5,12.75,-999.0
2008-06-27,-18.7625,984.2,5.875,10.75,-999.0
2008-06-28,-23.175,985.475,7.625,6.0,-999.0
2008-06-29,-20.0125,986.1875,15.25,7.75,-999.0
2008-06-30,-16.275,978.0875,41.0,7.75,-999.0
2008-07-01,-14.925,989.125,20.5,7.0,-999.0
2008-07-02,-15.075,992.9375,30.5,10.0,-999.0
2008-07-03,-15.875,996.7875,12.0,12.25,-999.0
2008-07-04,-21.3625,994.1375,2.25,27.875,-999.0
2008-07-05,-24.85,992.925,5.625,11.75,-999.0
2008-07-06,-25.4875,998.075,5.125,7.5,-999.0
2008-07-07,-16.425,992.9125,21.25,8.5,-999.0
2008-07-08,-17.1125,977.1625,5.5,17.5,-999.0
2008-07-09,-24.0,966.9375,0.375,2.875,-999.0
2008-07-10,-22.425,986.2625,5.0,1.5,-999.0
2008-07-11,-14.5125,992.35,34.875,9.0,-999.0
2008-07-12,-10.7875,976.85,46.125,10.25,-999.0
2008-07-13,-10.725,967.8375,40.0,9.75,-999.0
2008-07-14,-12.2625,969.0,31.375,9.75,-999.0
2008-07-15,-14.5875,990.875,10.875,9.0,-999.0
2008-07-16,-20.8375,987.85,9.875,14.5,-999.0
2008-07-17,-25.4125,980.0125,0.25,4.75,-999.0
2008-07-18,-23.6125,988.275,7.75,6.375,-999.0
2008-07-19,-20.1875,996.35,19.625,10.5,-999.0
2008-07-20,-10.3625,966.75,48.25,9.75,-999.0
2008-07-21,-13.17142857,977.4,21.42857143,10.85714286,-999.0
2008-07-22,-11.3125,982.3,10.25,10.625,-999.0
2008-07-23,-14.525,974.0125,16.75,13.375,-999.0
2008-07-24,-13.2875,983.1375,19.125,9.25,-999.0
2008-07-25,-12.6125,974.75,20.625,12.375,-999.0
2008-07-26,-10.6,964.2875,25.0,14.0,-999.0
2008-07-27,-10.5125,977.925,28.625,9.5,-999.0
2008-07-28,-11.5,990.625,24.25,12.5,-999.0
2008-07-29,-12.7375,991.95,20.625,13.625,-999.0
2008-07-30,-16.7,989.2875,6.125,12.75,-999.0
2008-07-31,-16.9375,987.7625,24.0,12.0,-999.0
2008-08-01,-19.85,995.225,14.0,10.625,-999.0
2008-08-02,-20.725,991.4625,22.0,10.75,-999.0
2008-08-03,-19.05,983.2375,27.5,11.375,-999.0
2008-08-04,-18.9125,977.6375,14.5,13.875,-999.0
2008-08-05,-20.575,985.2125,11.5,14.375,-999.0
2008-08-06,-22.2125,990.4375,12.0,13.0,-999.0
2008-08-07,-23.9,988.0875,3.125,7.375,-999.0
2008-08-08,-26.375,985.7125,5.375,12.0,-999.0
2008-08-09,-25.3,989.0375,6.75,11.25,-999.0
2008-08-10,-26.0625,1001.975,3.625,14.875,-999.0
2008-08-11,-25.175,1001.9125,4.0,11.75,-999.0
2008-08-12,-23.75,988.1375,3.875,4.75,-999.0
2008-08-13,-20.2125,986.8,17.375,15.75,-999.0
2008-08-14,-18.625,983.0625,33.875,13.25,-999.0
2008-08-15,-14.8125,972.1375,49.875,14.0,-999.0
2008-08-16,-13.9125,965.8625,27.125,14.25,-999.0
2008-08-17,-14.2,971.3,23.5,14.125,-999.0
2008-08-18,-18.2,991.5125,2.0,7.625,-999.0
2008-08-19,-15.5125,982.4125,14.875,9.875,-999.0
2008-08-20,-17.05,974.05,29.125,11.0,-999.0
2008-08-21,-18.4,976.35,8.625,17.375,-999.0
2008-08-22,-22.7375,988.775,4.875,10.75,-999.0
2008-08-23,-23.15,999.9,1.75,14.375,-999.0
2008-08-24,-17.2875,994.3125,14.0,11.375,-999.0
2008-08-25,-20.775,985.4125,3.625,22.0,-999.0
2008-08-26,-24.5375,982.0375,1.125,10.125,-999.0
2008-08-27,-25.35,979.05,3.5,10.25,-999.0
2008-08-28,-26.125,986.175,13.75,13.75,-999.0
2008-08-29,-22.2625,996.075,41.625,14.0,-999.0
2008-08-30,-16.85,990.0125,36.375,14.0,-999.0
2008-08-31,-14.1,980.5875,30.25,11.75,-999.0
2008-09-01,-10.8375,979.95,44.125,13.25,-999.0
2008-09-02,-6.325,972.4,35.75,12.5,-999.0
2008-09-03,-5.175,978.075,23.625,11.75,-999.0
2008-09-04,-10.825,979.125,5.625,12.75,-999.0
2008-09-05,-14.4875,981.325,14.125,12.25,-999.0
2008-09-06,-15.4125,987.1625,13.625,13.5,-999.0
2008-09-07,-14.425,983.5875,12.5,12.0,-999.0
2008-09-08,-12.2375,979.325,16.375,15.5,-999.0
2008-09-09,-10.1875,975.025,25.875,15.375,-999.0
2008-09-10,-15.6625,981.9,1.875,9.625,-999.0
2008-09-11,-20.625,985.05,1.75,7.875,-999.0
2008-09-12,-20.6625,987.225,17.625,15.125,-999.0
2008-09-13,-18.25,990.1,6.375,17.375,-999.0
2008-09-14,-21.5625,989.8375,11.375,11.0,-999.0
2008-09-15,-22.25,986.25,9.0,15.875,-999.0
2008-09-16,-22.55,987.4,12.125,14.5,-999.0
2008-09-17,-22.3875,990.1875,24.125,14.0,-999.0
2008-09-18,-15.9125,981.05,39.375,14.0,-999.0
2008-09-19,-12.8875,974.8625,28.375,16.0,-999.0
2008-09-20,-19.2,974.9125,17.875,18.5,-999.0
2008-09-21,-13.9125,986.5875,18.75,14.0,-999.0
2008-09-22,-11.7125,984.525,9.25,7.875,-999.0
2008-09-23,-9.875,974.95,9.625,26.125,-999.0
2008-09-24,-14.15,979.175,16.5,16.625,-999.0
2008-09-25,-16.9,988.6,4.875,20.625,-999.0
2008-09-26,-17.7875,985.0375,10.75,12.625,-999.0
2008-09-27,-16.75,981.4125,13.625,12.625,-999.0
2008-09-28,-11.025,969.2875,20.875,16.0,-999.0
2008-09-29,-14.3,980.85,3.875,11.875,-999.0
2008-09-30,-14.4875,987.85,8.375,17.75,-999.0
2008-10-01,-14.2,982.975,16.25,15.125,-999.0
2008-10-02,-14.7125,977.9625,13.5,18.25,-999.0
2008-10-03,-12.725,978.7875,16.25,15.75,-999.0
2008-10-04,-16.8375,990.9125,8.5,14.875,-999.0
2008-10-05,-18.0,977.675,17.75,11.625,-999.0
2008-10-06,-15.275,974.7,19.5,10.25,-999.0
2008-10-07,-15.7375,983.6,8.375,9.5,-999.0
2008-10-08,-13.6,980.5375,24.25,13.125,-999.0
2008-10-09,-12.9,981.4625,3.125,14.75,-999.0
2008-10-10,-9.5125,975.9,26.75,14.5,-999.0
2008-10-11,-6.5625,971.0,40.0,12.875,-999.0
2008-10-12,-5.9125,979.8125,26.375,13.625,-999.0
2008-10-13,-10.2,975.925,2.125,6.75,-999.0
2008-10-14,-11.0875,975.8625,11.875,9.25,-999.0
2008-10-15,-14.75,983.875,15.25,10.0,-999.0
2008-10-16,-12.9125,983.2625,17.5,9.25,-999.0
2008-10-17,-12.375,982.0,8.0,8.375,-999.0
2008-10-18,-12.1375,983.0125,6.875,8.375,-999.0
2008-10-19,-10.4875,989.9,11.875,12.625,-999.0
2008-10-20,-13.5,989.1625,7.875,16.75,-999.0
2008-10-21,-14.8875,977.0875,6.0,11.625,-999.0
2008-10-22,-15.9375,979.5625,6.5,19.25,-999.0
2008-10-23,-16.125,982.875,0.0,0.0,-999.0
2008-10-24,-14.175,984.2625,2.75,10.5,-999.0
2008-10-25,-16.6125,983.6,2.25,17.625,-999.0
2008-10-26,-15.9875,982.325,1.75,10.0,-999.0
2008-10-27,-16.8375,876.325,1.0,5.875,-999.0
2008-10-28,-14.5875,989.225,0.375,1.25,-999.0
2008-10-29,-14.0625,990.8375,4.375,11.75,-999.0
2008-10-30,-12.95,995.4125,1.625,5.625,-999.0
2008-10-31,-11.0125,996.7375,4.0,9.875,-999.0
2008-11-01,-9.275,996.8875,0.0,0.0,-999.0
2008-11-02,-6.575,998.075,9.0,10.125,-999.0
2008-11-03,-3.65,997.3375,24.125,13.25,-999.0
2008-11-04,-6.5625,986.7875,28.5,14.0,-999.0
2008-11-05,-6.2,996.2625,4.125,12.25,-999.0
2008-11-06,-7.525,989.7375,4.125,13.875,-999.0
2008-11-07,-8.2125,981.4625,19.125,14.0,-999.0
2008-11-08,-5.7875,974.9875,16.5,13.125,-999.0
2008-11-09,-5.2125,969.7625,6.875,20.0,-999.0
2008-11-10,-4.25,975.225,15.375,13.75,-999.0
2008-11-11,-3.6,974.425,10.0,15.625,-999.0
2008-11-12,-7.3125,978.325,9.625,12.625,-999.0
2008-11-13,-6.3875,986.05,15.0,18.375,-999.0
2008-11-14,-9.15,980.7125,3.875,8.625,-999.0
2008-11-15,-8.4125,968.25,12.0,16.625,-999.0
2008-11-16,-8.2125,979.95,4.625,20.25,-999.0
2008-11-17,-6.7,987.8875,7.75,36.5,-999.0
2008-11-18,-2.7375,983.9125,8.25,18.0,-999.0
2008-11-19,-5.3625,978.1,8.0,12.125,-999.0
2008-11-20,-8.1,976.025,2.25,6.875,-999.0
2008-11-21,-7.55,978.85,8.5,8.625,-999.0
2008-11-22,-5.3625,984.8125,12.875,12.625,-999.0
2008-11-23,-5.85,985.275,7.875,15.75,-999.0
2008-11-24,-7.1125,980.4,7.625,11.375,-999.0
2008-11-25,-5.8125,982.8875,18.0,13.125,-999.0
2008-11-26,-3.925,981.8625,39.625,14.0,-999.0
2008-11-27,-1.7375,981.85,21.125,13.25,-999.0
2008-11-28,-1.4375,981.0125,19.0,13.0,-999.0
2008-11-29,-1.85,977.05,20.625,14.0,-999.0
2008-11-30,-1.2375,972.9875,15.125,13.125,-999.0
2008-12-01,-0.5125,965.5125,9.125,20.75,-999.0
2008-12-02,-0.7375,965.0125,23.5,14.25,-999.0
2008-12-03,-0.3875,966.175,27.875,14.25,-999.0
2008-12-04,-1.55,964.9875,24.0,11.25,-999.0
2008-12-05,-1.8875,966.4375,16.875,11.125,-999.0
2008-12-06,-1.025,971.625,18.75,10.75,-999.0
2008-12-07,-2.175,970.975,6.5,12.375,-999.0
2008-12-08,-2.8625,970.1,22.625,12.625,-999.0
2008-12-09,-1.0125,967.875,29.375,13.875,-999.0
2008-12-10,-0.3625,963.825,22.0,14.0,-999.0
2008-12-11,-0.8625,976.6,11.625,11.25,-999.0
2008-12-12,-0.9375,976.75,9.375,14.375,-999.0
2008-12-13,-0.2625,973.1375,10.625,12.875,-999.0
2008-12-14,-0.975,981.7375,13.25,12.25,-999.0
2008-12-15,-2.2625,982.5,13.125,12.75,-999.0
2008-12-16,-1.725,979.2625,15.75,13.625,-999.0
2008-12-17,-0.3375,981.6,17.5,12.875,-999.0
2008-12-18,0.2375,985.75,11.875,13.0,-999.0
2008-12-19,-0.4625,983.4875,6.75,15.5,-999.0
2008-12-20,-0.75,987.2,5.25,16.375,-999.0
2008-12-21,-1.7875,986.175,6.875,18.0,-999.0
2008-12-22,0.8625,988.8125,10.0,11.0,-999.0
2008-12-23,1.075,991.0125,19.5,16.625,-999.0
2008-12-24,0.3125,994.825,29.875,9.75,-999.0
2008-12-25,-0.025,993.0375,6.25,18.75,-999.0
2008-12-26,-0.875,997.9125,6.125,11.125,-999.0
2008-12-27,-1.875,1002.25,3.875,11.5,-999.0
2008-12-28,-2.4875,998.4625,20.875,11.375,-999.0
2008-12-29,-1.85,993.475,31.125,14.0,-999.0
2008-12-30,0.4125,998.15,8.125,13.5,-999.0
2008-12-31,2.4666666669999997,996.8333332999998,17.66666667,14.66666667,-999.0
2009-01-01,-0.5,984.9142857,37.28571429,11.85714286,-999.0
2009-01-02,-0.95,991.8,17.5,13.875,-999.0
2009-01-03,-0.3375,990.575,6.0,9.875,-999.0
2009-01-04,-3.05,988.625,3.125,16.0,-999.0
2009-01-05,-0.775,991.95,2.625,16.625,-999.0
2009-01-06,-1.625,993.9625,7.75,12.125,-999.0
2009-01-07,-2.1125,987.5125,13.75,14.625,-999.0
2009-01-08,-1.75,985.0125,19.25,14.125,-999.0
2009-01-09,-0.6,983.075,7.25,11.5,-999.0
2009-01-10,0.4375,980.05,10.625,17.75,-999.0
2009-01-11,-0.825,979.6625,13.125,18.75,-999.0
2009-01-12,0.483333333,978.6,16.0,17.33333333,-999.0
2009-01-13,-0.5,983.725,21.625,14.25,-999.0
2009-01-14,-0.9,984.475,16.625,13.125,-999.0
2009-01-15,0.225,985.1625,14.625,12.125,-999.0
2009-01-16,2.15,988.9,7.375,15.875,-999.0
2009-01-17,1.075,984.3875,8.5,13.25,-999.0
2009-01-18,-0.1375,985.4625,3.5,11.125,-999.0
2009-01-19,-0.475,981.275,26.625,13.875,-999.0
2009-01-20,-2.2375,985.7,4.625,10.25,-999.0
2009-01-21,-2.7875,985.45,5.0,8.25,-999.0
2009-01-22,-2.1875,988.675,127.25,10.875,-999.0
2009-01-23,-1.8,982.725,22.5,12.5,-999.0
2009-01-24,-1.875,977.9375,33.0,13.625,-999.0
2009-01-25,-1.4125,975.55,31.375,14.0,-999.0
2009-01-26,-0.075,974.425,40.625,14.0,-999.0
2009-01-27,0.625,971.5375,33.125,12.375,-999.0
2009-01-28,0.625,975.3125,14.125,16.75,-999.0
2009-01-29,-1.45,982.075,9.5,13.5,-999.0
2009-01-30,-2.625,984.5125,7.375,14.375,-999.0
2009-01-31,-1.425,989.7875,19.75,12.5,-999.0
2009-02-01,-0.7875,991.1125,37.25,14.5,-999.0
2009-02-02,-1.0125,994.075,17.125,19.5,-999.0
2009-02-03,-3.1375,990.8625,15.25,16.125,-999.0
2009-02-04,-1.1875,978.1875,16.5,14.0,-999.0
2009-02-05,1.875,976.6375,23.625,13.875,-999.0
2009-02-06,-0.475,980.0625,22.375,14.25,-999.0
2009-02-07,-1.8375,990.075,14.25,18.125,-999.0
2009-02-08,-3.2375,989.025,3.75,11.25,-999.0
2009-02-09,-3.6875,990.8375,16.875,13.125,-999.0
2009-02-10,-3.7,986.5375,1.875,5.875,-999.0
2009-02-11,-4.5,979.675,12.25,11.625,-999.0
2009-02-12,-3.85,979.625,17.875,12.5,-999.0
2009-02-13,-5.95,874.6625,10.0,18.75,-999.0
2009-02-14,-5.4375,982.625,21.0,14.875,-999.0
2009-02-15,-5.1125,983.1625,14.125,14.125,-999.0
2009-02-16,-6.7375,984.5375,18.875,15.375,-999.0
2009-02-17,-8.125,988.15,14.25,14.875,-999.0
2009-02-18,-7.4375,990.675,24.25,15.25,-999.0
2009-02-19,-7.375,988.9625,34.875,17.0,-999.0
2009-02-20,-4.5875,966.5375,23.125,17.75,-999.0
2009-02-21,0.775,969.0375,47.625,14.125,-999.0
2009-02-22,-1.625,989.7875,29.125,13.625,-999.0
2009-02-23,-4.2125,972.3125,15.375,16.5,-999.0
2009-02-24,-5.1125,969.7875,13.125,17.75,-999.0
2009-02-25,-4.125,980.6375,7.75,12.25,-999.0
2009-02-26,-6.475,981.025,4.875,14.75,-999.0
2009-02-27,-6.8875,978.6375,6.875,10.625,-999.0
2009-02-28,-6.75,985.375,5.25,11.875,-999.0
2009-03-01,-8.1125,984.275,10.375,15.125,-999.0
2009-03-02,-4.6,972.025,44.125,13.0,-999.0
2009-03-03,-2.75,971.6875,20.875,11.0,-999.0
2009-03-04,-2.4,973.025,11.875,18.25,-999.0
2009-03-05,-4.625,970.5875,13.0,10.375,-999.0
2009-03-06,-6.6,989.2857142999999,0.0,0.0,-999.0
2009-03-07,-11.675,989.7875,11.375,7.875,-999.0
2009-03-08,-5.6625,964.9875,16.375,14.0,-999.0
2009-03-09,-5.625,964.0,8.5,10.625,-999.0
2009-03-10,-6.9,974.55,26.875,12.875,-999.0
2009-03-11,-6.9875,975.3625,9.875,9.0,-999.0
2009-03-12,-11.1375,977.4,14.75,12.875,-999.0
2009-03-13,-10.025,976.9125,16.5,15.125,-999.0
2009-03-14,-9.8625,970.6875,22.0,16.5,-999.0
2009-03-15,-6.65,980.325,11.75,14.0,-999.0
2009-03-16,-7.95,972.7375,46.25,13.75,-999.0
2009-03-17,-6.4375,973.275,11.625,13.5,-999.0
2009-03-18,-8.6,986.15,18.625,14.5,-999.0
2009-03-19,-6.225,988.15,28.375,15.5,-999.0
2009-03-20,-5.825,991.3875,15.5,16.5,-999.0
2009-03-21,-7.45,991.4875,10.875,10.375,-999.0
2009-03-22,-9.925,990.425,7.0,8.0,-999.0
2009-03-23,-8.325,992.4,29.875,15.125,-999.0
2009-03-24,-6.9875,993.2125,20.875,16.75,-999.0
2009-03-25,-8.1875,990.1625,11.25,13.5,-999.0
2009-03-26,-10.5625,991.4125,16.375,18.5,-999.0
2009-03-27,-7.5,991.1375,6.375,8.25,-999.0
2009-03-28,-7.5875,990.7375,6.75,14.75,-999.0
2009-03-29,-11.7,987.5,9.125,17.0,-999.0
2009-03-30,-11.2875,987.375,14.75,17.5,-999.0
2009-03-31,-9.35,987.3375,18.0,17.0,-999.0
2009-04-01,-10.175,982.2625,16.5,16.75,-999.0
2009-04-02,-13.825,986.25,14.75,17.0,-999.0
2009-04-03,-11.875,986.7625,26.25,16.0,-999.0
2009-04-04,-9.8875,985.3375,63.125,14.5,-999.0
2009-04-05,-9.5125,990.45,41.875,14.25,-999.0
2009-04-06,-10.075,993.525,2.25,6.25,-999.0
2009-04-07,-18.75,992.4375,0.375,1.75,-999.0
2009-04-08,-20.725,993.5875,0.0,0.0,-999.0
2009-04-09,-24.6375,988.1875,0.0,0.0,-999.0
2009-04-10,-22.6375,979.9375,17.0,9.0,-999.0
2009-04-11,-17.75,976.4125,38.0,14.75,-999.0
2009-04-12,-13.425,984.45,28.375,14.75,-999.0
2009-04-13,-12.0125,975.3625,23.25,13.0,-999.0
2009-04-14,-14.225,979.2125,9.125,11.0,-999.0
2009-04-15,-12.625,984.3875,21.625,15.0,-999.0
2009-04-16,-18.55,990.925,6.875,10.5,-999.0
2009-04-17,-17.1,988.6125,20.875,14.75,-999.0
2009-04-18,-15.775,989.7875,21.125,13.25,-999.0
2009-04-19,-13.3375,995.375,32.625,13.625,-999.0
2009-04-20,-13.2125,987.25,50.875,14.25,-999.0
2009-04-21,-9.5875,969.375,72.0,14.0,-999.0
2009-04-22,-13.15,985.7375,15.125,8.0,-999.0
2009-04-23,-22.275,998.0125,1.875,3.125,-999.0
2009-04-24,-23.8,1000.05,0.75,1.75,-999.0
2009-04-25,-17.05,985.5875,27.625,14.5,-999.0
2009-04-26,-18.825,991.5,8.375,9.25,-999.0
2009-04-27,-16.775,1002.6375,5.25,3.5,-999.0
2009-04-28,-12.5625,1003.65,7.0,9.0,-999.0
2009-04-29,-15.95,1009.85,4.0,5.25,-999.0
2009-04-30,-12.55,1014.2625,0.875,3.5,-999.0
2009-05-01,-8.85,1005.025,10.0,10.5,-999.0
2009-05-02,-13.9875,998.175,1.25,3.375,-999.0
2009-05-03,-18.3625,995.325,0.5,2.0,-999.0
2009-05-04,-19.6125,1000.575,3.25,7.0,-999.0
2009-05-05,-19.825,1003.275,2.125,7.0,-999.0
2009-05-06,-17.025,1002.9,24.25,14.0,-999.0
2009-05-07,-12.0,989.0,62.75,14.0,-999.0
2009-05-08,-6.5375,985.7,64.625,14.0,-999.0
2009-05-09,-7.25,993.225,30.625,14.5,-999.0
2009-05-10,-15.65,996.9,1.5,1.75,-999.0
2009-05-11,-12.3375,985.15,20.375,14.0,-999.0
2009-05-12,-11.775,973.775,29.25,14.0,-999.0
2009-05-13,-12.1625,978.3,36.75,14.0,-999.0
2009-05-14,-13.7375,988.2625,18.75,15.25,-999.0
2009-05-15,-19.05,997.7125,6.25,8.75,-999.0
2009-05-16,-24.225,1005.35,0.375,1.75,-999.0
2009-05-17,-22.6,1006.25,14.5,16.0,-999.0
2009-05-18,-16.475,978.3625,24.25,12.5,-999.0
2009-05-19,-7.4875,963.475,38.0,14.0,-999.0
2009-05-20,-15.175,990.8375,30.375,10.5,-999.0
2009-05-21,-21.9375,976.35,4.125,1.75,-999.0
2009-05-22,-18.0,991.275,13.625,8.75,-999.0
2009-05-23,-11.1375,999.95,40.625,14.0,-999.0
2009-05-24,-9.9,998.9625,53.375,14.25,-999.0
2009-05-25,-12.75,998.4,77.75,14.0,-999.0
2009-05-26,-9.4875,1004.7375,71.0,13.5,-999.0
2009-05-27,-7.3,992.5125,63.125,13.25,-999.0
2009-05-28,-8.1,998.4125,13.25,9.625,-999.0
2009-05-29,-12.0375,1006.725,9.75,9.375,-999.0
2009-05-30,-19.4375,1006.9125,0.0,0.0,-999.0
2009-05-31,-12.125,1005.45,8.0,6.625,-999.0
2009-06-01,-11.725,1008.2625,25.375,10.375,-999.0
2009-06-02,-9.425,997.0125,15.25,10.375,-999.0
2009-06-03,-13.48333333,990.0833332999998,8.5,7.333333333,-999.0
2009-06-04,-14.45,985.7,17.66666667,11.0,-999.0
2009-06-05,-13.48333333,981.7,19.0,11.0,-999.0
2009-06-06,-11.46666667,982.7333332999999,20.5,11.0,-999.0
2009-06-07,-11.85,989.3,36.125,11.0,-999.0
2009-06-08,-12.86666667,980.0333332999999,32.5,11.0,-999.0
2009-06-09,-137.425,728.975,23.125,12.875,-999.0
2009-06-10,-12.96666667,978.7166667000001,26.5,14.0,-999.0
2009-06-11,-13.91666667,986.2,21.83333333,14.0,-999.0
2009-06-12,-13.48333333,984.35,32.33333333,14.0,-999.0
2009-06-13,-12.7,976.6833332999998,32.0,14.0,-999.0
2009-06-14,-12.98333333,989.3333332999998,16.5,13.5,-999.0
2009-06-15,-11.0,972.2333332999999,45.5,14.0,-999.0
2009-06-16,-8.133333333,966.6833332999998,36.5,14.0,-999.0
2009-06-17,-7.95,985.2666667000001,32.16666667,14.0,-999.0
2009-06-18,-10.325,972.9875,23.125,12.25,-999.0
2009-06-19,-8.083333332999999,976.15,25.0,14.0,-999.0
2009-06-20,-13.88333333,987.85,10.0,9.333333332999999,-999.0
2009-06-21,-17.91666667,988.2166667000001,19.0,11.66666667,-999.0
2009-06-22,-182.91666669999998,991.9166667000002,29.0,15.83333333,-999.0
2009-06-23,-23.31666667,1005.733333,28.0,14.0,-999.0
2009-06-24,-19.05,1002.866667,24.5,11.66666667,-999.0
2009-06-25,-8.916666667000001,991.6666667000002,29.83333333,14.0,-999.0
2009-06-26,-13.88333333,1001.5,20.83333333,14.0,-999.0
2009-06-27,-11.08333333,1011.033333,27.83333333,14.0,-999.0
2009-06-28,-9.783333333,1009.5666669999999,37.83333333,14.0,-999.0
2009-06-29,-7.725,996.775,46.625,14.0,-999.0
2009-06-30,-7.516666667000001,991.1666667000002,44.33333333,14.0,-999.0
2009-07-01,-257.9125,498.5625,-228.375,14.0,-999.0
2009-07-02,-258.9875,494.4875,-226.375,14.0,-999.0
2009-07-03,-257.5125,486.6875,-229.0,14.0,-999.0
2009-07-04,-255.8625,483.625,-224.375,14.0,-999.0
2009-07-05,-132.8375,732.5875,-68.25,14.0,-999.0
2009-07-06,-257.1125,485.4125,-214.5,14.0,-999.0
2009-07-07,-257.075,495.0,-231.375,13.625,-999.0
2009-07-08,-10.81666667,1000.75,23.83333333,11.5,-999.0
2009-07-09,-260.925,501.425,-242.25,10.75,-999.0
2009-07-10,-15.0375,994.875,20.5,21.0,-999.0
2009-07-11,-260.775,488.95,-225.5,11.0,-999.0
2009-07-12,-265.425,497.9375,-236.75,9.625,-999.0
2009-07-13,-265.5375,501.7375,-232.0,11.0,-999.0
2009-07-14,-262.325,501.0875,-228.5,12.875,-999.0
2009-07-15,-138.975,741.775,-106.625,-113.75,-999.0
2009-07-16,-14.81428571,981.4142857,36.71428571,12.28571429,-999.0
2009-07-17,-10.77142857,964.7142857000001,26.28571429,11.0,-999.0
2009-07-18,-10.16666667,960.8166667000002,22.16666667,11.0,-999.0
2009-07-19,-12.65,964.85,34.16666667,11.0,-999.0
2009-07-20,-14.45,966.9333332999998,26.0,13.5,-999.0
2009-07-21,-18.5875,974.3375,10.0,8.25,-999.0
2009-07-22,-19.94285714,984.1714286,19.85714286,11.0,-999.0
2009-07-23,-20.64285714,968.1142857000001,21.28571429,9.857142857000001,-999.0
2009-07-24,-25.7,981.1,11.0,6.666666667,-999.0
2009-07-25,-27.71428571,992.1142857000001,5.571428571,6.285714286,-999.0
2009-07-26,-24.44285714,995.7,3.285714286,4.1428571430000005,-999.0
2009-07-27,-142.775,750.9125,-118.5,9.375,-999.0
2009-07-28,-142.0875,754.4375,-121.5,-116.25,-999.0
2009-07-29,-267.75,499.0875,-249.375,-245.25,-999.0
2009-07-30,-19.7375,992.7375,6.375,13.5,-999.0
2009-07-31,-269.9375,1622.75,-249.375,-247.5,-999.0
2009-08-01,-27.225,1000.125,90.0,7.0,-999.0
2009-08-02,-20.2,1003.5375,8.625,10.0,-999.0
2009-08-03,-19.8375,1000.15,3.875,8.25,-999.0
2009-08-04,-21.3125,994.8125,9.0,5.0,-999.0
2009-08-05,-14.3625,986.1375,41.375,10.75,-999.0
2009-08-06,-12.0,974.725,23.375,11.0,-999.0
2009-08-07,-13.675,978.5875,18.5,12.125,-999.0
2009-08-08,-17.325,982.4375,15.625,14.75,-999.0
2009-08-09,-18.1625,984.4375,17.375,11.75,-999.0
2009-08-10,-18.725,986.7875,15.875,11.0,-999.0
2009-08-11,-20.475,997.9125,7.375,6.375,-999.0
2009-08-12,-25.5125,1001.6125,3.75,4.5,-999.0
2009-08-13,-26.1625,1002.25,5.375,6.875,-999.0
2009-08-14,-26.925,1003.4125,6.75,10.5,-999.0
2009-08-15,-21.6875,1006.4125,19.75,12.375,-999.0
2009-08-16,-17.4875,994.225,28.5,11.375,-999.0
2009-08-17,-13.15,980.6375,35.125,15.0,-999.0
2009-08-18,-8.6,966.075,43.5,14.0,-999.0
2009-08-19,-19.025,971.8875,43.25,10.75,-999.0
2009-08-20,-23.625,993.5,38.25,9.5,-999.0
2009-08-21,-25.875,992.7125,1.375,3.375,-999.0
2009-08-22,-26.275,980.7375,13.5,7.0,-999.0
2009-08-23,-14.9125,986.9,26.125,12.25,-999.0
2009-08-24,-20.1125,993.775,2.75,5.125,-999.0
2009-08-25,-20.675,984.9875,1.75,7.125,-999.0
2009-08-26,-23.1,977.225,7.875,17.625,-999.0
2009-08-27,-23.05,984.725,8.625,20.375,-999.0
2009-08-28,-29.4,990.6,1.375,14.125,-999.0
2009-08-29,-29.125,992.475,0.375,4.5,-999.0
2009-08-30,-26.3,995.4875,23.375,8.25,-999.0
2009-08-31,-26.7,994.475,18.625,13.25,-999.0
2009-09-01,-25.175,1003.2875,19.375,14.0,-999.0
2009-09-02,-20.475,1001.3,25.375,11.75,-999.0
2009-09-03,-23.4,989.4625,2.0,8.5,-999.0
2009-09-04,-25.1125,988.075,7.625,12.25,-999.0
2009-09-05,-27.65,1002.275,5.25,10.0,-999.0
2009-09-06,-24.4875,1003.3,2.875,8.0,-999.0
2009-09-07,-22.6,986.25,14.625,11.75,-999.0
2009-09-08,-21.0875,973.1375,25.5,11.0,-999.0
2009-09-09,-19.075,966.0625,23.625,15.125,-999.0
2009-09-10,-15.875,978.275,25.75,17.0,-999.0
2009-09-11,-15.6625,979.275,10.625,15.0,-999.0
2009-09-12,-12.4875,979.975,29.875,15.25,-999.0
2009-09-13,-18.2125,987.3625,7.75,10.375,-999.0
2009-09-14,-14.8125,987.875,19.5,8.25,-999.0
2009-09-15,-13.65,992.325,18.625,11.0,-999.0
2009-09-16,-17.5625,995.825,6.5,7.75,-999.0
2009-09-17,-16.7625,997.5625,10.625,12.75,-999.0
2009-09-18,-11.625,992.3,18.625,8.25,-999.0
2009-09-19,-15.3375,991.925,12.75,12.25,-999.0
2009-09-20,-13.2,990.95,21.875,10.625,-999.0
2009-09-21,-13.7375,992.6125,32.75,11.0,-999.0
2009-09-22,-14.5125,999.4,8.25,9.625,-999.0
2009-09-23,-16.375,1004.1875,13.125,12.125,-999.0
2009-09-24,-14.05,995.75,33.125,11.0,-999.0
2009-09-25,-11.2875,980.0625,44.5,11.0,-999.0
2009-09-26,-11.025,969.4625,25.25,13.625,-999.0
2009-09-27,-12.25,958.5875,28.5,14.0,-999.0
2009-09-28,-9.3,966.225,10.75,11.875,-999.0
2009-09-29,-12.7625,976.4875,4.125,13.0,-999.0
2009-09-30,-17.0375,984.575,20.25,9.25,-999.0
2009-10-01,-16.2375,984.0,19.5,10.75,-999.0
2009-10-02,-17.45,987.5,4.5,10.375,-999.0
2009-10-03,-20.1,988.575,2.125,14.625,-999.0
2009-10-04,-21.4375,987.1875,1.125,9.875,-999.0
2009-10-05,-21.925,990.7,0.0,0.0,-999.0
2009-10-06,-20.2,989.6,9.5,6.875,-999.0
2009-10-07,-17.325,984.65,11.125,12.25,-999.0
2009-10-08,-19.575,984.35,1.25,5.875,-999.0
2009-10-09,-18.025,985.575,5.75,11.125,-999.0
2009-10-10,-15.9,995.925,14.875,11.75,-999.0
2009-10-11,-15.625,999.3625,10.75,10.375,-999.0
2009-10-12,-16.85,997.1125,4.0,10.625,-999.0
2009-10-13,-14.3375,993.3,10.25,10.75,-999.0
2009-10-14,-9.4,989.8,28.875,11.0,-999.0
2009-10-15,-8.8125,984.2375,35.875,11.0,-999.0
2009-10-16,-9.8875,982.85,39.375,11.0,-999.0
2009-10-17,-7.425,980.1625,40.625,11.0,-999.0
2009-10-18,-8.275,973.6,33.0,11.0,-999.0
2009-10-19,-8.2625,977.7625,21.5,12.375,-999.0
2009-10-20,-9.275,980.9875,18.75,11.375,-999.0
2009-10-21,-9.6875,984.8,5.0,12.375,-999.0
2009-10-22,-11.25,977.9875,18.5,11.0,-999.0
2009-10-23,-13.9375,986.725,31.25,12.875,-999.0
2009-10-24,-11.2375,990.0375,23.5,12.125,-999.0
2009-10-25,-7.5125,977.6125,22.125,14.0,-999.0
2009-10-26,-5.425,967.825,22.5,11.375,-999.0
2009-10-27,-6.7125,978.1,26.125,11.0,-999.0
2009-10-28,-6.8125,985.1625,10.125,11.0,-999.0
2009-10-29,-10.0875,989.8625,4.75,30.25,-999.0
2009-10-30,-11.65,980.4375,1.625,2.75,-999.0
2009-10-31,-10.0875,980.4625,19.25,13.75,-999.0
2009-11-01,-8.3375,985.4,16.625,11.0,-999.0
2009-11-02,-7.0625,982.925,30.125,11.0,-999.0
2009-11-03,-6.4625,975.375,48.625,11.0,-999.0
2009-11-04,-4.425,978.0625,22.5,12.875,-999.0
2009-11-05,-5.15,992.4875,6.875,14.25,-999.0
2009-11-06,-9.125,995.2375,1.75,5.5,-999.0
2009-11-07,-8.4875,998.7625,7.5,10.75,-999.0
2009-11-08,-8.6,1005.6625,8.625,10.75,-999.0
2009-11-09,-6.25,1005.2625,10.25,14.375,-999.0
2009-11-10,-5.6375,1009.45,5.375,40.625,-999.0
2009-11-11,-5.6,1005.5125,11.75,6.875,-999.0
2009-11-12,-3.575,1005.0625,6.875,17.125,-999.0
2009-11-13,-2.075,1000.45,11.75,16.875,-999.0
2009-11-14,-5.25,997.4375,16.0,14.5,-999.0
2009-11-15,-6.7125,995.0,14.25,9.5,-999.0
2009-11-16,-5.525,985.7625,16.75,11.375,-999.0
2009-11-17,-5.3625,1002.5,10.25,10.5,-999.0
2009-11-18,-4.825,1002.3125,10.0,12.25,-999.0
2009-11-19,-5.0,984.275,23.0,10.75,-999.0
2009-11-20,-2.1375,976.2,24.5,10.875,-999.0
2009-11-21,-4.0125,980.1875,9.0,33.25,-999.0
2009-11-22,-3.3375,977.4625,15.375,21.75,-999.0
2009-11-23,-2.0125,981.7875,10.75,16.625,-999.0
2009-11-24,-4.3625,978.8625,8.25,19.5,-999.0
2009-11-25,-5.25,981.9875,5.75,18.625,-999.0
2009-11-26,-4.5,990.5,4.0,35.125,-999.0
2009-11-27,-6.425,993.325,3.625,9.375,-999.0
2009-11-28,-4.65,991.225,1.125,24.5,-999.0
2009-11-29,-3.15,989.2125,9.625,20.125,-999.0
2009-11-30,-0.8125,990.05,16.75,15.875,-999.0
2009-12-01,0.8125,989.925,12.0,13.875,-999.0
2009-12-02,-0.1,991.0875,6.5,8.875,-999.0
2009-12-03,-0.15,988.1125,1.25,8.125,-999.0
2009-12-04,-1.1375,982.3,17.75,24.125,-999.0
2009-12-05,-1.8,990.5875,8.375,16.25,-999.0
2009-12-06,-2.0375,992.2375,7.75,16.5,-999.0
2009-12-07,-2.775,988.8125,20.75,11.5,-999.0
2009-12-08,-3.0875,981.7875,28.5,11.125,-999.0
2009-12-09,-0.4625,982.1625,25.25,10.5,-999.0
2009-12-10,-1.8,983.3375,13.5,10.375,-999.0
2009-12-11,-0.8375,987.775,3.5,33.625,-999.0
2009-12-12,0.425,987.075,4.375,55.25,-999.0
2009-12-13,0.325,988.6,5.25,32.75,-999.0
2009-12-14,-0.525,988.7625,15.75,13.75,-999.0
2009-12-15,0.35,988.9125,19.75,13.625,-999.0
2009-12-16,0.35,983.1125,13.75,13.375,-999.0
2009-12-17,0.625,980.125,12.125,34.375,-999.0
2009-12-18,-0.5375,982.9875,0.25,12.375,-999.0
2009-12-19,-0.1625,980.4375,5.0,12.375,-999.0
2009-12-20,-0.7375,980.3,3.5,42.25,-999.0
2009-12-21,-4.1875,985.5125,1.5,45.875,-999.0
2009-12-22,-2.1625,987.675,1.625,36.0,-999.0
2009-12-23,-1.3125,990.7625,4.375,47.375,-999.0
2009-12-24,-1.5375,991.0625,4.375,22.375,-999.0
2009-12-25,-1.475,990.1125,9.75,14.625,-999.0
2009-12-26,-2.8625,990.175,3.625,25.75,-999.0
2009-12-27,-2.4,991.7,3.25,31.875,-999.0
2009-12-28,-2.325,995.0,4.75,34.5,-999.0
2009-12-29,-2.6125,992.9375,4.25,42.25,-999.0
2009-12-30,-0.1625,987.4,8.375,11.125,-999.0
2009-12-31,0.4125,985.4875,19.0,13.625,-999.0
2010-01-01,0.4875,994.125,22.25,12.125,-999.0
2010-01-02,0.4625,994.1625,21.5,12.5,-999.0
2010-01-03,0.9,995.275,25.0,12.5,-999.0
2010-01-04,1.725,996.275,17.75,12.875,-999.0
2010-01-05,2.857142857,997.1,84.28571429,9.714285713999999,-999.0
2010-01-06,1.35,996.4375,21.75,11.375,-999.0
2010-01-07,-122.925,994.225,21.0,13.25,-999.0
2010-01-08,4.5375,995.4875,21.75,12.875,-999.0
2010-01-09,4.25,993.525,17.125,11.625,-999.0
2010-01-10,2.3,993.6625,19.25,11.625,-999.0
2010-01-11,2.4875,993.3375,10.625,24.5,-999.0
2010-01-12,1.2,989.75,4.5,30.5,-999.0
2010-01-13,0.7625,991.425,8.75,24.125,-999.0
2010-01-14,-0.7625,993.925,4.875,25.375,-999.0
2010-01-15,-0.4625,988.25,6.625,10.125,-999.0
2010-01-16,1.7625,974.1625,22.25,11.625,-999.0
2010-01-17,2.9625,983.5,27.25,14.0,-999.0
2010-01-18,1.257142857,990.5857143,14.57142857,11.57142857,-999.0
2010-01-19,5.55e-17,989.55,1.5,34.625,-999.0
2010-01-20,0.0875,992.9125,1.25,22.125,-999.0
2010-01-21,2.05,996.2125,6.375,23.375,-999.0
2010-01-22,3.425,990.4625,7.5,24.75,-999.0
2010-01-23,2.0875,990.225,10.5,24.125,-999.0
2010-01-24,2.525,991.5125,9.875,23.75,-999.0
2010-01-25,1.65,991.95,12.5,25.0,-999.0
2010-01-26,-0.325,991.4375,7.625,15.625,-999.0
2010-01-27,0.3625,993.525,6.875,28.75,-999.0
2010-01-28,0.7125,996.5375,14.25,12.625,-999.0
2010-01-29,-0.7,991.75,8.625,9.75,-999.0
2010-01-30,0.3625,987.75,21.75,13.625,-999.0
2010-01-31,0.8125,990.425,26.25,13.25,-999.0
2010-02-01,2.15,987.6125,25.25,14.0,-999.0
2010-02-02,2.025,981.725,32.75,14.0,-999.0
2010-02-03,2.0875,977.3625,23.0,14.0,-999.0
2010-02-04,2.55,994.8875,22.75,14.0,-999.0
2010-02-05,1.6875,998.75,21.0,12.875,-999.0
2010-02-06,1.0875,985.575,26.75,12.875,-999.0
2010-02-07,1.3625,981.6875,26.75,12.5,-999.0
2010-02-08,2.1,1003.05,7.625,31.25,-999.0
2010-02-09,0.375,997.2625,0.5,8.5,-999.0
2010-02-10,-1.275,1000.0625,13.0,22.75,-999.0
2010-02-11,1.9875,992.95,25.5,12.875,-999.0
2010-02-12,2.3375,988.1125,20.75,12.875,-999.0
2010-02-13,-1.625,989.325,13.25,13.625,-999.0
2010-02-14,-1.65,992.9,18.75,13.625,-999.0
2010-02-15,-1.2375,997.55,15.0,14.5,-999.0
2010-02-16,-1.2,994.875,8.875,14.375,-999.0
2010-02-17,-1.9,989.475,3.125,31.375,-999.0
2010-02-18,-3.5625,991.3375,4.0,19.25,-999.0
2010-02-19,-4.85,995.925,5.875,33.875,-999.0
2010-02-20,-6.0,997.375,8.5,22.875,-999.0
2010-02-21,-7.9,995.4875,0.5,4.0,-999.0
2010-02-22,-7.65,991.375,16.0,14.25,-999.0
2010-02-23,-6.6375,989.3625,19.375,14.75,-999.0
2010-02-24,-5.675,983.475,18.5,16.0,-999.0
2010-02-25,-2.5625,969.6625,24.25,14.125,-999.0
2010-02-26,-1.95,972.05,23.0,13.875,-999.0
2010-02-27,-4.525,983.4,7.5,10.0,-999.0
2010-02-28,-6.05,987.95,5.25,25.375,-999.0
2010-03-01,-7.7125,990.3625,1.125,14.625,-999.0
2010-03-02,-8.4375,992.275,0.75,14.875,-999.0
2010-03-03,-6.7625,995.7625,23.5,12.125,-999.0
2010-03-04,-5.2125,986.875,25.5,14.5,-999.0
2010-03-05,-6.95,974.6375,18.5,16.5,-999.0
2010-03-06,-5.4375,972.2625,10.875,24.5,-999.0
2010-03-07,-6.742857142999999,974.5142857000001,2.4285714290000002,33.71428571,-999.0
2010-03-08,-8.625,974.2125,11.875,11.375,-999.0
2010-03-09,-7.575,983.9625,22.0,13.625,-999.0
2010-03-10,-5.6375,985.3375,39.0,14.0,-999.0
2010-03-11,-3.55,983.025,28.0,14.0,-999.0
2010-03-12,-6.7625,988.05,24.0,12.125,-999.0
2010-03-13,-7.0625,992.2875,20.25,13.0,-999.0
2010-03-14,-7.375,983.0625,31.5,12.875,-999.0
2010-03-15,-4.0,983.675,51.75,13.625,-999.0
2010-03-16,-3.0375,1000.35,30.75,14.0,-999.0
2010-03-17,-4.825,994.55,14.0,12.5,-999.0
2010-03-18,-7.625,990.45,21.0,12.125,-999.0
2010-03-19,-9.3625,995.9,9.25,14.25,-999.0
2010-03-20,-8.675,986.125,23.75,13.875,-999.0
2010-03-21,-6.6,980.425,27.75,12.875,-999.0
2010-03-22,-6.95,987.7625,11.5,12.875,-999.0
2010-03-23,-8.825,989.5375,10.875,14.75,-999.0
2010-03-24,-11.7875,993.225,4.75,30.75,-999.0
2010-03-25,-10.1375,991.9,15.375,13.375,-999.0
2010-03-26,-8.9375,988.65,22.5,14.125,-999.0
2010-03-27,-8.5625,989.2125,23.5,14.75,-999.0
2010-03-28,-4.775,979.275,32.25,14.5,-999.0
2010-03-29,-4.7875,976.1125,24.5,14.0,-999.0
2010-03-30,-5.1625,985.4125,19.0,13.625,-999.0
2010-03-31,-7.9375,985.5375,9.375,24.25,-999.0
2010-04-01,-10.275,988.5,5.0,12.375,-999.0
2010-04-02,-11.3625,996.125,2.5,32.75,-999.0
2010-04-03,-15.825,998.125,0.75,4.5,-999.0
2010-04-04,-14.575,994.275,0.75,5.625,-999.0
2010-04-05,-12.0125,993.8875,5.75,20.875,-999.0
2010-04-06,-11.0625,991.775,10.75,11.875,-999.0
2010-04-07,-13.5125,985.0,15.5,16.75,-999.0
2010-04-08,-15.2375,983.0125,3.375,43.125,-999.0
2010-04-09,-11.8375,988.1875,7.0,13.0,-999.0
2010-04-10,-11.8125,987.0625,13.875,14.25,-999.0
2010-04-11,-12.2375,977.625,15.25,14.75,-999.0
2010-04-12,-13.1375,976.35,22.0,14.75,-999.0
2010-04-13,-13.7125,983.6,9.25,10.25,-999.0
2010-04-14,-16.45,985.75,9.25,22.875,-999.0
2010-04-15,-9.8375,976.675,25.5,16.5,-999.0
2010-04-16,-5.6875,977.375,46.75,14.0,-999.0
2010-04-17,-5.45,973.6375,50.75,13.625,-999.0
2010-04-18,-7.6,985.575,24.75,13.25,-999.0
2010-04-19,-12.4,992.7,6.0,9.25,-999.0
2010-04-20,-15.6,1000.825,3.125,21.25,-999.0
2010-04-21,-13.075,1005.8125,7.625,17.375,-999.0
2010-04-22,-9.5375,981.5125,24.75,14.0,-999.0
2010-04-23,-9.3875,989.1,18.375,22.875,-999.0
2010-04-24,-12.3125,985.8875,13.875,11.25,-999.0
2010-04-25,-16.0875,977.1125,3.5,31.25,-999.0
2010-04-26,-11.225,967.5125,23.75,15.75,-999.0
2010-04-27,-7.8,977.8,31.75,13.625,-999.0
2010-04-28,-6.9,983.6375,44.5,13.625,-999.0
2010-04-29,-6.7375,982.65,27.0,12.25,-999.0
2010-04-30,-9.825,990.925,16.75,23.625,-999.0
2010-05-01,-14.9375,1006.1625,1.0,18.375,-999.0
2010-05-02,-13.825,1011.9125,0.375,12.375,-999.0
2010-05-03,-14.0,1006.05,0.25,4.5,-999.0
2010-05-04,-16.5125,993.4,0.0,0.0,-999.0
2010-05-05,-13.8375,1000.7125,3.75,5.125,-999.0
2010-05-06,-12.4,1013.5625,4.0,5.75,-999.0
2010-05-07,-14.37142857,1010.4,4.0,33.14285714,-999.0
2010-05-08,-16.525,1011.3125,3.875,29.875,-999.0
2010-05-09,-17.825,1021.0375,0.625,24.75,-999.0
2010-05-10,-15.0,1001.7375,1.5,27.875,-999.0
2010-05-11,-16.775,994.5875,2.5,27.5,-999.0
2010-05-12,-17.275,993.9125,5.5,21.625,-999.0
2010-05-13,-19.0125,994.2875,3.5,19.5,-999.0
2010-05-14,-19.6375,990.475,15.25,13.125,-999.0
2010-05-15,-17.975,973.5375,19.75,17.0,-999.0
2010-05-16,-23.175,970.05,0.0,0.0,-999.0
2010-05-17,-16.05,980.65,3.75,4.125,-999.0
2010-05-18,-13.0375,975.425,4.125,18.25,-999.0
2010-05-19,-12.0375,958.675,10.25,23.875,-999.0
2010-05-20,-11.125,969.775,24.25,14.0,-999.0
2010-05-21,-13.0,978.6,14.5,12.875,-999.0
2010-05-22,-19.7,859.6625,1.25,19.125,-999.0
2010-05-23,-17.65,984.9125,4.625,12.5,-999.0
2010-05-24,-14.3875,987.1875,4.0,6.0,-999.0
2010-05-25,-18.275,991.3375,0.75,5.25,-999.0
2010-05-26,-21.3625,994.2375,3.625,16.125,-999.0
2010-05-27,-14.925,986.325,22.75,16.0,-999.0
2010-05-28,-12.8625,976.6125,33.25,13.25,-999.0
2010-05-29,-13.3,975.6375,32.25,12.125,-999.0
2010-05-30,-13.3625,978.5375,26.5,12.875,-999.0
2010-05-31,-15.925,983.8375,5.5,5.125,-999.0
2010-06-01,-21.125,986.0,2.5,3.375,-999.0
2010-06-02,-19.825,978.2875,5.375,9.125,-999.0
2010-06-03,-18.3875,979.0125,12.25,23.625,-999.0
2010-06-04,-21.2375,982.4625,6.0,19.125,-999.0
2010-06-05,-20.0125,983.525,12.25,16.25,-999.0
2010-06-06,-19.55,975.25,11.75,12.5,-999.0
2010-06-07,-17.05,983.3875,12.0,24.375,-999.0
2010-06-08,-17.425,990.7375,9.75,9.125,-999.0
2010-06-09,-19.5875,981.5125,1.25,3.5,-999.0
2010-06-10,-18.7375,978.7875,18.5,11.75,-999.0
2010-06-11,-13.825,976.6125,16.25,11.0,-999.0
2010-06-12,-15.9,978.2375,10.5,17.75,-999.0
2010-06-13,-16.9625,980.475,21.0,17.25,-999.0
2010-06-14,-13.2625,984.6625,13.125,16.75,-999.0
2010-06-15,-15.975,989.7375,7.625,9.5,-999.0
2010-06-16,-17.975,984.7875,15.5,24.375,-999.0
2010-06-17,-20.2125,984.375,3.25,3.5,-999.0
2010-06-18,-23.2875,981.6625,0.0,0.0,-999.0
2010-06-19,-23.05,980.2125,18.0,14.75,-999.0
2010-06-20,-21.9125,982.4375,8.5,25.125,-999.0
2010-06-21,-24.975,983.7375,0.625,24.75,-999.0
2010-06-22,-18.15,980.9875,4.5,6.5,-999.0
2010-06-23,-19.6875,983.9125,0.0,0.0,-999.0
2010-06-24,-19.5125,986.9125,3.625,16.625,-999.0
2010-06-25,-16.1,988.75,13.5,17.5,-999.0
2010-06-26,-15.35,989.0625,10.875,22.375,-999.0
2010-06-27,-15.5,984.0875,24.0,12.875,-999.0
2010-06-28,-12.9375,975.175,8.0,18.375,-999.0
2010-06-29,-17.8875,977.2875,5.125,32.625,-999.0
2010-06-30,-23.0,991.6,3.125,23.625,-999.0
2010-07-01,-24.325,989.6125,2.0,28.75,-999.0
2010-07-02,-25.425,979.2875,4.5,6.875,-999.0
2010-07-03,-18.8125,977.625,21.25,13.625,-999.0
2010-07-04,-20.275,978.2125,9.625,21.5,-999.0
2010-07-05,-26.5125,975.1625,0.0,0.0,-999.0
2010-07-06,-28.25,976.85,7.0,9.75,-999.0
2010-07-07,-25.55,969.175,14.5,27.125,-999.0
2010-07-08,-20.25,972.8875,10.0,7.125,-999.0
2010-07-09,-23.2,981.9375,3.5,15.5,-999.0
2010-07-10,-18.9625,980.825,7.25,13.25,-999.0
2010-07-11,-19.6,985.1625,18.5,13.875,-999.0
2010-07-12,-22.475,992.275,2.625,19.375,-999.0
2010-07-13,-25.0375,988.725,0.0,0.0,-999.0
2010-07-14,-25.5625,983.925,2.75,8.5,-999.0
2010-07-15,-24.4375,977.1,7.0,10.75,-999.0
2010-07-16,-16.8375,975.6375,15.625,14.125,-999.0
2010-07-17,-14.0875,982.8,23.75,13.625,-999.0
2010-07-18,-14.1875,986.4375,27.5,13.625,-999.0
2010-07-19,-16.5875,986.725,11.375,33.5,-999.0
2010-07-20,-14.2625,977.0,31.75,12.5,-999.0
2010-07-21,-14.325,970.325,31.125,13.875,-999.0
2010-07-22,-15.7375,962.775,32.75,13.625,-999.0
2010-07-23,-21.025,963.5875,3.875,29.25,-999.0
2010-07-24,-20.7625,981.675,20.375,16.5,-999.0
2010-07-25,-19.9875,982.0875,18.5,13.625,-999.0
2010-07-26,-17.35,971.375,10.125,19.875,-999.0
2010-07-27,-16.175,976.375,6.625,8.5,-999.0
2010-07-28,-18.5375,994.1875,3.25,21.375,-999.0
2010-07-29,-15.3125,998.3375,6.875,18.875,-999.0
2010-07-30,-10.15,993.1125,10.0,11.25,-999.0
2010-07-31,-19.3,986.225,0.0,0.0,-999.0
2010-08-01,-19.425,972.9375,4.125,22.0,-999.0
2010-08-02,-23.2625,977.3125,4.25,35.75,-999.0
2010-08-03,-26.3875,987.35,4.0,10.125,-999.0
2010-08-04,-26.1,987.975,13.875,14.5,-999.0
2010-08-05,-26.325,990.625,8.5,9.0,-999.0
2010-08-06,-25.475,996.9,5.0,5.5,-999.0
2010-08-07,-16.3625,986.2375,12.375,24.25,-999.0
2010-08-08,-19.6875,986.2125,2.625,16.875,-999.0
2010-08-09,-23.2375,991.675,3.0,4.0,-999.0
2010-08-10,-22.0,983.3625,0.25,12.375,-999.0
2010-08-11,-24.15,988.275,0.625,2.25,-999.0
2010-08-12,-25.4875,989.1125,0.0,0.0,-999.0
2010-08-13,-22.5,986.2875,4.875,18.625,-999.0
2010-08-14,-138.1375,975.15,31.25,11.375,-999.0
2010-08-15,-15.5875,969.8125,28.875,13.5,-999.0
2010-08-16,-17.8375,962.2125,20.0,17.25,-999.0
2010-08-17,-140.425,969.9875,15.625,16.5,-999.0
2010-08-18,-16.625,966.825,35.0,14.0,-999.0
2010-08-19,-14.8625,962.8125,32.75,14.25,-999.0
2010-08-20,-13.0375,964.8,21.0,17.0,-999.0
2010-08-21,-14.5125,978.825,21.875,25.875,-999.0
2010-08-22,-9.3875,976.5625,17.875,25.375,-999.0
2010-08-23,-14.2,980.825,14.625,24.875,-999.0
2010-08-24,-18.7625,990.225,5.875,22.875,-999.0
2010-08-25,-17.4,997.7125,5.75,9.0,-999.0
2010-08-26,-20.1,991.125,4.75,20.625,-999.0
2010-08-27,-23.425,990.675,4.75,35.25,-999.0
2010-08-28,-24.725,983.5125,0.75,2.25,-999.0
2010-08-29,-20.9875,971.45,13.125,11.0,-999.0
2010-08-30,-19.775,982.7875,10.875,22.625,-999.0
2010-08-31,-21.75,969.7625,2.125,6.5,-999.0
2010-09-01,-21.2,965.15,5.125,29.0,-999.0
2010-09-02,-16.8875,984.05,16.0,14.5,-999.0
2010-09-03,-15.1375,987.2625,23.75,14.5,-999.0
2010-09-04,-15.4625,973.975,23.25,11.625,-999.0
2010-09-05,-21.3375,963.25,8.25,8.125,-999.0
2010-09-06,-20.825,990.075,14.0,15.125,-999.0
2010-09-07,-19.05,986.0125,5.5,19.875,-999.0
2010-09-08,-21.9125,970.3625,6.75,11.25,-999.0
2010-09-09,-19.5375,970.0,10.875,14.25,-999.0
2010-09-10,-17.7625,976.3625,16.375,22.125,-999.0
2010-09-11,-22.85,967.3625,10.25,8.125,-999.0
2010-09-12,-20.7625,978.7875,7.0,44.625,-999.0
2010-09-13,-22.2125,976.325,3.875,15.875,-999.0
2010-09-14,-17.8625,994.5625,9.875,21.375,-999.0
2010-09-15,-16.9,998.725,0.75,24.75,-999.0
2010-09-16,-10.925,983.4875,11.5,15.5,-999.0
2010-09-17,-9.525,991.825,6.875,25.875,-999.0
2010-09-18,-8.4,994.1625,17.25,13.25,-999.0
2010-09-19,-7.45,982.5625,21.75,12.5,-999.0
2010-09-20,-8.3,982.8375,6.75,20.375,-999.0
2010-09-21,-14.475,995.3625,1.375,26.5,-999.0
2010-09-22,-17.35,1000.275,0.0,0.0,-999.0
2010-09-23,-17.7125,1000.875,0.0,0.0,-999.0
2010-09-24,-16.8375,1004.8,4.375,6.875,-999.0
2010-09-25,-10.9625,1002.3125,16.5,22.5,-999.0
2010-09-26,-10.7375,994.3125,17.875,15.0,-999.0
2010-09-27,-15.275,996.5125,24.25,13.25,-999.0
2010-09-28,-15.8375,984.8625,11.875,22.375,-999.0
2010-09-29,-17.2375,979.6,6.0,18.625,-999.0
2010-09-30,-15.15,990.7375,11.0,22.375,-999.0
2010-10-01,-13.9125,990.475,12.75,38.25,-999.0
2010-10-02,-16.4625,988.75,2.0,4.5,-999.0
2010-10-03,-14.375,991.2625,10.125,12.75,-999.0
2010-10-04,-18.3375,991.325,3.0,10.25,-999.0
2010-10-05,-20.075,989.7125,4.5,17.5,-999.0
2010-10-06,-19.02857143,991.5142857000001,4.1428571430000005,5.571428571,-999.0
2010-10-07,-18.5375,995.725,4.125,24.25,-999.0
2010-10-08,-18.625,996.3875,3.875,22.0,-999.0
2010-10-09,-19.775,996.8,3.0,6.25,-999.0
2010-10-10,-16.425,998.775,0.875,15.75,-999.0
2010-10-11,-13.9375,997.025,5.75,31.875,-999.0
2010-10-12,-11.8875,987.2375,3.125,15.875,-999.0
2010-10-13,-8.0375,979.7125,9.0,23.5,-999.0
2010-10-14,-10.8,981.8125,12.75,25.875,-999.0
2010-10-15,-11.9375,974.225,22.625,13.875,-999.0
2010-10-16,-9.9125,967.25,43.75,12.75,-999.0
2010-10-17,-4.7,959.5125,46.5,14.0,-999.0
2010-10-18,-6.35,972.075,24.5,14.625,-999.0
2010-10-19,-9.1125,980.3625,10.75,17.25,-999.0
2010-10-20,-12.1625,989.7625,6.25,16.375,-999.0
2010-10-21,-12.425,986.8625,0.0,0.0,-999.0
2010-10-22,-14.425,982.55,9.625,19.375,-999.0
2010-10-23,-13.9625,976.6625,6.25,8.625,-999.0
2010-10-24,-16.45,978.1125,0.5,24.75,-999.0
2010-10-25,-16.45,976.1625,7.5,21.125,-999.0
2010-10-26,-16.25,979.8,5.75,22.625,-999.0
2010-10-27,-15.1125,978.025,11.375,23.125,-999.0
2010-10-28,-10.975,971.575,20.625,14.625,-999.0
2010-10-29,-10.07142857,963.5571428999999,19.14285714,14.14285714,-999.0
2010-10-30,-8.4,944.65,19.5,14.25,-999.0
2010-10-31,-9.9375,975.95,33.0,14.0,-999.0
2010-11-01,-8.375,983.7625,12.75,12.375,-999.0
2010-11-02,-8.55,986.2375,17.5,10.375,-999.0
2010-11-03,-9.4,995.1,27.25,12.5,-999.0
2010-11-04,-4.375,991.1625,30.75,14.75,-999.0
2010-11-05,-3.9625,973.1,16.25,13.875,-999.0
2010-11-06,-4.3875,977.975,9.0,13.625,-999.0
2010-11-07,-3.55,1001.5625,18.625,13.625,-999.0
2010-11-08,-4.65,998.5375,16.25,13.75,-999.0
2010-11-09,-2.9875,988.475,9.75,46.875,-999.0
2010-11-10,-1.5625,980.4,16.125,22.75,-999.0
2010-11-11,-4.5875,988.6,9.75,58.25,-999.0
2010-11-12,-6.2625,981.0625,5.375,47.375,-999.0
2010-11-13,-6.5,973.9625,15.125,13.125,-999.0
2010-11-14,-6.575,975.0,2.625,43.875,-999.0
2010-11-15,-7.1375,978.5125,3.625,31.75,-999.0
2010-11-16,-7.85,973.3625,12.125,11.125,-999.0
2010-11-17,-6.2,971.6,12.875,10.5,-999.0
2010-11-18,-4.825,972.45,5.875,11.375,-999.0
2010-11-19,-3.7375,975.075,11.5,13.25,-999.0
2010-11-20,-5.2125,982.7625,7.375,15.25,-999.0
2010-11-21,-5.1375,982.7875,9.375,21.375,-999.0
2010-11-22,-4.725,980.2125,6.5,36.125,-999.0
2010-11-23,-5.6,976.1375,5.0,43.0,-999.0
2010-11-24,-6.1375,982.1625,6.875,46.125,-999.0
2010-11-25,-7.525,981.8875,6.0,20.125,-999.0
2010-11-26,-7.7875,977.4625,2.5,40.25,-999.0
2010-11-27,-7.6875,976.3625,11.25,9.25,-999.0
2010-11-28,-5.7625,972.8875,19.375,15.0,-999.0
2010-11-29,-2.7,974.4,23.0,14.5,-999.0
2010-11-30,-2.5,982.1875,9.625,19.25,-999.0
2010-12-01,-3.7125,981.375,10.0,23.125,-999.0
2010-12-02,-4.375,984.825,6.5,23.0,-999.0
2010-12-03,-5.4375,986.2125,2.5,41.125,-999.0
2010-12-04,-5.1375,880.175,3.0,30.5,-999.0
2010-12-05,-4.175,1007.075,14.125,12.25,-999.0
2010-12-06,-3.0875,1000.6125,35.875,11.625,-999.0
2010-12-07,0.5125,999.7625,37.75,13.875,-999.0
2010-12-08,0.2625,995.8,24.125,13.875,-999.0
2010-12-09,-0.8125,987.275,15.0,33.375,-999.0
2010-12-10,-1.0125,987.075,7.25,24.75,-999.0
2010-12-11,-0.1375,992.8875,24.0,11.0,-999.0
2010-12-12,0.9625,989.9125,15.375,10.875,-999.0
2010-12-13,0.7625,983.4125,17.125,10.625,-999.0
2010-12-14,-0.1875,996.2375,8.375,13.0,-999.0
2010-12-15,-0.1875,994.7125,16.875,10.625,-999.0
2010-12-16,-0.85,989.525,26.0,9.0,-999.0
2010-12-17,-0.0875,988.2125,28.0,9.5,-999.0
2010-12-18,1.325,983.725,15.875,20.75,-999.0
2010-12-19,-2.0625,979.4625,3.875,58.625,-999.0
2010-12-20,-1.725,978.875,10.75,6.875,-999.0
2010-12-21,1.8625,987.55,7.125,17.375,-999.0
2010-12-22,0.9125,991.1875,6.5,21.875,-999.0
2010-12-23,-1.5875,990.4,5.0,25.75,-999.0
2010-12-24,-2.5375,999.0125,4.5,21.5,-999.0
2010-12-25,-1.95,1000.6625,3.25,25.625,-999.0
2010-12-26,0.1375,998.45,5.875,9.375,-999.0
2010-12-27,-0.1125,996.9375,5.625,15.75,-999.0
2010-12-28,-0.7,994.675,19.25,9.75,-999.0
2010-12-29,0.6375,994.2875,22.25,10.25,-999.0
2010-12-30,1.4375,992.5125,14.5,10.25,-999.0
2010-12-31,0.95,989.2,16.5,11.5,-999.0
